ISO-10303-21;
HEADER;
/* Generated by software containing ST-Developer
 * from STEP Tools, Inc. (www.steptools.com) 
 */

FILE_DESCRIPTION(
/* description */ (''),
/* implementation_level */ '2;1');

FILE_NAME(
/* name */ 'Ensamble_STORAGE.stp',
/* time_stamp */ '2025-11-05T20:18:45-05:00',
/* author */ ('Jonathan Galarza'),
/* organization */ (''),
/* preprocessor_version */ 'ST-DEVELOPER v20',
/* originating_system */ 'Autodesk Inventor 2025',
/* authorisation */ '');

FILE_SCHEMA (('AUTOMOTIVE_DESIGN { 1 0 10303 214 3 1 1 }'));
ENDSEC;

DATA;
#10=MECHANICAL_DESIGN_GEOMETRIC_PRESENTATION_REPRESENTATION('',(#614,#615,
#616,#617,#618,#619,#620,#621,#622,#623),#10937);
#11=FACE_BOUND('',#1027,.T.);
#12=FACE_BOUND('',#1038,.T.);
#13=FACE_BOUND('',#1055,.T.);
#14=FACE_BOUND('',#1059,.T.);
#15=FACE_BOUND('',#1064,.T.);
#16=FACE_BOUND('',#1068,.T.);
#17=FACE_BOUND('',#1084,.T.);
#18=FACE_BOUND('',#1085,.T.);
#19=FACE_BOUND('',#1086,.T.);
#20=FACE_BOUND('',#1087,.T.);
#21=FACE_BOUND('',#1088,.T.);
#22=FACE_BOUND('',#1089,.T.);
#23=FACE_BOUND('',#1090,.T.);
#24=FACE_BOUND('',#1091,.T.);
#25=FACE_BOUND('',#1092,.T.);
#26=FACE_BOUND('',#1095,.T.);
#27=FACE_BOUND('',#1096,.T.);
#28=FACE_BOUND('',#1097,.T.);
#29=FACE_BOUND('',#1098,.T.);
#30=FACE_BOUND('',#1099,.T.);
#31=FACE_BOUND('',#1100,.T.);
#32=FACE_BOUND('',#1101,.T.);
#33=FACE_BOUND('',#1102,.T.);
#34=FACE_BOUND('',#1103,.T.);
#35=FACE_BOUND('',#1105,.T.);
#36=FACE_BOUND('',#1106,.T.);
#37=FACE_BOUND('',#1107,.T.);
#38=FACE_BOUND('',#1108,.T.);
#39=FACE_BOUND('',#1109,.T.);
#40=FACE_BOUND('',#1110,.T.);
#41=FACE_BOUND('',#1111,.T.);
#42=FACE_BOUND('',#1112,.T.);
#43=FACE_BOUND('',#1113,.T.);
#44=FACE_BOUND('',#1115,.T.);
#45=FACE_BOUND('',#1116,.T.);
#46=FACE_BOUND('',#1117,.T.);
#47=FACE_BOUND('',#1118,.T.);
#48=FACE_BOUND('',#1119,.T.);
#49=FACE_BOUND('',#1120,.T.);
#50=FACE_BOUND('',#1121,.T.);
#51=FACE_BOUND('',#1122,.T.);
#52=FACE_BOUND('',#1123,.T.);
#53=FACE_BOUND('',#1125,.T.);
#54=FACE_BOUND('',#1126,.T.);
#55=FACE_BOUND('',#1127,.T.);
#56=FACE_BOUND('',#1129,.T.);
#57=FACE_BOUND('',#1130,.T.);
#58=FACE_BOUND('',#1131,.T.);
#59=FACE_BOUND('',#1136,.T.);
#60=FACE_BOUND('',#1143,.T.);
#61=FACE_BOUND('',#1178,.T.);
#62=FACE_BOUND('',#1179,.T.);
#63=FACE_BOUND('',#1180,.T.);
#64=FACE_BOUND('',#1181,.T.);
#65=FACE_BOUND('',#1183,.T.);
#66=FACE_BOUND('',#1184,.T.);
#67=FACE_BOUND('',#1185,.T.);
#68=FACE_BOUND('',#1186,.T.);
#69=FACE_BOUND('',#1188,.T.);
#70=FACE_BOUND('',#1189,.T.);
#71=FACE_BOUND('',#1190,.T.);
#72=FACE_BOUND('',#1191,.T.);
#73=FACE_BOUND('',#1193,.T.);
#74=FACE_BOUND('',#1194,.T.);
#75=FACE_BOUND('',#1195,.T.);
#76=FACE_BOUND('',#1196,.T.);
#77=FACE_BOUND('',#1198,.T.);
#78=FACE_BOUND('',#1199,.T.);
#79=FACE_BOUND('',#1200,.T.);
#80=FACE_BOUND('',#1201,.T.);
#81=FACE_BOUND('',#1203,.T.);
#82=FACE_BOUND('',#1204,.T.);
#83=FACE_BOUND('',#1205,.T.);
#84=FACE_BOUND('',#1206,.T.);
#85=FACE_BOUND('',#1208,.T.);
#86=FACE_BOUND('',#1209,.T.);
#87=FACE_BOUND('',#1210,.T.);
#88=FACE_BOUND('',#1211,.T.);
#89=FACE_BOUND('',#1213,.T.);
#90=FACE_BOUND('',#1214,.T.);
#91=FACE_BOUND('',#1215,.T.);
#92=FACE_BOUND('',#1216,.T.);
#93=FACE_BOUND('',#1218,.T.);
#94=FACE_BOUND('',#1220,.T.);
#95=FACE_BOUND('',#1224,.T.);
#96=FACE_BOUND('',#1228,.T.);
#97=FACE_BOUND('',#1233,.T.);
#98=FACE_BOUND('',#1237,.T.);
#99=FACE_BOUND('',#1246,.T.);
#100=FACE_BOUND('',#1247,.T.);
#101=FACE_BOUND('',#1248,.T.);
#102=FACE_BOUND('',#1250,.T.);
#103=FACE_BOUND('',#1251,.T.);
#104=FACE_BOUND('',#1252,.T.);
#105=FACE_BOUND('',#1256,.T.);
#106=FACE_BOUND('',#1260,.T.);
#107=FACE_BOUND('',#1265,.T.);
#108=FACE_BOUND('',#1269,.T.);
#109=FACE_BOUND('',#1278,.T.);
#110=FACE_BOUND('',#1279,.T.);
#111=FACE_BOUND('',#1280,.T.);
#112=FACE_BOUND('',#1282,.T.);
#113=FACE_BOUND('',#1283,.T.);
#114=FACE_BOUND('',#1284,.T.);
#115=FACE_BOUND('',#1286,.T.);
#116=FACE_BOUND('',#1288,.T.);
#117=CYLINDRICAL_SURFACE('',#6775,4.);
#118=CYLINDRICAL_SURFACE('',#6777,3.);
#119=CYLINDRICAL_SURFACE('',#6780,3.);
#120=CYLINDRICAL_SURFACE('',#6787,3.);
#121=CYLINDRICAL_SURFACE('',#6789,3.);
#122=CYLINDRICAL_SURFACE('',#6795,3.);
#123=CYLINDRICAL_SURFACE('',#6797,3.);
#124=CYLINDRICAL_SURFACE('',#6799,3.);
#125=CYLINDRICAL_SURFACE('',#6801,3.);
#126=CYLINDRICAL_SURFACE('',#6812,3.45);
#127=CYLINDRICAL_SURFACE('',#6816,6.);
#128=CYLINDRICAL_SURFACE('',#6819,6.);
#129=CYLINDRICAL_SURFACE('',#6822,5.99999999999993);
#130=CYLINDRICAL_SURFACE('',#6825,5.99999999999993);
#131=CYLINDRICAL_SURFACE('',#6828,6.);
#132=CYLINDRICAL_SURFACE('',#6831,6.);
#133=CYLINDRICAL_SURFACE('',#6834,6.);
#134=CYLINDRICAL_SURFACE('',#6839,6.);
#135=CYLINDRICAL_SURFACE('',#6845,6.);
#136=CYLINDRICAL_SURFACE('',#6850,6.);
#137=CYLINDRICAL_SURFACE('',#6856,6.00000000000003);
#138=CYLINDRICAL_SURFACE('',#6859,6.00000000000003);
#139=CYLINDRICAL_SURFACE('',#6862,6.00000000000002);
#140=CYLINDRICAL_SURFACE('',#6865,6.00000000000002);
#141=CYLINDRICAL_SURFACE('',#6868,5.99999999999998);
#142=CYLINDRICAL_SURFACE('',#6871,5.99999999999998);
#143=CYLINDRICAL_SURFACE('',#6874,6.00000000000001);
#144=CYLINDRICAL_SURFACE('',#6877,6.00000000000001);
#145=CYLINDRICAL_SURFACE('',#6880,6.00000000000001);
#146=CYLINDRICAL_SURFACE('',#6883,6.00000000000001);
#147=CYLINDRICAL_SURFACE('',#6886,6.);
#148=CYLINDRICAL_SURFACE('',#6889,6.);
#149=CYLINDRICAL_SURFACE('',#6904,4.);
#150=CYLINDRICAL_SURFACE('',#6906,3.);
#151=CYLINDRICAL_SURFACE('',#6911,3.);
#152=CYLINDRICAL_SURFACE('',#6917,3.);
#153=CYLINDRICAL_SURFACE('',#6919,3.);
#154=CYLINDRICAL_SURFACE('',#6925,3.);
#155=CYLINDRICAL_SURFACE('',#6927,3.);
#156=CYLINDRICAL_SURFACE('',#6929,3.);
#157=CYLINDRICAL_SURFACE('',#6931,3.);
#158=CYLINDRICAL_SURFACE('',#6941,3.45);
#159=CYLINDRICAL_SURFACE('',#6945,6.);
#160=CYLINDRICAL_SURFACE('',#6948,6.);
#161=CYLINDRICAL_SURFACE('',#6951,6.);
#162=CYLINDRICAL_SURFACE('',#6954,6.);
#163=CYLINDRICAL_SURFACE('',#6957,6.);
#164=CYLINDRICAL_SURFACE('',#6960,6.);
#165=CYLINDRICAL_SURFACE('',#6963,6.);
#166=CYLINDRICAL_SURFACE('',#6966,6.);
#167=CYLINDRICAL_SURFACE('',#6969,6.);
#168=CYLINDRICAL_SURFACE('',#6972,6.);
#169=CYLINDRICAL_SURFACE('',#6975,6.);
#170=CYLINDRICAL_SURFACE('',#6978,6.);
#171=CYLINDRICAL_SURFACE('',#6981,6.);
#172=CYLINDRICAL_SURFACE('',#6984,6.);
#173=CYLINDRICAL_SURFACE('',#6987,6.);
#174=CYLINDRICAL_SURFACE('',#6990,6.);
#175=CYLINDRICAL_SURFACE('',#7004,6.);
#176=CYLINDRICAL_SURFACE('',#7009,6.);
#177=CYLINDRICAL_SURFACE('',#7015,6.);
#178=CYLINDRICAL_SURFACE('',#7020,6.);
#179=CYLINDRICAL_SURFACE('',#7035,6.);
#180=CYLINDRICAL_SURFACE('',#7040,6.);
#181=CYLINDRICAL_SURFACE('',#7046,6.);
#182=CYLINDRICAL_SURFACE('',#7051,6.);
#183=CYLINDRICAL_SURFACE('',#7111,1.6);
#184=CYLINDRICAL_SURFACE('',#7126,1.6);
#185=CYLINDRICAL_SURFACE('',#7141,1.6);
#186=CYLINDRICAL_SURFACE('',#7156,1.60000000000001);
#187=CYLINDRICAL_SURFACE('',#7170,2.1);
#188=CYLINDRICAL_SURFACE('',#7171,0.1);
#189=CYLINDRICAL_SURFACE('',#7172,0.1);
#190=CYLINDRICAL_SURFACE('',#7173,0.1);
#191=CYLINDRICAL_SURFACE('',#7174,0.1);
#192=CYLINDRICAL_SURFACE('',#7175,0.1);
#193=CYLINDRICAL_SURFACE('',#7176,0.1);
#194=CYLINDRICAL_SURFACE('',#7177,0.1);
#195=CYLINDRICAL_SURFACE('',#7178,0.1);
#196=CYLINDRICAL_SURFACE('',#7179,0.1);
#197=CYLINDRICAL_SURFACE('',#7180,0.1);
#198=CYLINDRICAL_SURFACE('',#7181,0.1);
#199=CYLINDRICAL_SURFACE('',#7182,0.1);
#200=CYLINDRICAL_SURFACE('',#7183,0.1);
#201=CYLINDRICAL_SURFACE('',#7184,0.1);
#202=CYLINDRICAL_SURFACE('',#7185,0.1);
#203=CYLINDRICAL_SURFACE('',#7186,0.1);
#204=ELLIPSE('',#6773,7.61577310586391,3.);
#205=ELLIPSE('',#6774,7.61577310586391,3.);
#206=ELLIPSE('',#6778,4.24264068711928,3.);
#207=ELLIPSE('',#6796,4.24264068711929,3.);
#208=ELLIPSE('',#6798,4.24264068711929,3.);
#209=ELLIPSE('',#6902,7.61577310586391,3.00000000000001);
#210=ELLIPSE('',#6903,7.61577310586391,3.00000000000001);
#211=ELLIPSE('',#6926,4.24264068711928,3.);
#212=ELLIPSE('',#6928,4.24264068711929,3.);
#213=ELLIPSE('',#6930,4.24264068711929,3.);
#214=CIRCLE('',#6772,4.);
#215=CIRCLE('',#6776,4.);
#216=CIRCLE('',#6781,3.);
#217=CIRCLE('',#6782,3.);
#218=CIRCLE('',#6784,3.);
#219=CIRCLE('',#6785,3.);
#220=CIRCLE('',#6788,3.);
#221=CIRCLE('',#6790,3.);
#222=CIRCLE('',#6791,3.);
#223=CIRCLE('',#6793,3.45);
#224=CIRCLE('',#6800,3.);
#225=CIRCLE('',#6807,3.45);
#226=CIRCLE('',#6817,6.);
#227=CIRCLE('',#6818,6.);
#228=CIRCLE('',#6820,6.);
#229=CIRCLE('',#6821,6.);
#230=CIRCLE('',#6823,5.99999999999993);
#231=CIRCLE('',#6824,5.99999999999993);
#232=CIRCLE('',#6826,5.99999999999993);
#233=CIRCLE('',#6827,5.99999999999993);
#234=CIRCLE('',#6829,6.);
#235=CIRCLE('',#6830,6.);
#236=CIRCLE('',#6832,6.);
#237=CIRCLE('',#6833,6.);
#238=CIRCLE('',#6835,6.);
#239=CIRCLE('',#6836,6.);
#240=CIRCLE('',#6840,6.);
#241=CIRCLE('',#6841,6.);
#242=CIRCLE('',#6846,6.);
#243=CIRCLE('',#6847,6.);
#244=CIRCLE('',#6851,6.);
#245=CIRCLE('',#6852,6.);
#246=CIRCLE('',#6857,6.00000000000003);
#247=CIRCLE('',#6858,6.00000000000003);
#248=CIRCLE('',#6860,6.00000000000003);
#249=CIRCLE('',#6861,6.00000000000003);
#250=CIRCLE('',#6863,6.00000000000002);
#251=CIRCLE('',#6864,6.00000000000002);
#252=CIRCLE('',#6866,6.00000000000002);
#253=CIRCLE('',#6867,6.00000000000002);
#254=CIRCLE('',#6869,5.99999999999998);
#255=CIRCLE('',#6870,5.99999999999998);
#256=CIRCLE('',#6872,5.99999999999998);
#257=CIRCLE('',#6873,5.99999999999998);
#258=CIRCLE('',#6875,6.00000000000001);
#259=CIRCLE('',#6876,6.00000000000001);
#260=CIRCLE('',#6878,6.00000000000001);
#261=CIRCLE('',#6879,6.00000000000001);
#262=CIRCLE('',#6881,6.00000000000001);
#263=CIRCLE('',#6882,6.00000000000001);
#264=CIRCLE('',#6884,6.00000000000001);
#265=CIRCLE('',#6885,6.00000000000001);
#266=CIRCLE('',#6887,6.);
#267=CIRCLE('',#6888,6.);
#268=CIRCLE('',#6890,6.);
#269=CIRCLE('',#6891,6.);
#270=CIRCLE('',#6901,4.);
#271=CIRCLE('',#6905,4.);
#272=CIRCLE('',#6907,3.);
#273=CIRCLE('',#6909,3.);
#274=CIRCLE('',#6910,3.45);
#275=CIRCLE('',#6912,3.);
#276=CIRCLE('',#6913,3.);
#277=CIRCLE('',#6915,3.);
#278=CIRCLE('',#6918,3.);
#279=CIRCLE('',#6920,3.);
#280=CIRCLE('',#6921,3.);
#281=CIRCLE('',#6923,3.45);
#282=CIRCLE('',#6946,6.);
#283=CIRCLE('',#6947,6.);
#284=CIRCLE('',#6949,6.);
#285=CIRCLE('',#6950,6.);
#286=CIRCLE('',#6952,6.);
#287=CIRCLE('',#6953,6.);
#288=CIRCLE('',#6955,6.);
#289=CIRCLE('',#6956,6.);
#290=CIRCLE('',#6958,6.);
#291=CIRCLE('',#6959,6.);
#292=CIRCLE('',#6961,6.);
#293=CIRCLE('',#6962,6.);
#294=CIRCLE('',#6964,6.);
#295=CIRCLE('',#6965,6.);
#296=CIRCLE('',#6967,6.);
#297=CIRCLE('',#6968,6.);
#298=CIRCLE('',#6970,6.);
#299=CIRCLE('',#6971,6.);
#300=CIRCLE('',#6973,6.);
#301=CIRCLE('',#6974,6.);
#302=CIRCLE('',#6976,6.);
#303=CIRCLE('',#6977,6.);
#304=CIRCLE('',#6979,6.);
#305=CIRCLE('',#6980,6.);
#306=CIRCLE('',#6982,6.);
#307=CIRCLE('',#6983,6.);
#308=CIRCLE('',#6985,6.);
#309=CIRCLE('',#6986,6.);
#310=CIRCLE('',#6988,6.);
#311=CIRCLE('',#6989,6.);
#312=CIRCLE('',#6991,6.);
#313=CIRCLE('',#6992,6.);
#314=CIRCLE('',#7005,6.);
#315=CIRCLE('',#7006,6.);
#316=CIRCLE('',#7010,6.);
#317=CIRCLE('',#7011,6.);
#318=CIRCLE('',#7016,6.);
#319=CIRCLE('',#7017,6.);
#320=CIRCLE('',#7021,6.);
#321=CIRCLE('',#7022,6.);
#322=CIRCLE('',#7036,6.);
#323=CIRCLE('',#7037,6.);
#324=CIRCLE('',#7041,6.);
#325=CIRCLE('',#7042,6.);
#326=CIRCLE('',#7047,6.);
#327=CIRCLE('',#7048,6.);
#328=CIRCLE('',#7052,6.);
#329=CIRCLE('',#7053,6.);
#330=CIRCLE('',#7067,0.1);
#331=CIRCLE('',#7068,0.1);
#332=CIRCLE('',#7069,0.1);
#333=CIRCLE('',#7070,0.1);
#334=CIRCLE('',#7071,1.6);
#335=CIRCLE('',#7072,0.1);
#336=CIRCLE('',#7073,0.1);
#337=CIRCLE('',#7074,0.1);
#338=CIRCLE('',#7075,0.1);
#339=CIRCLE('',#7076,1.6);
#340=CIRCLE('',#7077,0.1);
#341=CIRCLE('',#7078,0.1);
#342=CIRCLE('',#7079,0.1);
#343=CIRCLE('',#7080,0.1);
#344=CIRCLE('',#7081,1.60000000000001);
#345=CIRCLE('',#7082,0.1);
#346=CIRCLE('',#7083,0.1);
#347=CIRCLE('',#7084,0.1);
#348=CIRCLE('',#7085,0.1);
#349=CIRCLE('',#7086,1.6);
#350=CIRCLE('',#7087,2.1);
#351=CIRCLE('',#7089,0.1);
#352=CIRCLE('',#7090,1.6);
#353=CIRCLE('',#7091,0.1);
#354=CIRCLE('',#7092,0.1);
#355=CIRCLE('',#7093,0.1);
#356=CIRCLE('',#7094,0.1);
#357=CIRCLE('',#7095,1.60000000000001);
#358=CIRCLE('',#7096,0.1);
#359=CIRCLE('',#7097,0.1);
#360=CIRCLE('',#7098,0.1);
#361=CIRCLE('',#7099,0.1);
#362=CIRCLE('',#7100,1.6);
#363=CIRCLE('',#7101,0.1);
#364=CIRCLE('',#7102,0.1);
#365=CIRCLE('',#7103,0.1);
#366=CIRCLE('',#7104,0.1);
#367=CIRCLE('',#7105,1.6);
#368=CIRCLE('',#7106,0.1);
#369=CIRCLE('',#7107,0.1);
#370=CIRCLE('',#7108,0.1);
#371=CIRCLE('',#7109,2.1);
#372=B_SPLINE_SURFACE_WITH_KNOTS('',3,3,((#9424,#9425,#9426,#9427,#9428,
#9429,#9430,#9431,#9432),(#9433,#9434,#9435,#9436,#9437,#9438,#9439,#9440,
#9441),(#9442,#9443,#9444,#9445,#9446,#9447,#9448,#9449,#9450),(#9451,#9452,
#9453,#9454,#9455,#9456,#9457,#9458,#9459),(#9460,#9461,#9462,#9463,#9464,
#9465,#9466,#9467,#9468)),.UNSPECIFIED.,.F.,.F.,.F.,(4,1,4),(4,1,1,1,1,
1,4),(0.,0.571428571428571,1.),(-1.5707963267949,-1.23419711391028,-0.897597901025655,
-0.448798950512827,-0.224399475256413,-0.168299606442309,1.34215978021507E-15),
 .UNSPECIFIED.);
#373=B_SPLINE_SURFACE_WITH_KNOTS('',3,3,((#9838,#9839,#9840,#9841,#9842,
#9843,#9844,#9845),(#9846,#9847,#9848,#9849,#9850,#9851,#9852,#9853),(#9854,
#9855,#9856,#9857,#9858,#9859,#9860,#9861),(#9862,#9863,#9864,#9865,#9866,
#9867,#9868,#9869),(#9870,#9871,#9872,#9873,#9874,#9875,#9876,#9877)),
 .UNSPECIFIED.,.F.,.F.,.F.,(4,1,4),(4,1,1,1,1,4),(0.,0.571428571428571,
1.),(-1.5707963267949,-1.12199737628207,-0.897597901025655,-0.448798950512828,
-0.224399475256414,7.16192487029933E-48),.UNSPECIFIED.);
#374=SURFACE_STYLE_RENDERING_WITH_PROPERTIES($,#6607,(#376));
#375=SURFACE_STYLE_RENDERING_WITH_PROPERTIES($,#6608,(#377));
#376=SURFACE_STYLE_TRANSPARENT(0.);
#377=SURFACE_STYLE_TRANSPARENT(0.);
#378=ITEM_DEFINED_TRANSFORMATION($,$,#6683,#6756);
#379=ITEM_DEFINED_TRANSFORMATION($,$,#6683,#6757);
#380=ITEM_DEFINED_TRANSFORMATION($,$,#6683,#6758);
#381=ITEM_DEFINED_TRANSFORMATION($,$,#6683,#6759);
#382=ITEM_DEFINED_TRANSFORMATION($,$,#6726,#6760);
#383=ITEM_DEFINED_TRANSFORMATION($,$,#6726,#6761);
#384=ITEM_DEFINED_TRANSFORMATION($,$,#6726,#6762);
#385=ITEM_DEFINED_TRANSFORMATION($,$,#6726,#6763);
#386=ITEM_DEFINED_TRANSFORMATION($,$,#6726,#6764);
#387=ITEM_DEFINED_TRANSFORMATION($,$,#6726,#6765);
#388=ITEM_DEFINED_TRANSFORMATION($,$,#6726,#6766);
#389=ITEM_DEFINED_TRANSFORMATION($,$,#6726,#6767);
#390=ITEM_DEFINED_TRANSFORMATION($,$,#6726,#6768);
#391=ITEM_DEFINED_TRANSFORMATION($,$,#6749,#6769);
#392=ITEM_DEFINED_TRANSFORMATION($,$,#6749,#6770);
#393=ITEM_DEFINED_TRANSFORMATION($,$,#6815,#7187);
#394=ITEM_DEFINED_TRANSFORMATION($,$,#6771,#7188);
#395=ITEM_DEFINED_TRANSFORMATION($,$,#6771,#7189);
#396=ITEM_DEFINED_TRANSFORMATION($,$,#6771,#7190);
#397=ITEM_DEFINED_TRANSFORMATION($,$,#6771,#7191);
#398=ITEM_DEFINED_TRANSFORMATION($,$,#6771,#7192);
#399=ITEM_DEFINED_TRANSFORMATION($,$,#6771,#7193);
#400=ITEM_DEFINED_TRANSFORMATION($,$,#6682,#7194);
#401=ITEM_DEFINED_TRANSFORMATION($,$,#6815,#7195);
#402=ITEM_DEFINED_TRANSFORMATION($,$,#6771,#7196);
#403=ITEM_DEFINED_TRANSFORMATION($,$,#6771,#7197);
#404=ITEM_DEFINED_TRANSFORMATION($,$,#6771,#7198);
#405=ITEM_DEFINED_TRANSFORMATION($,$,#6771,#7199);
#406=ITEM_DEFINED_TRANSFORMATION($,$,#6771,#7200);
#407=ITEM_DEFINED_TRANSFORMATION($,$,#6771,#7201);
#408=ITEM_DEFINED_TRANSFORMATION($,$,#6900,#7202);
#409=ITEM_DEFINED_TRANSFORMATION($,$,#6900,#7203);
#410=ITEM_DEFINED_TRANSFORMATION($,$,#6900,#7204);
#411=ITEM_DEFINED_TRANSFORMATION($,$,#6900,#7205);
#412=ITEM_DEFINED_TRANSFORMATION($,$,#6900,#7206);
#413=ITEM_DEFINED_TRANSFORMATION($,$,#6815,#7207);
#414=ITEM_DEFINED_TRANSFORMATION($,$,#6900,#7208);
#415=ITEM_DEFINED_TRANSFORMATION($,$,#6815,#7209);
#416=ITEM_DEFINED_TRANSFORMATION($,$,#6900,#7210);
#417=ITEM_DEFINED_TRANSFORMATION($,$,#6900,#7211);
#418=ITEM_DEFINED_TRANSFORMATION($,$,#6900,#7212);
#419=ITEM_DEFINED_TRANSFORMATION($,$,#6900,#7213);
#420=ITEM_DEFINED_TRANSFORMATION($,$,#6900,#7214);
#421=ITEM_DEFINED_TRANSFORMATION($,$,#6900,#7215);
#422=ITEM_DEFINED_TRANSFORMATION($,$,#6944,#7216);
#423=ITEM_DEFINED_TRANSFORMATION($,$,#6944,#7217);
#424=ITEM_DEFINED_TRANSFORMATION($,$,#6944,#7218);
#425=ITEM_DEFINED_TRANSFORMATION($,$,#6944,#7219);
#426=ITEM_DEFINED_TRANSFORMATION($,$,#7003,#7220);
#427=ITEM_DEFINED_TRANSFORMATION($,$,#7003,#7221);
#428=ITEM_DEFINED_TRANSFORMATION($,$,#7003,#7222);
#429=ITEM_DEFINED_TRANSFORMATION($,$,#7003,#7223);
#430=ITEM_DEFINED_TRANSFORMATION($,$,#7034,#7224);
#431=ITEM_DEFINED_TRANSFORMATION($,$,#7065,#7225);
#432=(
REPRESENTATION_RELATIONSHIP($,$,#11022,#11021)
REPRESENTATION_RELATIONSHIP_WITH_TRANSFORMATION(#378)
SHAPE_REPRESENTATION_RELATIONSHIP()
);
#433=(
REPRESENTATION_RELATIONSHIP($,$,#11022,#11021)
REPRESENTATION_RELATIONSHIP_WITH_TRANSFORMATION(#379)
SHAPE_REPRESENTATION_RELATIONSHIP()
);
#434=(
REPRESENTATION_RELATIONSHIP($,$,#11022,#11021)
REPRESENTATION_RELATIONSHIP_WITH_TRANSFORMATION(#380)
SHAPE_REPRESENTATION_RELATIONSHIP()
);
#435=(
REPRESENTATION_RELATIONSHIP($,$,#11022,#11021)
REPRESENTATION_RELATIONSHIP_WITH_TRANSFORMATION(#381)
SHAPE_REPRESENTATION_RELATIONSHIP()
);
#436=(
REPRESENTATION_RELATIONSHIP($,$,#11023,#11021)
REPRESENTATION_RELATIONSHIP_WITH_TRANSFORMATION(#382)
SHAPE_REPRESENTATION_RELATIONSHIP()
);
#437=(
REPRESENTATION_RELATIONSHIP($,$,#11023,#11021)
REPRESENTATION_RELATIONSHIP_WITH_TRANSFORMATION(#383)
SHAPE_REPRESENTATION_RELATIONSHIP()
);
#438=(
REPRESENTATION_RELATIONSHIP($,$,#11023,#11021)
REPRESENTATION_RELATIONSHIP_WITH_TRANSFORMATION(#384)
SHAPE_REPRESENTATION_RELATIONSHIP()
);
#439=(
REPRESENTATION_RELATIONSHIP($,$,#11023,#11021)
REPRESENTATION_RELATIONSHIP_WITH_TRANSFORMATION(#385)
SHAPE_REPRESENTATION_RELATIONSHIP()
);
#440=(
REPRESENTATION_RELATIONSHIP($,$,#11023,#11021)
REPRESENTATION_RELATIONSHIP_WITH_TRANSFORMATION(#386)
SHAPE_REPRESENTATION_RELATIONSHIP()
);
#441=(
REPRESENTATION_RELATIONSHIP($,$,#11023,#11021)
REPRESENTATION_RELATIONSHIP_WITH_TRANSFORMATION(#387)
SHAPE_REPRESENTATION_RELATIONSHIP()
);
#442=(
REPRESENTATION_RELATIONSHIP($,$,#11023,#11021)
REPRESENTATION_RELATIONSHIP_WITH_TRANSFORMATION(#388)
SHAPE_REPRESENTATION_RELATIONSHIP()
);
#443=(
REPRESENTATION_RELATIONSHIP($,$,#11023,#11021)
REPRESENTATION_RELATIONSHIP_WITH_TRANSFORMATION(#389)
SHAPE_REPRESENTATION_RELATIONSHIP()
);
#444=(
REPRESENTATION_RELATIONSHIP($,$,#11023,#11021)
REPRESENTATION_RELATIONSHIP_WITH_TRANSFORMATION(#390)
SHAPE_REPRESENTATION_RELATIONSHIP()
);
#445=(
REPRESENTATION_RELATIONSHIP($,$,#11024,#11021)
REPRESENTATION_RELATIONSHIP_WITH_TRANSFORMATION(#391)
SHAPE_REPRESENTATION_RELATIONSHIP()
);
#446=(
REPRESENTATION_RELATIONSHIP($,$,#11024,#11021)
REPRESENTATION_RELATIONSHIP_WITH_TRANSFORMATION(#392)
SHAPE_REPRESENTATION_RELATIONSHIP()
);
#447=(
REPRESENTATION_RELATIONSHIP($,$,#11026,#11020)
REPRESENTATION_RELATIONSHIP_WITH_TRANSFORMATION(#393)
SHAPE_REPRESENTATION_RELATIONSHIP()
);
#448=(
REPRESENTATION_RELATIONSHIP($,$,#11025,#11020)
REPRESENTATION_RELATIONSHIP_WITH_TRANSFORMATION(#394)
SHAPE_REPRESENTATION_RELATIONSHIP()
);
#449=(
REPRESENTATION_RELATIONSHIP($,$,#11025,#11020)
REPRESENTATION_RELATIONSHIP_WITH_TRANSFORMATION(#395)
SHAPE_REPRESENTATION_RELATIONSHIP()
);
#450=(
REPRESENTATION_RELATIONSHIP($,$,#11025,#11020)
REPRESENTATION_RELATIONSHIP_WITH_TRANSFORMATION(#396)
SHAPE_REPRESENTATION_RELATIONSHIP()
);
#451=(
REPRESENTATION_RELATIONSHIP($,$,#11025,#11020)
REPRESENTATION_RELATIONSHIP_WITH_TRANSFORMATION(#397)
SHAPE_REPRESENTATION_RELATIONSHIP()
);
#452=(
REPRESENTATION_RELATIONSHIP($,$,#11025,#11020)
REPRESENTATION_RELATIONSHIP_WITH_TRANSFORMATION(#398)
SHAPE_REPRESENTATION_RELATIONSHIP()
);
#453=(
REPRESENTATION_RELATIONSHIP($,$,#11025,#11020)
REPRESENTATION_RELATIONSHIP_WITH_TRANSFORMATION(#399)
SHAPE_REPRESENTATION_RELATIONSHIP()
);
#454=(
REPRESENTATION_RELATIONSHIP($,$,#11021,#11020)
REPRESENTATION_RELATIONSHIP_WITH_TRANSFORMATION(#400)
SHAPE_REPRESENTATION_RELATIONSHIP()
);
#455=(
REPRESENTATION_RELATIONSHIP($,$,#11026,#11020)
REPRESENTATION_RELATIONSHIP_WITH_TRANSFORMATION(#401)
SHAPE_REPRESENTATION_RELATIONSHIP()
);
#456=(
REPRESENTATION_RELATIONSHIP($,$,#11025,#11020)
REPRESENTATION_RELATIONSHIP_WITH_TRANSFORMATION(#402)
SHAPE_REPRESENTATION_RELATIONSHIP()
);
#457=(
REPRESENTATION_RELATIONSHIP($,$,#11025,#11020)
REPRESENTATION_RELATIONSHIP_WITH_TRANSFORMATION(#403)
SHAPE_REPRESENTATION_RELATIONSHIP()
);
#458=(
REPRESENTATION_RELATIONSHIP($,$,#11025,#11020)
REPRESENTATION_RELATIONSHIP_WITH_TRANSFORMATION(#404)
SHAPE_REPRESENTATION_RELATIONSHIP()
);
#459=(
REPRESENTATION_RELATIONSHIP($,$,#11025,#11020)
REPRESENTATION_RELATIONSHIP_WITH_TRANSFORMATION(#405)
SHAPE_REPRESENTATION_RELATIONSHIP()
);
#460=(
REPRESENTATION_RELATIONSHIP($,$,#11025,#11020)
REPRESENTATION_RELATIONSHIP_WITH_TRANSFORMATION(#406)
SHAPE_REPRESENTATION_RELATIONSHIP()
);
#461=(
REPRESENTATION_RELATIONSHIP($,$,#11025,#11020)
REPRESENTATION_RELATIONSHIP_WITH_TRANSFORMATION(#407)
SHAPE_REPRESENTATION_RELATIONSHIP()
);
#462=(
REPRESENTATION_RELATIONSHIP($,$,#11027,#11020)
REPRESENTATION_RELATIONSHIP_WITH_TRANSFORMATION(#408)
SHAPE_REPRESENTATION_RELATIONSHIP()
);
#463=(
REPRESENTATION_RELATIONSHIP($,$,#11027,#11020)
REPRESENTATION_RELATIONSHIP_WITH_TRANSFORMATION(#409)
SHAPE_REPRESENTATION_RELATIONSHIP()
);
#464=(
REPRESENTATION_RELATIONSHIP($,$,#11027,#11020)
REPRESENTATION_RELATIONSHIP_WITH_TRANSFORMATION(#410)
SHAPE_REPRESENTATION_RELATIONSHIP()
);
#465=(
REPRESENTATION_RELATIONSHIP($,$,#11027,#11020)
REPRESENTATION_RELATIONSHIP_WITH_TRANSFORMATION(#411)
SHAPE_REPRESENTATION_RELATIONSHIP()
);
#466=(
REPRESENTATION_RELATIONSHIP($,$,#11027,#11020)
REPRESENTATION_RELATIONSHIP_WITH_TRANSFORMATION(#412)
SHAPE_REPRESENTATION_RELATIONSHIP()
);
#467=(
REPRESENTATION_RELATIONSHIP($,$,#11026,#11020)
REPRESENTATION_RELATIONSHIP_WITH_TRANSFORMATION(#413)
SHAPE_REPRESENTATION_RELATIONSHIP()
);
#468=(
REPRESENTATION_RELATIONSHIP($,$,#11027,#11020)
REPRESENTATION_RELATIONSHIP_WITH_TRANSFORMATION(#414)
SHAPE_REPRESENTATION_RELATIONSHIP()
);
#469=(
REPRESENTATION_RELATIONSHIP($,$,#11026,#11020)
REPRESENTATION_RELATIONSHIP_WITH_TRANSFORMATION(#415)
SHAPE_REPRESENTATION_RELATIONSHIP()
);
#470=(
REPRESENTATION_RELATIONSHIP($,$,#11027,#11020)
REPRESENTATION_RELATIONSHIP_WITH_TRANSFORMATION(#416)
SHAPE_REPRESENTATION_RELATIONSHIP()
);
#471=(
REPRESENTATION_RELATIONSHIP($,$,#11027,#11020)
REPRESENTATION_RELATIONSHIP_WITH_TRANSFORMATION(#417)
SHAPE_REPRESENTATION_RELATIONSHIP()
);
#472=(
REPRESENTATION_RELATIONSHIP($,$,#11027,#11020)
REPRESENTATION_RELATIONSHIP_WITH_TRANSFORMATION(#418)
SHAPE_REPRESENTATION_RELATIONSHIP()
);
#473=(
REPRESENTATION_RELATIONSHIP($,$,#11027,#11020)
REPRESENTATION_RELATIONSHIP_WITH_TRANSFORMATION(#419)
SHAPE_REPRESENTATION_RELATIONSHIP()
);
#474=(
REPRESENTATION_RELATIONSHIP($,$,#11027,#11020)
REPRESENTATION_RELATIONSHIP_WITH_TRANSFORMATION(#420)
SHAPE_REPRESENTATION_RELATIONSHIP()
);
#475=(
REPRESENTATION_RELATIONSHIP($,$,#11027,#11020)
REPRESENTATION_RELATIONSHIP_WITH_TRANSFORMATION(#421)
SHAPE_REPRESENTATION_RELATIONSHIP()
);
#476=(
REPRESENTATION_RELATIONSHIP($,$,#11028,#11020)
REPRESENTATION_RELATIONSHIP_WITH_TRANSFORMATION(#422)
SHAPE_REPRESENTATION_RELATIONSHIP()
);
#477=(
REPRESENTATION_RELATIONSHIP($,$,#11028,#11020)
REPRESENTATION_RELATIONSHIP_WITH_TRANSFORMATION(#423)
SHAPE_REPRESENTATION_RELATIONSHIP()
);
#478=(
REPRESENTATION_RELATIONSHIP($,$,#11028,#11020)
REPRESENTATION_RELATIONSHIP_WITH_TRANSFORMATION(#424)
SHAPE_REPRESENTATION_RELATIONSHIP()
);
#479=(
REPRESENTATION_RELATIONSHIP($,$,#11028,#11020)
REPRESENTATION_RELATIONSHIP_WITH_TRANSFORMATION(#425)
SHAPE_REPRESENTATION_RELATIONSHIP()
);
#480=(
REPRESENTATION_RELATIONSHIP($,$,#11029,#11020)
REPRESENTATION_RELATIONSHIP_WITH_TRANSFORMATION(#426)
SHAPE_REPRESENTATION_RELATIONSHIP()
);
#481=(
REPRESENTATION_RELATIONSHIP($,$,#11029,#11020)
REPRESENTATION_RELATIONSHIP_WITH_TRANSFORMATION(#427)
SHAPE_REPRESENTATION_RELATIONSHIP()
);
#482=(
REPRESENTATION_RELATIONSHIP($,$,#11029,#11020)
REPRESENTATION_RELATIONSHIP_WITH_TRANSFORMATION(#428)
SHAPE_REPRESENTATION_RELATIONSHIP()
);
#483=(
REPRESENTATION_RELATIONSHIP($,$,#11029,#11020)
REPRESENTATION_RELATIONSHIP_WITH_TRANSFORMATION(#429)
SHAPE_REPRESENTATION_RELATIONSHIP()
);
#484=(
REPRESENTATION_RELATIONSHIP($,$,#11030,#11020)
REPRESENTATION_RELATIONSHIP_WITH_TRANSFORMATION(#430)
SHAPE_REPRESENTATION_RELATIONSHIP()
);
#485=(
REPRESENTATION_RELATIONSHIP($,$,#11031,#11020)
REPRESENTATION_RELATIONSHIP_WITH_TRANSFORMATION(#431)
SHAPE_REPRESENTATION_RELATIONSHIP()
);
#486=CONTEXT_DEPENDENT_SHAPE_REPRESENTATION(#432,#10959);
#487=CONTEXT_DEPENDENT_SHAPE_REPRESENTATION(#433,#10960);
#488=CONTEXT_DEPENDENT_SHAPE_REPRESENTATION(#434,#10961);
#489=CONTEXT_DEPENDENT_SHAPE_REPRESENTATION(#435,#10962);
#490=CONTEXT_DEPENDENT_SHAPE_REPRESENTATION(#436,#10963);
#491=CONTEXT_DEPENDENT_SHAPE_REPRESENTATION(#437,#10964);
#492=CONTEXT_DEPENDENT_SHAPE_REPRESENTATION(#438,#10965);
#493=CONTEXT_DEPENDENT_SHAPE_REPRESENTATION(#439,#10966);
#494=CONTEXT_DEPENDENT_SHAPE_REPRESENTATION(#440,#10967);
#495=CONTEXT_DEPENDENT_SHAPE_REPRESENTATION(#441,#10968);
#496=CONTEXT_DEPENDENT_SHAPE_REPRESENTATION(#442,#10969);
#497=CONTEXT_DEPENDENT_SHAPE_REPRESENTATION(#443,#10970);
#498=CONTEXT_DEPENDENT_SHAPE_REPRESENTATION(#444,#10971);
#499=CONTEXT_DEPENDENT_SHAPE_REPRESENTATION(#445,#10972);
#500=CONTEXT_DEPENDENT_SHAPE_REPRESENTATION(#446,#10973);
#501=CONTEXT_DEPENDENT_SHAPE_REPRESENTATION(#447,#10981);
#502=CONTEXT_DEPENDENT_SHAPE_REPRESENTATION(#448,#10982);
#503=CONTEXT_DEPENDENT_SHAPE_REPRESENTATION(#449,#10983);
#504=CONTEXT_DEPENDENT_SHAPE_REPRESENTATION(#450,#10984);
#505=CONTEXT_DEPENDENT_SHAPE_REPRESENTATION(#451,#10985);
#506=CONTEXT_DEPENDENT_SHAPE_REPRESENTATION(#452,#10986);
#507=CONTEXT_DEPENDENT_SHAPE_REPRESENTATION(#453,#10987);
#508=CONTEXT_DEPENDENT_SHAPE_REPRESENTATION(#454,#10988);
#509=CONTEXT_DEPENDENT_SHAPE_REPRESENTATION(#455,#10989);
#510=CONTEXT_DEPENDENT_SHAPE_REPRESENTATION(#456,#10990);
#511=CONTEXT_DEPENDENT_SHAPE_REPRESENTATION(#457,#10991);
#512=CONTEXT_DEPENDENT_SHAPE_REPRESENTATION(#458,#10992);
#513=CONTEXT_DEPENDENT_SHAPE_REPRESENTATION(#459,#10993);
#514=CONTEXT_DEPENDENT_SHAPE_REPRESENTATION(#460,#10994);
#515=CONTEXT_DEPENDENT_SHAPE_REPRESENTATION(#461,#10995);
#516=CONTEXT_DEPENDENT_SHAPE_REPRESENTATION(#462,#10996);
#517=CONTEXT_DEPENDENT_SHAPE_REPRESENTATION(#463,#10997);
#518=CONTEXT_DEPENDENT_SHAPE_REPRESENTATION(#464,#10998);
#519=CONTEXT_DEPENDENT_SHAPE_REPRESENTATION(#465,#10999);
#520=CONTEXT_DEPENDENT_SHAPE_REPRESENTATION(#466,#11000);
#521=CONTEXT_DEPENDENT_SHAPE_REPRESENTATION(#467,#11001);
#522=CONTEXT_DEPENDENT_SHAPE_REPRESENTATION(#468,#11002);
#523=CONTEXT_DEPENDENT_SHAPE_REPRESENTATION(#469,#11003);
#524=CONTEXT_DEPENDENT_SHAPE_REPRESENTATION(#470,#11004);
#525=CONTEXT_DEPENDENT_SHAPE_REPRESENTATION(#471,#11005);
#526=CONTEXT_DEPENDENT_SHAPE_REPRESENTATION(#472,#11006);
#527=CONTEXT_DEPENDENT_SHAPE_REPRESENTATION(#473,#11007);
#528=CONTEXT_DEPENDENT_SHAPE_REPRESENTATION(#474,#11008);
#529=CONTEXT_DEPENDENT_SHAPE_REPRESENTATION(#475,#11009);
#530=CONTEXT_DEPENDENT_SHAPE_REPRESENTATION(#476,#11010);
#531=CONTEXT_DEPENDENT_SHAPE_REPRESENTATION(#477,#11011);
#532=CONTEXT_DEPENDENT_SHAPE_REPRESENTATION(#478,#11012);
#533=CONTEXT_DEPENDENT_SHAPE_REPRESENTATION(#479,#11013);
#534=CONTEXT_DEPENDENT_SHAPE_REPRESENTATION(#480,#11014);
#535=CONTEXT_DEPENDENT_SHAPE_REPRESENTATION(#481,#11015);
#536=CONTEXT_DEPENDENT_SHAPE_REPRESENTATION(#482,#11016);
#537=CONTEXT_DEPENDENT_SHAPE_REPRESENTATION(#483,#11017);
#538=CONTEXT_DEPENDENT_SHAPE_REPRESENTATION(#484,#11018);
#539=CONTEXT_DEPENDENT_SHAPE_REPRESENTATION(#485,#11019);
#540=NEXT_ASSEMBLY_USAGE_OCCURRENCE('Base:2','Base:2','Base:2',#11034,#11035,
'Base:2');
#541=NEXT_ASSEMBLY_USAGE_OCCURRENCE('Base:3','Base:3','Base:3',#11034,#11035,
'Base:3');
#542=NEXT_ASSEMBLY_USAGE_OCCURRENCE('Base:4','Base:4','Base:4',#11034,#11035,
'Base:4');
#543=NEXT_ASSEMBLY_USAGE_OCCURRENCE('Base:5','Base:5','Base:5',#11034,#11035,
'Base:5');
#544=NEXT_ASSEMBLY_USAGE_OCCURRENCE('Separador:1','Separador:1',
'Separador:1',#11034,#11036,'Separador:1');
#545=NEXT_ASSEMBLY_USAGE_OCCURRENCE('Separador:2','Separador:2',
'Separador:2',#11034,#11036,'Separador:2');
#546=NEXT_ASSEMBLY_USAGE_OCCURRENCE('Separador:3','Separador:3',
'Separador:3',#11034,#11036,'Separador:3');
#547=NEXT_ASSEMBLY_USAGE_OCCURRENCE('Separador:4','Separador:4',
'Separador:4',#11034,#11036,'Separador:4');
#548=NEXT_ASSEMBLY_USAGE_OCCURRENCE('Separador:5','Separador:5',
'Separador:5',#11034,#11036,'Separador:5');
#549=NEXT_ASSEMBLY_USAGE_OCCURRENCE('Separador:6','Separador:6',
'Separador:6',#11034,#11036,'Separador:6');
#550=NEXT_ASSEMBLY_USAGE_OCCURRENCE('Separador:7','Separador:7',
'Separador:7',#11034,#11036,'Separador:7');
#551=NEXT_ASSEMBLY_USAGE_OCCURRENCE('Separador:8','Separador:8',
'Separador:8',#11034,#11036,'Separador:8');
#552=NEXT_ASSEMBLY_USAGE_OCCURRENCE('Separador:9','Separador:9',
'Separador:9',#11034,#11036,'Separador:9');
#553=NEXT_ASSEMBLY_USAGE_OCCURRENCE('Base_Entera:1','Base_Entera:1',
'Base_Entera:1',#11034,#11037,'Base_Entera:1');
#554=NEXT_ASSEMBLY_USAGE_OCCURRENCE('Base_Entera:2','Base_Entera:2',
'Base_Entera:2',#11034,#11037,'Base_Entera:2');
#555=NEXT_ASSEMBLY_USAGE_OCCURRENCE('Perfil_Vertical_Acero:1',
'Perfil_Vertical_Acero:1','Perfil_Vertical_Acero:1',#11033,#11039,
'Perfil_Vertical_Acero:1');
#556=NEXT_ASSEMBLY_USAGE_OCCURRENCE('Sujetadores:2','Sujetadores:2',
'Sujetadores:2',#11033,#11038,'Sujetadores:2');
#557=NEXT_ASSEMBLY_USAGE_OCCURRENCE('Sujetadores:3','Sujetadores:3',
'Sujetadores:3',#11033,#11038,'Sujetadores:3');
#558=NEXT_ASSEMBLY_USAGE_OCCURRENCE('Sujetadores:4','Sujetadores:4',
'Sujetadores:4',#11033,#11038,'Sujetadores:4');
#559=NEXT_ASSEMBLY_USAGE_OCCURRENCE('Sujetadores:5','Sujetadores:5',
'Sujetadores:5',#11033,#11038,'Sujetadores:5');
#560=NEXT_ASSEMBLY_USAGE_OCCURRENCE('Sujetadores:6','Sujetadores:6',
'Sujetadores:6',#11033,#11038,'Sujetadores:6');
#561=NEXT_ASSEMBLY_USAGE_OCCURRENCE('Sujetadores:7','Sujetadores:7',
'Sujetadores:7',#11033,#11038,'Sujetadores:7');
#562=NEXT_ASSEMBLY_USAGE_OCCURRENCE('Subensamble estaciones:1',
'Subensamble estaciones:1','Subensamble estaciones:1',#11033,#11034,
'Subensamble estaciones:1');
#563=NEXT_ASSEMBLY_USAGE_OCCURRENCE('Perfil_Vertical_Acero:2',
'Perfil_Vertical_Acero:2','Perfil_Vertical_Acero:2',#11033,#11039,
'Perfil_Vertical_Acero:2');
#564=NEXT_ASSEMBLY_USAGE_OCCURRENCE('Sujetadores:8','Sujetadores:8',
'Sujetadores:8',#11033,#11038,'Sujetadores:8');
#565=NEXT_ASSEMBLY_USAGE_OCCURRENCE('Sujetadores:9','Sujetadores:9',
'Sujetadores:9',#11033,#11038,'Sujetadores:9');
#566=NEXT_ASSEMBLY_USAGE_OCCURRENCE('Sujetadores:10','Sujetadores:10',
'Sujetadores:10',#11033,#11038,'Sujetadores:10');
#567=NEXT_ASSEMBLY_USAGE_OCCURRENCE('Sujetadores:11','Sujetadores:11',
'Sujetadores:11',#11033,#11038,'Sujetadores:11');
#568=NEXT_ASSEMBLY_USAGE_OCCURRENCE('Sujetadores:12','Sujetadores:12',
'Sujetadores:12',#11033,#11038,'Sujetadores:12');
#569=NEXT_ASSEMBLY_USAGE_OCCURRENCE('Sujetadores:13','Sujetadores:13',
'Sujetadores:13',#11033,#11038,'Sujetadores:13');
#570=NEXT_ASSEMBLY_USAGE_OCCURRENCE('Sujetador_Mirror:2',
'Sujetador_Mirror:2','Sujetador_Mirror:2',#11033,#11040,
'Sujetador_Mirror:2');
#571=NEXT_ASSEMBLY_USAGE_OCCURRENCE('Sujetador_Mirror:3',
'Sujetador_Mirror:3','Sujetador_Mirror:3',#11033,#11040,
'Sujetador_Mirror:3');
#572=NEXT_ASSEMBLY_USAGE_OCCURRENCE('Sujetador_Mirror:4',
'Sujetador_Mirror:4','Sujetador_Mirror:4',#11033,#11040,
'Sujetador_Mirror:4');
#573=NEXT_ASSEMBLY_USAGE_OCCURRENCE('Sujetador_Mirror:5',
'Sujetador_Mirror:5','Sujetador_Mirror:5',#11033,#11040,
'Sujetador_Mirror:5');
#574=NEXT_ASSEMBLY_USAGE_OCCURRENCE('Sujetador_Mirror:6',
'Sujetador_Mirror:6','Sujetador_Mirror:6',#11033,#11040,
'Sujetador_Mirror:6');
#575=NEXT_ASSEMBLY_USAGE_OCCURRENCE('Perfil_Vertical_Acero:3',
'Perfil_Vertical_Acero:3','Perfil_Vertical_Acero:3',#11033,#11039,
'Perfil_Vertical_Acero:3');
#576=NEXT_ASSEMBLY_USAGE_OCCURRENCE('Sujetador_Mirror:7',
'Sujetador_Mirror:7','Sujetador_Mirror:7',#11033,#11040,
'Sujetador_Mirror:7');
#577=NEXT_ASSEMBLY_USAGE_OCCURRENCE('Perfil_Vertical_Acero:4',
'Perfil_Vertical_Acero:4','Perfil_Vertical_Acero:4',#11033,#11039,
'Perfil_Vertical_Acero:4');
#578=NEXT_ASSEMBLY_USAGE_OCCURRENCE('Sujetador_Mirror:8',
'Sujetador_Mirror:8','Sujetador_Mirror:8',#11033,#11040,
'Sujetador_Mirror:8');
#579=NEXT_ASSEMBLY_USAGE_OCCURRENCE('Sujetador_Mirror:9',
'Sujetador_Mirror:9','Sujetador_Mirror:9',#11033,#11040,
'Sujetador_Mirror:9');
#580=NEXT_ASSEMBLY_USAGE_OCCURRENCE('Sujetador_Mirror:10',
'Sujetador_Mirror:10','Sujetador_Mirror:10',#11033,#11040,
'Sujetador_Mirror:10');
#581=NEXT_ASSEMBLY_USAGE_OCCURRENCE('Sujetador_Mirror:11',
'Sujetador_Mirror:11','Sujetador_Mirror:11',#11033,#11040,
'Sujetador_Mirror:11');
#582=NEXT_ASSEMBLY_USAGE_OCCURRENCE('Sujetador_Mirror:12',
'Sujetador_Mirror:12','Sujetador_Mirror:12',#11033,#11040,
'Sujetador_Mirror:12');
#583=NEXT_ASSEMBLY_USAGE_OCCURRENCE('Sujetador_Mirror:13',
'Sujetador_Mirror:13','Sujetador_Mirror:13',#11033,#11040,
'Sujetador_Mirror:13');
#584=NEXT_ASSEMBLY_USAGE_OCCURRENCE('Base_Fija_Acero:1',
'Base_Fija_Acero:1','Base_Fija_Acero:1',#11033,#11041,
'Base_Fija_Acero:1');
#585=NEXT_ASSEMBLY_USAGE_OCCURRENCE('Base_Fija_Acero:2',
'Base_Fija_Acero:2','Base_Fija_Acero:2',#11033,#11041,
'Base_Fija_Acero:2');
#586=NEXT_ASSEMBLY_USAGE_OCCURRENCE('Base_Fija_Acero:3',
'Base_Fija_Acero:3','Base_Fija_Acero:3',#11033,#11041,
'Base_Fija_Acero:3');
#587=NEXT_ASSEMBLY_USAGE_OCCURRENCE('Base_Fija_Acero:4',
'Base_Fija_Acero:4','Base_Fija_Acero:4',#11033,#11041,
'Base_Fija_Acero:4');
#588=NEXT_ASSEMBLY_USAGE_OCCURRENCE('Bases_Perfiles_Acero:1',
'Bases_Perfiles_Acero:1','Bases_Perfiles_Acero:1',#11033,#11042,
'Bases_Perfiles_Acero:1');
#589=NEXT_ASSEMBLY_USAGE_OCCURRENCE('Bases_Perfiles_Acero:2',
'Bases_Perfiles_Acero:2','Bases_Perfiles_Acero:2',#11033,#11042,
'Bases_Perfiles_Acero:2');
#590=NEXT_ASSEMBLY_USAGE_OCCURRENCE('Bases_Perfiles_Acero:3',
'Bases_Perfiles_Acero:3','Bases_Perfiles_Acero:3',#11033,#11042,
'Bases_Perfiles_Acero:3');
#591=NEXT_ASSEMBLY_USAGE_OCCURRENCE('Bases_Perfiles_Acero:4',
'Bases_Perfiles_Acero:4','Bases_Perfiles_Acero:4',#11033,#11042,
'Bases_Perfiles_Acero:4');
#592=NEXT_ASSEMBLY_USAGE_OCCURRENCE('Bases_MDF_Acero:1',
'Bases_MDF_Acero:1','Bases_MDF_Acero:1',#11033,#11043,
'Bases_MDF_Acero:1');
#593=NEXT_ASSEMBLY_USAGE_OCCURRENCE(
'Aluminio estructural 20x 20_ eje x:1',
'Aluminio estructural 20x 20_ eje x:1',
'Aluminio estructural 20x 20_ eje x:1',#11033,#11044,
'Aluminio estructural 20x 20_ eje x:1');
#594=SHAPE_REPRESENTATION_RELATIONSHIP('SRR','None',#11022,#604);
#595=SHAPE_REPRESENTATION_RELATIONSHIP('SRR','None',#11023,#605);
#596=SHAPE_REPRESENTATION_RELATIONSHIP('SRR','None',#11024,#606);
#597=SHAPE_REPRESENTATION_RELATIONSHIP('SRR','None',#11025,#607);
#598=SHAPE_REPRESENTATION_RELATIONSHIP('SRR','None',#11026,#608);
#599=SHAPE_REPRESENTATION_RELATIONSHIP('SRR','None',#11027,#609);
#600=SHAPE_REPRESENTATION_RELATIONSHIP('SRR','None',#11028,#610);
#601=SHAPE_REPRESENTATION_RELATIONSHIP('SRR','None',#11029,#611);
#602=SHAPE_REPRESENTATION_RELATIONSHIP('SRR','None',#11030,#612);
#603=SHAPE_REPRESENTATION_RELATIONSHIP('SRR','None',#11031,#613);
#604=ADVANCED_BREP_SHAPE_REPRESENTATION('',(#624),#10927);
#605=ADVANCED_BREP_SHAPE_REPRESENTATION('',(#625),#10928);
#606=ADVANCED_BREP_SHAPE_REPRESENTATION('',(#626),#10929);
#607=ADVANCED_BREP_SHAPE_REPRESENTATION('',(#627),#10930);
#608=ADVANCED_BREP_SHAPE_REPRESENTATION('',(#628),#10931);
#609=ADVANCED_BREP_SHAPE_REPRESENTATION('',(#629),#10932);
#610=ADVANCED_BREP_SHAPE_REPRESENTATION('',(#630),#10933);
#611=ADVANCED_BREP_SHAPE_REPRESENTATION('',(#631),#10934);
#612=ADVANCED_BREP_SHAPE_REPRESENTATION('',(#632),#10935);
#613=ADVANCED_BREP_SHAPE_REPRESENTATION('',(#633),#10936);
#614=STYLED_ITEM('',(#6588),#624);
#615=STYLED_ITEM('',(#6588),#625);
#616=STYLED_ITEM('',(#6588),#626);
#617=STYLED_ITEM('',(#6589),#627);
#618=STYLED_ITEM('',(#6589),#628);
#619=STYLED_ITEM('',(#6589),#629);
#620=STYLED_ITEM('',(#6589),#630);
#621=STYLED_ITEM('',(#6589),#631);
#622=STYLED_ITEM('',(#6589),#632);
#623=STYLED_ITEM('',(#6590),#633);
#624=MANIFOLD_SOLID_BREP('Solid1',#6464);
#625=MANIFOLD_SOLID_BREP('Solid1',#6465);
#626=MANIFOLD_SOLID_BREP('Solid1',#6466);
#627=MANIFOLD_SOLID_BREP('Solid1',#6467);
#628=MANIFOLD_SOLID_BREP('Solid1',#6468);
#629=MANIFOLD_SOLID_BREP('Solid1',#6469);
#630=MANIFOLD_SOLID_BREP('Solid1',#6470);
#631=MANIFOLD_SOLID_BREP('Solid1',#6471);
#632=MANIFOLD_SOLID_BREP('Solid1',#6472);
#633=MANIFOLD_SOLID_BREP('S\X\F3lido1',#6473);
#634=FACE_OUTER_BOUND('',#947,.T.);
#635=FACE_OUTER_BOUND('',#948,.T.);
#636=FACE_OUTER_BOUND('',#949,.T.);
#637=FACE_OUTER_BOUND('',#950,.T.);
#638=FACE_OUTER_BOUND('',#951,.T.);
#639=FACE_OUTER_BOUND('',#952,.T.);
#640=FACE_OUTER_BOUND('',#953,.T.);
#641=FACE_OUTER_BOUND('',#954,.T.);
#642=FACE_OUTER_BOUND('',#955,.T.);
#643=FACE_OUTER_BOUND('',#956,.T.);
#644=FACE_OUTER_BOUND('',#957,.T.);
#645=FACE_OUTER_BOUND('',#958,.T.);
#646=FACE_OUTER_BOUND('',#959,.T.);
#647=FACE_OUTER_BOUND('',#960,.T.);
#648=FACE_OUTER_BOUND('',#961,.T.);
#649=FACE_OUTER_BOUND('',#962,.T.);
#650=FACE_OUTER_BOUND('',#963,.T.);
#651=FACE_OUTER_BOUND('',#964,.T.);
#652=FACE_OUTER_BOUND('',#965,.T.);
#653=FACE_OUTER_BOUND('',#966,.T.);
#654=FACE_OUTER_BOUND('',#967,.T.);
#655=FACE_OUTER_BOUND('',#968,.T.);
#656=FACE_OUTER_BOUND('',#969,.T.);
#657=FACE_OUTER_BOUND('',#970,.T.);
#658=FACE_OUTER_BOUND('',#971,.T.);
#659=FACE_OUTER_BOUND('',#972,.T.);
#660=FACE_OUTER_BOUND('',#973,.T.);
#661=FACE_OUTER_BOUND('',#974,.T.);
#662=FACE_OUTER_BOUND('',#975,.T.);
#663=FACE_OUTER_BOUND('',#976,.T.);
#664=FACE_OUTER_BOUND('',#977,.T.);
#665=FACE_OUTER_BOUND('',#978,.T.);
#666=FACE_OUTER_BOUND('',#979,.T.);
#667=FACE_OUTER_BOUND('',#980,.T.);
#668=FACE_OUTER_BOUND('',#981,.T.);
#669=FACE_OUTER_BOUND('',#982,.T.);
#670=FACE_OUTER_BOUND('',#983,.T.);
#671=FACE_OUTER_BOUND('',#984,.T.);
#672=FACE_OUTER_BOUND('',#985,.T.);
#673=FACE_OUTER_BOUND('',#986,.T.);
#674=FACE_OUTER_BOUND('',#987,.T.);
#675=FACE_OUTER_BOUND('',#988,.T.);
#676=FACE_OUTER_BOUND('',#989,.T.);
#677=FACE_OUTER_BOUND('',#990,.T.);
#678=FACE_OUTER_BOUND('',#991,.T.);
#679=FACE_OUTER_BOUND('',#992,.T.);
#680=FACE_OUTER_BOUND('',#993,.T.);
#681=FACE_OUTER_BOUND('',#994,.T.);
#682=FACE_OUTER_BOUND('',#995,.T.);
#683=FACE_OUTER_BOUND('',#996,.T.);
#684=FACE_OUTER_BOUND('',#997,.T.);
#685=FACE_OUTER_BOUND('',#998,.T.);
#686=FACE_OUTER_BOUND('',#999,.T.);
#687=FACE_OUTER_BOUND('',#1000,.T.);
#688=FACE_OUTER_BOUND('',#1001,.T.);
#689=FACE_OUTER_BOUND('',#1002,.T.);
#690=FACE_OUTER_BOUND('',#1003,.T.);
#691=FACE_OUTER_BOUND('',#1004,.T.);
#692=FACE_OUTER_BOUND('',#1005,.T.);
#693=FACE_OUTER_BOUND('',#1006,.T.);
#694=FACE_OUTER_BOUND('',#1007,.T.);
#695=FACE_OUTER_BOUND('',#1008,.T.);
#696=FACE_OUTER_BOUND('',#1009,.T.);
#697=FACE_OUTER_BOUND('',#1010,.T.);
#698=FACE_OUTER_BOUND('',#1011,.T.);
#699=FACE_OUTER_BOUND('',#1012,.T.);
#700=FACE_OUTER_BOUND('',#1013,.T.);
#701=FACE_OUTER_BOUND('',#1014,.T.);
#702=FACE_OUTER_BOUND('',#1015,.T.);
#703=FACE_OUTER_BOUND('',#1016,.T.);
#704=FACE_OUTER_BOUND('',#1017,.T.);
#705=FACE_OUTER_BOUND('',#1018,.T.);
#706=FACE_OUTER_BOUND('',#1019,.T.);
#707=FACE_OUTER_BOUND('',#1020,.T.);
#708=FACE_OUTER_BOUND('',#1021,.T.);
#709=FACE_OUTER_BOUND('',#1022,.T.);
#710=FACE_OUTER_BOUND('',#1023,.T.);
#711=FACE_OUTER_BOUND('',#1024,.T.);
#712=FACE_OUTER_BOUND('',#1025,.T.);
#713=FACE_OUTER_BOUND('',#1026,.T.);
#714=FACE_OUTER_BOUND('',#1028,.T.);
#715=FACE_OUTER_BOUND('',#1029,.T.);
#716=FACE_OUTER_BOUND('',#1030,.T.);
#717=FACE_OUTER_BOUND('',#1031,.T.);
#718=FACE_OUTER_BOUND('',#1032,.T.);
#719=FACE_OUTER_BOUND('',#1033,.T.);
#720=FACE_OUTER_BOUND('',#1034,.T.);
#721=FACE_OUTER_BOUND('',#1035,.T.);
#722=FACE_OUTER_BOUND('',#1036,.T.);
#723=FACE_OUTER_BOUND('',#1037,.T.);
#724=FACE_OUTER_BOUND('',#1039,.T.);
#725=FACE_OUTER_BOUND('',#1040,.T.);
#726=FACE_OUTER_BOUND('',#1041,.T.);
#727=FACE_OUTER_BOUND('',#1042,.T.);
#728=FACE_OUTER_BOUND('',#1043,.T.);
#729=FACE_OUTER_BOUND('',#1044,.T.);
#730=FACE_OUTER_BOUND('',#1045,.T.);
#731=FACE_OUTER_BOUND('',#1046,.T.);
#732=FACE_OUTER_BOUND('',#1047,.T.);
#733=FACE_OUTER_BOUND('',#1048,.T.);
#734=FACE_OUTER_BOUND('',#1049,.T.);
#735=FACE_OUTER_BOUND('',#1050,.T.);
#736=FACE_OUTER_BOUND('',#1051,.T.);
#737=FACE_OUTER_BOUND('',#1052,.T.);
#738=FACE_OUTER_BOUND('',#1053,.T.);
#739=FACE_OUTER_BOUND('',#1054,.T.);
#740=FACE_OUTER_BOUND('',#1056,.T.);
#741=FACE_OUTER_BOUND('',#1057,.T.);
#742=FACE_OUTER_BOUND('',#1058,.T.);
#743=FACE_OUTER_BOUND('',#1060,.T.);
#744=FACE_OUTER_BOUND('',#1061,.T.);
#745=FACE_OUTER_BOUND('',#1062,.T.);
#746=FACE_OUTER_BOUND('',#1063,.T.);
#747=FACE_OUTER_BOUND('',#1065,.T.);
#748=FACE_OUTER_BOUND('',#1066,.T.);
#749=FACE_OUTER_BOUND('',#1067,.T.);
#750=FACE_OUTER_BOUND('',#1069,.T.);
#751=FACE_OUTER_BOUND('',#1070,.T.);
#752=FACE_OUTER_BOUND('',#1071,.T.);
#753=FACE_OUTER_BOUND('',#1072,.T.);
#754=FACE_OUTER_BOUND('',#1073,.T.);
#755=FACE_OUTER_BOUND('',#1074,.T.);
#756=FACE_OUTER_BOUND('',#1075,.T.);
#757=FACE_OUTER_BOUND('',#1076,.T.);
#758=FACE_OUTER_BOUND('',#1077,.T.);
#759=FACE_OUTER_BOUND('',#1078,.T.);
#760=FACE_OUTER_BOUND('',#1079,.T.);
#761=FACE_OUTER_BOUND('',#1080,.T.);
#762=FACE_OUTER_BOUND('',#1081,.T.);
#763=FACE_OUTER_BOUND('',#1082,.T.);
#764=FACE_OUTER_BOUND('',#1083,.T.);
#765=FACE_OUTER_BOUND('',#1093,.T.);
#766=FACE_OUTER_BOUND('',#1094,.T.);
#767=FACE_OUTER_BOUND('',#1104,.T.);
#768=FACE_OUTER_BOUND('',#1114,.T.);
#769=FACE_OUTER_BOUND('',#1124,.T.);
#770=FACE_OUTER_BOUND('',#1128,.T.);
#771=FACE_OUTER_BOUND('',#1132,.T.);
#772=FACE_OUTER_BOUND('',#1133,.T.);
#773=FACE_OUTER_BOUND('',#1134,.T.);
#774=FACE_OUTER_BOUND('',#1135,.T.);
#775=FACE_OUTER_BOUND('',#1137,.T.);
#776=FACE_OUTER_BOUND('',#1138,.T.);
#777=FACE_OUTER_BOUND('',#1139,.T.);
#778=FACE_OUTER_BOUND('',#1140,.T.);
#779=FACE_OUTER_BOUND('',#1141,.T.);
#780=FACE_OUTER_BOUND('',#1142,.T.);
#781=FACE_OUTER_BOUND('',#1144,.T.);
#782=FACE_OUTER_BOUND('',#1145,.T.);
#783=FACE_OUTER_BOUND('',#1146,.T.);
#784=FACE_OUTER_BOUND('',#1147,.T.);
#785=FACE_OUTER_BOUND('',#1148,.T.);
#786=FACE_OUTER_BOUND('',#1149,.T.);
#787=FACE_OUTER_BOUND('',#1150,.T.);
#788=FACE_OUTER_BOUND('',#1151,.T.);
#789=FACE_OUTER_BOUND('',#1152,.T.);
#790=FACE_OUTER_BOUND('',#1153,.T.);
#791=FACE_OUTER_BOUND('',#1154,.T.);
#792=FACE_OUTER_BOUND('',#1155,.T.);
#793=FACE_OUTER_BOUND('',#1156,.T.);
#794=FACE_OUTER_BOUND('',#1157,.T.);
#795=FACE_OUTER_BOUND('',#1158,.T.);
#796=FACE_OUTER_BOUND('',#1159,.T.);
#797=FACE_OUTER_BOUND('',#1160,.T.);
#798=FACE_OUTER_BOUND('',#1161,.T.);
#799=FACE_OUTER_BOUND('',#1162,.T.);
#800=FACE_OUTER_BOUND('',#1163,.T.);
#801=FACE_OUTER_BOUND('',#1164,.T.);
#802=FACE_OUTER_BOUND('',#1165,.T.);
#803=FACE_OUTER_BOUND('',#1166,.T.);
#804=FACE_OUTER_BOUND('',#1167,.T.);
#805=FACE_OUTER_BOUND('',#1168,.T.);
#806=FACE_OUTER_BOUND('',#1169,.T.);
#807=FACE_OUTER_BOUND('',#1170,.T.);
#808=FACE_OUTER_BOUND('',#1171,.T.);
#809=FACE_OUTER_BOUND('',#1172,.T.);
#810=FACE_OUTER_BOUND('',#1173,.T.);
#811=FACE_OUTER_BOUND('',#1174,.T.);
#812=FACE_OUTER_BOUND('',#1175,.T.);
#813=FACE_OUTER_BOUND('',#1176,.T.);
#814=FACE_OUTER_BOUND('',#1177,.T.);
#815=FACE_OUTER_BOUND('',#1182,.T.);
#816=FACE_OUTER_BOUND('',#1187,.T.);
#817=FACE_OUTER_BOUND('',#1192,.T.);
#818=FACE_OUTER_BOUND('',#1197,.T.);
#819=FACE_OUTER_BOUND('',#1202,.T.);
#820=FACE_OUTER_BOUND('',#1207,.T.);
#821=FACE_OUTER_BOUND('',#1212,.T.);
#822=FACE_OUTER_BOUND('',#1217,.T.);
#823=FACE_OUTER_BOUND('',#1219,.T.);
#824=FACE_OUTER_BOUND('',#1221,.T.);
#825=FACE_OUTER_BOUND('',#1222,.T.);
#826=FACE_OUTER_BOUND('',#1223,.T.);
#827=FACE_OUTER_BOUND('',#1225,.T.);
#828=FACE_OUTER_BOUND('',#1226,.T.);
#829=FACE_OUTER_BOUND('',#1227,.T.);
#830=FACE_OUTER_BOUND('',#1229,.T.);
#831=FACE_OUTER_BOUND('',#1230,.T.);
#832=FACE_OUTER_BOUND('',#1231,.T.);
#833=FACE_OUTER_BOUND('',#1232,.T.);
#834=FACE_OUTER_BOUND('',#1234,.T.);
#835=FACE_OUTER_BOUND('',#1235,.T.);
#836=FACE_OUTER_BOUND('',#1236,.T.);
#837=FACE_OUTER_BOUND('',#1238,.T.);
#838=FACE_OUTER_BOUND('',#1239,.T.);
#839=FACE_OUTER_BOUND('',#1240,.T.);
#840=FACE_OUTER_BOUND('',#1241,.T.);
#841=FACE_OUTER_BOUND('',#1242,.T.);
#842=FACE_OUTER_BOUND('',#1243,.T.);
#843=FACE_OUTER_BOUND('',#1244,.T.);
#844=FACE_OUTER_BOUND('',#1245,.T.);
#845=FACE_OUTER_BOUND('',#1249,.T.);
#846=FACE_OUTER_BOUND('',#1253,.T.);
#847=FACE_OUTER_BOUND('',#1254,.T.);
#848=FACE_OUTER_BOUND('',#1255,.T.);
#849=FACE_OUTER_BOUND('',#1257,.T.);
#850=FACE_OUTER_BOUND('',#1258,.T.);
#851=FACE_OUTER_BOUND('',#1259,.T.);
#852=FACE_OUTER_BOUND('',#1261,.T.);
#853=FACE_OUTER_BOUND('',#1262,.T.);
#854=FACE_OUTER_BOUND('',#1263,.T.);
#855=FACE_OUTER_BOUND('',#1264,.T.);
#856=FACE_OUTER_BOUND('',#1266,.T.);
#857=FACE_OUTER_BOUND('',#1267,.T.);
#858=FACE_OUTER_BOUND('',#1268,.T.);
#859=FACE_OUTER_BOUND('',#1270,.T.);
#860=FACE_OUTER_BOUND('',#1271,.T.);
#861=FACE_OUTER_BOUND('',#1272,.T.);
#862=FACE_OUTER_BOUND('',#1273,.T.);
#863=FACE_OUTER_BOUND('',#1274,.T.);
#864=FACE_OUTER_BOUND('',#1275,.T.);
#865=FACE_OUTER_BOUND('',#1276,.T.);
#866=FACE_OUTER_BOUND('',#1277,.T.);
#867=FACE_OUTER_BOUND('',#1281,.T.);
#868=FACE_OUTER_BOUND('',#1285,.T.);
#869=FACE_OUTER_BOUND('',#1287,.T.);
#870=FACE_OUTER_BOUND('',#1289,.T.);
#871=FACE_OUTER_BOUND('',#1290,.T.);
#872=FACE_OUTER_BOUND('',#1291,.T.);
#873=FACE_OUTER_BOUND('',#1292,.T.);
#874=FACE_OUTER_BOUND('',#1293,.T.);
#875=FACE_OUTER_BOUND('',#1294,.T.);
#876=FACE_OUTER_BOUND('',#1295,.T.);
#877=FACE_OUTER_BOUND('',#1296,.T.);
#878=FACE_OUTER_BOUND('',#1297,.T.);
#879=FACE_OUTER_BOUND('',#1298,.T.);
#880=FACE_OUTER_BOUND('',#1299,.T.);
#881=FACE_OUTER_BOUND('',#1300,.T.);
#882=FACE_OUTER_BOUND('',#1301,.T.);
#883=FACE_OUTER_BOUND('',#1302,.T.);
#884=FACE_OUTER_BOUND('',#1303,.T.);
#885=FACE_OUTER_BOUND('',#1304,.T.);
#886=FACE_OUTER_BOUND('',#1305,.T.);
#887=FACE_OUTER_BOUND('',#1306,.T.);
#888=FACE_OUTER_BOUND('',#1307,.T.);
#889=FACE_OUTER_BOUND('',#1308,.T.);
#890=FACE_OUTER_BOUND('',#1309,.T.);
#891=FACE_OUTER_BOUND('',#1310,.T.);
#892=FACE_OUTER_BOUND('',#1311,.T.);
#893=FACE_OUTER_BOUND('',#1312,.T.);
#894=FACE_OUTER_BOUND('',#1313,.T.);
#895=FACE_OUTER_BOUND('',#1314,.T.);
#896=FACE_OUTER_BOUND('',#1315,.T.);
#897=FACE_OUTER_BOUND('',#1316,.T.);
#898=FACE_OUTER_BOUND('',#1317,.T.);
#899=FACE_OUTER_BOUND('',#1318,.T.);
#900=FACE_OUTER_BOUND('',#1319,.T.);
#901=FACE_OUTER_BOUND('',#1320,.T.);
#902=FACE_OUTER_BOUND('',#1321,.T.);
#903=FACE_OUTER_BOUND('',#1322,.T.);
#904=FACE_OUTER_BOUND('',#1323,.T.);
#905=FACE_OUTER_BOUND('',#1324,.T.);
#906=FACE_OUTER_BOUND('',#1325,.T.);
#907=FACE_OUTER_BOUND('',#1326,.T.);
#908=FACE_OUTER_BOUND('',#1327,.T.);
#909=FACE_OUTER_BOUND('',#1328,.T.);
#910=FACE_OUTER_BOUND('',#1329,.T.);
#911=FACE_OUTER_BOUND('',#1330,.T.);
#912=FACE_OUTER_BOUND('',#1331,.T.);
#913=FACE_OUTER_BOUND('',#1332,.T.);
#914=FACE_OUTER_BOUND('',#1333,.T.);
#915=FACE_OUTER_BOUND('',#1334,.T.);
#916=FACE_OUTER_BOUND('',#1335,.T.);
#917=FACE_OUTER_BOUND('',#1336,.T.);
#918=FACE_OUTER_BOUND('',#1337,.T.);
#919=FACE_OUTER_BOUND('',#1338,.T.);
#920=FACE_OUTER_BOUND('',#1339,.T.);
#921=FACE_OUTER_BOUND('',#1340,.T.);
#922=FACE_OUTER_BOUND('',#1341,.T.);
#923=FACE_OUTER_BOUND('',#1342,.T.);
#924=FACE_OUTER_BOUND('',#1343,.T.);
#925=FACE_OUTER_BOUND('',#1344,.T.);
#926=FACE_OUTER_BOUND('',#1345,.T.);
#927=FACE_OUTER_BOUND('',#1346,.T.);
#928=FACE_OUTER_BOUND('',#1347,.T.);
#929=FACE_OUTER_BOUND('',#1348,.T.);
#930=FACE_OUTER_BOUND('',#1349,.T.);
#931=FACE_OUTER_BOUND('',#1350,.T.);
#932=FACE_OUTER_BOUND('',#1351,.T.);
#933=FACE_OUTER_BOUND('',#1352,.T.);
#934=FACE_OUTER_BOUND('',#1353,.T.);
#935=FACE_OUTER_BOUND('',#1354,.T.);
#936=FACE_OUTER_BOUND('',#1355,.T.);
#937=FACE_OUTER_BOUND('',#1356,.T.);
#938=FACE_OUTER_BOUND('',#1357,.T.);
#939=FACE_OUTER_BOUND('',#1358,.T.);
#940=FACE_OUTER_BOUND('',#1359,.T.);
#941=FACE_OUTER_BOUND('',#1360,.T.);
#942=FACE_OUTER_BOUND('',#1361,.T.);
#943=FACE_OUTER_BOUND('',#1362,.T.);
#944=FACE_OUTER_BOUND('',#1363,.T.);
#945=FACE_OUTER_BOUND('',#1364,.T.);
#946=FACE_OUTER_BOUND('',#1365,.T.);
#947=EDGE_LOOP('',(#4197,#4198,#4199,#4200));
#948=EDGE_LOOP('',(#4201,#4202,#4203,#4204));
#949=EDGE_LOOP('',(#4205,#4206,#4207,#4208));
#950=EDGE_LOOP('',(#4209,#4210,#4211,#4212));
#951=EDGE_LOOP('',(#4213,#4214,#4215,#4216));
#952=EDGE_LOOP('',(#4217,#4218,#4219,#4220));
#953=EDGE_LOOP('',(#4221,#4222,#4223,#4224));
#954=EDGE_LOOP('',(#4225,#4226,#4227,#4228));
#955=EDGE_LOOP('',(#4229,#4230,#4231,#4232));
#956=EDGE_LOOP('',(#4233,#4234,#4235,#4236));
#957=EDGE_LOOP('',(#4237,#4238,#4239,#4240));
#958=EDGE_LOOP('',(#4241,#4242,#4243,#4244));
#959=EDGE_LOOP('',(#4245,#4246,#4247,#4248));
#960=EDGE_LOOP('',(#4249,#4250,#4251,#4252));
#961=EDGE_LOOP('',(#4253,#4254,#4255,#4256));
#962=EDGE_LOOP('',(#4257,#4258,#4259,#4260));
#963=EDGE_LOOP('',(#4261,#4262,#4263,#4264));
#964=EDGE_LOOP('',(#4265,#4266,#4267,#4268));
#965=EDGE_LOOP('',(#4269,#4270,#4271,#4272));
#966=EDGE_LOOP('',(#4273,#4274,#4275,#4276));
#967=EDGE_LOOP('',(#4277,#4278,#4279,#4280));
#968=EDGE_LOOP('',(#4281,#4282,#4283,#4284));
#969=EDGE_LOOP('',(#4285,#4286,#4287,#4288));
#970=EDGE_LOOP('',(#4289,#4290,#4291,#4292));
#971=EDGE_LOOP('',(#4293,#4294,#4295,#4296));
#972=EDGE_LOOP('',(#4297,#4298,#4299,#4300));
#973=EDGE_LOOP('',(#4301,#4302,#4303,#4304));
#974=EDGE_LOOP('',(#4305,#4306,#4307,#4308,#4309,#4310,#4311,#4312,#4313,
#4314,#4315,#4316,#4317,#4318,#4319,#4320,#4321,#4322,#4323,#4324,#4325,
#4326,#4327,#4328,#4329,#4330,#4331,#4332,#4333,#4334,#4335,#4336,#4337,
#4338,#4339,#4340,#4341,#4342,#4343,#4344));
#975=EDGE_LOOP('',(#4345,#4346,#4347,#4348));
#976=EDGE_LOOP('',(#4349,#4350,#4351,#4352));
#977=EDGE_LOOP('',(#4353,#4354,#4355,#4356));
#978=EDGE_LOOP('',(#4357,#4358,#4359,#4360));
#979=EDGE_LOOP('',(#4361,#4362,#4363,#4364));
#980=EDGE_LOOP('',(#4365,#4366,#4367,#4368));
#981=EDGE_LOOP('',(#4369,#4370,#4371,#4372));
#982=EDGE_LOOP('',(#4373,#4374,#4375,#4376));
#983=EDGE_LOOP('',(#4377,#4378,#4379,#4380));
#984=EDGE_LOOP('',(#4381,#4382,#4383,#4384));
#985=EDGE_LOOP('',(#4385,#4386,#4387,#4388));
#986=EDGE_LOOP('',(#4389,#4390,#4391,#4392));
#987=EDGE_LOOP('',(#4393,#4394,#4395,#4396));
#988=EDGE_LOOP('',(#4397,#4398,#4399,#4400,#4401,#4402,#4403,#4404,#4405,
#4406,#4407,#4408,#4409,#4410,#4411,#4412,#4413,#4414,#4415,#4416,#4417,
#4418,#4419,#4420,#4421,#4422,#4423,#4424,#4425,#4426,#4427,#4428,#4429,
#4430,#4431,#4432,#4433,#4434,#4435,#4436));
#989=EDGE_LOOP('',(#4437,#4438,#4439,#4440));
#990=EDGE_LOOP('',(#4441,#4442,#4443,#4444));
#991=EDGE_LOOP('',(#4445,#4446,#4447,#4448));
#992=EDGE_LOOP('',(#4449,#4450,#4451,#4452));
#993=EDGE_LOOP('',(#4453,#4454,#4455,#4456));
#994=EDGE_LOOP('',(#4457,#4458,#4459,#4460));
#995=EDGE_LOOP('',(#4461,#4462,#4463,#4464));
#996=EDGE_LOOP('',(#4465,#4466,#4467,#4468));
#997=EDGE_LOOP('',(#4469,#4470,#4471,#4472));
#998=EDGE_LOOP('',(#4473,#4474,#4475,#4476));
#999=EDGE_LOOP('',(#4477,#4478,#4479,#4480));
#1000=EDGE_LOOP('',(#4481,#4482,#4483,#4484));
#1001=EDGE_LOOP('',(#4485,#4486,#4487,#4488));
#1002=EDGE_LOOP('',(#4489,#4490,#4491,#4492));
#1003=EDGE_LOOP('',(#4493,#4494,#4495,#4496));
#1004=EDGE_LOOP('',(#4497,#4498,#4499,#4500));
#1005=EDGE_LOOP('',(#4501,#4502,#4503,#4504));
#1006=EDGE_LOOP('',(#4505,#4506,#4507,#4508,#4509,#4510,#4511,#4512,#4513,
#4514,#4515,#4516,#4517,#4518,#4519,#4520,#4521,#4522,#4523,#4524));
#1007=EDGE_LOOP('',(#4525,#4526,#4527,#4528));
#1008=EDGE_LOOP('',(#4529,#4530,#4531,#4532));
#1009=EDGE_LOOP('',(#4533,#4534,#4535,#4536));
#1010=EDGE_LOOP('',(#4537,#4538,#4539,#4540,#4541,#4542,#4543,#4544,#4545,
#4546,#4547,#4548,#4549,#4550,#4551,#4552,#4553,#4554,#4555,#4556));
#1011=EDGE_LOOP('',(#4557,#4558,#4559,#4560));
#1012=EDGE_LOOP('',(#4561,#4562,#4563,#4564));
#1013=EDGE_LOOP('',(#4565,#4566,#4567,#4568));
#1014=EDGE_LOOP('',(#4569,#4570,#4571,#4572));
#1015=EDGE_LOOP('',(#4573,#4574,#4575,#4576));
#1016=EDGE_LOOP('',(#4577,#4578,#4579,#4580));
#1017=EDGE_LOOP('',(#4581,#4582,#4583));
#1018=EDGE_LOOP('',(#4584,#4585,#4586,#4587));
#1019=EDGE_LOOP('',(#4588,#4589,#4590,#4591));
#1020=EDGE_LOOP('',(#4592,#4593,#4594,#4595));
#1021=EDGE_LOOP('',(#4596,#4597,#4598,#4599));
#1022=EDGE_LOOP('',(#4600,#4601,#4602,#4603,#4604,#4605,#4606,#4607,#4608,
#4609));
#1023=EDGE_LOOP('',(#4610,#4611,#4612,#4613));
#1024=EDGE_LOOP('',(#4614,#4615,#4616,#4617));
#1025=EDGE_LOOP('',(#4618,#4619,#4620,#4621));
#1026=EDGE_LOOP('',(#4622,#4623,#4624,#4625,#4626));
#1027=EDGE_LOOP('',(#4627));
#1028=EDGE_LOOP('',(#4628,#4629,#4630,#4631,#4632));
#1029=EDGE_LOOP('',(#4633,#4634,#4635,#4636));
#1030=EDGE_LOOP('',(#4637,#4638,#4639,#4640));
#1031=EDGE_LOOP('',(#4641,#4642,#4643,#4644));
#1032=EDGE_LOOP('',(#4645,#4646,#4647,#4648));
#1033=EDGE_LOOP('',(#4649,#4650,#4651,#4652,#4653,#4654));
#1034=EDGE_LOOP('',(#4655,#4656,#4657,#4658,#4659,#4660));
#1035=EDGE_LOOP('',(#4661,#4662,#4663,#4664));
#1036=EDGE_LOOP('',(#4665,#4666,#4667,#4668,#4669));
#1037=EDGE_LOOP('',(#4670,#4671,#4672,#4673,#4674,#4675,#4676,#4677,#4678));
#1038=EDGE_LOOP('',(#4679));
#1039=EDGE_LOOP('',(#4680,#4681,#4682,#4683));
#1040=EDGE_LOOP('',(#4684,#4685,#4686,#4687));
#1041=EDGE_LOOP('',(#4688,#4689,#4690,#4691));
#1042=EDGE_LOOP('',(#4692,#4693,#4694,#4695));
#1043=EDGE_LOOP('',(#4696,#4697,#4698,#4699));
#1044=EDGE_LOOP('',(#4700,#4701,#4702,#4703,#4704,#4705));
#1045=EDGE_LOOP('',(#4706,#4707,#4708,#4709,#4710,#4711,#4712,#4713,#4714,
#4715,#4716));
#1046=EDGE_LOOP('',(#4717,#4718,#4719,#4720));
#1047=EDGE_LOOP('',(#4721,#4722,#4723,#4724));
#1048=EDGE_LOOP('',(#4725,#4726,#4727,#4728));
#1049=EDGE_LOOP('',(#4729,#4730,#4731,#4732));
#1050=EDGE_LOOP('',(#4733,#4734,#4735,#4736));
#1051=EDGE_LOOP('',(#4737,#4738,#4739,#4740));
#1052=EDGE_LOOP('',(#4741,#4742,#4743,#4744));
#1053=EDGE_LOOP('',(#4745,#4746,#4747,#4748));
#1054=EDGE_LOOP('',(#4749,#4750,#4751,#4752));
#1055=EDGE_LOOP('',(#4753));
#1056=EDGE_LOOP('',(#4754,#4755,#4756,#4757));
#1057=EDGE_LOOP('',(#4758,#4759,#4760,#4761));
#1058=EDGE_LOOP('',(#4762,#4763,#4764,#4765));
#1059=EDGE_LOOP('',(#4766));
#1060=EDGE_LOOP('',(#4767,#4768,#4769,#4770));
#1061=EDGE_LOOP('',(#4771,#4772,#4773,#4774));
#1062=EDGE_LOOP('',(#4775,#4776,#4777,#4778));
#1063=EDGE_LOOP('',(#4779,#4780,#4781,#4782));
#1064=EDGE_LOOP('',(#4783));
#1065=EDGE_LOOP('',(#4784,#4785,#4786,#4787));
#1066=EDGE_LOOP('',(#4788,#4789,#4790,#4791));
#1067=EDGE_LOOP('',(#4792,#4793,#4794,#4795));
#1068=EDGE_LOOP('',(#4796));
#1069=EDGE_LOOP('',(#4797,#4798,#4799,#4800));
#1070=EDGE_LOOP('',(#4801,#4802,#4803,#4804));
#1071=EDGE_LOOP('',(#4805,#4806,#4807,#4808));
#1072=EDGE_LOOP('',(#4809,#4810,#4811,#4812));
#1073=EDGE_LOOP('',(#4813,#4814,#4815,#4816));
#1074=EDGE_LOOP('',(#4817,#4818,#4819,#4820));
#1075=EDGE_LOOP('',(#4821,#4822,#4823,#4824));
#1076=EDGE_LOOP('',(#4825,#4826,#4827,#4828));
#1077=EDGE_LOOP('',(#4829,#4830,#4831,#4832));
#1078=EDGE_LOOP('',(#4833,#4834,#4835,#4836));
#1079=EDGE_LOOP('',(#4837,#4838,#4839,#4840));
#1080=EDGE_LOOP('',(#4841,#4842,#4843,#4844));
#1081=EDGE_LOOP('',(#4845,#4846,#4847,#4848));
#1082=EDGE_LOOP('',(#4849,#4850,#4851,#4852));
#1083=EDGE_LOOP('',(#4853,#4854,#4855,#4856));
#1084=EDGE_LOOP('',(#4857));
#1085=EDGE_LOOP('',(#4858));
#1086=EDGE_LOOP('',(#4859));
#1087=EDGE_LOOP('',(#4860));
#1088=EDGE_LOOP('',(#4861));
#1089=EDGE_LOOP('',(#4862));
#1090=EDGE_LOOP('',(#4863));
#1091=EDGE_LOOP('',(#4864));
#1092=EDGE_LOOP('',(#4865));
#1093=EDGE_LOOP('',(#4866,#4867,#4868,#4869));
#1094=EDGE_LOOP('',(#4870,#4871,#4872,#4873));
#1095=EDGE_LOOP('',(#4874));
#1096=EDGE_LOOP('',(#4875));
#1097=EDGE_LOOP('',(#4876));
#1098=EDGE_LOOP('',(#4877));
#1099=EDGE_LOOP('',(#4878));
#1100=EDGE_LOOP('',(#4879));
#1101=EDGE_LOOP('',(#4880));
#1102=EDGE_LOOP('',(#4881));
#1103=EDGE_LOOP('',(#4882));
#1104=EDGE_LOOP('',(#4883,#4884,#4885,#4886,#4887,#4888,#4889,#4890,#4891,
#4892,#4893,#4894));
#1105=EDGE_LOOP('',(#4895));
#1106=EDGE_LOOP('',(#4896));
#1107=EDGE_LOOP('',(#4897));
#1108=EDGE_LOOP('',(#4898));
#1109=EDGE_LOOP('',(#4899));
#1110=EDGE_LOOP('',(#4900));
#1111=EDGE_LOOP('',(#4901));
#1112=EDGE_LOOP('',(#4902));
#1113=EDGE_LOOP('',(#4903));
#1114=EDGE_LOOP('',(#4904,#4905,#4906,#4907,#4908,#4909,#4910,#4911,#4912,
#4913,#4914,#4915));
#1115=EDGE_LOOP('',(#4916));
#1116=EDGE_LOOP('',(#4917));
#1117=EDGE_LOOP('',(#4918));
#1118=EDGE_LOOP('',(#4919));
#1119=EDGE_LOOP('',(#4920));
#1120=EDGE_LOOP('',(#4921));
#1121=EDGE_LOOP('',(#4922));
#1122=EDGE_LOOP('',(#4923));
#1123=EDGE_LOOP('',(#4924));
#1124=EDGE_LOOP('',(#4925,#4926,#4927,#4928));
#1125=EDGE_LOOP('',(#4929));
#1126=EDGE_LOOP('',(#4930));
#1127=EDGE_LOOP('',(#4931,#4932,#4933,#4934));
#1128=EDGE_LOOP('',(#4935,#4936,#4937,#4938));
#1129=EDGE_LOOP('',(#4939));
#1130=EDGE_LOOP('',(#4940));
#1131=EDGE_LOOP('',(#4941,#4942,#4943,#4944));
#1132=EDGE_LOOP('',(#4945,#4946,#4947));
#1133=EDGE_LOOP('',(#4948,#4949,#4950,#4951));
#1134=EDGE_LOOP('',(#4952,#4953,#4954,#4955));
#1135=EDGE_LOOP('',(#4956,#4957,#4958,#4959,#4960,#4961,#4962,#4963,#4964));
#1136=EDGE_LOOP('',(#4965));
#1137=EDGE_LOOP('',(#4966,#4967,#4968,#4969));
#1138=EDGE_LOOP('',(#4970,#4971,#4972,#4973,#4974,#4975,#4976,#4977,#4978,
#4979));
#1139=EDGE_LOOP('',(#4980,#4981,#4982,#4983));
#1140=EDGE_LOOP('',(#4984,#4985,#4986,#4987));
#1141=EDGE_LOOP('',(#4988,#4989,#4990,#4991));
#1142=EDGE_LOOP('',(#4992,#4993,#4994,#4995,#4996));
#1143=EDGE_LOOP('',(#4997));
#1144=EDGE_LOOP('',(#4998,#4999,#5000,#5001,#5002));
#1145=EDGE_LOOP('',(#5003,#5004,#5005,#5006));
#1146=EDGE_LOOP('',(#5007,#5008,#5009,#5010));
#1147=EDGE_LOOP('',(#5011,#5012,#5013,#5014));
#1148=EDGE_LOOP('',(#5015,#5016,#5017,#5018));
#1149=EDGE_LOOP('',(#5019,#5020,#5021,#5022,#5023,#5024));
#1150=EDGE_LOOP('',(#5025,#5026,#5027,#5028,#5029,#5030));
#1151=EDGE_LOOP('',(#5031,#5032,#5033,#5034));
#1152=EDGE_LOOP('',(#5035,#5036,#5037,#5038,#5039));
#1153=EDGE_LOOP('',(#5040,#5041,#5042,#5043));
#1154=EDGE_LOOP('',(#5044,#5045,#5046,#5047));
#1155=EDGE_LOOP('',(#5048,#5049,#5050,#5051));
#1156=EDGE_LOOP('',(#5052,#5053,#5054,#5055));
#1157=EDGE_LOOP('',(#5056,#5057,#5058,#5059));
#1158=EDGE_LOOP('',(#5060,#5061,#5062,#5063));
#1159=EDGE_LOOP('',(#5064,#5065,#5066,#5067,#5068,#5069));
#1160=EDGE_LOOP('',(#5070,#5071,#5072,#5073,#5074,#5075,#5076,#5077,#5078,
#5079,#5080));
#1161=EDGE_LOOP('',(#5081,#5082,#5083,#5084));
#1162=EDGE_LOOP('',(#5085,#5086,#5087,#5088));
#1163=EDGE_LOOP('',(#5089,#5090,#5091,#5092));
#1164=EDGE_LOOP('',(#5093,#5094,#5095,#5096));
#1165=EDGE_LOOP('',(#5097,#5098,#5099,#5100));
#1166=EDGE_LOOP('',(#5101,#5102,#5103,#5104));
#1167=EDGE_LOOP('',(#5105,#5106,#5107,#5108));
#1168=EDGE_LOOP('',(#5109,#5110,#5111,#5112));
#1169=EDGE_LOOP('',(#5113,#5114,#5115,#5116));
#1170=EDGE_LOOP('',(#5117,#5118,#5119,#5120));
#1171=EDGE_LOOP('',(#5121,#5122,#5123,#5124));
#1172=EDGE_LOOP('',(#5125,#5126,#5127,#5128));
#1173=EDGE_LOOP('',(#5129,#5130,#5131,#5132));
#1174=EDGE_LOOP('',(#5133,#5134,#5135,#5136));
#1175=EDGE_LOOP('',(#5137,#5138,#5139,#5140));
#1176=EDGE_LOOP('',(#5141,#5142,#5143,#5144));
#1177=EDGE_LOOP('',(#5145,#5146,#5147,#5148));
#1178=EDGE_LOOP('',(#5149));
#1179=EDGE_LOOP('',(#5150));
#1180=EDGE_LOOP('',(#5151));
#1181=EDGE_LOOP('',(#5152));
#1182=EDGE_LOOP('',(#5153,#5154,#5155,#5156));
#1183=EDGE_LOOP('',(#5157));
#1184=EDGE_LOOP('',(#5158));
#1185=EDGE_LOOP('',(#5159));
#1186=EDGE_LOOP('',(#5160));
#1187=EDGE_LOOP('',(#5161,#5162,#5163,#5164));
#1188=EDGE_LOOP('',(#5165));
#1189=EDGE_LOOP('',(#5166));
#1190=EDGE_LOOP('',(#5167));
#1191=EDGE_LOOP('',(#5168));
#1192=EDGE_LOOP('',(#5169,#5170,#5171,#5172));
#1193=EDGE_LOOP('',(#5173));
#1194=EDGE_LOOP('',(#5174));
#1195=EDGE_LOOP('',(#5175));
#1196=EDGE_LOOP('',(#5176));
#1197=EDGE_LOOP('',(#5177,#5178,#5179,#5180));
#1198=EDGE_LOOP('',(#5181));
#1199=EDGE_LOOP('',(#5182));
#1200=EDGE_LOOP('',(#5183));
#1201=EDGE_LOOP('',(#5184));
#1202=EDGE_LOOP('',(#5185,#5186,#5187,#5188));
#1203=EDGE_LOOP('',(#5189));
#1204=EDGE_LOOP('',(#5190));
#1205=EDGE_LOOP('',(#5191));
#1206=EDGE_LOOP('',(#5192));
#1207=EDGE_LOOP('',(#5193,#5194,#5195,#5196));
#1208=EDGE_LOOP('',(#5197));
#1209=EDGE_LOOP('',(#5198));
#1210=EDGE_LOOP('',(#5199));
#1211=EDGE_LOOP('',(#5200));
#1212=EDGE_LOOP('',(#5201,#5202,#5203,#5204));
#1213=EDGE_LOOP('',(#5205));
#1214=EDGE_LOOP('',(#5206));
#1215=EDGE_LOOP('',(#5207));
#1216=EDGE_LOOP('',(#5208));
#1217=EDGE_LOOP('',(#5209,#5210,#5211,#5212));
#1218=EDGE_LOOP('',(#5213,#5214,#5215,#5216));
#1219=EDGE_LOOP('',(#5217,#5218,#5219,#5220));
#1220=EDGE_LOOP('',(#5221,#5222,#5223,#5224));
#1221=EDGE_LOOP('',(#5225,#5226,#5227,#5228));
#1222=EDGE_LOOP('',(#5229,#5230,#5231,#5232));
#1223=EDGE_LOOP('',(#5233,#5234,#5235,#5236));
#1224=EDGE_LOOP('',(#5237));
#1225=EDGE_LOOP('',(#5238,#5239,#5240,#5241));
#1226=EDGE_LOOP('',(#5242,#5243,#5244,#5245));
#1227=EDGE_LOOP('',(#5246,#5247,#5248,#5249));
#1228=EDGE_LOOP('',(#5250));
#1229=EDGE_LOOP('',(#5251,#5252,#5253,#5254));
#1230=EDGE_LOOP('',(#5255,#5256,#5257,#5258));
#1231=EDGE_LOOP('',(#5259,#5260,#5261,#5262));
#1232=EDGE_LOOP('',(#5263,#5264,#5265,#5266));
#1233=EDGE_LOOP('',(#5267));
#1234=EDGE_LOOP('',(#5268,#5269,#5270,#5271));
#1235=EDGE_LOOP('',(#5272,#5273,#5274,#5275));
#1236=EDGE_LOOP('',(#5276,#5277,#5278,#5279));
#1237=EDGE_LOOP('',(#5280));
#1238=EDGE_LOOP('',(#5281,#5282,#5283,#5284));
#1239=EDGE_LOOP('',(#5285,#5286,#5287,#5288));
#1240=EDGE_LOOP('',(#5289,#5290,#5291,#5292));
#1241=EDGE_LOOP('',(#5293,#5294,#5295,#5296));
#1242=EDGE_LOOP('',(#5297,#5298,#5299,#5300));
#1243=EDGE_LOOP('',(#5301,#5302,#5303,#5304,#5305,#5306,#5307,#5308,#5309,
#5310,#5311,#5312));
#1244=EDGE_LOOP('',(#5313,#5314,#5315,#5316,#5317,#5318,#5319,#5320,#5321,
#5322,#5323,#5324));
#1245=EDGE_LOOP('',(#5325,#5326,#5327,#5328));
#1246=EDGE_LOOP('',(#5329));
#1247=EDGE_LOOP('',(#5330));
#1248=EDGE_LOOP('',(#5331,#5332,#5333,#5334));
#1249=EDGE_LOOP('',(#5335,#5336,#5337,#5338));
#1250=EDGE_LOOP('',(#5339));
#1251=EDGE_LOOP('',(#5340));
#1252=EDGE_LOOP('',(#5341,#5342,#5343,#5344));
#1253=EDGE_LOOP('',(#5345,#5346,#5347,#5348));
#1254=EDGE_LOOP('',(#5349,#5350,#5351,#5352));
#1255=EDGE_LOOP('',(#5353,#5354,#5355,#5356));
#1256=EDGE_LOOP('',(#5357));
#1257=EDGE_LOOP('',(#5358,#5359,#5360,#5361));
#1258=EDGE_LOOP('',(#5362,#5363,#5364,#5365));
#1259=EDGE_LOOP('',(#5366,#5367,#5368,#5369));
#1260=EDGE_LOOP('',(#5370));
#1261=EDGE_LOOP('',(#5371,#5372,#5373,#5374));
#1262=EDGE_LOOP('',(#5375,#5376,#5377,#5378));
#1263=EDGE_LOOP('',(#5379,#5380,#5381,#5382));
#1264=EDGE_LOOP('',(#5383,#5384,#5385,#5386));
#1265=EDGE_LOOP('',(#5387));
#1266=EDGE_LOOP('',(#5388,#5389,#5390,#5391));
#1267=EDGE_LOOP('',(#5392,#5393,#5394,#5395));
#1268=EDGE_LOOP('',(#5396,#5397,#5398,#5399));
#1269=EDGE_LOOP('',(#5400));
#1270=EDGE_LOOP('',(#5401,#5402,#5403,#5404));
#1271=EDGE_LOOP('',(#5405,#5406,#5407,#5408));
#1272=EDGE_LOOP('',(#5409,#5410,#5411,#5412));
#1273=EDGE_LOOP('',(#5413,#5414,#5415,#5416));
#1274=EDGE_LOOP('',(#5417,#5418,#5419,#5420));
#1275=EDGE_LOOP('',(#5421,#5422,#5423,#5424,#5425,#5426,#5427,#5428,#5429,
#5430,#5431,#5432));
#1276=EDGE_LOOP('',(#5433,#5434,#5435,#5436,#5437,#5438,#5439,#5440,#5441,
#5442,#5443,#5444));
#1277=EDGE_LOOP('',(#5445,#5446,#5447,#5448));
#1278=EDGE_LOOP('',(#5449));
#1279=EDGE_LOOP('',(#5450));
#1280=EDGE_LOOP('',(#5451,#5452,#5453,#5454));
#1281=EDGE_LOOP('',(#5455,#5456,#5457,#5458));
#1282=EDGE_LOOP('',(#5459));
#1283=EDGE_LOOP('',(#5460));
#1284=EDGE_LOOP('',(#5461,#5462,#5463,#5464));
#1285=EDGE_LOOP('',(#5465,#5466,#5467,#5468,#5469,#5470,#5471,#5472,#5473,
#5474,#5475,#5476,#5477,#5478,#5479,#5480,#5481,#5482,#5483,#5484,#5485,
#5486,#5487,#5488,#5489,#5490,#5491,#5492,#5493,#5494,#5495,#5496,#5497,
#5498,#5499,#5500,#5501,#5502,#5503,#5504,#5505,#5506,#5507,#5508,#5509,
#5510,#5511,#5512,#5513,#5514,#5515,#5516,#5517,#5518,#5519,#5520,#5521,
#5522,#5523,#5524,#5525,#5526,#5527,#5528,#5529,#5530,#5531,#5532,#5533,
#5534,#5535,#5536,#5537,#5538,#5539,#5540));
#1286=EDGE_LOOP('',(#5541));
#1287=EDGE_LOOP('',(#5542,#5543,#5544,#5545,#5546,#5547,#5548,#5549,#5550,
#5551,#5552,#5553,#5554,#5555,#5556,#5557,#5558,#5559,#5560,#5561,#5562,
#5563,#5564,#5565,#5566,#5567,#5568,#5569,#5570,#5571,#5572,#5573,#5574,
#5575,#5576,#5577,#5578,#5579,#5580,#5581,#5582,#5583,#5584,#5585,#5586,
#5587,#5588,#5589,#5590,#5591,#5592,#5593,#5594,#5595,#5596,#5597,#5598,
#5599,#5600,#5601,#5602,#5603,#5604,#5605,#5606,#5607,#5608,#5609,#5610,
#5611,#5612,#5613,#5614,#5615,#5616,#5617));
#1288=EDGE_LOOP('',(#5618));
#1289=EDGE_LOOP('',(#5619,#5620,#5621,#5622));
#1290=EDGE_LOOP('',(#5623,#5624,#5625,#5626));
#1291=EDGE_LOOP('',(#5627,#5628,#5629,#5630));
#1292=EDGE_LOOP('',(#5631,#5632,#5633,#5634));
#1293=EDGE_LOOP('',(#5635,#5636,#5637,#5638));
#1294=EDGE_LOOP('',(#5639,#5640,#5641,#5642));
#1295=EDGE_LOOP('',(#5643,#5644,#5645,#5646));
#1296=EDGE_LOOP('',(#5647,#5648,#5649,#5650));
#1297=EDGE_LOOP('',(#5651,#5652,#5653,#5654));
#1298=EDGE_LOOP('',(#5655,#5656,#5657,#5658));
#1299=EDGE_LOOP('',(#5659,#5660,#5661,#5662));
#1300=EDGE_LOOP('',(#5663,#5664,#5665,#5666));
#1301=EDGE_LOOP('',(#5667,#5668,#5669,#5670));
#1302=EDGE_LOOP('',(#5671,#5672,#5673,#5674));
#1303=EDGE_LOOP('',(#5675,#5676,#5677,#5678));
#1304=EDGE_LOOP('',(#5679,#5680,#5681,#5682));
#1305=EDGE_LOOP('',(#5683,#5684,#5685,#5686));
#1306=EDGE_LOOP('',(#5687,#5688,#5689,#5690));
#1307=EDGE_LOOP('',(#5691,#5692,#5693,#5694));
#1308=EDGE_LOOP('',(#5695,#5696,#5697,#5698));
#1309=EDGE_LOOP('',(#5699,#5700,#5701,#5702));
#1310=EDGE_LOOP('',(#5703,#5704,#5705,#5706));
#1311=EDGE_LOOP('',(#5707,#5708,#5709,#5710));
#1312=EDGE_LOOP('',(#5711,#5712,#5713,#5714));
#1313=EDGE_LOOP('',(#5715,#5716,#5717,#5718));
#1314=EDGE_LOOP('',(#5719,#5720,#5721,#5722));
#1315=EDGE_LOOP('',(#5723,#5724,#5725,#5726));
#1316=EDGE_LOOP('',(#5727,#5728,#5729,#5730));
#1317=EDGE_LOOP('',(#5731,#5732,#5733,#5734));
#1318=EDGE_LOOP('',(#5735,#5736,#5737,#5738));
#1319=EDGE_LOOP('',(#5739,#5740,#5741,#5742));
#1320=EDGE_LOOP('',(#5743,#5744,#5745,#5746));
#1321=EDGE_LOOP('',(#5747,#5748,#5749,#5750));
#1322=EDGE_LOOP('',(#5751,#5752,#5753,#5754));
#1323=EDGE_LOOP('',(#5755,#5756,#5757,#5758));
#1324=EDGE_LOOP('',(#5759,#5760,#5761,#5762));
#1325=EDGE_LOOP('',(#5763,#5764,#5765,#5766));
#1326=EDGE_LOOP('',(#5767,#5768,#5769,#5770));
#1327=EDGE_LOOP('',(#5771,#5772,#5773,#5774));
#1328=EDGE_LOOP('',(#5775,#5776,#5777,#5778));
#1329=EDGE_LOOP('',(#5779,#5780,#5781,#5782));
#1330=EDGE_LOOP('',(#5783,#5784,#5785,#5786));
#1331=EDGE_LOOP('',(#5787,#5788,#5789,#5790));
#1332=EDGE_LOOP('',(#5791,#5792,#5793,#5794));
#1333=EDGE_LOOP('',(#5795,#5796,#5797,#5798));
#1334=EDGE_LOOP('',(#5799,#5800,#5801,#5802));
#1335=EDGE_LOOP('',(#5803,#5804,#5805,#5806));
#1336=EDGE_LOOP('',(#5807,#5808,#5809,#5810));
#1337=EDGE_LOOP('',(#5811,#5812,#5813,#5814));
#1338=EDGE_LOOP('',(#5815,#5816,#5817,#5818));
#1339=EDGE_LOOP('',(#5819,#5820,#5821,#5822));
#1340=EDGE_LOOP('',(#5823,#5824,#5825,#5826));
#1341=EDGE_LOOP('',(#5827,#5828,#5829,#5830));
#1342=EDGE_LOOP('',(#5831,#5832,#5833,#5834));
#1343=EDGE_LOOP('',(#5835,#5836,#5837,#5838));
#1344=EDGE_LOOP('',(#5839,#5840,#5841,#5842));
#1345=EDGE_LOOP('',(#5843,#5844,#5845,#5846));
#1346=EDGE_LOOP('',(#5847,#5848,#5849,#5850));
#1347=EDGE_LOOP('',(#5851,#5852,#5853,#5854));
#1348=EDGE_LOOP('',(#5855,#5856,#5857,#5858));
#1349=EDGE_LOOP('',(#5859,#5860,#5861,#5862));
#1350=EDGE_LOOP('',(#5863,#5864,#5865,#5866));
#1351=EDGE_LOOP('',(#5867,#5868,#5869,#5870));
#1352=EDGE_LOOP('',(#5871,#5872,#5873,#5874));
#1353=EDGE_LOOP('',(#5875,#5876,#5877,#5878));
#1354=EDGE_LOOP('',(#5879,#5880,#5881,#5882));
#1355=EDGE_LOOP('',(#5883,#5884,#5885,#5886));
#1356=EDGE_LOOP('',(#5887,#5888,#5889,#5890));
#1357=EDGE_LOOP('',(#5891,#5892,#5893,#5894));
#1358=EDGE_LOOP('',(#5895,#5896,#5897,#5898));
#1359=EDGE_LOOP('',(#5899,#5900,#5901,#5902));
#1360=EDGE_LOOP('',(#5903,#5904,#5905,#5906));
#1361=EDGE_LOOP('',(#5907,#5908,#5909,#5910));
#1362=EDGE_LOOP('',(#5911,#5912,#5913,#5914));
#1363=EDGE_LOOP('',(#5915,#5916,#5917,#5918));
#1364=EDGE_LOOP('',(#5919,#5920,#5921,#5922));
#1365=EDGE_LOOP('',(#5923,#5924,#5925,#5926));
#1366=LINE('',#9019,#2063);
#1367=LINE('',#9021,#2064);
#1368=LINE('',#9023,#2065);
#1369=LINE('',#9024,#2066);
#1370=LINE('',#9027,#2067);
#1371=LINE('',#9029,#2068);
#1372=LINE('',#9030,#2069);
#1373=LINE('',#9033,#2070);
#1374=LINE('',#9035,#2071);
#1375=LINE('',#9036,#2072);
#1376=LINE('',#9040,#2073);
#1377=LINE('',#9042,#2074);
#1378=LINE('',#9044,#2075);
#1379=LINE('',#9045,#2076);
#1380=LINE('',#9048,#2077);
#1381=LINE('',#9050,#2078);
#1382=LINE('',#9051,#2079);
#1383=LINE('',#9054,#2080);
#1384=LINE('',#9056,#2081);
#1385=LINE('',#9057,#2082);
#1386=LINE('',#9061,#2083);
#1387=LINE('',#9063,#2084);
#1388=LINE('',#9065,#2085);
#1389=LINE('',#9066,#2086);
#1390=LINE('',#9069,#2087);
#1391=LINE('',#9071,#2088);
#1392=LINE('',#9072,#2089);
#1393=LINE('',#9075,#2090);
#1394=LINE('',#9077,#2091);
#1395=LINE('',#9078,#2092);
#1396=LINE('',#9082,#2093);
#1397=LINE('',#9084,#2094);
#1398=LINE('',#9086,#2095);
#1399=LINE('',#9087,#2096);
#1400=LINE('',#9090,#2097);
#1401=LINE('',#9092,#2098);
#1402=LINE('',#9093,#2099);
#1403=LINE('',#9096,#2100);
#1404=LINE('',#9098,#2101);
#1405=LINE('',#9099,#2102);
#1406=LINE('',#9103,#2103);
#1407=LINE('',#9105,#2104);
#1408=LINE('',#9107,#2105);
#1409=LINE('',#9108,#2106);
#1410=LINE('',#9111,#2107);
#1411=LINE('',#9113,#2108);
#1412=LINE('',#9114,#2109);
#1413=LINE('',#9117,#2110);
#1414=LINE('',#9119,#2111);
#1415=LINE('',#9120,#2112);
#1416=LINE('',#9124,#2113);
#1417=LINE('',#9126,#2114);
#1418=LINE('',#9128,#2115);
#1419=LINE('',#9129,#2116);
#1420=LINE('',#9132,#2117);
#1421=LINE('',#9134,#2118);
#1422=LINE('',#9135,#2119);
#1423=LINE('',#9138,#2120);
#1424=LINE('',#9140,#2121);
#1425=LINE('',#9141,#2122);
#1426=LINE('',#9145,#2123);
#1427=LINE('',#9147,#2124);
#1428=LINE('',#9149,#2125);
#1429=LINE('',#9150,#2126);
#1430=LINE('',#9153,#2127);
#1431=LINE('',#9155,#2128);
#1432=LINE('',#9156,#2129);
#1433=LINE('',#9159,#2130);
#1434=LINE('',#9161,#2131);
#1435=LINE('',#9162,#2132);
#1436=LINE('',#9166,#2133);
#1437=LINE('',#9168,#2134);
#1438=LINE('',#9170,#2135);
#1439=LINE('',#9171,#2136);
#1440=LINE('',#9174,#2137);
#1441=LINE('',#9176,#2138);
#1442=LINE('',#9177,#2139);
#1443=LINE('',#9180,#2140);
#1444=LINE('',#9182,#2141);
#1445=LINE('',#9183,#2142);
#1446=LINE('',#9187,#2143);
#1447=LINE('',#9189,#2144);
#1448=LINE('',#9191,#2145);
#1449=LINE('',#9192,#2146);
#1450=LINE('',#9195,#2147);
#1451=LINE('',#9197,#2148);
#1452=LINE('',#9198,#2149);
#1453=LINE('',#9201,#2150);
#1454=LINE('',#9203,#2151);
#1455=LINE('',#9204,#2152);
#1456=LINE('',#9206,#2153);
#1457=LINE('',#9207,#2154);
#1458=LINE('',#9209,#2155);
#1459=LINE('',#9211,#2156);
#1460=LINE('',#9213,#2157);
#1461=LINE('',#9215,#2158);
#1462=LINE('',#9216,#2159);
#1463=LINE('',#9217,#2160);
#1464=LINE('',#9218,#2161);
#1465=LINE('',#9219,#2162);
#1466=LINE('',#9220,#2163);
#1467=LINE('',#9221,#2164);
#1468=LINE('',#9222,#2165);
#1469=LINE('',#9225,#2166);
#1470=LINE('',#9226,#2167);
#1471=LINE('',#9229,#2168);
#1472=LINE('',#9230,#2169);
#1473=LINE('',#9232,#2170);
#1474=LINE('',#9234,#2171);
#1475=LINE('',#9236,#2172);
#1476=LINE('',#9238,#2173);
#1477=LINE('',#9240,#2174);
#1478=LINE('',#9242,#2175);
#1479=LINE('',#9244,#2176);
#1480=LINE('',#9246,#2177);
#1481=LINE('',#9249,#2178);
#1482=LINE('',#9250,#2179);
#1483=LINE('',#9253,#2180);
#1484=LINE('',#9254,#2181);
#1485=LINE('',#9256,#2182);
#1486=LINE('',#9262,#2183);
#1487=LINE('',#9264,#2184);
#1488=LINE('',#9266,#2185);
#1489=LINE('',#9267,#2186);
#1490=LINE('',#9271,#2187);
#1491=LINE('',#9273,#2188);
#1492=LINE('',#9275,#2189);
#1493=LINE('',#9276,#2190);
#1494=LINE('',#9278,#2191);
#1495=LINE('',#9279,#2192);
#1496=LINE('',#9283,#2193);
#1497=LINE('',#9285,#2194);
#1498=LINE('',#9287,#2195);
#1499=LINE('',#9288,#2196);
#1500=LINE('',#9292,#2197);
#1501=LINE('',#9294,#2198);
#1502=LINE('',#9296,#2199);
#1503=LINE('',#9297,#2200);
#1504=LINE('',#9299,#2201);
#1505=LINE('',#9300,#2202);
#1506=LINE('',#9304,#2203);
#1507=LINE('',#9306,#2204);
#1508=LINE('',#9308,#2205);
#1509=LINE('',#9309,#2206);
#1510=LINE('',#9313,#2207);
#1511=LINE('',#9315,#2208);
#1512=LINE('',#9317,#2209);
#1513=LINE('',#9318,#2210);
#1514=LINE('',#9320,#2211);
#1515=LINE('',#9321,#2212);
#1516=LINE('',#9325,#2213);
#1517=LINE('',#9327,#2214);
#1518=LINE('',#9329,#2215);
#1519=LINE('',#9330,#2216);
#1520=LINE('',#9334,#2217);
#1521=LINE('',#9336,#2218);
#1522=LINE('',#9338,#2219);
#1523=LINE('',#9339,#2220);
#1524=LINE('',#9341,#2221);
#1525=LINE('',#9342,#2222);
#1526=LINE('',#9345,#2223);
#1527=LINE('',#9347,#2224);
#1528=LINE('',#9348,#2225);
#1529=LINE('',#9351,#2226);
#1530=LINE('',#9353,#2227);
#1531=LINE('',#9354,#2228);
#1532=LINE('',#9356,#2229);
#1533=LINE('',#9357,#2230);
#1534=LINE('',#9359,#2231);
#1535=LINE('',#9360,#2232);
#1536=LINE('',#9362,#2233);
#1537=LINE('',#9363,#2234);
#1538=LINE('',#9366,#2235);
#1539=LINE('',#9368,#2236);
#1540=LINE('',#9369,#2237);
#1541=LINE('',#9372,#2238);
#1542=LINE('',#9373,#2239);
#1543=LINE('',#9376,#2240);
#1544=LINE('',#9377,#2241);
#1545=LINE('',#9379,#2242);
#1546=LINE('',#9385,#2243);
#1547=LINE('',#9387,#2244);
#1548=LINE('',#9389,#2245);
#1549=LINE('',#9390,#2246);
#1550=LINE('',#9393,#2247);
#1551=LINE('',#9395,#2248);
#1552=LINE('',#9396,#2249);
#1553=LINE('',#9399,#2250);
#1554=LINE('',#9401,#2251);
#1555=LINE('',#9402,#2252);
#1556=LINE('',#9404,#2253);
#1557=LINE('',#9405,#2254);
#1558=LINE('',#9479,#2255);
#1559=LINE('',#9480,#2256);
#1560=LINE('',#9483,#2257);
#1561=LINE('',#9486,#2258);
#1562=LINE('',#9489,#2259);
#1563=LINE('',#9490,#2260);
#1564=LINE('',#9496,#2261);
#1565=LINE('',#9499,#2262);
#1566=LINE('',#9502,#2263);
#1567=LINE('',#9506,#2264);
#1568=LINE('',#9508,#2265);
#1569=LINE('',#9510,#2266);
#1570=LINE('',#9512,#2267);
#1571=LINE('',#9516,#2268);
#1572=LINE('',#9517,#2269);
#1573=LINE('',#9520,#2270);
#1574=LINE('',#9521,#2271);
#1575=LINE('',#9525,#2272);
#1576=LINE('',#9531,#2273);
#1577=LINE('',#9534,#2274);
#1578=LINE('',#9537,#2275);
#1579=LINE('',#9538,#2276);
#1580=LINE('',#9540,#2277);
#1581=LINE('',#9541,#2278);
#1582=LINE('',#9546,#2279);
#1583=LINE('',#9548,#2280);
#1584=LINE('',#9549,#2281);
#1585=LINE('',#9553,#2282);
#1586=LINE('',#9556,#2283);
#1587=LINE('',#9559,#2284);
#1588=LINE('',#9562,#2285);
#1589=LINE('',#9565,#2286);
#1590=LINE('',#9567,#2287);
#1591=LINE('',#9568,#2288);
#1592=LINE('',#9571,#2289);
#1593=LINE('',#9573,#2290);
#1594=LINE('',#9574,#2291);
#1595=LINE('',#9577,#2292);
#1596=LINE('',#9579,#2293);
#1597=LINE('',#9580,#2294);
#1598=LINE('',#9583,#2295);
#1599=LINE('',#9584,#2296);
#1600=LINE('',#9586,#2297);
#1601=LINE('',#9588,#2298);
#1602=LINE('',#9589,#2299);
#1603=LINE('',#9594,#2300);
#1604=LINE('',#9595,#2301);
#1605=LINE('',#9597,#2302);
#1606=LINE('',#9599,#2303);
#1607=LINE('',#9602,#2304);
#1608=LINE('',#9604,#2305);
#1609=LINE('',#9611,#2306);
#1610=LINE('',#9617,#2307);
#1611=LINE('',#9623,#2308);
#1612=LINE('',#9629,#2309);
#1613=LINE('',#9635,#2310);
#1614=LINE('',#9641,#2311);
#1615=LINE('',#9647,#2312);
#1616=LINE('',#9652,#2313);
#1617=LINE('',#9654,#2314);
#1618=LINE('',#9656,#2315);
#1619=LINE('',#9657,#2316);
#1620=LINE('',#9660,#2317);
#1621=LINE('',#9662,#2318);
#1622=LINE('',#9663,#2319);
#1623=LINE('',#9668,#2320);
#1624=LINE('',#9673,#2321);
#1625=LINE('',#9675,#2322);
#1626=LINE('',#9677,#2323);
#1627=LINE('',#9678,#2324);
#1628=LINE('',#9681,#2325);
#1629=LINE('',#9683,#2326);
#1630=LINE('',#9684,#2327);
#1631=LINE('',#9687,#2328);
#1632=LINE('',#9689,#2329);
#1633=LINE('',#9690,#2330);
#1634=LINE('',#9695,#2331);
#1635=LINE('',#9700,#2332);
#1636=LINE('',#9702,#2333);
#1637=LINE('',#9704,#2334);
#1638=LINE('',#9705,#2335);
#1639=LINE('',#9708,#2336);
#1640=LINE('',#9710,#2337);
#1641=LINE('',#9711,#2338);
#1642=LINE('',#9716,#2339);
#1643=LINE('',#9721,#2340);
#1644=LINE('',#9723,#2341);
#1645=LINE('',#9725,#2342);
#1646=LINE('',#9726,#2343);
#1647=LINE('',#9728,#2344);
#1648=LINE('',#9729,#2345);
#1649=LINE('',#9731,#2346);
#1650=LINE('',#9732,#2347);
#1651=LINE('',#9737,#2348);
#1652=LINE('',#9743,#2349);
#1653=LINE('',#9749,#2350);
#1654=LINE('',#9755,#2351);
#1655=LINE('',#9761,#2352);
#1656=LINE('',#9767,#2353);
#1657=LINE('',#9773,#2354);
#1658=LINE('',#9779,#2355);
#1659=LINE('',#9785,#2356);
#1660=LINE('',#9791,#2357);
#1661=LINE('',#9797,#2358);
#1662=LINE('',#9803,#2359);
#1663=LINE('',#9808,#2360);
#1664=LINE('',#9810,#2361);
#1665=LINE('',#9812,#2362);
#1666=LINE('',#9813,#2363);
#1667=LINE('',#9816,#2364);
#1668=LINE('',#9818,#2365);
#1669=LINE('',#9819,#2366);
#1670=LINE('',#9822,#2367);
#1671=LINE('',#9824,#2368);
#1672=LINE('',#9825,#2369);
#1673=LINE('',#9827,#2370);
#1674=LINE('',#9828,#2371);
#1675=LINE('',#9830,#2372);
#1676=LINE('',#9831,#2373);
#1677=LINE('',#9833,#2374);
#1678=LINE('',#9834,#2375);
#1679=LINE('',#9888,#2376);
#1680=LINE('',#9889,#2377);
#1681=LINE('',#9892,#2378);
#1682=LINE('',#9895,#2379);
#1683=LINE('',#9898,#2380);
#1684=LINE('',#9902,#2381);
#1685=LINE('',#9904,#2382);
#1686=LINE('',#9906,#2383);
#1687=LINE('',#9908,#2384);
#1688=LINE('',#9909,#2385);
#1689=LINE('',#9917,#2386);
#1690=LINE('',#9920,#2387);
#1691=LINE('',#9923,#2388);
#1692=LINE('',#9924,#2389);
#1693=LINE('',#9926,#2390);
#1694=LINE('',#9928,#2391);
#1695=LINE('',#9930,#2392);
#1696=LINE('',#9933,#2393);
#1697=LINE('',#9936,#2394);
#1698=LINE('',#9937,#2395);
#1699=LINE('',#9940,#2396);
#1700=LINE('',#9947,#2397);
#1701=LINE('',#9950,#2398);
#1702=LINE('',#9953,#2399);
#1703=LINE('',#9954,#2400);
#1704=LINE('',#9956,#2401);
#1705=LINE('',#9957,#2402);
#1706=LINE('',#9961,#2403);
#1707=LINE('',#9962,#2404);
#1708=LINE('',#9965,#2405);
#1709=LINE('',#9968,#2406);
#1710=LINE('',#9971,#2407);
#1711=LINE('',#9973,#2408);
#1712=LINE('',#9977,#2409);
#1713=LINE('',#9979,#2410);
#1714=LINE('',#9982,#2411);
#1715=LINE('',#9983,#2412);
#1716=LINE('',#9986,#2413);
#1717=LINE('',#9988,#2414);
#1718=LINE('',#9989,#2415);
#1719=LINE('',#9992,#2416);
#1720=LINE('',#9994,#2417);
#1721=LINE('',#9995,#2418);
#1722=LINE('',#9997,#2419);
#1723=LINE('',#9999,#2420);
#1724=LINE('',#10003,#2421);
#1725=LINE('',#10004,#2422);
#1726=LINE('',#10006,#2423);
#1727=LINE('',#10008,#2424);
#1728=LINE('',#10011,#2425);
#1729=LINE('',#10013,#2426);
#1730=LINE('',#10020,#2427);
#1731=LINE('',#10026,#2428);
#1732=LINE('',#10032,#2429);
#1733=LINE('',#10038,#2430);
#1734=LINE('',#10044,#2431);
#1735=LINE('',#10050,#2432);
#1736=LINE('',#10056,#2433);
#1737=LINE('',#10062,#2434);
#1738=LINE('',#10068,#2435);
#1739=LINE('',#10074,#2436);
#1740=LINE('',#10080,#2437);
#1741=LINE('',#10086,#2438);
#1742=LINE('',#10092,#2439);
#1743=LINE('',#10098,#2440);
#1744=LINE('',#10104,#2441);
#1745=LINE('',#10110,#2442);
#1746=LINE('',#10115,#2443);
#1747=LINE('',#10117,#2444);
#1748=LINE('',#10119,#2445);
#1749=LINE('',#10120,#2446);
#1750=LINE('',#10123,#2447);
#1751=LINE('',#10125,#2448);
#1752=LINE('',#10126,#2449);
#1753=LINE('',#10129,#2450);
#1754=LINE('',#10131,#2451);
#1755=LINE('',#10132,#2452);
#1756=LINE('',#10134,#2453);
#1757=LINE('',#10135,#2454);
#1758=LINE('',#10139,#2455);
#1759=LINE('',#10141,#2456);
#1760=LINE('',#10143,#2457);
#1761=LINE('',#10144,#2458);
#1762=LINE('',#10147,#2459);
#1763=LINE('',#10149,#2460);
#1764=LINE('',#10150,#2461);
#1765=LINE('',#10153,#2462);
#1766=LINE('',#10155,#2463);
#1767=LINE('',#10156,#2464);
#1768=LINE('',#10158,#2465);
#1769=LINE('',#10159,#2466);
#1770=LINE('',#10167,#2467);
#1771=LINE('',#10172,#2468);
#1772=LINE('',#10174,#2469);
#1773=LINE('',#10176,#2470);
#1774=LINE('',#10177,#2471);
#1775=LINE('',#10180,#2472);
#1776=LINE('',#10182,#2473);
#1777=LINE('',#10183,#2474);
#1778=LINE('',#10188,#2475);
#1779=LINE('',#10193,#2476);
#1780=LINE('',#10195,#2477);
#1781=LINE('',#10197,#2478);
#1782=LINE('',#10198,#2479);
#1783=LINE('',#10201,#2480);
#1784=LINE('',#10203,#2481);
#1785=LINE('',#10204,#2482);
#1786=LINE('',#10207,#2483);
#1787=LINE('',#10209,#2484);
#1788=LINE('',#10210,#2485);
#1789=LINE('',#10215,#2486);
#1790=LINE('',#10220,#2487);
#1791=LINE('',#10222,#2488);
#1792=LINE('',#10224,#2489);
#1793=LINE('',#10225,#2490);
#1794=LINE('',#10228,#2491);
#1795=LINE('',#10230,#2492);
#1796=LINE('',#10231,#2493);
#1797=LINE('',#10236,#2494);
#1798=LINE('',#10241,#2495);
#1799=LINE('',#10243,#2496);
#1800=LINE('',#10245,#2497);
#1801=LINE('',#10246,#2498);
#1802=LINE('',#10248,#2499);
#1803=LINE('',#10249,#2500);
#1804=LINE('',#10251,#2501);
#1805=LINE('',#10252,#2502);
#1806=LINE('',#10256,#2503);
#1807=LINE('',#10258,#2504);
#1808=LINE('',#10260,#2505);
#1809=LINE('',#10261,#2506);
#1810=LINE('',#10264,#2507);
#1811=LINE('',#10266,#2508);
#1812=LINE('',#10267,#2509);
#1813=LINE('',#10270,#2510);
#1814=LINE('',#10272,#2511);
#1815=LINE('',#10273,#2512);
#1816=LINE('',#10275,#2513);
#1817=LINE('',#10276,#2514);
#1818=LINE('',#10278,#2515);
#1819=LINE('',#10279,#2516);
#1820=LINE('',#10281,#2517);
#1821=LINE('',#10282,#2518);
#1822=LINE('',#10290,#2519);
#1823=LINE('',#10295,#2520);
#1824=LINE('',#10297,#2521);
#1825=LINE('',#10299,#2522);
#1826=LINE('',#10300,#2523);
#1827=LINE('',#10303,#2524);
#1828=LINE('',#10305,#2525);
#1829=LINE('',#10306,#2526);
#1830=LINE('',#10311,#2527);
#1831=LINE('',#10316,#2528);
#1832=LINE('',#10318,#2529);
#1833=LINE('',#10320,#2530);
#1834=LINE('',#10321,#2531);
#1835=LINE('',#10324,#2532);
#1836=LINE('',#10326,#2533);
#1837=LINE('',#10327,#2534);
#1838=LINE('',#10330,#2535);
#1839=LINE('',#10332,#2536);
#1840=LINE('',#10333,#2537);
#1841=LINE('',#10338,#2538);
#1842=LINE('',#10343,#2539);
#1843=LINE('',#10345,#2540);
#1844=LINE('',#10347,#2541);
#1845=LINE('',#10348,#2542);
#1846=LINE('',#10351,#2543);
#1847=LINE('',#10353,#2544);
#1848=LINE('',#10354,#2545);
#1849=LINE('',#10359,#2546);
#1850=LINE('',#10364,#2547);
#1851=LINE('',#10366,#2548);
#1852=LINE('',#10368,#2549);
#1853=LINE('',#10369,#2550);
#1854=LINE('',#10371,#2551);
#1855=LINE('',#10372,#2552);
#1856=LINE('',#10374,#2553);
#1857=LINE('',#10375,#2554);
#1858=LINE('',#10379,#2555);
#1859=LINE('',#10381,#2556);
#1860=LINE('',#10383,#2557);
#1861=LINE('',#10384,#2558);
#1862=LINE('',#10387,#2559);
#1863=LINE('',#10389,#2560);
#1864=LINE('',#10390,#2561);
#1865=LINE('',#10393,#2562);
#1866=LINE('',#10395,#2563);
#1867=LINE('',#10396,#2564);
#1868=LINE('',#10398,#2565);
#1869=LINE('',#10399,#2566);
#1870=LINE('',#10401,#2567);
#1871=LINE('',#10402,#2568);
#1872=LINE('',#10404,#2569);
#1873=LINE('',#10405,#2570);
#1874=LINE('',#10412,#2571);
#1875=LINE('',#10416,#2572);
#1876=LINE('',#10420,#2573);
#1877=LINE('',#10422,#2574);
#1878=LINE('',#10424,#2575);
#1879=LINE('',#10426,#2576);
#1880=LINE('',#10428,#2577);
#1881=LINE('',#10430,#2578);
#1882=LINE('',#10432,#2579);
#1883=LINE('',#10434,#2580);
#1884=LINE('',#10438,#2581);
#1885=LINE('',#10442,#2582);
#1886=LINE('',#10444,#2583);
#1887=LINE('',#10448,#2584);
#1888=LINE('',#10450,#2585);
#1889=LINE('',#10454,#2586);
#1890=LINE('',#10458,#2587);
#1891=LINE('',#10460,#2588);
#1892=LINE('',#10462,#2589);
#1893=LINE('',#10464,#2590);
#1894=LINE('',#10466,#2591);
#1895=LINE('',#10468,#2592);
#1896=LINE('',#10470,#2593);
#1897=LINE('',#10472,#2594);
#1898=LINE('',#10476,#2595);
#1899=LINE('',#10480,#2596);
#1900=LINE('',#10482,#2597);
#1901=LINE('',#10486,#2598);
#1902=LINE('',#10488,#2599);
#1903=LINE('',#10492,#2600);
#1904=LINE('',#10496,#2601);
#1905=LINE('',#10498,#2602);
#1906=LINE('',#10500,#2603);
#1907=LINE('',#10502,#2604);
#1908=LINE('',#10504,#2605);
#1909=LINE('',#10506,#2606);
#1910=LINE('',#10508,#2607);
#1911=LINE('',#10510,#2608);
#1912=LINE('',#10514,#2609);
#1913=LINE('',#10518,#2610);
#1914=LINE('',#10520,#2611);
#1915=LINE('',#10524,#2612);
#1916=LINE('',#10526,#2613);
#1917=LINE('',#10530,#2614);
#1918=LINE('',#10534,#2615);
#1919=LINE('',#10536,#2616);
#1920=LINE('',#10538,#2617);
#1921=LINE('',#10540,#2618);
#1922=LINE('',#10542,#2619);
#1923=LINE('',#10544,#2620);
#1924=LINE('',#10546,#2621);
#1925=LINE('',#10548,#2622);
#1926=LINE('',#10552,#2623);
#1927=LINE('',#10556,#2624);
#1928=LINE('',#10558,#2625);
#1929=LINE('',#10561,#2626);
#1930=LINE('',#10567,#2627);
#1931=LINE('',#10571,#2628);
#1932=LINE('',#10573,#2629);
#1933=LINE('',#10577,#2630);
#1934=LINE('',#10579,#2631);
#1935=LINE('',#10583,#2632);
#1936=LINE('',#10587,#2633);
#1937=LINE('',#10589,#2634);
#1938=LINE('',#10591,#2635);
#1939=LINE('',#10593,#2636);
#1940=LINE('',#10595,#2637);
#1941=LINE('',#10597,#2638);
#1942=LINE('',#10599,#2639);
#1943=LINE('',#10601,#2640);
#1944=LINE('',#10605,#2641);
#1945=LINE('',#10609,#2642);
#1946=LINE('',#10611,#2643);
#1947=LINE('',#10615,#2644);
#1948=LINE('',#10617,#2645);
#1949=LINE('',#10621,#2646);
#1950=LINE('',#10625,#2647);
#1951=LINE('',#10627,#2648);
#1952=LINE('',#10629,#2649);
#1953=LINE('',#10631,#2650);
#1954=LINE('',#10633,#2651);
#1955=LINE('',#10635,#2652);
#1956=LINE('',#10637,#2653);
#1957=LINE('',#10639,#2654);
#1958=LINE('',#10643,#2655);
#1959=LINE('',#10647,#2656);
#1960=LINE('',#10649,#2657);
#1961=LINE('',#10653,#2658);
#1962=LINE('',#10655,#2659);
#1963=LINE('',#10659,#2660);
#1964=LINE('',#10663,#2661);
#1965=LINE('',#10665,#2662);
#1966=LINE('',#10667,#2663);
#1967=LINE('',#10669,#2664);
#1968=LINE('',#10671,#2665);
#1969=LINE('',#10673,#2666);
#1970=LINE('',#10675,#2667);
#1971=LINE('',#10677,#2668);
#1972=LINE('',#10681,#2669);
#1973=LINE('',#10685,#2670);
#1974=LINE('',#10687,#2671);
#1975=LINE('',#10691,#2672);
#1976=LINE('',#10693,#2673);
#1977=LINE('',#10697,#2674);
#1978=LINE('',#10701,#2675);
#1979=LINE('',#10703,#2676);
#1980=LINE('',#10705,#2677);
#1981=LINE('',#10707,#2678);
#1982=LINE('',#10709,#2679);
#1983=LINE('',#10711,#2680);
#1984=LINE('',#10713,#2681);
#1985=LINE('',#10715,#2682);
#1986=LINE('',#10720,#2683);
#1987=LINE('',#10721,#2684);
#1988=LINE('',#10723,#2685);
#1989=LINE('',#10725,#2686);
#1990=LINE('',#10727,#2687);
#1991=LINE('',#10729,#2688);
#1992=LINE('',#10730,#2689);
#1993=LINE('',#10732,#2690);
#1994=LINE('',#10733,#2691);
#1995=LINE('',#10735,#2692);
#1996=LINE('',#10737,#2693);
#1997=LINE('',#10739,#2694);
#1998=LINE('',#10741,#2695);
#1999=LINE('',#10743,#2696);
#2000=LINE('',#10745,#2697);
#2001=LINE('',#10747,#2698);
#2002=LINE('',#10749,#2699);
#2003=LINE('',#10750,#2700);
#2004=LINE('',#10752,#2701);
#2005=LINE('',#10753,#2702);
#2006=LINE('',#10755,#2703);
#2007=LINE('',#10757,#2704);
#2008=LINE('',#10759,#2705);
#2009=LINE('',#10761,#2706);
#2010=LINE('',#10763,#2707);
#2011=LINE('',#10764,#2708);
#2012=LINE('',#10766,#2709);
#2013=LINE('',#10767,#2710);
#2014=LINE('',#10769,#2711);
#2015=LINE('',#10771,#2712);
#2016=LINE('',#10773,#2713);
#2017=LINE('',#10775,#2714);
#2018=LINE('',#10777,#2715);
#2019=LINE('',#10779,#2716);
#2020=LINE('',#10781,#2717);
#2021=LINE('',#10783,#2718);
#2022=LINE('',#10784,#2719);
#2023=LINE('',#10786,#2720);
#2024=LINE('',#10787,#2721);
#2025=LINE('',#10789,#2722);
#2026=LINE('',#10791,#2723);
#2027=LINE('',#10793,#2724);
#2028=LINE('',#10795,#2725);
#2029=LINE('',#10797,#2726);
#2030=LINE('',#10798,#2727);
#2031=LINE('',#10800,#2728);
#2032=LINE('',#10801,#2729);
#2033=LINE('',#10803,#2730);
#2034=LINE('',#10805,#2731);
#2035=LINE('',#10807,#2732);
#2036=LINE('',#10809,#2733);
#2037=LINE('',#10811,#2734);
#2038=LINE('',#10813,#2735);
#2039=LINE('',#10815,#2736);
#2040=LINE('',#10817,#2737);
#2041=LINE('',#10818,#2738);
#2042=LINE('',#10820,#2739);
#2043=LINE('',#10821,#2740);
#2044=LINE('',#10823,#2741);
#2045=LINE('',#10825,#2742);
#2046=LINE('',#10827,#2743);
#2047=LINE('',#10829,#2744);
#2048=LINE('',#10831,#2745);
#2049=LINE('',#10832,#2746);
#2050=LINE('',#10834,#2747);
#2051=LINE('',#10835,#2748);
#2052=LINE('',#10837,#2749);
#2053=LINE('',#10839,#2750);
#2054=LINE('',#10841,#2751);
#2055=LINE('',#10843,#2752);
#2056=LINE('',#10845,#2753);
#2057=LINE('',#10847,#2754);
#2058=LINE('',#10849,#2755);
#2059=LINE('',#10851,#2756);
#2060=LINE('',#10852,#2757);
#2061=LINE('',#10854,#2758);
#2062=LINE('',#10856,#2759);
#2063=VECTOR('',#7234,10.);
#2064=VECTOR('',#7235,10.);
#2065=VECTOR('',#7236,10.);
#2066=VECTOR('',#7237,10.);
#2067=VECTOR('',#7240,10.);
#2068=VECTOR('',#7241,10.);
#2069=VECTOR('',#7242,10.);
#2070=VECTOR('',#7245,10.);
#2071=VECTOR('',#7246,10.);
#2072=VECTOR('',#7247,10.);
#2073=VECTOR('',#7250,10.);
#2074=VECTOR('',#7251,10.);
#2075=VECTOR('',#7252,10.);
#2076=VECTOR('',#7253,10.);
#2077=VECTOR('',#7256,10.);
#2078=VECTOR('',#7257,10.);
#2079=VECTOR('',#7258,10.);
#2080=VECTOR('',#7261,10.);
#2081=VECTOR('',#7262,10.);
#2082=VECTOR('',#7263,10.);
#2083=VECTOR('',#7266,10.);
#2084=VECTOR('',#7267,10.);
#2085=VECTOR('',#7268,10.);
#2086=VECTOR('',#7269,10.);
#2087=VECTOR('',#7272,10.);
#2088=VECTOR('',#7273,10.);
#2089=VECTOR('',#7274,10.);
#2090=VECTOR('',#7277,10.);
#2091=VECTOR('',#7278,10.);
#2092=VECTOR('',#7279,10.);
#2093=VECTOR('',#7282,10.);
#2094=VECTOR('',#7283,10.);
#2095=VECTOR('',#7284,10.);
#2096=VECTOR('',#7285,10.);
#2097=VECTOR('',#7288,10.);
#2098=VECTOR('',#7289,10.);
#2099=VECTOR('',#7290,10.);
#2100=VECTOR('',#7293,10.);
#2101=VECTOR('',#7294,10.);
#2102=VECTOR('',#7295,10.);
#2103=VECTOR('',#7298,10.);
#2104=VECTOR('',#7299,10.);
#2105=VECTOR('',#7300,10.);
#2106=VECTOR('',#7301,10.);
#2107=VECTOR('',#7304,10.);
#2108=VECTOR('',#7305,10.);
#2109=VECTOR('',#7306,10.);
#2110=VECTOR('',#7309,10.);
#2111=VECTOR('',#7310,10.);
#2112=VECTOR('',#7311,10.);
#2113=VECTOR('',#7314,10.);
#2114=VECTOR('',#7315,10.);
#2115=VECTOR('',#7316,10.);
#2116=VECTOR('',#7317,10.);
#2117=VECTOR('',#7320,10.);
#2118=VECTOR('',#7321,10.);
#2119=VECTOR('',#7322,10.);
#2120=VECTOR('',#7325,10.);
#2121=VECTOR('',#7326,10.);
#2122=VECTOR('',#7327,10.);
#2123=VECTOR('',#7330,10.);
#2124=VECTOR('',#7331,10.);
#2125=VECTOR('',#7332,10.);
#2126=VECTOR('',#7333,10.);
#2127=VECTOR('',#7336,10.);
#2128=VECTOR('',#7337,10.);
#2129=VECTOR('',#7338,10.);
#2130=VECTOR('',#7341,10.);
#2131=VECTOR('',#7342,10.);
#2132=VECTOR('',#7343,10.);
#2133=VECTOR('',#7346,10.);
#2134=VECTOR('',#7347,10.);
#2135=VECTOR('',#7348,10.);
#2136=VECTOR('',#7349,10.);
#2137=VECTOR('',#7352,10.);
#2138=VECTOR('',#7353,10.);
#2139=VECTOR('',#7354,10.);
#2140=VECTOR('',#7357,10.);
#2141=VECTOR('',#7358,10.);
#2142=VECTOR('',#7359,10.);
#2143=VECTOR('',#7362,10.);
#2144=VECTOR('',#7363,10.);
#2145=VECTOR('',#7364,10.);
#2146=VECTOR('',#7365,10.);
#2147=VECTOR('',#7368,10.);
#2148=VECTOR('',#7369,10.);
#2149=VECTOR('',#7370,10.);
#2150=VECTOR('',#7373,10.);
#2151=VECTOR('',#7374,10.);
#2152=VECTOR('',#7375,10.);
#2153=VECTOR('',#7378,10.);
#2154=VECTOR('',#7379,10.);
#2155=VECTOR('',#7380,10.);
#2156=VECTOR('',#7381,10.);
#2157=VECTOR('',#7382,10.);
#2158=VECTOR('',#7383,10.);
#2159=VECTOR('',#7384,10.);
#2160=VECTOR('',#7385,10.);
#2161=VECTOR('',#7386,10.);
#2162=VECTOR('',#7387,10.);
#2163=VECTOR('',#7388,10.);
#2164=VECTOR('',#7389,10.);
#2165=VECTOR('',#7390,10.);
#2166=VECTOR('',#7393,10.);
#2167=VECTOR('',#7394,10.);
#2168=VECTOR('',#7397,10.);
#2169=VECTOR('',#7398,10.);
#2170=VECTOR('',#7401,10.);
#2171=VECTOR('',#7404,10.);
#2172=VECTOR('',#7407,10.);
#2173=VECTOR('',#7410,10.);
#2174=VECTOR('',#7413,10.);
#2175=VECTOR('',#7416,10.);
#2176=VECTOR('',#7419,10.);
#2177=VECTOR('',#7422,10.);
#2178=VECTOR('',#7425,10.);
#2179=VECTOR('',#7426,10.);
#2180=VECTOR('',#7429,10.);
#2181=VECTOR('',#7430,10.);
#2182=VECTOR('',#7433,10.);
#2183=VECTOR('',#7440,10.);
#2184=VECTOR('',#7441,10.);
#2185=VECTOR('',#7442,10.);
#2186=VECTOR('',#7443,10.);
#2187=VECTOR('',#7446,10.);
#2188=VECTOR('',#7447,10.);
#2189=VECTOR('',#7448,10.);
#2190=VECTOR('',#7449,10.);
#2191=VECTOR('',#7452,10.);
#2192=VECTOR('',#7453,10.);
#2193=VECTOR('',#7456,10.);
#2194=VECTOR('',#7457,10.);
#2195=VECTOR('',#7458,10.);
#2196=VECTOR('',#7459,10.);
#2197=VECTOR('',#7462,10.);
#2198=VECTOR('',#7463,10.);
#2199=VECTOR('',#7464,10.);
#2200=VECTOR('',#7465,10.);
#2201=VECTOR('',#7468,10.);
#2202=VECTOR('',#7469,10.);
#2203=VECTOR('',#7472,10.);
#2204=VECTOR('',#7473,10.);
#2205=VECTOR('',#7474,10.);
#2206=VECTOR('',#7475,10.);
#2207=VECTOR('',#7478,10.);
#2208=VECTOR('',#7479,10.);
#2209=VECTOR('',#7480,10.);
#2210=VECTOR('',#7481,10.);
#2211=VECTOR('',#7484,10.);
#2212=VECTOR('',#7485,10.);
#2213=VECTOR('',#7488,10.);
#2214=VECTOR('',#7489,10.);
#2215=VECTOR('',#7490,10.);
#2216=VECTOR('',#7491,10.);
#2217=VECTOR('',#7494,10.);
#2218=VECTOR('',#7495,10.);
#2219=VECTOR('',#7496,10.);
#2220=VECTOR('',#7497,10.);
#2221=VECTOR('',#7500,10.);
#2222=VECTOR('',#7501,10.);
#2223=VECTOR('',#7504,10.);
#2224=VECTOR('',#7505,10.);
#2225=VECTOR('',#7506,10.);
#2226=VECTOR('',#7509,10.);
#2227=VECTOR('',#7510,10.);
#2228=VECTOR('',#7511,10.);
#2229=VECTOR('',#7514,10.);
#2230=VECTOR('',#7515,10.);
#2231=VECTOR('',#7518,10.);
#2232=VECTOR('',#7519,10.);
#2233=VECTOR('',#7522,10.);
#2234=VECTOR('',#7523,10.);
#2235=VECTOR('',#7526,10.);
#2236=VECTOR('',#7527,10.);
#2237=VECTOR('',#7528,10.);
#2238=VECTOR('',#7531,10.);
#2239=VECTOR('',#7532,10.);
#2240=VECTOR('',#7535,10.);
#2241=VECTOR('',#7536,10.);
#2242=VECTOR('',#7539,10.);
#2243=VECTOR('',#7546,10.);
#2244=VECTOR('',#7547,10.);
#2245=VECTOR('',#7548,10.);
#2246=VECTOR('',#7549,10.);
#2247=VECTOR('',#7552,10.);
#2248=VECTOR('',#7553,10.);
#2249=VECTOR('',#7554,10.);
#2250=VECTOR('',#7557,10.);
#2251=VECTOR('',#7558,10.);
#2252=VECTOR('',#7559,10.);
#2253=VECTOR('',#7562,10.);
#2254=VECTOR('',#7563,10.);
#2255=VECTOR('',#7610,10.);
#2256=VECTOR('',#7611,10.);
#2257=VECTOR('',#7614,10.);
#2258=VECTOR('',#7617,10.);
#2259=VECTOR('',#7620,10.);
#2260=VECTOR('',#7621,10.);
#2261=VECTOR('',#7626,10.);
#2262=VECTOR('',#7629,10.);
#2263=VECTOR('',#7632,10.);
#2264=VECTOR('',#7635,10.);
#2265=VECTOR('',#7636,10.);
#2266=VECTOR('',#7637,10.);
#2267=VECTOR('',#7638,10.);
#2268=VECTOR('',#7641,10.);
#2269=VECTOR('',#7642,10.);
#2270=VECTOR('',#7645,10.);
#2271=VECTOR('',#7646,10.);
#2272=VECTOR('',#7651,10.);
#2273=VECTOR('',#7656,10.);
#2274=VECTOR('',#7659,10.);
#2275=VECTOR('',#7662,10.);
#2276=VECTOR('',#7663,10.);
#2277=VECTOR('',#7664,10.);
#2278=VECTOR('',#7665,10.);
#2279=VECTOR('',#7670,10.);
#2280=VECTOR('',#7671,10.);
#2281=VECTOR('',#7672,10.);
#2282=VECTOR('',#7677,10.);
#2283=VECTOR('',#7680,10.);
#2284=VECTOR('',#7683,10.);
#2285=VECTOR('',#7686,10.);
#2286=VECTOR('',#7689,10.);
#2287=VECTOR('',#7692,10.);
#2288=VECTOR('',#7693,10.);
#2289=VECTOR('',#7696,10.);
#2290=VECTOR('',#7697,10.);
#2291=VECTOR('',#7698,10.);
#2292=VECTOR('',#7701,10.);
#2293=VECTOR('',#7702,10.);
#2294=VECTOR('',#7703,10.);
#2295=VECTOR('',#7706,10.);
#2296=VECTOR('',#7707,10.);
#2297=VECTOR('',#7710,10.);
#2298=VECTOR('',#7713,10.);
#2299=VECTOR('',#7714,10.);
#2300=VECTOR('',#7719,10.);
#2301=VECTOR('',#7720,10.);
#2302=VECTOR('',#7723,10.);
#2303=VECTOR('',#7726,10.);
#2304=VECTOR('',#7731,3.45);
#2305=VECTOR('',#7734,10.);
#2306=VECTOR('',#7743,6.);
#2307=VECTOR('',#7750,6.);
#2308=VECTOR('',#7757,5.99999999999993);
#2309=VECTOR('',#7764,5.99999999999993);
#2310=VECTOR('',#7771,6.);
#2311=VECTOR('',#7778,6.);
#2312=VECTOR('',#7785,6.);
#2313=VECTOR('',#7790,10.);
#2314=VECTOR('',#7791,10.);
#2315=VECTOR('',#7792,10.);
#2316=VECTOR('',#7793,10.);
#2317=VECTOR('',#7796,10.);
#2318=VECTOR('',#7797,10.);
#2319=VECTOR('',#7798,10.);
#2320=VECTOR('',#7803,6.);
#2321=VECTOR('',#7808,10.);
#2322=VECTOR('',#7809,10.);
#2323=VECTOR('',#7810,10.);
#2324=VECTOR('',#7811,10.);
#2325=VECTOR('',#7814,10.);
#2326=VECTOR('',#7815,10.);
#2327=VECTOR('',#7816,10.);
#2328=VECTOR('',#7819,10.);
#2329=VECTOR('',#7820,10.);
#2330=VECTOR('',#7821,10.);
#2331=VECTOR('',#7826,6.);
#2332=VECTOR('',#7831,10.);
#2333=VECTOR('',#7832,10.);
#2334=VECTOR('',#7833,10.);
#2335=VECTOR('',#7834,10.);
#2336=VECTOR('',#7837,10.);
#2337=VECTOR('',#7838,10.);
#2338=VECTOR('',#7839,10.);
#2339=VECTOR('',#7844,6.);
#2340=VECTOR('',#7849,10.);
#2341=VECTOR('',#7850,10.);
#2342=VECTOR('',#7851,10.);
#2343=VECTOR('',#7852,10.);
#2344=VECTOR('',#7855,10.);
#2345=VECTOR('',#7856,10.);
#2346=VECTOR('',#7859,10.);
#2347=VECTOR('',#7860,10.);
#2348=VECTOR('',#7865,6.00000000000003);
#2349=VECTOR('',#7872,6.00000000000003);
#2350=VECTOR('',#7879,6.00000000000002);
#2351=VECTOR('',#7886,6.00000000000002);
#2352=VECTOR('',#7893,5.99999999999998);
#2353=VECTOR('',#7900,5.99999999999998);
#2354=VECTOR('',#7907,6.00000000000001);
#2355=VECTOR('',#7914,6.00000000000001);
#2356=VECTOR('',#7921,6.00000000000001);
#2357=VECTOR('',#7928,6.00000000000001);
#2358=VECTOR('',#7935,6.);
#2359=VECTOR('',#7942,6.);
#2360=VECTOR('',#7947,10.);
#2361=VECTOR('',#7948,10.);
#2362=VECTOR('',#7949,10.);
#2363=VECTOR('',#7950,10.);
#2364=VECTOR('',#7953,10.);
#2365=VECTOR('',#7954,10.);
#2366=VECTOR('',#7955,10.);
#2367=VECTOR('',#7958,10.);
#2368=VECTOR('',#7959,10.);
#2369=VECTOR('',#7960,10.);
#2370=VECTOR('',#7963,10.);
#2371=VECTOR('',#7964,10.);
#2372=VECTOR('',#7967,10.);
#2373=VECTOR('',#7968,10.);
#2374=VECTOR('',#7971,10.);
#2375=VECTOR('',#7972,10.);
#2376=VECTOR('',#7989,10.);
#2377=VECTOR('',#7990,10.);
#2378=VECTOR('',#7993,10.);
#2379=VECTOR('',#7996,10.);
#2380=VECTOR('',#7999,10.);
#2381=VECTOR('',#8002,10.);
#2382=VECTOR('',#8003,10.);
#2383=VECTOR('',#8004,10.);
#2384=VECTOR('',#8005,10.);
#2385=VECTOR('',#8006,10.);
#2386=VECTOR('',#8013,10.);
#2387=VECTOR('',#8016,10.);
#2388=VECTOR('',#8019,10.);
#2389=VECTOR('',#8020,10.);
#2390=VECTOR('',#8021,10.);
#2391=VECTOR('',#8022,10.);
#2392=VECTOR('',#8023,10.);
#2393=VECTOR('',#8026,10.);
#2394=VECTOR('',#8029,10.);
#2395=VECTOR('',#8030,10.);
#2396=VECTOR('',#8033,10.);
#2397=VECTOR('',#8040,10.);
#2398=VECTOR('',#8043,10.);
#2399=VECTOR('',#8046,10.);
#2400=VECTOR('',#8047,10.);
#2401=VECTOR('',#8048,10.);
#2402=VECTOR('',#8049,10.);
#2403=VECTOR('',#8054,10.);
#2404=VECTOR('',#8055,10.);
#2405=VECTOR('',#8058,10.);
#2406=VECTOR('',#8061,10.);
#2407=VECTOR('',#8064,10.);
#2408=VECTOR('',#8065,10.);
#2409=VECTOR('',#8070,10.);
#2410=VECTOR('',#8071,10.);
#2411=VECTOR('',#8076,10.);
#2412=VECTOR('',#8077,10.);
#2413=VECTOR('',#8080,10.);
#2414=VECTOR('',#8081,10.);
#2415=VECTOR('',#8082,10.);
#2416=VECTOR('',#8085,10.);
#2417=VECTOR('',#8086,10.);
#2418=VECTOR('',#8087,10.);
#2419=VECTOR('',#8090,10.);
#2420=VECTOR('',#8093,10.);
#2421=VECTOR('',#8098,10.);
#2422=VECTOR('',#8099,10.);
#2423=VECTOR('',#8102,10.);
#2424=VECTOR('',#8105,10.);
#2425=VECTOR('',#8110,3.45);
#2426=VECTOR('',#8113,10.);
#2427=VECTOR('',#8122,6.);
#2428=VECTOR('',#8129,6.);
#2429=VECTOR('',#8136,6.);
#2430=VECTOR('',#8143,6.);
#2431=VECTOR('',#8150,6.);
#2432=VECTOR('',#8157,6.);
#2433=VECTOR('',#8164,6.);
#2434=VECTOR('',#8171,6.);
#2435=VECTOR('',#8178,6.);
#2436=VECTOR('',#8185,6.);
#2437=VECTOR('',#8192,6.);
#2438=VECTOR('',#8199,6.);
#2439=VECTOR('',#8206,6.);
#2440=VECTOR('',#8213,6.);
#2441=VECTOR('',#8220,6.);
#2442=VECTOR('',#8227,6.);
#2443=VECTOR('',#8232,10.);
#2444=VECTOR('',#8233,10.);
#2445=VECTOR('',#8234,10.);
#2446=VECTOR('',#8235,10.);
#2447=VECTOR('',#8238,10.);
#2448=VECTOR('',#8239,10.);
#2449=VECTOR('',#8240,10.);
#2450=VECTOR('',#8243,10.);
#2451=VECTOR('',#8244,10.);
#2452=VECTOR('',#8245,10.);
#2453=VECTOR('',#8248,10.);
#2454=VECTOR('',#8249,10.);
#2455=VECTOR('',#8252,10.);
#2456=VECTOR('',#8253,10.);
#2457=VECTOR('',#8254,10.);
#2458=VECTOR('',#8255,10.);
#2459=VECTOR('',#8258,10.);
#2460=VECTOR('',#8259,10.);
#2461=VECTOR('',#8260,10.);
#2462=VECTOR('',#8263,10.);
#2463=VECTOR('',#8264,10.);
#2464=VECTOR('',#8265,10.);
#2465=VECTOR('',#8268,10.);
#2466=VECTOR('',#8269,10.);
#2467=VECTOR('',#8280,6.);
#2468=VECTOR('',#8285,10.);
#2469=VECTOR('',#8286,10.);
#2470=VECTOR('',#8287,10.);
#2471=VECTOR('',#8288,10.);
#2472=VECTOR('',#8291,10.);
#2473=VECTOR('',#8292,10.);
#2474=VECTOR('',#8293,10.);
#2475=VECTOR('',#8298,6.);
#2476=VECTOR('',#8303,10.);
#2477=VECTOR('',#8304,10.);
#2478=VECTOR('',#8305,10.);
#2479=VECTOR('',#8306,10.);
#2480=VECTOR('',#8309,10.);
#2481=VECTOR('',#8310,10.);
#2482=VECTOR('',#8311,10.);
#2483=VECTOR('',#8314,10.);
#2484=VECTOR('',#8315,10.);
#2485=VECTOR('',#8316,10.);
#2486=VECTOR('',#8321,6.);
#2487=VECTOR('',#8326,10.);
#2488=VECTOR('',#8327,10.);
#2489=VECTOR('',#8328,10.);
#2490=VECTOR('',#8329,10.);
#2491=VECTOR('',#8332,10.);
#2492=VECTOR('',#8333,10.);
#2493=VECTOR('',#8334,10.);
#2494=VECTOR('',#8339,6.);
#2495=VECTOR('',#8344,10.);
#2496=VECTOR('',#8345,10.);
#2497=VECTOR('',#8346,10.);
#2498=VECTOR('',#8347,10.);
#2499=VECTOR('',#8350,10.);
#2500=VECTOR('',#8351,10.);
#2501=VECTOR('',#8354,10.);
#2502=VECTOR('',#8355,10.);
#2503=VECTOR('',#8358,10.);
#2504=VECTOR('',#8359,10.);
#2505=VECTOR('',#8360,10.);
#2506=VECTOR('',#8361,10.);
#2507=VECTOR('',#8364,10.);
#2508=VECTOR('',#8365,10.);
#2509=VECTOR('',#8366,10.);
#2510=VECTOR('',#8369,10.);
#2511=VECTOR('',#8370,10.);
#2512=VECTOR('',#8371,10.);
#2513=VECTOR('',#8374,10.);
#2514=VECTOR('',#8375,10.);
#2515=VECTOR('',#8378,10.);
#2516=VECTOR('',#8379,10.);
#2517=VECTOR('',#8382,10.);
#2518=VECTOR('',#8383,10.);
#2519=VECTOR('',#8394,6.);
#2520=VECTOR('',#8399,10.);
#2521=VECTOR('',#8400,10.);
#2522=VECTOR('',#8401,10.);
#2523=VECTOR('',#8402,10.);
#2524=VECTOR('',#8405,10.);
#2525=VECTOR('',#8406,10.);
#2526=VECTOR('',#8407,10.);
#2527=VECTOR('',#8412,6.);
#2528=VECTOR('',#8417,10.);
#2529=VECTOR('',#8418,10.);
#2530=VECTOR('',#8419,10.);
#2531=VECTOR('',#8420,10.);
#2532=VECTOR('',#8423,10.);
#2533=VECTOR('',#8424,10.);
#2534=VECTOR('',#8425,10.);
#2535=VECTOR('',#8428,10.);
#2536=VECTOR('',#8429,10.);
#2537=VECTOR('',#8430,10.);
#2538=VECTOR('',#8435,6.);
#2539=VECTOR('',#8440,10.);
#2540=VECTOR('',#8441,10.);
#2541=VECTOR('',#8442,10.);
#2542=VECTOR('',#8443,10.);
#2543=VECTOR('',#8446,10.);
#2544=VECTOR('',#8447,10.);
#2545=VECTOR('',#8448,10.);
#2546=VECTOR('',#8453,6.);
#2547=VECTOR('',#8458,10.);
#2548=VECTOR('',#8459,10.);
#2549=VECTOR('',#8460,10.);
#2550=VECTOR('',#8461,10.);
#2551=VECTOR('',#8464,10.);
#2552=VECTOR('',#8465,10.);
#2553=VECTOR('',#8468,10.);
#2554=VECTOR('',#8469,10.);
#2555=VECTOR('',#8472,10.);
#2556=VECTOR('',#8473,10.);
#2557=VECTOR('',#8474,10.);
#2558=VECTOR('',#8475,10.);
#2559=VECTOR('',#8478,10.);
#2560=VECTOR('',#8479,10.);
#2561=VECTOR('',#8480,10.);
#2562=VECTOR('',#8483,10.);
#2563=VECTOR('',#8484,10.);
#2564=VECTOR('',#8485,10.);
#2565=VECTOR('',#8488,10.);
#2566=VECTOR('',#8489,10.);
#2567=VECTOR('',#8492,10.);
#2568=VECTOR('',#8493,10.);
#2569=VECTOR('',#8496,10.);
#2570=VECTOR('',#8497,10.);
#2571=VECTOR('',#8506,2.30416305603425);
#2572=VECTOR('',#8509,2.10857864376269);
#2573=VECTOR('',#8512,1.68076118445749);
#2574=VECTOR('',#8513,3.56274169979695);
#2575=VECTOR('',#8514,2.78076118445749);
#2576=VECTOR('',#8515,0.282842712474617);
#2577=VECTOR('',#8516,0.282842712474621);
#2578=VECTOR('',#8517,2.78076118445748);
#2579=VECTOR('',#8518,3.56274169979695);
#2580=VECTOR('',#8519,1.68076118445749);
#2581=VECTOR('',#8522,2.10857864376269);
#2582=VECTOR('',#8525,2.30416305603425);
#2583=VECTOR('',#8526,3.55000000000003);
#2584=VECTOR('',#8529,3.54999999999999);
#2585=VECTOR('',#8530,2.30416305603425);
#2586=VECTOR('',#8533,2.1085786437627);
#2587=VECTOR('',#8536,1.68076118445749);
#2588=VECTOR('',#8537,3.56274169979695);
#2589=VECTOR('',#8538,2.7807611844575);
#2590=VECTOR('',#8539,0.282842712474617);
#2591=VECTOR('',#8540,0.282842712474621);
#2592=VECTOR('',#8541,2.78076118445748);
#2593=VECTOR('',#8542,3.56274169979695);
#2594=VECTOR('',#8543,1.68076118445749);
#2595=VECTOR('',#8546,2.10857864376269);
#2596=VECTOR('',#8549,2.30416305603425);
#2597=VECTOR('',#8550,3.55000000000001);
#2598=VECTOR('',#8553,3.55000000000001);
#2599=VECTOR('',#8554,2.30416305603425);
#2600=VECTOR('',#8557,2.10857864376269);
#2601=VECTOR('',#8560,1.68076118445749);
#2602=VECTOR('',#8561,3.56274169979695);
#2603=VECTOR('',#8562,2.78076118445749);
#2604=VECTOR('',#8563,0.282842712474617);
#2605=VECTOR('',#8564,0.282842712474621);
#2606=VECTOR('',#8565,2.78076118445748);
#2607=VECTOR('',#8566,3.56274169979695);
#2608=VECTOR('',#8567,1.68076118445749);
#2609=VECTOR('',#8570,2.1085786437627);
#2610=VECTOR('',#8573,2.30416305603425);
#2611=VECTOR('',#8574,3.55000000000002);
#2612=VECTOR('',#8577,3.55000000000002);
#2613=VECTOR('',#8578,2.30416305603425);
#2614=VECTOR('',#8581,2.10857864376269);
#2615=VECTOR('',#8584,1.68076118445749);
#2616=VECTOR('',#8585,3.56274169979695);
#2617=VECTOR('',#8586,2.78076118445749);
#2618=VECTOR('',#8587,0.282842712474616);
#2619=VECTOR('',#8588,0.282842712474621);
#2620=VECTOR('',#8589,2.78076118445749);
#2621=VECTOR('',#8590,3.56274169979695);
#2622=VECTOR('',#8591,1.68076118445749);
#2623=VECTOR('',#8594,2.10857864376269);
#2624=VECTOR('',#8597,2.30416305603425);
#2625=VECTOR('',#8598,3.55000000000001);
#2626=VECTOR('',#8601,3.54999999999999);
#2627=VECTOR('',#8606,2.10857864376269);
#2628=VECTOR('',#8609,2.30416305603425);
#2629=VECTOR('',#8610,3.54999999999999);
#2630=VECTOR('',#8613,3.55000000000001);
#2631=VECTOR('',#8614,2.30416305603425);
#2632=VECTOR('',#8617,2.10857864376269);
#2633=VECTOR('',#8620,1.68076118445749);
#2634=VECTOR('',#8621,3.56274169979695);
#2635=VECTOR('',#8622,2.78076118445749);
#2636=VECTOR('',#8623,0.282842712474621);
#2637=VECTOR('',#8624,0.282842712474616);
#2638=VECTOR('',#8625,2.78076118445749);
#2639=VECTOR('',#8626,3.56274169979695);
#2640=VECTOR('',#8627,1.68076118445749);
#2641=VECTOR('',#8630,2.10857864376269);
#2642=VECTOR('',#8633,2.30416305603425);
#2643=VECTOR('',#8634,3.55000000000002);
#2644=VECTOR('',#8637,3.55000000000002);
#2645=VECTOR('',#8638,2.30416305603425);
#2646=VECTOR('',#8641,2.1085786437627);
#2647=VECTOR('',#8644,1.68076118445749);
#2648=VECTOR('',#8645,3.56274169979695);
#2649=VECTOR('',#8646,2.78076118445748);
#2650=VECTOR('',#8647,0.282842712474621);
#2651=VECTOR('',#8648,0.282842712474617);
#2652=VECTOR('',#8649,2.78076118445749);
#2653=VECTOR('',#8650,3.56274169979695);
#2654=VECTOR('',#8651,1.68076118445749);
#2655=VECTOR('',#8654,2.10857864376269);
#2656=VECTOR('',#8657,2.30416305603425);
#2657=VECTOR('',#8658,3.55000000000001);
#2658=VECTOR('',#8661,3.55000000000001);
#2659=VECTOR('',#8662,2.30416305603425);
#2660=VECTOR('',#8665,2.10857864376269);
#2661=VECTOR('',#8668,1.68076118445749);
#2662=VECTOR('',#8669,3.56274169979695);
#2663=VECTOR('',#8670,2.78076118445748);
#2664=VECTOR('',#8671,0.282842712474621);
#2665=VECTOR('',#8672,0.282842712474617);
#2666=VECTOR('',#8673,2.7807611844575);
#2667=VECTOR('',#8674,3.56274169979695);
#2668=VECTOR('',#8675,1.68076118445749);
#2669=VECTOR('',#8678,2.1085786437627);
#2670=VECTOR('',#8681,2.30416305603425);
#2671=VECTOR('',#8682,3.54999999999999);
#2672=VECTOR('',#8685,3.55000000000003);
#2673=VECTOR('',#8686,2.30416305603425);
#2674=VECTOR('',#8689,2.10857864376269);
#2675=VECTOR('',#8692,1.68076118445749);
#2676=VECTOR('',#8693,3.56274169979695);
#2677=VECTOR('',#8694,2.78076118445748);
#2678=VECTOR('',#8695,0.282842712474621);
#2679=VECTOR('',#8696,0.282842712474617);
#2680=VECTOR('',#8697,2.78076118445749);
#2681=VECTOR('',#8698,3.56274169979695);
#2682=VECTOR('',#8699,1.68076118445749);
#2683=VECTOR('',#8706,100.);
#2684=VECTOR('',#8707,100.);
#2685=VECTOR('',#8710,100.);
#2686=VECTOR('',#8713,100.);
#2687=VECTOR('',#8716,100.);
#2688=VECTOR('',#8719,100.);
#2689=VECTOR('',#8720,100.);
#2690=VECTOR('',#8723,100.);
#2691=VECTOR('',#8724,100.);
#2692=VECTOR('',#8727,100.);
#2693=VECTOR('',#8730,100.);
#2694=VECTOR('',#8733,100.);
#2695=VECTOR('',#8736,100.);
#2696=VECTOR('',#8739,100.);
#2697=VECTOR('',#8742,100.);
#2698=VECTOR('',#8745,100.);
#2699=VECTOR('',#8748,100.);
#2700=VECTOR('',#8749,100.);
#2701=VECTOR('',#8752,100.);
#2702=VECTOR('',#8753,100.);
#2703=VECTOR('',#8756,100.);
#2704=VECTOR('',#8759,100.);
#2705=VECTOR('',#8762,100.);
#2706=VECTOR('',#8765,100.);
#2707=VECTOR('',#8768,100.);
#2708=VECTOR('',#8769,100.);
#2709=VECTOR('',#8772,100.);
#2710=VECTOR('',#8773,100.);
#2711=VECTOR('',#8776,100.);
#2712=VECTOR('',#8779,100.);
#2713=VECTOR('',#8782,100.);
#2714=VECTOR('',#8785,100.);
#2715=VECTOR('',#8788,100.);
#2716=VECTOR('',#8791,100.);
#2717=VECTOR('',#8794,100.);
#2718=VECTOR('',#8797,100.);
#2719=VECTOR('',#8798,100.);
#2720=VECTOR('',#8801,100.);
#2721=VECTOR('',#8802,100.);
#2722=VECTOR('',#8805,100.);
#2723=VECTOR('',#8808,100.);
#2724=VECTOR('',#8811,100.);
#2725=VECTOR('',#8814,100.);
#2726=VECTOR('',#8817,100.);
#2727=VECTOR('',#8818,100.);
#2728=VECTOR('',#8821,100.);
#2729=VECTOR('',#8822,100.);
#2730=VECTOR('',#8825,100.);
#2731=VECTOR('',#8828,100.);
#2732=VECTOR('',#8831,100.);
#2733=VECTOR('',#8834,100.);
#2734=VECTOR('',#8837,100.);
#2735=VECTOR('',#8840,100.);
#2736=VECTOR('',#8843,100.);
#2737=VECTOR('',#8846,100.);
#2738=VECTOR('',#8847,100.);
#2739=VECTOR('',#8850,100.);
#2740=VECTOR('',#8851,100.);
#2741=VECTOR('',#8854,100.);
#2742=VECTOR('',#8857,100.);
#2743=VECTOR('',#8860,100.);
#2744=VECTOR('',#8863,100.);
#2745=VECTOR('',#8866,100.);
#2746=VECTOR('',#8867,100.);
#2747=VECTOR('',#8870,100.);
#2748=VECTOR('',#8871,100.);
#2749=VECTOR('',#8874,100.);
#2750=VECTOR('',#8877,100.);
#2751=VECTOR('',#8880,100.);
#2752=VECTOR('',#8883,100.);
#2753=VECTOR('',#8886,100.);
#2754=VECTOR('',#8889,100.);
#2755=VECTOR('',#8892,100.);
#2756=VECTOR('',#8895,100.);
#2757=VECTOR('',#8896,100.);
#2758=VECTOR('',#8899,100.);
#2759=VECTOR('',#8902,2.1);
#2760=VERTEX_POINT('',#9017);
#2761=VERTEX_POINT('',#9018);
#2762=VERTEX_POINT('',#9020);
#2763=VERTEX_POINT('',#9022);
#2764=VERTEX_POINT('',#9026);
#2765=VERTEX_POINT('',#9028);
#2766=VERTEX_POINT('',#9032);
#2767=VERTEX_POINT('',#9034);
#2768=VERTEX_POINT('',#9038);
#2769=VERTEX_POINT('',#9039);
#2770=VERTEX_POINT('',#9041);
#2771=VERTEX_POINT('',#9043);
#2772=VERTEX_POINT('',#9047);
#2773=VERTEX_POINT('',#9049);
#2774=VERTEX_POINT('',#9053);
#2775=VERTEX_POINT('',#9055);
#2776=VERTEX_POINT('',#9059);
#2777=VERTEX_POINT('',#9060);
#2778=VERTEX_POINT('',#9062);
#2779=VERTEX_POINT('',#9064);
#2780=VERTEX_POINT('',#9068);
#2781=VERTEX_POINT('',#9070);
#2782=VERTEX_POINT('',#9074);
#2783=VERTEX_POINT('',#9076);
#2784=VERTEX_POINT('',#9080);
#2785=VERTEX_POINT('',#9081);
#2786=VERTEX_POINT('',#9083);
#2787=VERTEX_POINT('',#9085);
#2788=VERTEX_POINT('',#9089);
#2789=VERTEX_POINT('',#9091);
#2790=VERTEX_POINT('',#9095);
#2791=VERTEX_POINT('',#9097);
#2792=VERTEX_POINT('',#9101);
#2793=VERTEX_POINT('',#9102);
#2794=VERTEX_POINT('',#9104);
#2795=VERTEX_POINT('',#9106);
#2796=VERTEX_POINT('',#9110);
#2797=VERTEX_POINT('',#9112);
#2798=VERTEX_POINT('',#9116);
#2799=VERTEX_POINT('',#9118);
#2800=VERTEX_POINT('',#9122);
#2801=VERTEX_POINT('',#9123);
#2802=VERTEX_POINT('',#9125);
#2803=VERTEX_POINT('',#9127);
#2804=VERTEX_POINT('',#9131);
#2805=VERTEX_POINT('',#9133);
#2806=VERTEX_POINT('',#9137);
#2807=VERTEX_POINT('',#9139);
#2808=VERTEX_POINT('',#9143);
#2809=VERTEX_POINT('',#9144);
#2810=VERTEX_POINT('',#9146);
#2811=VERTEX_POINT('',#9148);
#2812=VERTEX_POINT('',#9152);
#2813=VERTEX_POINT('',#9154);
#2814=VERTEX_POINT('',#9158);
#2815=VERTEX_POINT('',#9160);
#2816=VERTEX_POINT('',#9164);
#2817=VERTEX_POINT('',#9165);
#2818=VERTEX_POINT('',#9167);
#2819=VERTEX_POINT('',#9169);
#2820=VERTEX_POINT('',#9173);
#2821=VERTEX_POINT('',#9175);
#2822=VERTEX_POINT('',#9179);
#2823=VERTEX_POINT('',#9181);
#2824=VERTEX_POINT('',#9185);
#2825=VERTEX_POINT('',#9186);
#2826=VERTEX_POINT('',#9188);
#2827=VERTEX_POINT('',#9190);
#2828=VERTEX_POINT('',#9194);
#2829=VERTEX_POINT('',#9196);
#2830=VERTEX_POINT('',#9200);
#2831=VERTEX_POINT('',#9202);
#2832=VERTEX_POINT('',#9208);
#2833=VERTEX_POINT('',#9210);
#2834=VERTEX_POINT('',#9212);
#2835=VERTEX_POINT('',#9214);
#2836=VERTEX_POINT('',#9224);
#2837=VERTEX_POINT('',#9228);
#2838=VERTEX_POINT('',#9248);
#2839=VERTEX_POINT('',#9252);
#2840=VERTEX_POINT('',#9260);
#2841=VERTEX_POINT('',#9261);
#2842=VERTEX_POINT('',#9263);
#2843=VERTEX_POINT('',#9265);
#2844=VERTEX_POINT('',#9269);
#2845=VERTEX_POINT('',#9270);
#2846=VERTEX_POINT('',#9272);
#2847=VERTEX_POINT('',#9274);
#2848=VERTEX_POINT('',#9281);
#2849=VERTEX_POINT('',#9282);
#2850=VERTEX_POINT('',#9284);
#2851=VERTEX_POINT('',#9286);
#2852=VERTEX_POINT('',#9290);
#2853=VERTEX_POINT('',#9291);
#2854=VERTEX_POINT('',#9293);
#2855=VERTEX_POINT('',#9295);
#2856=VERTEX_POINT('',#9302);
#2857=VERTEX_POINT('',#9303);
#2858=VERTEX_POINT('',#9305);
#2859=VERTEX_POINT('',#9307);
#2860=VERTEX_POINT('',#9311);
#2861=VERTEX_POINT('',#9312);
#2862=VERTEX_POINT('',#9314);
#2863=VERTEX_POINT('',#9316);
#2864=VERTEX_POINT('',#9323);
#2865=VERTEX_POINT('',#9324);
#2866=VERTEX_POINT('',#9326);
#2867=VERTEX_POINT('',#9328);
#2868=VERTEX_POINT('',#9332);
#2869=VERTEX_POINT('',#9333);
#2870=VERTEX_POINT('',#9335);
#2871=VERTEX_POINT('',#9337);
#2872=VERTEX_POINT('',#9344);
#2873=VERTEX_POINT('',#9346);
#2874=VERTEX_POINT('',#9350);
#2875=VERTEX_POINT('',#9352);
#2876=VERTEX_POINT('',#9365);
#2877=VERTEX_POINT('',#9367);
#2878=VERTEX_POINT('',#9371);
#2879=VERTEX_POINT('',#9375);
#2880=VERTEX_POINT('',#9383);
#2881=VERTEX_POINT('',#9384);
#2882=VERTEX_POINT('',#9386);
#2883=VERTEX_POINT('',#9388);
#2884=VERTEX_POINT('',#9392);
#2885=VERTEX_POINT('',#9394);
#2886=VERTEX_POINT('',#9398);
#2887=VERTEX_POINT('',#9400);
#2888=VERTEX_POINT('',#9469);
#2889=VERTEX_POINT('',#9470);
#2890=VERTEX_POINT('',#9472);
#2891=VERTEX_POINT('',#9476);
#2892=VERTEX_POINT('',#9477);
#2893=VERTEX_POINT('',#9482);
#2894=VERTEX_POINT('',#9484);
#2895=VERTEX_POINT('',#9488);
#2896=VERTEX_POINT('',#9492);
#2897=VERTEX_POINT('',#9493);
#2898=VERTEX_POINT('',#9495);
#2899=VERTEX_POINT('',#9497);
#2900=VERTEX_POINT('',#9501);
#2901=VERTEX_POINT('',#9503);
#2902=VERTEX_POINT('',#9505);
#2903=VERTEX_POINT('',#9507);
#2904=VERTEX_POINT('',#9509);
#2905=VERTEX_POINT('',#9511);
#2906=VERTEX_POINT('',#9513);
#2907=VERTEX_POINT('',#9515);
#2908=VERTEX_POINT('',#9519);
#2909=VERTEX_POINT('',#9523);
#2910=VERTEX_POINT('',#9527);
#2911=VERTEX_POINT('',#9528);
#2912=VERTEX_POINT('',#9530);
#2913=VERTEX_POINT('',#9532);
#2914=VERTEX_POINT('',#9536);
#2915=VERTEX_POINT('',#9539);
#2916=VERTEX_POINT('',#9542);
#2917=VERTEX_POINT('',#9545);
#2918=VERTEX_POINT('',#9547);
#2919=VERTEX_POINT('',#9551);
#2920=VERTEX_POINT('',#9555);
#2921=VERTEX_POINT('',#9557);
#2922=VERTEX_POINT('',#9561);
#2923=VERTEX_POINT('',#9563);
#2924=VERTEX_POINT('',#9570);
#2925=VERTEX_POINT('',#9572);
#2926=VERTEX_POINT('',#9576);
#2927=VERTEX_POINT('',#9578);
#2928=VERTEX_POINT('',#9582);
#2929=VERTEX_POINT('',#9590);
#2930=VERTEX_POINT('',#9593);
#2931=VERTEX_POINT('',#9608);
#2932=VERTEX_POINT('',#9610);
#2933=VERTEX_POINT('',#9614);
#2934=VERTEX_POINT('',#9616);
#2935=VERTEX_POINT('',#9620);
#2936=VERTEX_POINT('',#9622);
#2937=VERTEX_POINT('',#9626);
#2938=VERTEX_POINT('',#9628);
#2939=VERTEX_POINT('',#9632);
#2940=VERTEX_POINT('',#9634);
#2941=VERTEX_POINT('',#9638);
#2942=VERTEX_POINT('',#9640);
#2943=VERTEX_POINT('',#9644);
#2944=VERTEX_POINT('',#9646);
#2945=VERTEX_POINT('',#9650);
#2946=VERTEX_POINT('',#9651);
#2947=VERTEX_POINT('',#9653);
#2948=VERTEX_POINT('',#9655);
#2949=VERTEX_POINT('',#9659);
#2950=VERTEX_POINT('',#9661);
#2951=VERTEX_POINT('',#9665);
#2952=VERTEX_POINT('',#9667);
#2953=VERTEX_POINT('',#9671);
#2954=VERTEX_POINT('',#9672);
#2955=VERTEX_POINT('',#9674);
#2956=VERTEX_POINT('',#9676);
#2957=VERTEX_POINT('',#9680);
#2958=VERTEX_POINT('',#9682);
#2959=VERTEX_POINT('',#9686);
#2960=VERTEX_POINT('',#9688);
#2961=VERTEX_POINT('',#9692);
#2962=VERTEX_POINT('',#9694);
#2963=VERTEX_POINT('',#9698);
#2964=VERTEX_POINT('',#9699);
#2965=VERTEX_POINT('',#9701);
#2966=VERTEX_POINT('',#9703);
#2967=VERTEX_POINT('',#9707);
#2968=VERTEX_POINT('',#9709);
#2969=VERTEX_POINT('',#9713);
#2970=VERTEX_POINT('',#9715);
#2971=VERTEX_POINT('',#9719);
#2972=VERTEX_POINT('',#9720);
#2973=VERTEX_POINT('',#9722);
#2974=VERTEX_POINT('',#9724);
#2975=VERTEX_POINT('',#9734);
#2976=VERTEX_POINT('',#9736);
#2977=VERTEX_POINT('',#9740);
#2978=VERTEX_POINT('',#9742);
#2979=VERTEX_POINT('',#9746);
#2980=VERTEX_POINT('',#9748);
#2981=VERTEX_POINT('',#9752);
#2982=VERTEX_POINT('',#9754);
#2983=VERTEX_POINT('',#9758);
#2984=VERTEX_POINT('',#9760);
#2985=VERTEX_POINT('',#9764);
#2986=VERTEX_POINT('',#9766);
#2987=VERTEX_POINT('',#9770);
#2988=VERTEX_POINT('',#9772);
#2989=VERTEX_POINT('',#9776);
#2990=VERTEX_POINT('',#9778);
#2991=VERTEX_POINT('',#9782);
#2992=VERTEX_POINT('',#9784);
#2993=VERTEX_POINT('',#9788);
#2994=VERTEX_POINT('',#9790);
#2995=VERTEX_POINT('',#9794);
#2996=VERTEX_POINT('',#9796);
#2997=VERTEX_POINT('',#9800);
#2998=VERTEX_POINT('',#9802);
#2999=VERTEX_POINT('',#9806);
#3000=VERTEX_POINT('',#9807);
#3001=VERTEX_POINT('',#9809);
#3002=VERTEX_POINT('',#9811);
#3003=VERTEX_POINT('',#9815);
#3004=VERTEX_POINT('',#9817);
#3005=VERTEX_POINT('',#9821);
#3006=VERTEX_POINT('',#9823);
#3007=VERTEX_POINT('',#9878);
#3008=VERTEX_POINT('',#9879);
#3009=VERTEX_POINT('',#9881);
#3010=VERTEX_POINT('',#9885);
#3011=VERTEX_POINT('',#9886);
#3012=VERTEX_POINT('',#9891);
#3013=VERTEX_POINT('',#9893);
#3014=VERTEX_POINT('',#9897);
#3015=VERTEX_POINT('',#9899);
#3016=VERTEX_POINT('',#9901);
#3017=VERTEX_POINT('',#9903);
#3018=VERTEX_POINT('',#9905);
#3019=VERTEX_POINT('',#9907);
#3020=VERTEX_POINT('',#9910);
#3021=VERTEX_POINT('',#9913);
#3022=VERTEX_POINT('',#9914);
#3023=VERTEX_POINT('',#9916);
#3024=VERTEX_POINT('',#9918);
#3025=VERTEX_POINT('',#9922);
#3026=VERTEX_POINT('',#9925);
#3027=VERTEX_POINT('',#9927);
#3028=VERTEX_POINT('',#9929);
#3029=VERTEX_POINT('',#9931);
#3030=VERTEX_POINT('',#9935);
#3031=VERTEX_POINT('',#9939);
#3032=VERTEX_POINT('',#9943);
#3033=VERTEX_POINT('',#9944);
#3034=VERTEX_POINT('',#9946);
#3035=VERTEX_POINT('',#9948);
#3036=VERTEX_POINT('',#9952);
#3037=VERTEX_POINT('',#9955);
#3038=VERTEX_POINT('',#9958);
#3039=VERTEX_POINT('',#9964);
#3040=VERTEX_POINT('',#9966);
#3041=VERTEX_POINT('',#9970);
#3042=VERTEX_POINT('',#9972);
#3043=VERTEX_POINT('',#9976);
#3044=VERTEX_POINT('',#9978);
#3045=VERTEX_POINT('',#9985);
#3046=VERTEX_POINT('',#9987);
#3047=VERTEX_POINT('',#9991);
#3048=VERTEX_POINT('',#9993);
#3049=VERTEX_POINT('',#10002);
#3050=VERTEX_POINT('',#10017);
#3051=VERTEX_POINT('',#10019);
#3052=VERTEX_POINT('',#10023);
#3053=VERTEX_POINT('',#10025);
#3054=VERTEX_POINT('',#10029);
#3055=VERTEX_POINT('',#10031);
#3056=VERTEX_POINT('',#10035);
#3057=VERTEX_POINT('',#10037);
#3058=VERTEX_POINT('',#10041);
#3059=VERTEX_POINT('',#10043);
#3060=VERTEX_POINT('',#10047);
#3061=VERTEX_POINT('',#10049);
#3062=VERTEX_POINT('',#10053);
#3063=VERTEX_POINT('',#10055);
#3064=VERTEX_POINT('',#10059);
#3065=VERTEX_POINT('',#10061);
#3066=VERTEX_POINT('',#10065);
#3067=VERTEX_POINT('',#10067);
#3068=VERTEX_POINT('',#10071);
#3069=VERTEX_POINT('',#10073);
#3070=VERTEX_POINT('',#10077);
#3071=VERTEX_POINT('',#10079);
#3072=VERTEX_POINT('',#10083);
#3073=VERTEX_POINT('',#10085);
#3074=VERTEX_POINT('',#10089);
#3075=VERTEX_POINT('',#10091);
#3076=VERTEX_POINT('',#10095);
#3077=VERTEX_POINT('',#10097);
#3078=VERTEX_POINT('',#10101);
#3079=VERTEX_POINT('',#10103);
#3080=VERTEX_POINT('',#10107);
#3081=VERTEX_POINT('',#10109);
#3082=VERTEX_POINT('',#10113);
#3083=VERTEX_POINT('',#10114);
#3084=VERTEX_POINT('',#10116);
#3085=VERTEX_POINT('',#10118);
#3086=VERTEX_POINT('',#10122);
#3087=VERTEX_POINT('',#10124);
#3088=VERTEX_POINT('',#10128);
#3089=VERTEX_POINT('',#10130);
#3090=VERTEX_POINT('',#10137);
#3091=VERTEX_POINT('',#10138);
#3092=VERTEX_POINT('',#10140);
#3093=VERTEX_POINT('',#10142);
#3094=VERTEX_POINT('',#10146);
#3095=VERTEX_POINT('',#10148);
#3096=VERTEX_POINT('',#10152);
#3097=VERTEX_POINT('',#10154);
#3098=VERTEX_POINT('',#10164);
#3099=VERTEX_POINT('',#10166);
#3100=VERTEX_POINT('',#10170);
#3101=VERTEX_POINT('',#10171);
#3102=VERTEX_POINT('',#10173);
#3103=VERTEX_POINT('',#10175);
#3104=VERTEX_POINT('',#10179);
#3105=VERTEX_POINT('',#10181);
#3106=VERTEX_POINT('',#10185);
#3107=VERTEX_POINT('',#10187);
#3108=VERTEX_POINT('',#10191);
#3109=VERTEX_POINT('',#10192);
#3110=VERTEX_POINT('',#10194);
#3111=VERTEX_POINT('',#10196);
#3112=VERTEX_POINT('',#10200);
#3113=VERTEX_POINT('',#10202);
#3114=VERTEX_POINT('',#10206);
#3115=VERTEX_POINT('',#10208);
#3116=VERTEX_POINT('',#10212);
#3117=VERTEX_POINT('',#10214);
#3118=VERTEX_POINT('',#10218);
#3119=VERTEX_POINT('',#10219);
#3120=VERTEX_POINT('',#10221);
#3121=VERTEX_POINT('',#10223);
#3122=VERTEX_POINT('',#10227);
#3123=VERTEX_POINT('',#10229);
#3124=VERTEX_POINT('',#10233);
#3125=VERTEX_POINT('',#10235);
#3126=VERTEX_POINT('',#10239);
#3127=VERTEX_POINT('',#10240);
#3128=VERTEX_POINT('',#10242);
#3129=VERTEX_POINT('',#10244);
#3130=VERTEX_POINT('',#10254);
#3131=VERTEX_POINT('',#10255);
#3132=VERTEX_POINT('',#10257);
#3133=VERTEX_POINT('',#10259);
#3134=VERTEX_POINT('',#10263);
#3135=VERTEX_POINT('',#10265);
#3136=VERTEX_POINT('',#10269);
#3137=VERTEX_POINT('',#10271);
#3138=VERTEX_POINT('',#10287);
#3139=VERTEX_POINT('',#10289);
#3140=VERTEX_POINT('',#10293);
#3141=VERTEX_POINT('',#10294);
#3142=VERTEX_POINT('',#10296);
#3143=VERTEX_POINT('',#10298);
#3144=VERTEX_POINT('',#10302);
#3145=VERTEX_POINT('',#10304);
#3146=VERTEX_POINT('',#10308);
#3147=VERTEX_POINT('',#10310);
#3148=VERTEX_POINT('',#10314);
#3149=VERTEX_POINT('',#10315);
#3150=VERTEX_POINT('',#10317);
#3151=VERTEX_POINT('',#10319);
#3152=VERTEX_POINT('',#10323);
#3153=VERTEX_POINT('',#10325);
#3154=VERTEX_POINT('',#10329);
#3155=VERTEX_POINT('',#10331);
#3156=VERTEX_POINT('',#10335);
#3157=VERTEX_POINT('',#10337);
#3158=VERTEX_POINT('',#10341);
#3159=VERTEX_POINT('',#10342);
#3160=VERTEX_POINT('',#10344);
#3161=VERTEX_POINT('',#10346);
#3162=VERTEX_POINT('',#10350);
#3163=VERTEX_POINT('',#10352);
#3164=VERTEX_POINT('',#10356);
#3165=VERTEX_POINT('',#10358);
#3166=VERTEX_POINT('',#10362);
#3167=VERTEX_POINT('',#10363);
#3168=VERTEX_POINT('',#10365);
#3169=VERTEX_POINT('',#10367);
#3170=VERTEX_POINT('',#10377);
#3171=VERTEX_POINT('',#10378);
#3172=VERTEX_POINT('',#10380);
#3173=VERTEX_POINT('',#10382);
#3174=VERTEX_POINT('',#10386);
#3175=VERTEX_POINT('',#10388);
#3176=VERTEX_POINT('',#10392);
#3177=VERTEX_POINT('',#10394);
#3178=VERTEX_POINT('',#10410);
#3179=VERTEX_POINT('',#10411);
#3180=VERTEX_POINT('',#10413);
#3181=VERTEX_POINT('',#10415);
#3182=VERTEX_POINT('',#10417);
#3183=VERTEX_POINT('',#10419);
#3184=VERTEX_POINT('',#10421);
#3185=VERTEX_POINT('',#10423);
#3186=VERTEX_POINT('',#10425);
#3187=VERTEX_POINT('',#10427);
#3188=VERTEX_POINT('',#10429);
#3189=VERTEX_POINT('',#10431);
#3190=VERTEX_POINT('',#10433);
#3191=VERTEX_POINT('',#10435);
#3192=VERTEX_POINT('',#10437);
#3193=VERTEX_POINT('',#10439);
#3194=VERTEX_POINT('',#10441);
#3195=VERTEX_POINT('',#10443);
#3196=VERTEX_POINT('',#10445);
#3197=VERTEX_POINT('',#10447);
#3198=VERTEX_POINT('',#10449);
#3199=VERTEX_POINT('',#10451);
#3200=VERTEX_POINT('',#10453);
#3201=VERTEX_POINT('',#10455);
#3202=VERTEX_POINT('',#10457);
#3203=VERTEX_POINT('',#10459);
#3204=VERTEX_POINT('',#10461);
#3205=VERTEX_POINT('',#10463);
#3206=VERTEX_POINT('',#10465);
#3207=VERTEX_POINT('',#10467);
#3208=VERTEX_POINT('',#10469);
#3209=VERTEX_POINT('',#10471);
#3210=VERTEX_POINT('',#10473);
#3211=VERTEX_POINT('',#10475);
#3212=VERTEX_POINT('',#10477);
#3213=VERTEX_POINT('',#10479);
#3214=VERTEX_POINT('',#10481);
#3215=VERTEX_POINT('',#10483);
#3216=VERTEX_POINT('',#10485);
#3217=VERTEX_POINT('',#10487);
#3218=VERTEX_POINT('',#10489);
#3219=VERTEX_POINT('',#10491);
#3220=VERTEX_POINT('',#10493);
#3221=VERTEX_POINT('',#10495);
#3222=VERTEX_POINT('',#10497);
#3223=VERTEX_POINT('',#10499);
#3224=VERTEX_POINT('',#10501);
#3225=VERTEX_POINT('',#10503);
#3226=VERTEX_POINT('',#10505);
#3227=VERTEX_POINT('',#10507);
#3228=VERTEX_POINT('',#10509);
#3229=VERTEX_POINT('',#10511);
#3230=VERTEX_POINT('',#10513);
#3231=VERTEX_POINT('',#10515);
#3232=VERTEX_POINT('',#10517);
#3233=VERTEX_POINT('',#10519);
#3234=VERTEX_POINT('',#10521);
#3235=VERTEX_POINT('',#10523);
#3236=VERTEX_POINT('',#10525);
#3237=VERTEX_POINT('',#10527);
#3238=VERTEX_POINT('',#10529);
#3239=VERTEX_POINT('',#10531);
#3240=VERTEX_POINT('',#10533);
#3241=VERTEX_POINT('',#10535);
#3242=VERTEX_POINT('',#10537);
#3243=VERTEX_POINT('',#10539);
#3244=VERTEX_POINT('',#10541);
#3245=VERTEX_POINT('',#10543);
#3246=VERTEX_POINT('',#10545);
#3247=VERTEX_POINT('',#10547);
#3248=VERTEX_POINT('',#10549);
#3249=VERTEX_POINT('',#10551);
#3250=VERTEX_POINT('',#10553);
#3251=VERTEX_POINT('',#10555);
#3252=VERTEX_POINT('',#10557);
#3253=VERTEX_POINT('',#10559);
#3254=VERTEX_POINT('',#10562);
#3255=VERTEX_POINT('',#10565);
#3256=VERTEX_POINT('',#10566);
#3257=VERTEX_POINT('',#10568);
#3258=VERTEX_POINT('',#10570);
#3259=VERTEX_POINT('',#10572);
#3260=VERTEX_POINT('',#10574);
#3261=VERTEX_POINT('',#10576);
#3262=VERTEX_POINT('',#10578);
#3263=VERTEX_POINT('',#10580);
#3264=VERTEX_POINT('',#10582);
#3265=VERTEX_POINT('',#10584);
#3266=VERTEX_POINT('',#10586);
#3267=VERTEX_POINT('',#10588);
#3268=VERTEX_POINT('',#10590);
#3269=VERTEX_POINT('',#10592);
#3270=VERTEX_POINT('',#10594);
#3271=VERTEX_POINT('',#10596);
#3272=VERTEX_POINT('',#10598);
#3273=VERTEX_POINT('',#10600);
#3274=VERTEX_POINT('',#10602);
#3275=VERTEX_POINT('',#10604);
#3276=VERTEX_POINT('',#10606);
#3277=VERTEX_POINT('',#10608);
#3278=VERTEX_POINT('',#10610);
#3279=VERTEX_POINT('',#10612);
#3280=VERTEX_POINT('',#10614);
#3281=VERTEX_POINT('',#10616);
#3282=VERTEX_POINT('',#10618);
#3283=VERTEX_POINT('',#10620);
#3284=VERTEX_POINT('',#10622);
#3285=VERTEX_POINT('',#10624);
#3286=VERTEX_POINT('',#10626);
#3287=VERTEX_POINT('',#10628);
#3288=VERTEX_POINT('',#10630);
#3289=VERTEX_POINT('',#10632);
#3290=VERTEX_POINT('',#10634);
#3291=VERTEX_POINT('',#10636);
#3292=VERTEX_POINT('',#10638);
#3293=VERTEX_POINT('',#10640);
#3294=VERTEX_POINT('',#10642);
#3295=VERTEX_POINT('',#10644);
#3296=VERTEX_POINT('',#10646);
#3297=VERTEX_POINT('',#10648);
#3298=VERTEX_POINT('',#10650);
#3299=VERTEX_POINT('',#10652);
#3300=VERTEX_POINT('',#10654);
#3301=VERTEX_POINT('',#10656);
#3302=VERTEX_POINT('',#10658);
#3303=VERTEX_POINT('',#10660);
#3304=VERTEX_POINT('',#10662);
#3305=VERTEX_POINT('',#10664);
#3306=VERTEX_POINT('',#10666);
#3307=VERTEX_POINT('',#10668);
#3308=VERTEX_POINT('',#10670);
#3309=VERTEX_POINT('',#10672);
#3310=VERTEX_POINT('',#10674);
#3311=VERTEX_POINT('',#10676);
#3312=VERTEX_POINT('',#10678);
#3313=VERTEX_POINT('',#10680);
#3314=VERTEX_POINT('',#10682);
#3315=VERTEX_POINT('',#10684);
#3316=VERTEX_POINT('',#10686);
#3317=VERTEX_POINT('',#10688);
#3318=VERTEX_POINT('',#10690);
#3319=VERTEX_POINT('',#10692);
#3320=VERTEX_POINT('',#10694);
#3321=VERTEX_POINT('',#10696);
#3322=VERTEX_POINT('',#10698);
#3323=VERTEX_POINT('',#10700);
#3324=VERTEX_POINT('',#10702);
#3325=VERTEX_POINT('',#10704);
#3326=VERTEX_POINT('',#10706);
#3327=VERTEX_POINT('',#10708);
#3328=VERTEX_POINT('',#10710);
#3329=VERTEX_POINT('',#10712);
#3330=VERTEX_POINT('',#10714);
#3331=VERTEX_POINT('',#10717);
#3332=EDGE_CURVE('',#2760,#2761,#1366,.T.);
#3333=EDGE_CURVE('',#2760,#2762,#1367,.T.);
#3334=EDGE_CURVE('',#2763,#2762,#1368,.T.);
#3335=EDGE_CURVE('',#2761,#2763,#1369,.T.);
#3336=EDGE_CURVE('',#2764,#2760,#1370,.T.);
#3337=EDGE_CURVE('',#2765,#2764,#1371,.T.);
#3338=EDGE_CURVE('',#2762,#2765,#1372,.T.);
#3339=EDGE_CURVE('',#2761,#2766,#1373,.T.);
#3340=EDGE_CURVE('',#2767,#2763,#1374,.T.);
#3341=EDGE_CURVE('',#2766,#2767,#1375,.T.);
#3342=EDGE_CURVE('',#2768,#2769,#1376,.T.);
#3343=EDGE_CURVE('',#2768,#2770,#1377,.T.);
#3344=EDGE_CURVE('',#2771,#2770,#1378,.T.);
#3345=EDGE_CURVE('',#2769,#2771,#1379,.T.);
#3346=EDGE_CURVE('',#2772,#2768,#1380,.T.);
#3347=EDGE_CURVE('',#2773,#2772,#1381,.T.);
#3348=EDGE_CURVE('',#2770,#2773,#1382,.T.);
#3349=EDGE_CURVE('',#2769,#2774,#1383,.T.);
#3350=EDGE_CURVE('',#2775,#2771,#1384,.T.);
#3351=EDGE_CURVE('',#2774,#2775,#1385,.T.);
#3352=EDGE_CURVE('',#2776,#2777,#1386,.T.);
#3353=EDGE_CURVE('',#2776,#2778,#1387,.T.);
#3354=EDGE_CURVE('',#2779,#2778,#1388,.T.);
#3355=EDGE_CURVE('',#2777,#2779,#1389,.T.);
#3356=EDGE_CURVE('',#2780,#2776,#1390,.T.);
#3357=EDGE_CURVE('',#2781,#2780,#1391,.T.);
#3358=EDGE_CURVE('',#2778,#2781,#1392,.T.);
#3359=EDGE_CURVE('',#2777,#2782,#1393,.T.);
#3360=EDGE_CURVE('',#2783,#2779,#1394,.T.);
#3361=EDGE_CURVE('',#2782,#2783,#1395,.T.);
#3362=EDGE_CURVE('',#2784,#2785,#1396,.T.);
#3363=EDGE_CURVE('',#2784,#2786,#1397,.T.);
#3364=EDGE_CURVE('',#2787,#2786,#1398,.T.);
#3365=EDGE_CURVE('',#2785,#2787,#1399,.T.);
#3366=EDGE_CURVE('',#2788,#2784,#1400,.T.);
#3367=EDGE_CURVE('',#2789,#2788,#1401,.T.);
#3368=EDGE_CURVE('',#2786,#2789,#1402,.T.);
#3369=EDGE_CURVE('',#2785,#2790,#1403,.T.);
#3370=EDGE_CURVE('',#2791,#2787,#1404,.T.);
#3371=EDGE_CURVE('',#2790,#2791,#1405,.T.);
#3372=EDGE_CURVE('',#2792,#2793,#1406,.T.);
#3373=EDGE_CURVE('',#2792,#2794,#1407,.T.);
#3374=EDGE_CURVE('',#2795,#2794,#1408,.T.);
#3375=EDGE_CURVE('',#2793,#2795,#1409,.T.);
#3376=EDGE_CURVE('',#2796,#2792,#1410,.T.);
#3377=EDGE_CURVE('',#2797,#2796,#1411,.T.);
#3378=EDGE_CURVE('',#2794,#2797,#1412,.T.);
#3379=EDGE_CURVE('',#2793,#2798,#1413,.T.);
#3380=EDGE_CURVE('',#2799,#2795,#1414,.T.);
#3381=EDGE_CURVE('',#2798,#2799,#1415,.T.);
#3382=EDGE_CURVE('',#2800,#2801,#1416,.T.);
#3383=EDGE_CURVE('',#2800,#2802,#1417,.T.);
#3384=EDGE_CURVE('',#2803,#2802,#1418,.T.);
#3385=EDGE_CURVE('',#2801,#2803,#1419,.T.);
#3386=EDGE_CURVE('',#2804,#2800,#1420,.T.);
#3387=EDGE_CURVE('',#2805,#2804,#1421,.T.);
#3388=EDGE_CURVE('',#2802,#2805,#1422,.T.);
#3389=EDGE_CURVE('',#2801,#2806,#1423,.T.);
#3390=EDGE_CURVE('',#2807,#2803,#1424,.T.);
#3391=EDGE_CURVE('',#2806,#2807,#1425,.T.);
#3392=EDGE_CURVE('',#2808,#2809,#1426,.T.);
#3393=EDGE_CURVE('',#2808,#2810,#1427,.T.);
#3394=EDGE_CURVE('',#2811,#2810,#1428,.T.);
#3395=EDGE_CURVE('',#2809,#2811,#1429,.T.);
#3396=EDGE_CURVE('',#2812,#2808,#1430,.T.);
#3397=EDGE_CURVE('',#2813,#2812,#1431,.T.);
#3398=EDGE_CURVE('',#2810,#2813,#1432,.T.);
#3399=EDGE_CURVE('',#2809,#2814,#1433,.T.);
#3400=EDGE_CURVE('',#2815,#2811,#1434,.T.);
#3401=EDGE_CURVE('',#2814,#2815,#1435,.T.);
#3402=EDGE_CURVE('',#2816,#2817,#1436,.T.);
#3403=EDGE_CURVE('',#2816,#2818,#1437,.T.);
#3404=EDGE_CURVE('',#2819,#2818,#1438,.T.);
#3405=EDGE_CURVE('',#2817,#2819,#1439,.T.);
#3406=EDGE_CURVE('',#2820,#2816,#1440,.T.);
#3407=EDGE_CURVE('',#2821,#2820,#1441,.T.);
#3408=EDGE_CURVE('',#2818,#2821,#1442,.T.);
#3409=EDGE_CURVE('',#2817,#2822,#1443,.T.);
#3410=EDGE_CURVE('',#2823,#2819,#1444,.T.);
#3411=EDGE_CURVE('',#2822,#2823,#1445,.T.);
#3412=EDGE_CURVE('',#2824,#2825,#1446,.T.);
#3413=EDGE_CURVE('',#2824,#2826,#1447,.T.);
#3414=EDGE_CURVE('',#2827,#2826,#1448,.T.);
#3415=EDGE_CURVE('',#2825,#2827,#1449,.T.);
#3416=EDGE_CURVE('',#2828,#2824,#1450,.T.);
#3417=EDGE_CURVE('',#2829,#2828,#1451,.T.);
#3418=EDGE_CURVE('',#2826,#2829,#1452,.T.);
#3419=EDGE_CURVE('',#2825,#2830,#1453,.T.);
#3420=EDGE_CURVE('',#2831,#2827,#1454,.T.);
#3421=EDGE_CURVE('',#2830,#2831,#1455,.T.);
#3422=EDGE_CURVE('',#2799,#2765,#1456,.T.);
#3423=EDGE_CURVE('',#2831,#2797,#1457,.T.);
#3424=EDGE_CURVE('',#2832,#2829,#1458,.T.);
#3425=EDGE_CURVE('',#2833,#2832,#1459,.T.);
#3426=EDGE_CURVE('',#2834,#2833,#1460,.T.);
#3427=EDGE_CURVE('',#2835,#2834,#1461,.T.);
#3428=EDGE_CURVE('',#2815,#2835,#1462,.T.);
#3429=EDGE_CURVE('',#2783,#2813,#1463,.T.);
#3430=EDGE_CURVE('',#2775,#2781,#1464,.T.);
#3431=EDGE_CURVE('',#2807,#2773,#1465,.T.);
#3432=EDGE_CURVE('',#2823,#2805,#1466,.T.);
#3433=EDGE_CURVE('',#2791,#2821,#1467,.T.);
#3434=EDGE_CURVE('',#2767,#2789,#1468,.T.);
#3435=EDGE_CURVE('',#2836,#2828,#1469,.T.);
#3436=EDGE_CURVE('',#2832,#2836,#1470,.T.);
#3437=EDGE_CURVE('',#2835,#2837,#1471,.T.);
#3438=EDGE_CURVE('',#2814,#2837,#1472,.T.);
#3439=EDGE_CURVE('',#2822,#2804,#1473,.T.);
#3440=EDGE_CURVE('',#2830,#2796,#1474,.T.);
#3441=EDGE_CURVE('',#2790,#2820,#1475,.T.);
#3442=EDGE_CURVE('',#2782,#2812,#1476,.T.);
#3443=EDGE_CURVE('',#2806,#2772,#1477,.T.);
#3444=EDGE_CURVE('',#2774,#2780,#1478,.T.);
#3445=EDGE_CURVE('',#2798,#2764,#1479,.T.);
#3446=EDGE_CURVE('',#2766,#2788,#1480,.T.);
#3447=EDGE_CURVE('',#2838,#2836,#1481,.T.);
#3448=EDGE_CURVE('',#2833,#2838,#1482,.T.);
#3449=EDGE_CURVE('',#2839,#2838,#1483,.T.);
#3450=EDGE_CURVE('',#2834,#2839,#1484,.T.);
#3451=EDGE_CURVE('',#2837,#2839,#1485,.T.);
#3452=EDGE_CURVE('',#2840,#2841,#1486,.T.);
#3453=EDGE_CURVE('',#2842,#2840,#1487,.T.);
#3454=EDGE_CURVE('',#2843,#2842,#1488,.T.);
#3455=EDGE_CURVE('',#2841,#2843,#1489,.T.);
#3456=EDGE_CURVE('',#2844,#2845,#1490,.T.);
#3457=EDGE_CURVE('',#2846,#2844,#1491,.T.);
#3458=EDGE_CURVE('',#2847,#2846,#1492,.T.);
#3459=EDGE_CURVE('',#2847,#2845,#1493,.T.);
#3460=EDGE_CURVE('',#2845,#2840,#1494,.T.);
#3461=EDGE_CURVE('',#2842,#2847,#1495,.T.);
#3462=EDGE_CURVE('',#2848,#2849,#1496,.T.);
#3463=EDGE_CURVE('',#2850,#2848,#1497,.T.);
#3464=EDGE_CURVE('',#2851,#2850,#1498,.T.);
#3465=EDGE_CURVE('',#2849,#2851,#1499,.T.);
#3466=EDGE_CURVE('',#2852,#2853,#1500,.T.);
#3467=EDGE_CURVE('',#2854,#2852,#1501,.T.);
#3468=EDGE_CURVE('',#2855,#2854,#1502,.T.);
#3469=EDGE_CURVE('',#2855,#2853,#1503,.T.);
#3470=EDGE_CURVE('',#2853,#2848,#1504,.T.);
#3471=EDGE_CURVE('',#2850,#2855,#1505,.T.);
#3472=EDGE_CURVE('',#2856,#2857,#1506,.T.);
#3473=EDGE_CURVE('',#2858,#2856,#1507,.T.);
#3474=EDGE_CURVE('',#2859,#2858,#1508,.T.);
#3475=EDGE_CURVE('',#2857,#2859,#1509,.T.);
#3476=EDGE_CURVE('',#2860,#2861,#1510,.T.);
#3477=EDGE_CURVE('',#2862,#2860,#1511,.T.);
#3478=EDGE_CURVE('',#2863,#2862,#1512,.T.);
#3479=EDGE_CURVE('',#2863,#2861,#1513,.T.);
#3480=EDGE_CURVE('',#2861,#2856,#1514,.T.);
#3481=EDGE_CURVE('',#2858,#2863,#1515,.T.);
#3482=EDGE_CURVE('',#2864,#2865,#1516,.T.);
#3483=EDGE_CURVE('',#2866,#2864,#1517,.T.);
#3484=EDGE_CURVE('',#2867,#2866,#1518,.T.);
#3485=EDGE_CURVE('',#2865,#2867,#1519,.T.);
#3486=EDGE_CURVE('',#2868,#2869,#1520,.T.);
#3487=EDGE_CURVE('',#2870,#2868,#1521,.T.);
#3488=EDGE_CURVE('',#2871,#2870,#1522,.T.);
#3489=EDGE_CURVE('',#2871,#2869,#1523,.T.);
#3490=EDGE_CURVE('',#2869,#2864,#1524,.T.);
#3491=EDGE_CURVE('',#2866,#2871,#1525,.T.);
#3492=EDGE_CURVE('',#2868,#2872,#1526,.T.);
#3493=EDGE_CURVE('',#2872,#2873,#1527,.T.);
#3494=EDGE_CURVE('',#2870,#2873,#1528,.T.);
#3495=EDGE_CURVE('',#2874,#2859,#1529,.T.);
#3496=EDGE_CURVE('',#2875,#2874,#1530,.T.);
#3497=EDGE_CURVE('',#2875,#2857,#1531,.T.);
#3498=EDGE_CURVE('',#2852,#2865,#1532,.T.);
#3499=EDGE_CURVE('',#2854,#2867,#1533,.T.);
#3500=EDGE_CURVE('',#2862,#2843,#1534,.T.);
#3501=EDGE_CURVE('',#2860,#2841,#1535,.T.);
#3502=EDGE_CURVE('',#2844,#2849,#1536,.T.);
#3503=EDGE_CURVE('',#2846,#2851,#1537,.T.);
#3504=EDGE_CURVE('',#2876,#2875,#1538,.T.);
#3505=EDGE_CURVE('',#2877,#2876,#1539,.T.);
#3506=EDGE_CURVE('',#2872,#2877,#1540,.T.);
#3507=EDGE_CURVE('',#2878,#2874,#1541,.T.);
#3508=EDGE_CURVE('',#2876,#2878,#1542,.T.);
#3509=EDGE_CURVE('',#2879,#2878,#1543,.T.);
#3510=EDGE_CURVE('',#2877,#2879,#1544,.T.);
#3511=EDGE_CURVE('',#2873,#2879,#1545,.T.);
#3512=EDGE_CURVE('',#2880,#2881,#1546,.T.);
#3513=EDGE_CURVE('',#2881,#2882,#1547,.T.);
#3514=EDGE_CURVE('',#2883,#2882,#1548,.T.);
#3515=EDGE_CURVE('',#2880,#2883,#1549,.T.);
#3516=EDGE_CURVE('',#2884,#2880,#1550,.T.);
#3517=EDGE_CURVE('',#2885,#2883,#1551,.T.);
#3518=EDGE_CURVE('',#2884,#2885,#1552,.T.);
#3519=EDGE_CURVE('',#2886,#2884,#1553,.T.);
#3520=EDGE_CURVE('',#2887,#2885,#1554,.T.);
#3521=EDGE_CURVE('',#2886,#2887,#1555,.T.);
#3522=EDGE_CURVE('',#2881,#2886,#1556,.T.);
#3523=EDGE_CURVE('',#2882,#2887,#1557,.T.);
#3524=EDGE_CURVE('',#2888,#2889,#214,.T.);
#3525=EDGE_CURVE('',#2889,#2890,#204,.T.);
#3526=EDGE_CURVE('',#2890,#2888,#205,.T.);
#3527=EDGE_CURVE('',#2891,#2892,#215,.T.);
#3528=EDGE_CURVE('',#2891,#2889,#1558,.T.);
#3529=EDGE_CURVE('',#2888,#2892,#1559,.T.);
#3530=EDGE_CURVE('',#2889,#2893,#1560,.T.);
#3531=EDGE_CURVE('',#2893,#2894,#206,.T.);
#3532=EDGE_CURVE('',#2894,#2890,#1561,.T.);
#3533=EDGE_CURVE('',#2891,#2895,#1562,.T.);
#3534=EDGE_CURVE('',#2893,#2895,#1563,.T.);
#3535=EDGE_CURVE('',#2896,#2897,#216,.T.);
#3536=EDGE_CURVE('',#2897,#2898,#1564,.T.);
#3537=EDGE_CURVE('',#2898,#2899,#217,.T.);
#3538=EDGE_CURVE('',#2899,#2896,#1565,.T.);
#3539=EDGE_CURVE('',#2900,#2898,#1566,.T.);
#3540=EDGE_CURVE('',#2901,#2900,#218,.T.);
#3541=EDGE_CURVE('',#2902,#2901,#1567,.T.);
#3542=EDGE_CURVE('',#2902,#2903,#1568,.T.);
#3543=EDGE_CURVE('',#2904,#2903,#1569,.T.);
#3544=EDGE_CURVE('',#2904,#2905,#1570,.T.);
#3545=EDGE_CURVE('',#2906,#2905,#219,.T.);
#3546=EDGE_CURVE('',#2907,#2906,#1571,.T.);
#3547=EDGE_CURVE('',#2907,#2899,#1572,.T.);
#3548=EDGE_CURVE('',#2897,#2908,#1573,.T.);
#3549=EDGE_CURVE('',#2900,#2908,#1574,.T.);
#3550=EDGE_CURVE('',#2908,#2909,#220,.T.);
#3551=EDGE_CURVE('',#2909,#2901,#1575,.T.);
#3552=EDGE_CURVE('',#2910,#2911,#221,.T.);
#3553=EDGE_CURVE('',#2911,#2912,#1576,.T.);
#3554=EDGE_CURVE('',#2912,#2913,#222,.T.);
#3555=EDGE_CURVE('',#2913,#2910,#1577,.T.);
#3556=EDGE_CURVE('',#2911,#2914,#1578,.T.);
#3557=EDGE_CURVE('',#2914,#2903,#1579,.T.);
#3558=EDGE_CURVE('',#2903,#2915,#1580,.T.);
#3559=EDGE_CURVE('',#2915,#2912,#1581,.T.);
#3560=EDGE_CURVE('',#2916,#2916,#223,.T.);
#3561=EDGE_CURVE('',#2917,#2910,#1582,.T.);
#3562=EDGE_CURVE('',#2917,#2918,#1583,.T.);
#3563=EDGE_CURVE('',#2918,#2914,#1584,.T.);
#3564=EDGE_CURVE('',#2895,#2919,#207,.T.);
#3565=EDGE_CURVE('',#2919,#2894,#1585,.T.);
#3566=EDGE_CURVE('',#2895,#2920,#1586,.T.);
#3567=EDGE_CURVE('',#2920,#2921,#208,.T.);
#3568=EDGE_CURVE('',#2921,#2919,#1587,.T.);
#3569=EDGE_CURVE('',#2920,#2922,#1588,.T.);
#3570=EDGE_CURVE('',#2922,#2923,#224,.F.);
#3571=EDGE_CURVE('',#2923,#2921,#1589,.T.);
#3572=EDGE_CURVE('',#2890,#2906,#1590,.T.);
#3573=EDGE_CURVE('',#2905,#2888,#1591,.T.);
#3574=EDGE_CURVE('',#2924,#2894,#1592,.T.);
#3575=EDGE_CURVE('',#2924,#2925,#1593,.T.);
#3576=EDGE_CURVE('',#2925,#2907,#1594,.T.);
#3577=EDGE_CURVE('',#2926,#2921,#1595,.T.);
#3578=EDGE_CURVE('',#2927,#2926,#1596,.T.);
#3579=EDGE_CURVE('',#2927,#2924,#1597,.T.);
#3580=EDGE_CURVE('',#2928,#2923,#1598,.T.);
#3581=EDGE_CURVE('',#2926,#2928,#1599,.T.);
#3582=EDGE_CURVE('',#2922,#2892,#1600,.T.);
#3583=EDGE_CURVE('',#2918,#2904,#1601,.T.);
#3584=EDGE_CURVE('',#2928,#2917,#1602,.T.);
#3585=EDGE_CURVE('',#2929,#2929,#225,.T.);
#3586=EDGE_CURVE('',#2930,#2909,#1603,.T.);
#3587=EDGE_CURVE('',#2902,#2930,#1604,.T.);
#3588=EDGE_CURVE('',#2915,#2930,#1605,.T.);
#3589=EDGE_CURVE('',#2896,#2925,#1606,.T.);
#3590=EDGE_CURVE('',#2916,#2929,#1607,.T.);
#3591=EDGE_CURVE('',#2913,#2927,#1608,.T.);
#3592=EDGE_CURVE('',#2931,#2931,#226,.T.);
#3593=EDGE_CURVE('',#2931,#2932,#1609,.T.);
#3594=EDGE_CURVE('',#2932,#2932,#227,.T.);
#3595=EDGE_CURVE('',#2933,#2933,#228,.T.);
#3596=EDGE_CURVE('',#2933,#2934,#1610,.T.);
#3597=EDGE_CURVE('',#2934,#2934,#229,.T.);
#3598=EDGE_CURVE('',#2935,#2935,#230,.T.);
#3599=EDGE_CURVE('',#2935,#2936,#1611,.T.);
#3600=EDGE_CURVE('',#2936,#2936,#231,.T.);
#3601=EDGE_CURVE('',#2937,#2937,#232,.T.);
#3602=EDGE_CURVE('',#2937,#2938,#1612,.T.);
#3603=EDGE_CURVE('',#2938,#2938,#233,.T.);
#3604=EDGE_CURVE('',#2939,#2939,#234,.T.);
#3605=EDGE_CURVE('',#2939,#2940,#1613,.T.);
#3606=EDGE_CURVE('',#2940,#2940,#235,.T.);
#3607=EDGE_CURVE('',#2941,#2941,#236,.T.);
#3608=EDGE_CURVE('',#2941,#2942,#1614,.T.);
#3609=EDGE_CURVE('',#2942,#2942,#237,.T.);
#3610=EDGE_CURVE('',#2943,#2943,#238,.T.);
#3611=EDGE_CURVE('',#2943,#2944,#1615,.T.);
#3612=EDGE_CURVE('',#2944,#2944,#239,.T.);
#3613=EDGE_CURVE('',#2945,#2946,#1616,.T.);
#3614=EDGE_CURVE('',#2945,#2947,#1617,.T.);
#3615=EDGE_CURVE('',#2948,#2947,#1618,.T.);
#3616=EDGE_CURVE('',#2946,#2948,#1619,.T.);
#3617=EDGE_CURVE('',#2949,#2948,#1620,.T.);
#3618=EDGE_CURVE('',#2947,#2950,#1621,.T.);
#3619=EDGE_CURVE('',#2949,#2950,#1622,.T.);
#3620=EDGE_CURVE('',#2951,#2951,#240,.T.);
#3621=EDGE_CURVE('',#2951,#2952,#1623,.T.);
#3622=EDGE_CURVE('',#2952,#2952,#241,.T.);
#3623=EDGE_CURVE('',#2953,#2954,#1624,.T.);
#3624=EDGE_CURVE('',#2953,#2955,#1625,.T.);
#3625=EDGE_CURVE('',#2956,#2955,#1626,.T.);
#3626=EDGE_CURVE('',#2954,#2956,#1627,.T.);
#3627=EDGE_CURVE('',#2955,#2957,#1628,.T.);
#3628=EDGE_CURVE('',#2958,#2957,#1629,.T.);
#3629=EDGE_CURVE('',#2958,#2956,#1630,.T.);
#3630=EDGE_CURVE('',#2959,#2957,#1631,.T.);
#3631=EDGE_CURVE('',#2959,#2960,#1632,.T.);
#3632=EDGE_CURVE('',#2960,#2958,#1633,.T.);
#3633=EDGE_CURVE('',#2961,#2961,#242,.T.);
#3634=EDGE_CURVE('',#2961,#2962,#1634,.T.);
#3635=EDGE_CURVE('',#2962,#2962,#243,.T.);
#3636=EDGE_CURVE('',#2963,#2964,#1635,.T.);
#3637=EDGE_CURVE('',#2963,#2965,#1636,.T.);
#3638=EDGE_CURVE('',#2966,#2965,#1637,.T.);
#3639=EDGE_CURVE('',#2964,#2966,#1638,.T.);
#3640=EDGE_CURVE('',#2965,#2967,#1639,.T.);
#3641=EDGE_CURVE('',#2968,#2967,#1640,.T.);
#3642=EDGE_CURVE('',#2968,#2966,#1641,.T.);
#3643=EDGE_CURVE('',#2969,#2969,#244,.T.);
#3644=EDGE_CURVE('',#2969,#2970,#1642,.T.);
#3645=EDGE_CURVE('',#2970,#2970,#245,.T.);
#3646=EDGE_CURVE('',#2971,#2972,#1643,.T.);
#3647=EDGE_CURVE('',#2971,#2973,#1644,.T.);
#3648=EDGE_CURVE('',#2974,#2973,#1645,.T.);
#3649=EDGE_CURVE('',#2972,#2974,#1646,.T.);
#3650=EDGE_CURVE('',#2959,#2974,#1647,.T.);
#3651=EDGE_CURVE('',#2973,#2960,#1648,.T.);
#3652=EDGE_CURVE('',#2968,#2950,#1649,.T.);
#3653=EDGE_CURVE('',#2967,#2949,#1650,.T.);
#3654=EDGE_CURVE('',#2975,#2975,#246,.T.);
#3655=EDGE_CURVE('',#2975,#2976,#1651,.T.);
#3656=EDGE_CURVE('',#2976,#2976,#247,.T.);
#3657=EDGE_CURVE('',#2977,#2977,#248,.T.);
#3658=EDGE_CURVE('',#2977,#2978,#1652,.T.);
#3659=EDGE_CURVE('',#2978,#2978,#249,.T.);
#3660=EDGE_CURVE('',#2979,#2979,#250,.T.);
#3661=EDGE_CURVE('',#2979,#2980,#1653,.T.);
#3662=EDGE_CURVE('',#2980,#2980,#251,.T.);
#3663=EDGE_CURVE('',#2981,#2981,#252,.T.);
#3664=EDGE_CURVE('',#2981,#2982,#1654,.T.);
#3665=EDGE_CURVE('',#2982,#2982,#253,.T.);
#3666=EDGE_CURVE('',#2983,#2983,#254,.T.);
#3667=EDGE_CURVE('',#2983,#2984,#1655,.T.);
#3668=EDGE_CURVE('',#2984,#2984,#255,.T.);
#3669=EDGE_CURVE('',#2985,#2985,#256,.T.);
#3670=EDGE_CURVE('',#2985,#2986,#1656,.T.);
#3671=EDGE_CURVE('',#2986,#2986,#257,.T.);
#3672=EDGE_CURVE('',#2987,#2987,#258,.T.);
#3673=EDGE_CURVE('',#2987,#2988,#1657,.T.);
#3674=EDGE_CURVE('',#2988,#2988,#259,.T.);
#3675=EDGE_CURVE('',#2989,#2989,#260,.T.);
#3676=EDGE_CURVE('',#2989,#2990,#1658,.T.);
#3677=EDGE_CURVE('',#2990,#2990,#261,.T.);
#3678=EDGE_CURVE('',#2991,#2991,#262,.T.);
#3679=EDGE_CURVE('',#2991,#2992,#1659,.T.);
#3680=EDGE_CURVE('',#2992,#2992,#263,.T.);
#3681=EDGE_CURVE('',#2993,#2993,#264,.T.);
#3682=EDGE_CURVE('',#2993,#2994,#1660,.T.);
#3683=EDGE_CURVE('',#2994,#2994,#265,.T.);
#3684=EDGE_CURVE('',#2995,#2995,#266,.T.);
#3685=EDGE_CURVE('',#2995,#2996,#1661,.T.);
#3686=EDGE_CURVE('',#2996,#2996,#267,.T.);
#3687=EDGE_CURVE('',#2997,#2997,#268,.T.);
#3688=EDGE_CURVE('',#2997,#2998,#1662,.T.);
#3689=EDGE_CURVE('',#2998,#2998,#269,.T.);
#3690=EDGE_CURVE('',#2999,#3000,#1663,.T.);
#3691=EDGE_CURVE('',#3000,#3001,#1664,.T.);
#3692=EDGE_CURVE('',#3002,#3001,#1665,.T.);
#3693=EDGE_CURVE('',#2999,#3002,#1666,.T.);
#3694=EDGE_CURVE('',#3003,#2999,#1667,.T.);
#3695=EDGE_CURVE('',#3004,#3002,#1668,.T.);
#3696=EDGE_CURVE('',#3003,#3004,#1669,.T.);
#3697=EDGE_CURVE('',#3005,#3003,#1670,.T.);
#3698=EDGE_CURVE('',#3006,#3004,#1671,.T.);
#3699=EDGE_CURVE('',#3005,#3006,#1672,.T.);
#3700=EDGE_CURVE('',#3000,#3005,#1673,.T.);
#3701=EDGE_CURVE('',#3001,#3006,#1674,.T.);
#3702=EDGE_CURVE('',#2964,#2971,#1675,.T.);
#3703=EDGE_CURVE('',#2954,#2945,#1676,.T.);
#3704=EDGE_CURVE('',#2963,#2972,#1677,.T.);
#3705=EDGE_CURVE('',#2946,#2953,#1678,.T.);
#3706=EDGE_CURVE('',#3007,#3008,#270,.T.);
#3707=EDGE_CURVE('',#3008,#3009,#209,.T.);
#3708=EDGE_CURVE('',#3009,#3007,#210,.T.);
#3709=EDGE_CURVE('',#3010,#3011,#271,.T.);
#3710=EDGE_CURVE('',#3010,#3008,#1679,.T.);
#3711=EDGE_CURVE('',#3007,#3011,#1680,.T.);
#3712=EDGE_CURVE('',#3012,#3008,#1681,.T.);
#3713=EDGE_CURVE('',#3013,#3012,#272,.T.);
#3714=EDGE_CURVE('',#3009,#3013,#1682,.T.);
#3715=EDGE_CURVE('',#3014,#3010,#1683,.T.);
#3716=EDGE_CURVE('',#3014,#3015,#273,.F.);
#3717=EDGE_CURVE('',#3016,#3015,#1684,.T.);
#3718=EDGE_CURVE('',#3016,#3017,#1685,.T.);
#3719=EDGE_CURVE('',#3017,#3018,#1686,.T.);
#3720=EDGE_CURVE('',#3018,#3019,#1687,.T.);
#3721=EDGE_CURVE('',#3019,#3012,#1688,.T.);
#3722=EDGE_CURVE('',#3020,#3020,#274,.T.);
#3723=EDGE_CURVE('',#3021,#3022,#275,.T.);
#3724=EDGE_CURVE('',#3023,#3021,#1689,.T.);
#3725=EDGE_CURVE('',#3024,#3023,#276,.T.);
#3726=EDGE_CURVE('',#3022,#3024,#1690,.T.);
#3727=EDGE_CURVE('',#3025,#3023,#1691,.T.);
#3728=EDGE_CURVE('',#3025,#3013,#1692,.T.);
#3729=EDGE_CURVE('',#3019,#3026,#1693,.T.);
#3730=EDGE_CURVE('',#3027,#3026,#1694,.T.);
#3731=EDGE_CURVE('',#3027,#3028,#1695,.T.);
#3732=EDGE_CURVE('',#3028,#3029,#277,.T.);
#3733=EDGE_CURVE('',#3029,#3024,#1696,.T.);
#3734=EDGE_CURVE('',#3029,#3030,#1697,.T.);
#3735=EDGE_CURVE('',#3022,#3030,#1698,.T.);
#3736=EDGE_CURVE('',#3031,#3028,#1699,.T.);
#3737=EDGE_CURVE('',#3030,#3031,#278,.T.);
#3738=EDGE_CURVE('',#3032,#3033,#279,.T.);
#3739=EDGE_CURVE('',#3034,#3032,#1700,.T.);
#3740=EDGE_CURVE('',#3035,#3034,#280,.T.);
#3741=EDGE_CURVE('',#3033,#3035,#1701,.T.);
#3742=EDGE_CURVE('',#3036,#3035,#1702,.T.);
#3743=EDGE_CURVE('',#3026,#3036,#1703,.T.);
#3744=EDGE_CURVE('',#3037,#3026,#1704,.T.);
#3745=EDGE_CURVE('',#3033,#3037,#1705,.T.);
#3746=EDGE_CURVE('',#3038,#3038,#281,.T.);
#3747=EDGE_CURVE('',#3018,#3037,#1706,.T.);
#3748=EDGE_CURVE('',#3017,#3032,#1707,.T.);
#3749=EDGE_CURVE('',#3039,#3009,#1708,.T.);
#3750=EDGE_CURVE('',#3040,#3039,#211,.T.);
#3751=EDGE_CURVE('',#3007,#3040,#1709,.T.);
#3752=EDGE_CURVE('',#3040,#3041,#1710,.T.);
#3753=EDGE_CURVE('',#3042,#3039,#1711,.T.);
#3754=EDGE_CURVE('',#3041,#3042,#212,.T.);
#3755=EDGE_CURVE('',#3041,#3043,#1712,.T.);
#3756=EDGE_CURVE('',#3044,#3042,#1713,.T.);
#3757=EDGE_CURVE('',#3043,#3044,#213,.T.);
#3758=EDGE_CURVE('',#3043,#3014,#1714,.T.);
#3759=EDGE_CURVE('',#3015,#3044,#1715,.T.);
#3760=EDGE_CURVE('',#3045,#3025,#1716,.T.);
#3761=EDGE_CURVE('',#3046,#3045,#1717,.T.);
#3762=EDGE_CURVE('',#3046,#3039,#1718,.T.);
#3763=EDGE_CURVE('',#3047,#3046,#1719,.T.);
#3764=EDGE_CURVE('',#3047,#3048,#1720,.T.);
#3765=EDGE_CURVE('',#3048,#3044,#1721,.T.);
#3766=EDGE_CURVE('',#3048,#3016,#1722,.T.);
#3767=EDGE_CURVE('',#3011,#3041,#1723,.T.);
#3768=EDGE_CURVE('',#3027,#3049,#1724,.T.);
#3769=EDGE_CURVE('',#3049,#3031,#1725,.T.);
#3770=EDGE_CURVE('',#3036,#3049,#1726,.T.);
#3771=EDGE_CURVE('',#3021,#3045,#1727,.T.);
#3772=EDGE_CURVE('',#3038,#3020,#1728,.T.);
#3773=EDGE_CURVE('',#3034,#3047,#1729,.T.);
#3774=EDGE_CURVE('',#3050,#3050,#282,.T.);
#3775=EDGE_CURVE('',#3050,#3051,#1730,.T.);
#3776=EDGE_CURVE('',#3051,#3051,#283,.T.);
#3777=EDGE_CURVE('',#3052,#3052,#284,.T.);
#3778=EDGE_CURVE('',#3052,#3053,#1731,.T.);
#3779=EDGE_CURVE('',#3053,#3053,#285,.T.);
#3780=EDGE_CURVE('',#3054,#3054,#286,.T.);
#3781=EDGE_CURVE('',#3054,#3055,#1732,.T.);
#3782=EDGE_CURVE('',#3055,#3055,#287,.T.);
#3783=EDGE_CURVE('',#3056,#3056,#288,.T.);
#3784=EDGE_CURVE('',#3056,#3057,#1733,.T.);
#3785=EDGE_CURVE('',#3057,#3057,#289,.T.);
#3786=EDGE_CURVE('',#3058,#3058,#290,.T.);
#3787=EDGE_CURVE('',#3058,#3059,#1734,.T.);
#3788=EDGE_CURVE('',#3059,#3059,#291,.T.);
#3789=EDGE_CURVE('',#3060,#3060,#292,.T.);
#3790=EDGE_CURVE('',#3060,#3061,#1735,.T.);
#3791=EDGE_CURVE('',#3061,#3061,#293,.T.);
#3792=EDGE_CURVE('',#3062,#3062,#294,.T.);
#3793=EDGE_CURVE('',#3062,#3063,#1736,.T.);
#3794=EDGE_CURVE('',#3063,#3063,#295,.T.);
#3795=EDGE_CURVE('',#3064,#3064,#296,.T.);
#3796=EDGE_CURVE('',#3064,#3065,#1737,.T.);
#3797=EDGE_CURVE('',#3065,#3065,#297,.T.);
#3798=EDGE_CURVE('',#3066,#3066,#298,.T.);
#3799=EDGE_CURVE('',#3066,#3067,#1738,.T.);
#3800=EDGE_CURVE('',#3067,#3067,#299,.T.);
#3801=EDGE_CURVE('',#3068,#3068,#300,.T.);
#3802=EDGE_CURVE('',#3068,#3069,#1739,.T.);
#3803=EDGE_CURVE('',#3069,#3069,#301,.T.);
#3804=EDGE_CURVE('',#3070,#3070,#302,.T.);
#3805=EDGE_CURVE('',#3070,#3071,#1740,.T.);
#3806=EDGE_CURVE('',#3071,#3071,#303,.T.);
#3807=EDGE_CURVE('',#3072,#3072,#304,.T.);
#3808=EDGE_CURVE('',#3072,#3073,#1741,.T.);
#3809=EDGE_CURVE('',#3073,#3073,#305,.T.);
#3810=EDGE_CURVE('',#3074,#3074,#306,.T.);
#3811=EDGE_CURVE('',#3074,#3075,#1742,.T.);
#3812=EDGE_CURVE('',#3075,#3075,#307,.T.);
#3813=EDGE_CURVE('',#3076,#3076,#308,.T.);
#3814=EDGE_CURVE('',#3076,#3077,#1743,.T.);
#3815=EDGE_CURVE('',#3077,#3077,#309,.T.);
#3816=EDGE_CURVE('',#3078,#3078,#310,.T.);
#3817=EDGE_CURVE('',#3078,#3079,#1744,.T.);
#3818=EDGE_CURVE('',#3079,#3079,#311,.T.);
#3819=EDGE_CURVE('',#3080,#3080,#312,.T.);
#3820=EDGE_CURVE('',#3080,#3081,#1745,.T.);
#3821=EDGE_CURVE('',#3081,#3081,#313,.T.);
#3822=EDGE_CURVE('',#3082,#3083,#1746,.T.);
#3823=EDGE_CURVE('',#3083,#3084,#1747,.T.);
#3824=EDGE_CURVE('',#3085,#3084,#1748,.T.);
#3825=EDGE_CURVE('',#3082,#3085,#1749,.T.);
#3826=EDGE_CURVE('',#3086,#3082,#1750,.T.);
#3827=EDGE_CURVE('',#3087,#3085,#1751,.T.);
#3828=EDGE_CURVE('',#3086,#3087,#1752,.T.);
#3829=EDGE_CURVE('',#3088,#3086,#1753,.T.);
#3830=EDGE_CURVE('',#3089,#3087,#1754,.T.);
#3831=EDGE_CURVE('',#3088,#3089,#1755,.T.);
#3832=EDGE_CURVE('',#3083,#3088,#1756,.T.);
#3833=EDGE_CURVE('',#3084,#3089,#1757,.T.);
#3834=EDGE_CURVE('',#3090,#3091,#1758,.T.);
#3835=EDGE_CURVE('',#3091,#3092,#1759,.T.);
#3836=EDGE_CURVE('',#3093,#3092,#1760,.T.);
#3837=EDGE_CURVE('',#3090,#3093,#1761,.T.);
#3838=EDGE_CURVE('',#3094,#3090,#1762,.T.);
#3839=EDGE_CURVE('',#3095,#3093,#1763,.T.);
#3840=EDGE_CURVE('',#3094,#3095,#1764,.T.);
#3841=EDGE_CURVE('',#3096,#3094,#1765,.T.);
#3842=EDGE_CURVE('',#3097,#3095,#1766,.T.);
#3843=EDGE_CURVE('',#3096,#3097,#1767,.T.);
#3844=EDGE_CURVE('',#3091,#3096,#1768,.T.);
#3845=EDGE_CURVE('',#3092,#3097,#1769,.T.);
#3846=EDGE_CURVE('',#3098,#3098,#314,.T.);
#3847=EDGE_CURVE('',#3098,#3099,#1770,.T.);
#3848=EDGE_CURVE('',#3099,#3099,#315,.T.);
#3849=EDGE_CURVE('',#3100,#3101,#1771,.T.);
#3850=EDGE_CURVE('',#3100,#3102,#1772,.T.);
#3851=EDGE_CURVE('',#3103,#3102,#1773,.T.);
#3852=EDGE_CURVE('',#3101,#3103,#1774,.T.);
#3853=EDGE_CURVE('',#3104,#3103,#1775,.T.);
#3854=EDGE_CURVE('',#3102,#3105,#1776,.T.);
#3855=EDGE_CURVE('',#3104,#3105,#1777,.T.);
#3856=EDGE_CURVE('',#3106,#3106,#316,.T.);
#3857=EDGE_CURVE('',#3106,#3107,#1778,.T.);
#3858=EDGE_CURVE('',#3107,#3107,#317,.T.);
#3859=EDGE_CURVE('',#3108,#3109,#1779,.T.);
#3860=EDGE_CURVE('',#3108,#3110,#1780,.T.);
#3861=EDGE_CURVE('',#3111,#3110,#1781,.T.);
#3862=EDGE_CURVE('',#3109,#3111,#1782,.T.);
#3863=EDGE_CURVE('',#3112,#3111,#1783,.T.);
#3864=EDGE_CURVE('',#3110,#3113,#1784,.T.);
#3865=EDGE_CURVE('',#3112,#3113,#1785,.T.);
#3866=EDGE_CURVE('',#3113,#3114,#1786,.T.);
#3867=EDGE_CURVE('',#3114,#3115,#1787,.T.);
#3868=EDGE_CURVE('',#3112,#3115,#1788,.T.);
#3869=EDGE_CURVE('',#3116,#3116,#318,.T.);
#3870=EDGE_CURVE('',#3116,#3117,#1789,.T.);
#3871=EDGE_CURVE('',#3117,#3117,#319,.T.);
#3872=EDGE_CURVE('',#3118,#3119,#1790,.T.);
#3873=EDGE_CURVE('',#3118,#3120,#1791,.T.);
#3874=EDGE_CURVE('',#3121,#3120,#1792,.T.);
#3875=EDGE_CURVE('',#3119,#3121,#1793,.T.);
#3876=EDGE_CURVE('',#3122,#3121,#1794,.T.);
#3877=EDGE_CURVE('',#3120,#3123,#1795,.T.);
#3878=EDGE_CURVE('',#3122,#3123,#1796,.T.);
#3879=EDGE_CURVE('',#3124,#3124,#320,.T.);
#3880=EDGE_CURVE('',#3124,#3125,#1797,.T.);
#3881=EDGE_CURVE('',#3125,#3125,#321,.T.);
#3882=EDGE_CURVE('',#3126,#3127,#1798,.T.);
#3883=EDGE_CURVE('',#3126,#3128,#1799,.T.);
#3884=EDGE_CURVE('',#3129,#3128,#1800,.T.);
#3885=EDGE_CURVE('',#3127,#3129,#1801,.T.);
#3886=EDGE_CURVE('',#3128,#3115,#1802,.T.);
#3887=EDGE_CURVE('',#3114,#3129,#1803,.T.);
#3888=EDGE_CURVE('',#3105,#3122,#1804,.T.);
#3889=EDGE_CURVE('',#3104,#3123,#1805,.T.);
#3890=EDGE_CURVE('',#3130,#3131,#1806,.T.);
#3891=EDGE_CURVE('',#3131,#3132,#1807,.T.);
#3892=EDGE_CURVE('',#3133,#3132,#1808,.T.);
#3893=EDGE_CURVE('',#3130,#3133,#1809,.T.);
#3894=EDGE_CURVE('',#3134,#3130,#1810,.T.);
#3895=EDGE_CURVE('',#3135,#3133,#1811,.T.);
#3896=EDGE_CURVE('',#3134,#3135,#1812,.T.);
#3897=EDGE_CURVE('',#3136,#3134,#1813,.T.);
#3898=EDGE_CURVE('',#3137,#3135,#1814,.T.);
#3899=EDGE_CURVE('',#3136,#3137,#1815,.T.);
#3900=EDGE_CURVE('',#3131,#3136,#1816,.T.);
#3901=EDGE_CURVE('',#3132,#3137,#1817,.T.);
#3902=EDGE_CURVE('',#3109,#3100,#1818,.T.);
#3903=EDGE_CURVE('',#3119,#3126,#1819,.T.);
#3904=EDGE_CURVE('',#3101,#3108,#1820,.T.);
#3905=EDGE_CURVE('',#3127,#3118,#1821,.T.);
#3906=EDGE_CURVE('',#3138,#3138,#322,.T.);
#3907=EDGE_CURVE('',#3138,#3139,#1822,.T.);
#3908=EDGE_CURVE('',#3139,#3139,#323,.T.);
#3909=EDGE_CURVE('',#3140,#3141,#1823,.T.);
#3910=EDGE_CURVE('',#3140,#3142,#1824,.T.);
#3911=EDGE_CURVE('',#3143,#3142,#1825,.T.);
#3912=EDGE_CURVE('',#3141,#3143,#1826,.T.);
#3913=EDGE_CURVE('',#3144,#3143,#1827,.T.);
#3914=EDGE_CURVE('',#3142,#3145,#1828,.T.);
#3915=EDGE_CURVE('',#3144,#3145,#1829,.T.);
#3916=EDGE_CURVE('',#3146,#3146,#324,.T.);
#3917=EDGE_CURVE('',#3146,#3147,#1830,.T.);
#3918=EDGE_CURVE('',#3147,#3147,#325,.T.);
#3919=EDGE_CURVE('',#3148,#3149,#1831,.T.);
#3920=EDGE_CURVE('',#3148,#3150,#1832,.T.);
#3921=EDGE_CURVE('',#3151,#3150,#1833,.T.);
#3922=EDGE_CURVE('',#3149,#3151,#1834,.T.);
#3923=EDGE_CURVE('',#3152,#3151,#1835,.T.);
#3924=EDGE_CURVE('',#3150,#3153,#1836,.T.);
#3925=EDGE_CURVE('',#3152,#3153,#1837,.T.);
#3926=EDGE_CURVE('',#3145,#3154,#1838,.T.);
#3927=EDGE_CURVE('',#3154,#3155,#1839,.T.);
#3928=EDGE_CURVE('',#3144,#3155,#1840,.T.);
#3929=EDGE_CURVE('',#3156,#3156,#326,.T.);
#3930=EDGE_CURVE('',#3156,#3157,#1841,.T.);
#3931=EDGE_CURVE('',#3157,#3157,#327,.T.);
#3932=EDGE_CURVE('',#3158,#3159,#1842,.T.);
#3933=EDGE_CURVE('',#3158,#3160,#1843,.T.);
#3934=EDGE_CURVE('',#3161,#3160,#1844,.T.);
#3935=EDGE_CURVE('',#3159,#3161,#1845,.T.);
#3936=EDGE_CURVE('',#3162,#3161,#1846,.T.);
#3937=EDGE_CURVE('',#3160,#3163,#1847,.T.);
#3938=EDGE_CURVE('',#3162,#3163,#1848,.T.);
#3939=EDGE_CURVE('',#3164,#3164,#328,.T.);
#3940=EDGE_CURVE('',#3164,#3165,#1849,.T.);
#3941=EDGE_CURVE('',#3165,#3165,#329,.T.);
#3942=EDGE_CURVE('',#3166,#3167,#1850,.T.);
#3943=EDGE_CURVE('',#3166,#3168,#1851,.T.);
#3944=EDGE_CURVE('',#3169,#3168,#1852,.T.);
#3945=EDGE_CURVE('',#3167,#3169,#1853,.T.);
#3946=EDGE_CURVE('',#3168,#3155,#1854,.T.);
#3947=EDGE_CURVE('',#3154,#3169,#1855,.T.);
#3948=EDGE_CURVE('',#3153,#3162,#1856,.T.);
#3949=EDGE_CURVE('',#3152,#3163,#1857,.T.);
#3950=EDGE_CURVE('',#3170,#3171,#1858,.T.);
#3951=EDGE_CURVE('',#3171,#3172,#1859,.T.);
#3952=EDGE_CURVE('',#3173,#3172,#1860,.T.);
#3953=EDGE_CURVE('',#3170,#3173,#1861,.T.);
#3954=EDGE_CURVE('',#3174,#3170,#1862,.T.);
#3955=EDGE_CURVE('',#3175,#3173,#1863,.T.);
#3956=EDGE_CURVE('',#3174,#3175,#1864,.T.);
#3957=EDGE_CURVE('',#3176,#3174,#1865,.T.);
#3958=EDGE_CURVE('',#3177,#3175,#1866,.T.);
#3959=EDGE_CURVE('',#3176,#3177,#1867,.T.);
#3960=EDGE_CURVE('',#3171,#3176,#1868,.T.);
#3961=EDGE_CURVE('',#3172,#3177,#1869,.T.);
#3962=EDGE_CURVE('',#3141,#3148,#1870,.T.);
#3963=EDGE_CURVE('',#3159,#3166,#1871,.T.);
#3964=EDGE_CURVE('',#3149,#3140,#1872,.T.);
#3965=EDGE_CURVE('',#3167,#3158,#1873,.T.);
#3966=EDGE_CURVE('',#3178,#3179,#1874,.T.);
#3967=EDGE_CURVE('',#3179,#3180,#330,.T.);
#3968=EDGE_CURVE('',#3180,#3181,#1875,.T.);
#3969=EDGE_CURVE('',#3181,#3182,#331,.F.);
#3970=EDGE_CURVE('',#3182,#3183,#1876,.T.);
#3971=EDGE_CURVE('',#3183,#3184,#1877,.T.);
#3972=EDGE_CURVE('',#3184,#3185,#1878,.T.);
#3973=EDGE_CURVE('',#3185,#3186,#1879,.T.);
#3974=EDGE_CURVE('',#3186,#3187,#1880,.T.);
#3975=EDGE_CURVE('',#3187,#3188,#1881,.T.);
#3976=EDGE_CURVE('',#3188,#3189,#1882,.T.);
#3977=EDGE_CURVE('',#3189,#3190,#1883,.T.);
#3978=EDGE_CURVE('',#3190,#3191,#332,.F.);
#3979=EDGE_CURVE('',#3191,#3192,#1884,.T.);
#3980=EDGE_CURVE('',#3192,#3193,#333,.T.);
#3981=EDGE_CURVE('',#3193,#3194,#1885,.T.);
#3982=EDGE_CURVE('',#3194,#3195,#1886,.T.);
#3983=EDGE_CURVE('',#3195,#3196,#334,.T.);
#3984=EDGE_CURVE('',#3196,#3197,#1887,.T.);
#3985=EDGE_CURVE('',#3197,#3198,#1888,.T.);
#3986=EDGE_CURVE('',#3198,#3199,#335,.T.);
#3987=EDGE_CURVE('',#3199,#3200,#1889,.T.);
#3988=EDGE_CURVE('',#3200,#3201,#336,.F.);
#3989=EDGE_CURVE('',#3201,#3202,#1890,.T.);
#3990=EDGE_CURVE('',#3202,#3203,#1891,.T.);
#3991=EDGE_CURVE('',#3203,#3204,#1892,.T.);
#3992=EDGE_CURVE('',#3204,#3205,#1893,.T.);
#3993=EDGE_CURVE('',#3205,#3206,#1894,.T.);
#3994=EDGE_CURVE('',#3206,#3207,#1895,.T.);
#3995=EDGE_CURVE('',#3207,#3208,#1896,.T.);
#3996=EDGE_CURVE('',#3208,#3209,#1897,.T.);
#3997=EDGE_CURVE('',#3209,#3210,#337,.F.);
#3998=EDGE_CURVE('',#3210,#3211,#1898,.T.);
#3999=EDGE_CURVE('',#3211,#3212,#338,.T.);
#4000=EDGE_CURVE('',#3212,#3213,#1899,.T.);
#4001=EDGE_CURVE('',#3213,#3214,#1900,.T.);
#4002=EDGE_CURVE('',#3214,#3215,#339,.T.);
#4003=EDGE_CURVE('',#3215,#3216,#1901,.T.);
#4004=EDGE_CURVE('',#3216,#3217,#1902,.T.);
#4005=EDGE_CURVE('',#3217,#3218,#340,.T.);
#4006=EDGE_CURVE('',#3218,#3219,#1903,.T.);
#4007=EDGE_CURVE('',#3219,#3220,#341,.F.);
#4008=EDGE_CURVE('',#3220,#3221,#1904,.T.);
#4009=EDGE_CURVE('',#3221,#3222,#1905,.T.);
#4010=EDGE_CURVE('',#3222,#3223,#1906,.T.);
#4011=EDGE_CURVE('',#3223,#3224,#1907,.T.);
#4012=EDGE_CURVE('',#3224,#3225,#1908,.T.);
#4013=EDGE_CURVE('',#3225,#3226,#1909,.T.);
#4014=EDGE_CURVE('',#3226,#3227,#1910,.T.);
#4015=EDGE_CURVE('',#3227,#3228,#1911,.T.);
#4016=EDGE_CURVE('',#3228,#3229,#342,.F.);
#4017=EDGE_CURVE('',#3229,#3230,#1912,.T.);
#4018=EDGE_CURVE('',#3230,#3231,#343,.T.);
#4019=EDGE_CURVE('',#3231,#3232,#1913,.T.);
#4020=EDGE_CURVE('',#3232,#3233,#1914,.T.);
#4021=EDGE_CURVE('',#3233,#3234,#344,.T.);
#4022=EDGE_CURVE('',#3234,#3235,#1915,.T.);
#4023=EDGE_CURVE('',#3235,#3236,#1916,.T.);
#4024=EDGE_CURVE('',#3236,#3237,#345,.T.);
#4025=EDGE_CURVE('',#3237,#3238,#1917,.T.);
#4026=EDGE_CURVE('',#3238,#3239,#346,.F.);
#4027=EDGE_CURVE('',#3239,#3240,#1918,.T.);
#4028=EDGE_CURVE('',#3240,#3241,#1919,.T.);
#4029=EDGE_CURVE('',#3241,#3242,#1920,.T.);
#4030=EDGE_CURVE('',#3242,#3243,#1921,.T.);
#4031=EDGE_CURVE('',#3243,#3244,#1922,.T.);
#4032=EDGE_CURVE('',#3244,#3245,#1923,.T.);
#4033=EDGE_CURVE('',#3245,#3246,#1924,.T.);
#4034=EDGE_CURVE('',#3246,#3247,#1925,.T.);
#4035=EDGE_CURVE('',#3247,#3248,#347,.F.);
#4036=EDGE_CURVE('',#3248,#3249,#1926,.T.);
#4037=EDGE_CURVE('',#3249,#3250,#348,.T.);
#4038=EDGE_CURVE('',#3250,#3251,#1927,.T.);
#4039=EDGE_CURVE('',#3251,#3252,#1928,.T.);
#4040=EDGE_CURVE('',#3252,#3253,#349,.T.);
#4041=EDGE_CURVE('',#3253,#3178,#1929,.T.);
#4042=EDGE_CURVE('',#3254,#3254,#350,.T.);
#4043=EDGE_CURVE('',#3255,#3256,#1930,.T.);
#4044=EDGE_CURVE('',#3255,#3257,#351,.F.);
#4045=EDGE_CURVE('',#3258,#3257,#1931,.T.);
#4046=EDGE_CURVE('',#3259,#3258,#1932,.T.);
#4047=EDGE_CURVE('',#3260,#3259,#352,.T.);
#4048=EDGE_CURVE('',#3261,#3260,#1933,.T.);
#4049=EDGE_CURVE('',#3262,#3261,#1934,.T.);
#4050=EDGE_CURVE('',#3262,#3263,#353,.F.);
#4051=EDGE_CURVE('',#3264,#3263,#1935,.T.);
#4052=EDGE_CURVE('',#3264,#3265,#354,.T.);
#4053=EDGE_CURVE('',#3266,#3265,#1936,.T.);
#4054=EDGE_CURVE('',#3267,#3266,#1937,.T.);
#4055=EDGE_CURVE('',#3268,#3267,#1938,.T.);
#4056=EDGE_CURVE('',#3269,#3268,#1939,.T.);
#4057=EDGE_CURVE('',#3270,#3269,#1940,.T.);
#4058=EDGE_CURVE('',#3271,#3270,#1941,.T.);
#4059=EDGE_CURVE('',#3272,#3271,#1942,.T.);
#4060=EDGE_CURVE('',#3273,#3272,#1943,.T.);
#4061=EDGE_CURVE('',#3273,#3274,#355,.T.);
#4062=EDGE_CURVE('',#3275,#3274,#1944,.T.);
#4063=EDGE_CURVE('',#3275,#3276,#356,.F.);
#4064=EDGE_CURVE('',#3277,#3276,#1945,.T.);
#4065=EDGE_CURVE('',#3278,#3277,#1946,.T.);
#4066=EDGE_CURVE('',#3279,#3278,#357,.T.);
#4067=EDGE_CURVE('',#3280,#3279,#1947,.T.);
#4068=EDGE_CURVE('',#3281,#3280,#1948,.T.);
#4069=EDGE_CURVE('',#3281,#3282,#358,.F.);
#4070=EDGE_CURVE('',#3283,#3282,#1949,.T.);
#4071=EDGE_CURVE('',#3283,#3284,#359,.T.);
#4072=EDGE_CURVE('',#3285,#3284,#1950,.T.);
#4073=EDGE_CURVE('',#3286,#3285,#1951,.T.);
#4074=EDGE_CURVE('',#3287,#3286,#1952,.T.);
#4075=EDGE_CURVE('',#3288,#3287,#1953,.T.);
#4076=EDGE_CURVE('',#3289,#3288,#1954,.T.);
#4077=EDGE_CURVE('',#3290,#3289,#1955,.T.);
#4078=EDGE_CURVE('',#3291,#3290,#1956,.T.);
#4079=EDGE_CURVE('',#3292,#3291,#1957,.T.);
#4080=EDGE_CURVE('',#3292,#3293,#360,.T.);
#4081=EDGE_CURVE('',#3294,#3293,#1958,.T.);
#4082=EDGE_CURVE('',#3294,#3295,#361,.F.);
#4083=EDGE_CURVE('',#3296,#3295,#1959,.T.);
#4084=EDGE_CURVE('',#3297,#3296,#1960,.T.);
#4085=EDGE_CURVE('',#3298,#3297,#362,.T.);
#4086=EDGE_CURVE('',#3299,#3298,#1961,.T.);
#4087=EDGE_CURVE('',#3300,#3299,#1962,.T.);
#4088=EDGE_CURVE('',#3300,#3301,#363,.F.);
#4089=EDGE_CURVE('',#3302,#3301,#1963,.T.);
#4090=EDGE_CURVE('',#3302,#3303,#364,.T.);
#4091=EDGE_CURVE('',#3304,#3303,#1964,.T.);
#4092=EDGE_CURVE('',#3305,#3304,#1965,.T.);
#4093=EDGE_CURVE('',#3306,#3305,#1966,.T.);
#4094=EDGE_CURVE('',#3307,#3306,#1967,.T.);
#4095=EDGE_CURVE('',#3308,#3307,#1968,.T.);
#4096=EDGE_CURVE('',#3309,#3308,#1969,.T.);
#4097=EDGE_CURVE('',#3310,#3309,#1970,.T.);
#4098=EDGE_CURVE('',#3311,#3310,#1971,.T.);
#4099=EDGE_CURVE('',#3311,#3312,#365,.T.);
#4100=EDGE_CURVE('',#3313,#3312,#1972,.T.);
#4101=EDGE_CURVE('',#3313,#3314,#366,.F.);
#4102=EDGE_CURVE('',#3315,#3314,#1973,.T.);
#4103=EDGE_CURVE('',#3316,#3315,#1974,.T.);
#4104=EDGE_CURVE('',#3317,#3316,#367,.T.);
#4105=EDGE_CURVE('',#3318,#3317,#1975,.T.);
#4106=EDGE_CURVE('',#3319,#3318,#1976,.T.);
#4107=EDGE_CURVE('',#3319,#3320,#368,.F.);
#4108=EDGE_CURVE('',#3321,#3320,#1977,.T.);
#4109=EDGE_CURVE('',#3321,#3322,#369,.T.);
#4110=EDGE_CURVE('',#3323,#3322,#1978,.T.);
#4111=EDGE_CURVE('',#3324,#3323,#1979,.T.);
#4112=EDGE_CURVE('',#3325,#3324,#1980,.T.);
#4113=EDGE_CURVE('',#3326,#3325,#1981,.T.);
#4114=EDGE_CURVE('',#3327,#3326,#1982,.T.);
#4115=EDGE_CURVE('',#3328,#3327,#1983,.T.);
#4116=EDGE_CURVE('',#3329,#3328,#1984,.T.);
#4117=EDGE_CURVE('',#3330,#3329,#1985,.T.);
#4118=EDGE_CURVE('',#3330,#3256,#370,.T.);
#4119=EDGE_CURVE('',#3331,#3331,#371,.T.);
#4120=EDGE_CURVE('',#3252,#3260,#1986,.T.);
#4121=EDGE_CURVE('',#3251,#3261,#1987,.T.);
#4122=EDGE_CURVE('',#3253,#3259,#1988,.T.);
#4123=EDGE_CURVE('',#3178,#3258,#1989,.T.);
#4124=EDGE_CURVE('',#3257,#3179,#1990,.F.);
#4125=EDGE_CURVE('',#3180,#3255,#1991,.T.);
#4126=EDGE_CURVE('',#3256,#3181,#1992,.F.);
#4127=EDGE_CURVE('',#3182,#3330,#1993,.T.);
#4128=EDGE_CURVE('',#3183,#3329,#1994,.T.);
#4129=EDGE_CURVE('',#3184,#3328,#1995,.T.);
#4130=EDGE_CURVE('',#3185,#3327,#1996,.T.);
#4131=EDGE_CURVE('',#3186,#3326,#1997,.T.);
#4132=EDGE_CURVE('',#3187,#3325,#1998,.T.);
#4133=EDGE_CURVE('',#3188,#3324,#1999,.T.);
#4134=EDGE_CURVE('',#3189,#3323,#2000,.T.);
#4135=EDGE_CURVE('',#3322,#3190,#2001,.F.);
#4136=EDGE_CURVE('',#3320,#3192,#2002,.F.);
#4137=EDGE_CURVE('',#3191,#3321,#2003,.T.);
#4138=EDGE_CURVE('',#3193,#3319,#2004,.T.);
#4139=EDGE_CURVE('',#3194,#3318,#2005,.T.);
#4140=EDGE_CURVE('',#3195,#3317,#2006,.T.);
#4141=EDGE_CURVE('',#3196,#3316,#2007,.T.);
#4142=EDGE_CURVE('',#3197,#3315,#2008,.T.);
#4143=EDGE_CURVE('',#3314,#3198,#2009,.F.);
#4144=EDGE_CURVE('',#3199,#3313,#2010,.T.);
#4145=EDGE_CURVE('',#3312,#3200,#2011,.F.);
#4146=EDGE_CURVE('',#3201,#3311,#2012,.T.);
#4147=EDGE_CURVE('',#3202,#3310,#2013,.T.);
#4148=EDGE_CURVE('',#3203,#3309,#2014,.T.);
#4149=EDGE_CURVE('',#3204,#3308,#2015,.T.);
#4150=EDGE_CURVE('',#3205,#3307,#2016,.T.);
#4151=EDGE_CURVE('',#3206,#3306,#2017,.T.);
#4152=EDGE_CURVE('',#3207,#3305,#2018,.T.);
#4153=EDGE_CURVE('',#3208,#3304,#2019,.T.);
#4154=EDGE_CURVE('',#3303,#3209,#2020,.F.);
#4155=EDGE_CURVE('',#3301,#3211,#2021,.F.);
#4156=EDGE_CURVE('',#3210,#3302,#2022,.T.);
#4157=EDGE_CURVE('',#3212,#3300,#2023,.T.);
#4158=EDGE_CURVE('',#3213,#3299,#2024,.T.);
#4159=EDGE_CURVE('',#3214,#3298,#2025,.T.);
#4160=EDGE_CURVE('',#3215,#3297,#2026,.T.);
#4161=EDGE_CURVE('',#3216,#3296,#2027,.T.);
#4162=EDGE_CURVE('',#3295,#3217,#2028,.F.);
#4163=EDGE_CURVE('',#3218,#3294,#2029,.T.);
#4164=EDGE_CURVE('',#3293,#3219,#2030,.F.);
#4165=EDGE_CURVE('',#3220,#3292,#2031,.T.);
#4166=EDGE_CURVE('',#3221,#3291,#2032,.T.);
#4167=EDGE_CURVE('',#3222,#3290,#2033,.T.);
#4168=EDGE_CURVE('',#3223,#3289,#2034,.T.);
#4169=EDGE_CURVE('',#3224,#3288,#2035,.T.);
#4170=EDGE_CURVE('',#3225,#3287,#2036,.T.);
#4171=EDGE_CURVE('',#3226,#3286,#2037,.T.);
#4172=EDGE_CURVE('',#3227,#3285,#2038,.T.);
#4173=EDGE_CURVE('',#3284,#3228,#2039,.F.);
#4174=EDGE_CURVE('',#3282,#3230,#2040,.F.);
#4175=EDGE_CURVE('',#3229,#3283,#2041,.T.);
#4176=EDGE_CURVE('',#3231,#3281,#2042,.T.);
#4177=EDGE_CURVE('',#3232,#3280,#2043,.T.);
#4178=EDGE_CURVE('',#3233,#3279,#2044,.T.);
#4179=EDGE_CURVE('',#3234,#3278,#2045,.T.);
#4180=EDGE_CURVE('',#3235,#3277,#2046,.T.);
#4181=EDGE_CURVE('',#3276,#3236,#2047,.F.);
#4182=EDGE_CURVE('',#3274,#3238,#2048,.F.);
#4183=EDGE_CURVE('',#3237,#3275,#2049,.T.);
#4184=EDGE_CURVE('',#3239,#3273,#2050,.T.);
#4185=EDGE_CURVE('',#3240,#3272,#2051,.T.);
#4186=EDGE_CURVE('',#3241,#3271,#2052,.T.);
#4187=EDGE_CURVE('',#3242,#3270,#2053,.T.);
#4188=EDGE_CURVE('',#3243,#3269,#2054,.T.);
#4189=EDGE_CURVE('',#3244,#3268,#2055,.T.);
#4190=EDGE_CURVE('',#3245,#3267,#2056,.T.);
#4191=EDGE_CURVE('',#3246,#3266,#2057,.T.);
#4192=EDGE_CURVE('',#3265,#3247,#2058,.F.);
#4193=EDGE_CURVE('',#3263,#3249,#2059,.F.);
#4194=EDGE_CURVE('',#3248,#3264,#2060,.T.);
#4195=EDGE_CURVE('',#3250,#3262,#2061,.T.);
#4196=EDGE_CURVE('',#3254,#3331,#2062,.T.);
#4197=ORIENTED_EDGE('',*,*,#3332,.F.);
#4198=ORIENTED_EDGE('',*,*,#3333,.T.);
#4199=ORIENTED_EDGE('',*,*,#3334,.F.);
#4200=ORIENTED_EDGE('',*,*,#3335,.F.);
#4201=ORIENTED_EDGE('',*,*,#3336,.F.);
#4202=ORIENTED_EDGE('',*,*,#3337,.F.);
#4203=ORIENTED_EDGE('',*,*,#3338,.F.);
#4204=ORIENTED_EDGE('',*,*,#3333,.F.);
#4205=ORIENTED_EDGE('',*,*,#3339,.F.);
#4206=ORIENTED_EDGE('',*,*,#3335,.T.);
#4207=ORIENTED_EDGE('',*,*,#3340,.F.);
#4208=ORIENTED_EDGE('',*,*,#3341,.F.);
#4209=ORIENTED_EDGE('',*,*,#3342,.F.);
#4210=ORIENTED_EDGE('',*,*,#3343,.T.);
#4211=ORIENTED_EDGE('',*,*,#3344,.F.);
#4212=ORIENTED_EDGE('',*,*,#3345,.F.);
#4213=ORIENTED_EDGE('',*,*,#3346,.F.);
#4214=ORIENTED_EDGE('',*,*,#3347,.F.);
#4215=ORIENTED_EDGE('',*,*,#3348,.F.);
#4216=ORIENTED_EDGE('',*,*,#3343,.F.);
#4217=ORIENTED_EDGE('',*,*,#3349,.F.);
#4218=ORIENTED_EDGE('',*,*,#3345,.T.);
#4219=ORIENTED_EDGE('',*,*,#3350,.F.);
#4220=ORIENTED_EDGE('',*,*,#3351,.F.);
#4221=ORIENTED_EDGE('',*,*,#3352,.F.);
#4222=ORIENTED_EDGE('',*,*,#3353,.T.);
#4223=ORIENTED_EDGE('',*,*,#3354,.F.);
#4224=ORIENTED_EDGE('',*,*,#3355,.F.);
#4225=ORIENTED_EDGE('',*,*,#3356,.F.);
#4226=ORIENTED_EDGE('',*,*,#3357,.F.);
#4227=ORIENTED_EDGE('',*,*,#3358,.F.);
#4228=ORIENTED_EDGE('',*,*,#3353,.F.);
#4229=ORIENTED_EDGE('',*,*,#3359,.F.);
#4230=ORIENTED_EDGE('',*,*,#3355,.T.);
#4231=ORIENTED_EDGE('',*,*,#3360,.F.);
#4232=ORIENTED_EDGE('',*,*,#3361,.F.);
#4233=ORIENTED_EDGE('',*,*,#3362,.F.);
#4234=ORIENTED_EDGE('',*,*,#3363,.T.);
#4235=ORIENTED_EDGE('',*,*,#3364,.F.);
#4236=ORIENTED_EDGE('',*,*,#3365,.F.);
#4237=ORIENTED_EDGE('',*,*,#3366,.F.);
#4238=ORIENTED_EDGE('',*,*,#3367,.F.);
#4239=ORIENTED_EDGE('',*,*,#3368,.F.);
#4240=ORIENTED_EDGE('',*,*,#3363,.F.);
#4241=ORIENTED_EDGE('',*,*,#3369,.F.);
#4242=ORIENTED_EDGE('',*,*,#3365,.T.);
#4243=ORIENTED_EDGE('',*,*,#3370,.F.);
#4244=ORIENTED_EDGE('',*,*,#3371,.F.);
#4245=ORIENTED_EDGE('',*,*,#3372,.F.);
#4246=ORIENTED_EDGE('',*,*,#3373,.T.);
#4247=ORIENTED_EDGE('',*,*,#3374,.F.);
#4248=ORIENTED_EDGE('',*,*,#3375,.F.);
#4249=ORIENTED_EDGE('',*,*,#3376,.F.);
#4250=ORIENTED_EDGE('',*,*,#3377,.F.);
#4251=ORIENTED_EDGE('',*,*,#3378,.F.);
#4252=ORIENTED_EDGE('',*,*,#3373,.F.);
#4253=ORIENTED_EDGE('',*,*,#3379,.F.);
#4254=ORIENTED_EDGE('',*,*,#3375,.T.);
#4255=ORIENTED_EDGE('',*,*,#3380,.F.);
#4256=ORIENTED_EDGE('',*,*,#3381,.F.);
#4257=ORIENTED_EDGE('',*,*,#3382,.F.);
#4258=ORIENTED_EDGE('',*,*,#3383,.T.);
#4259=ORIENTED_EDGE('',*,*,#3384,.F.);
#4260=ORIENTED_EDGE('',*,*,#3385,.F.);
#4261=ORIENTED_EDGE('',*,*,#3386,.F.);
#4262=ORIENTED_EDGE('',*,*,#3387,.F.);
#4263=ORIENTED_EDGE('',*,*,#3388,.F.);
#4264=ORIENTED_EDGE('',*,*,#3383,.F.);
#4265=ORIENTED_EDGE('',*,*,#3389,.F.);
#4266=ORIENTED_EDGE('',*,*,#3385,.T.);
#4267=ORIENTED_EDGE('',*,*,#3390,.F.);
#4268=ORIENTED_EDGE('',*,*,#3391,.F.);
#4269=ORIENTED_EDGE('',*,*,#3392,.F.);
#4270=ORIENTED_EDGE('',*,*,#3393,.T.);
#4271=ORIENTED_EDGE('',*,*,#3394,.F.);
#4272=ORIENTED_EDGE('',*,*,#3395,.F.);
#4273=ORIENTED_EDGE('',*,*,#3396,.F.);
#4274=ORIENTED_EDGE('',*,*,#3397,.F.);
#4275=ORIENTED_EDGE('',*,*,#3398,.F.);
#4276=ORIENTED_EDGE('',*,*,#3393,.F.);
#4277=ORIENTED_EDGE('',*,*,#3399,.F.);
#4278=ORIENTED_EDGE('',*,*,#3395,.T.);
#4279=ORIENTED_EDGE('',*,*,#3400,.F.);
#4280=ORIENTED_EDGE('',*,*,#3401,.F.);
#4281=ORIENTED_EDGE('',*,*,#3402,.F.);
#4282=ORIENTED_EDGE('',*,*,#3403,.T.);
#4283=ORIENTED_EDGE('',*,*,#3404,.F.);
#4284=ORIENTED_EDGE('',*,*,#3405,.F.);
#4285=ORIENTED_EDGE('',*,*,#3406,.F.);
#4286=ORIENTED_EDGE('',*,*,#3407,.F.);
#4287=ORIENTED_EDGE('',*,*,#3408,.F.);
#4288=ORIENTED_EDGE('',*,*,#3403,.F.);
#4289=ORIENTED_EDGE('',*,*,#3409,.F.);
#4290=ORIENTED_EDGE('',*,*,#3405,.T.);
#4291=ORIENTED_EDGE('',*,*,#3410,.F.);
#4292=ORIENTED_EDGE('',*,*,#3411,.F.);
#4293=ORIENTED_EDGE('',*,*,#3412,.F.);
#4294=ORIENTED_EDGE('',*,*,#3413,.T.);
#4295=ORIENTED_EDGE('',*,*,#3414,.F.);
#4296=ORIENTED_EDGE('',*,*,#3415,.F.);
#4297=ORIENTED_EDGE('',*,*,#3416,.F.);
#4298=ORIENTED_EDGE('',*,*,#3417,.F.);
#4299=ORIENTED_EDGE('',*,*,#3418,.F.);
#4300=ORIENTED_EDGE('',*,*,#3413,.F.);
#4301=ORIENTED_EDGE('',*,*,#3419,.F.);
#4302=ORIENTED_EDGE('',*,*,#3415,.T.);
#4303=ORIENTED_EDGE('',*,*,#3420,.F.);
#4304=ORIENTED_EDGE('',*,*,#3421,.F.);
#4305=ORIENTED_EDGE('',*,*,#3340,.T.);
#4306=ORIENTED_EDGE('',*,*,#3334,.T.);
#4307=ORIENTED_EDGE('',*,*,#3338,.T.);
#4308=ORIENTED_EDGE('',*,*,#3422,.F.);
#4309=ORIENTED_EDGE('',*,*,#3380,.T.);
#4310=ORIENTED_EDGE('',*,*,#3374,.T.);
#4311=ORIENTED_EDGE('',*,*,#3378,.T.);
#4312=ORIENTED_EDGE('',*,*,#3423,.F.);
#4313=ORIENTED_EDGE('',*,*,#3420,.T.);
#4314=ORIENTED_EDGE('',*,*,#3414,.T.);
#4315=ORIENTED_EDGE('',*,*,#3418,.T.);
#4316=ORIENTED_EDGE('',*,*,#3424,.F.);
#4317=ORIENTED_EDGE('',*,*,#3425,.F.);
#4318=ORIENTED_EDGE('',*,*,#3426,.F.);
#4319=ORIENTED_EDGE('',*,*,#3427,.F.);
#4320=ORIENTED_EDGE('',*,*,#3428,.F.);
#4321=ORIENTED_EDGE('',*,*,#3400,.T.);
#4322=ORIENTED_EDGE('',*,*,#3394,.T.);
#4323=ORIENTED_EDGE('',*,*,#3398,.T.);
#4324=ORIENTED_EDGE('',*,*,#3429,.F.);
#4325=ORIENTED_EDGE('',*,*,#3360,.T.);
#4326=ORIENTED_EDGE('',*,*,#3354,.T.);
#4327=ORIENTED_EDGE('',*,*,#3358,.T.);
#4328=ORIENTED_EDGE('',*,*,#3430,.F.);
#4329=ORIENTED_EDGE('',*,*,#3350,.T.);
#4330=ORIENTED_EDGE('',*,*,#3344,.T.);
#4331=ORIENTED_EDGE('',*,*,#3348,.T.);
#4332=ORIENTED_EDGE('',*,*,#3431,.F.);
#4333=ORIENTED_EDGE('',*,*,#3390,.T.);
#4334=ORIENTED_EDGE('',*,*,#3384,.T.);
#4335=ORIENTED_EDGE('',*,*,#3388,.T.);
#4336=ORIENTED_EDGE('',*,*,#3432,.F.);
#4337=ORIENTED_EDGE('',*,*,#3410,.T.);
#4338=ORIENTED_EDGE('',*,*,#3404,.T.);
#4339=ORIENTED_EDGE('',*,*,#3408,.T.);
#4340=ORIENTED_EDGE('',*,*,#3433,.F.);
#4341=ORIENTED_EDGE('',*,*,#3370,.T.);
#4342=ORIENTED_EDGE('',*,*,#3364,.T.);
#4343=ORIENTED_EDGE('',*,*,#3368,.T.);
#4344=ORIENTED_EDGE('',*,*,#3434,.F.);
#4345=ORIENTED_EDGE('',*,*,#3417,.T.);
#4346=ORIENTED_EDGE('',*,*,#3435,.F.);
#4347=ORIENTED_EDGE('',*,*,#3436,.F.);
#4348=ORIENTED_EDGE('',*,*,#3424,.T.);
#4349=ORIENTED_EDGE('',*,*,#3401,.T.);
#4350=ORIENTED_EDGE('',*,*,#3428,.T.);
#4351=ORIENTED_EDGE('',*,*,#3437,.T.);
#4352=ORIENTED_EDGE('',*,*,#3438,.F.);
#4353=ORIENTED_EDGE('',*,*,#3387,.T.);
#4354=ORIENTED_EDGE('',*,*,#3439,.F.);
#4355=ORIENTED_EDGE('',*,*,#3411,.T.);
#4356=ORIENTED_EDGE('',*,*,#3432,.T.);
#4357=ORIENTED_EDGE('',*,*,#3377,.T.);
#4358=ORIENTED_EDGE('',*,*,#3440,.F.);
#4359=ORIENTED_EDGE('',*,*,#3421,.T.);
#4360=ORIENTED_EDGE('',*,*,#3423,.T.);
#4361=ORIENTED_EDGE('',*,*,#3371,.T.);
#4362=ORIENTED_EDGE('',*,*,#3433,.T.);
#4363=ORIENTED_EDGE('',*,*,#3407,.T.);
#4364=ORIENTED_EDGE('',*,*,#3441,.F.);
#4365=ORIENTED_EDGE('',*,*,#3361,.T.);
#4366=ORIENTED_EDGE('',*,*,#3429,.T.);
#4367=ORIENTED_EDGE('',*,*,#3397,.T.);
#4368=ORIENTED_EDGE('',*,*,#3442,.F.);
#4369=ORIENTED_EDGE('',*,*,#3347,.T.);
#4370=ORIENTED_EDGE('',*,*,#3443,.F.);
#4371=ORIENTED_EDGE('',*,*,#3391,.T.);
#4372=ORIENTED_EDGE('',*,*,#3431,.T.);
#4373=ORIENTED_EDGE('',*,*,#3351,.T.);
#4374=ORIENTED_EDGE('',*,*,#3430,.T.);
#4375=ORIENTED_EDGE('',*,*,#3357,.T.);
#4376=ORIENTED_EDGE('',*,*,#3444,.F.);
#4377=ORIENTED_EDGE('',*,*,#3337,.T.);
#4378=ORIENTED_EDGE('',*,*,#3445,.F.);
#4379=ORIENTED_EDGE('',*,*,#3381,.T.);
#4380=ORIENTED_EDGE('',*,*,#3422,.T.);
#4381=ORIENTED_EDGE('',*,*,#3341,.T.);
#4382=ORIENTED_EDGE('',*,*,#3434,.T.);
#4383=ORIENTED_EDGE('',*,*,#3367,.T.);
#4384=ORIENTED_EDGE('',*,*,#3446,.F.);
#4385=ORIENTED_EDGE('',*,*,#3425,.T.);
#4386=ORIENTED_EDGE('',*,*,#3436,.T.);
#4387=ORIENTED_EDGE('',*,*,#3447,.F.);
#4388=ORIENTED_EDGE('',*,*,#3448,.F.);
#4389=ORIENTED_EDGE('',*,*,#3426,.T.);
#4390=ORIENTED_EDGE('',*,*,#3448,.T.);
#4391=ORIENTED_EDGE('',*,*,#3449,.F.);
#4392=ORIENTED_EDGE('',*,*,#3450,.F.);
#4393=ORIENTED_EDGE('',*,*,#3427,.T.);
#4394=ORIENTED_EDGE('',*,*,#3450,.T.);
#4395=ORIENTED_EDGE('',*,*,#3451,.F.);
#4396=ORIENTED_EDGE('',*,*,#3437,.F.);
#4397=ORIENTED_EDGE('',*,*,#3339,.T.);
#4398=ORIENTED_EDGE('',*,*,#3446,.T.);
#4399=ORIENTED_EDGE('',*,*,#3366,.T.);
#4400=ORIENTED_EDGE('',*,*,#3362,.T.);
#4401=ORIENTED_EDGE('',*,*,#3369,.T.);
#4402=ORIENTED_EDGE('',*,*,#3441,.T.);
#4403=ORIENTED_EDGE('',*,*,#3406,.T.);
#4404=ORIENTED_EDGE('',*,*,#3402,.T.);
#4405=ORIENTED_EDGE('',*,*,#3409,.T.);
#4406=ORIENTED_EDGE('',*,*,#3439,.T.);
#4407=ORIENTED_EDGE('',*,*,#3386,.T.);
#4408=ORIENTED_EDGE('',*,*,#3382,.T.);
#4409=ORIENTED_EDGE('',*,*,#3389,.T.);
#4410=ORIENTED_EDGE('',*,*,#3443,.T.);
#4411=ORIENTED_EDGE('',*,*,#3346,.T.);
#4412=ORIENTED_EDGE('',*,*,#3342,.T.);
#4413=ORIENTED_EDGE('',*,*,#3349,.T.);
#4414=ORIENTED_EDGE('',*,*,#3444,.T.);
#4415=ORIENTED_EDGE('',*,*,#3356,.T.);
#4416=ORIENTED_EDGE('',*,*,#3352,.T.);
#4417=ORIENTED_EDGE('',*,*,#3359,.T.);
#4418=ORIENTED_EDGE('',*,*,#3442,.T.);
#4419=ORIENTED_EDGE('',*,*,#3396,.T.);
#4420=ORIENTED_EDGE('',*,*,#3392,.T.);
#4421=ORIENTED_EDGE('',*,*,#3399,.T.);
#4422=ORIENTED_EDGE('',*,*,#3438,.T.);
#4423=ORIENTED_EDGE('',*,*,#3451,.T.);
#4424=ORIENTED_EDGE('',*,*,#3449,.T.);
#4425=ORIENTED_EDGE('',*,*,#3447,.T.);
#4426=ORIENTED_EDGE('',*,*,#3435,.T.);
#4427=ORIENTED_EDGE('',*,*,#3416,.T.);
#4428=ORIENTED_EDGE('',*,*,#3412,.T.);
#4429=ORIENTED_EDGE('',*,*,#3419,.T.);
#4430=ORIENTED_EDGE('',*,*,#3440,.T.);
#4431=ORIENTED_EDGE('',*,*,#3376,.T.);
#4432=ORIENTED_EDGE('',*,*,#3372,.T.);
#4433=ORIENTED_EDGE('',*,*,#3379,.T.);
#4434=ORIENTED_EDGE('',*,*,#3445,.T.);
#4435=ORIENTED_EDGE('',*,*,#3336,.T.);
#4436=ORIENTED_EDGE('',*,*,#3332,.T.);
#4437=ORIENTED_EDGE('',*,*,#3452,.F.);
#4438=ORIENTED_EDGE('',*,*,#3453,.F.);
#4439=ORIENTED_EDGE('',*,*,#3454,.F.);
#4440=ORIENTED_EDGE('',*,*,#3455,.F.);
#4441=ORIENTED_EDGE('',*,*,#3456,.F.);
#4442=ORIENTED_EDGE('',*,*,#3457,.F.);
#4443=ORIENTED_EDGE('',*,*,#3458,.F.);
#4444=ORIENTED_EDGE('',*,*,#3459,.T.);
#4445=ORIENTED_EDGE('',*,*,#3460,.F.);
#4446=ORIENTED_EDGE('',*,*,#3459,.F.);
#4447=ORIENTED_EDGE('',*,*,#3461,.F.);
#4448=ORIENTED_EDGE('',*,*,#3453,.T.);
#4449=ORIENTED_EDGE('',*,*,#3462,.F.);
#4450=ORIENTED_EDGE('',*,*,#3463,.F.);
#4451=ORIENTED_EDGE('',*,*,#3464,.F.);
#4452=ORIENTED_EDGE('',*,*,#3465,.F.);
#4453=ORIENTED_EDGE('',*,*,#3466,.F.);
#4454=ORIENTED_EDGE('',*,*,#3467,.F.);
#4455=ORIENTED_EDGE('',*,*,#3468,.F.);
#4456=ORIENTED_EDGE('',*,*,#3469,.T.);
#4457=ORIENTED_EDGE('',*,*,#3470,.F.);
#4458=ORIENTED_EDGE('',*,*,#3469,.F.);
#4459=ORIENTED_EDGE('',*,*,#3471,.F.);
#4460=ORIENTED_EDGE('',*,*,#3463,.T.);
#4461=ORIENTED_EDGE('',*,*,#3472,.F.);
#4462=ORIENTED_EDGE('',*,*,#3473,.F.);
#4463=ORIENTED_EDGE('',*,*,#3474,.F.);
#4464=ORIENTED_EDGE('',*,*,#3475,.F.);
#4465=ORIENTED_EDGE('',*,*,#3476,.F.);
#4466=ORIENTED_EDGE('',*,*,#3477,.F.);
#4467=ORIENTED_EDGE('',*,*,#3478,.F.);
#4468=ORIENTED_EDGE('',*,*,#3479,.T.);
#4469=ORIENTED_EDGE('',*,*,#3480,.F.);
#4470=ORIENTED_EDGE('',*,*,#3479,.F.);
#4471=ORIENTED_EDGE('',*,*,#3481,.F.);
#4472=ORIENTED_EDGE('',*,*,#3473,.T.);
#4473=ORIENTED_EDGE('',*,*,#3482,.F.);
#4474=ORIENTED_EDGE('',*,*,#3483,.F.);
#4475=ORIENTED_EDGE('',*,*,#3484,.F.);
#4476=ORIENTED_EDGE('',*,*,#3485,.F.);
#4477=ORIENTED_EDGE('',*,*,#3486,.F.);
#4478=ORIENTED_EDGE('',*,*,#3487,.F.);
#4479=ORIENTED_EDGE('',*,*,#3488,.F.);
#4480=ORIENTED_EDGE('',*,*,#3489,.T.);
#4481=ORIENTED_EDGE('',*,*,#3490,.F.);
#4482=ORIENTED_EDGE('',*,*,#3489,.F.);
#4483=ORIENTED_EDGE('',*,*,#3491,.F.);
#4484=ORIENTED_EDGE('',*,*,#3483,.T.);
#4485=ORIENTED_EDGE('',*,*,#3487,.T.);
#4486=ORIENTED_EDGE('',*,*,#3492,.T.);
#4487=ORIENTED_EDGE('',*,*,#3493,.T.);
#4488=ORIENTED_EDGE('',*,*,#3494,.F.);
#4489=ORIENTED_EDGE('',*,*,#3475,.T.);
#4490=ORIENTED_EDGE('',*,*,#3495,.F.);
#4491=ORIENTED_EDGE('',*,*,#3496,.F.);
#4492=ORIENTED_EDGE('',*,*,#3497,.T.);
#4493=ORIENTED_EDGE('',*,*,#3467,.T.);
#4494=ORIENTED_EDGE('',*,*,#3498,.T.);
#4495=ORIENTED_EDGE('',*,*,#3485,.T.);
#4496=ORIENTED_EDGE('',*,*,#3499,.F.);
#4497=ORIENTED_EDGE('',*,*,#3455,.T.);
#4498=ORIENTED_EDGE('',*,*,#3500,.F.);
#4499=ORIENTED_EDGE('',*,*,#3477,.T.);
#4500=ORIENTED_EDGE('',*,*,#3501,.T.);
#4501=ORIENTED_EDGE('',*,*,#3457,.T.);
#4502=ORIENTED_EDGE('',*,*,#3502,.T.);
#4503=ORIENTED_EDGE('',*,*,#3465,.T.);
#4504=ORIENTED_EDGE('',*,*,#3503,.F.);
#4505=ORIENTED_EDGE('',*,*,#3456,.T.);
#4506=ORIENTED_EDGE('',*,*,#3460,.T.);
#4507=ORIENTED_EDGE('',*,*,#3452,.T.);
#4508=ORIENTED_EDGE('',*,*,#3501,.F.);
#4509=ORIENTED_EDGE('',*,*,#3476,.T.);
#4510=ORIENTED_EDGE('',*,*,#3480,.T.);
#4511=ORIENTED_EDGE('',*,*,#3472,.T.);
#4512=ORIENTED_EDGE('',*,*,#3497,.F.);
#4513=ORIENTED_EDGE('',*,*,#3504,.F.);
#4514=ORIENTED_EDGE('',*,*,#3505,.F.);
#4515=ORIENTED_EDGE('',*,*,#3506,.F.);
#4516=ORIENTED_EDGE('',*,*,#3492,.F.);
#4517=ORIENTED_EDGE('',*,*,#3486,.T.);
#4518=ORIENTED_EDGE('',*,*,#3490,.T.);
#4519=ORIENTED_EDGE('',*,*,#3482,.T.);
#4520=ORIENTED_EDGE('',*,*,#3498,.F.);
#4521=ORIENTED_EDGE('',*,*,#3466,.T.);
#4522=ORIENTED_EDGE('',*,*,#3470,.T.);
#4523=ORIENTED_EDGE('',*,*,#3462,.T.);
#4524=ORIENTED_EDGE('',*,*,#3502,.F.);
#4525=ORIENTED_EDGE('',*,*,#3504,.T.);
#4526=ORIENTED_EDGE('',*,*,#3496,.T.);
#4527=ORIENTED_EDGE('',*,*,#3507,.F.);
#4528=ORIENTED_EDGE('',*,*,#3508,.F.);
#4529=ORIENTED_EDGE('',*,*,#3505,.T.);
#4530=ORIENTED_EDGE('',*,*,#3508,.T.);
#4531=ORIENTED_EDGE('',*,*,#3509,.F.);
#4532=ORIENTED_EDGE('',*,*,#3510,.F.);
#4533=ORIENTED_EDGE('',*,*,#3506,.T.);
#4534=ORIENTED_EDGE('',*,*,#3510,.T.);
#4535=ORIENTED_EDGE('',*,*,#3511,.F.);
#4536=ORIENTED_EDGE('',*,*,#3493,.F.);
#4537=ORIENTED_EDGE('',*,*,#3458,.T.);
#4538=ORIENTED_EDGE('',*,*,#3503,.T.);
#4539=ORIENTED_EDGE('',*,*,#3464,.T.);
#4540=ORIENTED_EDGE('',*,*,#3471,.T.);
#4541=ORIENTED_EDGE('',*,*,#3468,.T.);
#4542=ORIENTED_EDGE('',*,*,#3499,.T.);
#4543=ORIENTED_EDGE('',*,*,#3484,.T.);
#4544=ORIENTED_EDGE('',*,*,#3491,.T.);
#4545=ORIENTED_EDGE('',*,*,#3488,.T.);
#4546=ORIENTED_EDGE('',*,*,#3494,.T.);
#4547=ORIENTED_EDGE('',*,*,#3511,.T.);
#4548=ORIENTED_EDGE('',*,*,#3509,.T.);
#4549=ORIENTED_EDGE('',*,*,#3507,.T.);
#4550=ORIENTED_EDGE('',*,*,#3495,.T.);
#4551=ORIENTED_EDGE('',*,*,#3474,.T.);
#4552=ORIENTED_EDGE('',*,*,#3481,.T.);
#4553=ORIENTED_EDGE('',*,*,#3478,.T.);
#4554=ORIENTED_EDGE('',*,*,#3500,.T.);
#4555=ORIENTED_EDGE('',*,*,#3454,.T.);
#4556=ORIENTED_EDGE('',*,*,#3461,.T.);
#4557=ORIENTED_EDGE('',*,*,#3512,.T.);
#4558=ORIENTED_EDGE('',*,*,#3513,.T.);
#4559=ORIENTED_EDGE('',*,*,#3514,.F.);
#4560=ORIENTED_EDGE('',*,*,#3515,.F.);
#4561=ORIENTED_EDGE('',*,*,#3516,.T.);
#4562=ORIENTED_EDGE('',*,*,#3515,.T.);
#4563=ORIENTED_EDGE('',*,*,#3517,.F.);
#4564=ORIENTED_EDGE('',*,*,#3518,.F.);
#4565=ORIENTED_EDGE('',*,*,#3519,.T.);
#4566=ORIENTED_EDGE('',*,*,#3518,.T.);
#4567=ORIENTED_EDGE('',*,*,#3520,.F.);
#4568=ORIENTED_EDGE('',*,*,#3521,.F.);
#4569=ORIENTED_EDGE('',*,*,#3522,.T.);
#4570=ORIENTED_EDGE('',*,*,#3521,.T.);
#4571=ORIENTED_EDGE('',*,*,#3523,.F.);
#4572=ORIENTED_EDGE('',*,*,#3513,.F.);
#4573=ORIENTED_EDGE('',*,*,#3523,.T.);
#4574=ORIENTED_EDGE('',*,*,#3520,.T.);
#4575=ORIENTED_EDGE('',*,*,#3517,.T.);
#4576=ORIENTED_EDGE('',*,*,#3514,.T.);
#4577=ORIENTED_EDGE('',*,*,#3522,.F.);
#4578=ORIENTED_EDGE('',*,*,#3512,.F.);
#4579=ORIENTED_EDGE('',*,*,#3516,.F.);
#4580=ORIENTED_EDGE('',*,*,#3519,.F.);
#4581=ORIENTED_EDGE('',*,*,#3524,.T.);
#4582=ORIENTED_EDGE('',*,*,#3525,.T.);
#4583=ORIENTED_EDGE('',*,*,#3526,.T.);
#4584=ORIENTED_EDGE('',*,*,#3527,.F.);
#4585=ORIENTED_EDGE('',*,*,#3528,.T.);
#4586=ORIENTED_EDGE('',*,*,#3524,.F.);
#4587=ORIENTED_EDGE('',*,*,#3529,.T.);
#4588=ORIENTED_EDGE('',*,*,#3525,.F.);
#4589=ORIENTED_EDGE('',*,*,#3530,.T.);
#4590=ORIENTED_EDGE('',*,*,#3531,.T.);
#4591=ORIENTED_EDGE('',*,*,#3532,.T.);
#4592=ORIENTED_EDGE('',*,*,#3528,.F.);
#4593=ORIENTED_EDGE('',*,*,#3533,.T.);
#4594=ORIENTED_EDGE('',*,*,#3534,.F.);
#4595=ORIENTED_EDGE('',*,*,#3530,.F.);
#4596=ORIENTED_EDGE('',*,*,#3535,.T.);
#4597=ORIENTED_EDGE('',*,*,#3536,.T.);
#4598=ORIENTED_EDGE('',*,*,#3537,.T.);
#4599=ORIENTED_EDGE('',*,*,#3538,.T.);
#4600=ORIENTED_EDGE('',*,*,#3537,.F.);
#4601=ORIENTED_EDGE('',*,*,#3539,.F.);
#4602=ORIENTED_EDGE('',*,*,#3540,.F.);
#4603=ORIENTED_EDGE('',*,*,#3541,.F.);
#4604=ORIENTED_EDGE('',*,*,#3542,.T.);
#4605=ORIENTED_EDGE('',*,*,#3543,.F.);
#4606=ORIENTED_EDGE('',*,*,#3544,.T.);
#4607=ORIENTED_EDGE('',*,*,#3545,.F.);
#4608=ORIENTED_EDGE('',*,*,#3546,.F.);
#4609=ORIENTED_EDGE('',*,*,#3547,.T.);
#4610=ORIENTED_EDGE('',*,*,#3536,.F.);
#4611=ORIENTED_EDGE('',*,*,#3548,.T.);
#4612=ORIENTED_EDGE('',*,*,#3549,.F.);
#4613=ORIENTED_EDGE('',*,*,#3539,.T.);
#4614=ORIENTED_EDGE('',*,*,#3540,.T.);
#4615=ORIENTED_EDGE('',*,*,#3549,.T.);
#4616=ORIENTED_EDGE('',*,*,#3550,.T.);
#4617=ORIENTED_EDGE('',*,*,#3551,.T.);
#4618=ORIENTED_EDGE('',*,*,#3552,.T.);
#4619=ORIENTED_EDGE('',*,*,#3553,.T.);
#4620=ORIENTED_EDGE('',*,*,#3554,.T.);
#4621=ORIENTED_EDGE('',*,*,#3555,.T.);
#4622=ORIENTED_EDGE('',*,*,#3553,.F.);
#4623=ORIENTED_EDGE('',*,*,#3556,.T.);
#4624=ORIENTED_EDGE('',*,*,#3557,.T.);
#4625=ORIENTED_EDGE('',*,*,#3558,.T.);
#4626=ORIENTED_EDGE('',*,*,#3559,.T.);
#4627=ORIENTED_EDGE('',*,*,#3560,.T.);
#4628=ORIENTED_EDGE('',*,*,#3552,.F.);
#4629=ORIENTED_EDGE('',*,*,#3561,.F.);
#4630=ORIENTED_EDGE('',*,*,#3562,.T.);
#4631=ORIENTED_EDGE('',*,*,#3563,.T.);
#4632=ORIENTED_EDGE('',*,*,#3556,.F.);
#4633=ORIENTED_EDGE('',*,*,#3534,.T.);
#4634=ORIENTED_EDGE('',*,*,#3564,.T.);
#4635=ORIENTED_EDGE('',*,*,#3565,.T.);
#4636=ORIENTED_EDGE('',*,*,#3531,.F.);
#4637=ORIENTED_EDGE('',*,*,#3566,.T.);
#4638=ORIENTED_EDGE('',*,*,#3567,.T.);
#4639=ORIENTED_EDGE('',*,*,#3568,.T.);
#4640=ORIENTED_EDGE('',*,*,#3564,.F.);
#4641=ORIENTED_EDGE('',*,*,#3569,.T.);
#4642=ORIENTED_EDGE('',*,*,#3570,.T.);
#4643=ORIENTED_EDGE('',*,*,#3571,.T.);
#4644=ORIENTED_EDGE('',*,*,#3567,.F.);
#4645=ORIENTED_EDGE('',*,*,#3526,.F.);
#4646=ORIENTED_EDGE('',*,*,#3572,.T.);
#4647=ORIENTED_EDGE('',*,*,#3545,.T.);
#4648=ORIENTED_EDGE('',*,*,#3573,.T.);
#4649=ORIENTED_EDGE('',*,*,#3572,.F.);
#4650=ORIENTED_EDGE('',*,*,#3532,.F.);
#4651=ORIENTED_EDGE('',*,*,#3574,.F.);
#4652=ORIENTED_EDGE('',*,*,#3575,.T.);
#4653=ORIENTED_EDGE('',*,*,#3576,.T.);
#4654=ORIENTED_EDGE('',*,*,#3546,.T.);
#4655=ORIENTED_EDGE('',*,*,#3565,.F.);
#4656=ORIENTED_EDGE('',*,*,#3568,.F.);
#4657=ORIENTED_EDGE('',*,*,#3577,.F.);
#4658=ORIENTED_EDGE('',*,*,#3578,.F.);
#4659=ORIENTED_EDGE('',*,*,#3579,.T.);
#4660=ORIENTED_EDGE('',*,*,#3574,.T.);
#4661=ORIENTED_EDGE('',*,*,#3571,.F.);
#4662=ORIENTED_EDGE('',*,*,#3580,.F.);
#4663=ORIENTED_EDGE('',*,*,#3581,.F.);
#4664=ORIENTED_EDGE('',*,*,#3577,.T.);
#4665=ORIENTED_EDGE('',*,*,#3527,.T.);
#4666=ORIENTED_EDGE('',*,*,#3582,.F.);
#4667=ORIENTED_EDGE('',*,*,#3569,.F.);
#4668=ORIENTED_EDGE('',*,*,#3566,.F.);
#4669=ORIENTED_EDGE('',*,*,#3533,.F.);
#4670=ORIENTED_EDGE('',*,*,#3529,.F.);
#4671=ORIENTED_EDGE('',*,*,#3573,.F.);
#4672=ORIENTED_EDGE('',*,*,#3544,.F.);
#4673=ORIENTED_EDGE('',*,*,#3583,.F.);
#4674=ORIENTED_EDGE('',*,*,#3562,.F.);
#4675=ORIENTED_EDGE('',*,*,#3584,.F.);
#4676=ORIENTED_EDGE('',*,*,#3580,.T.);
#4677=ORIENTED_EDGE('',*,*,#3570,.F.);
#4678=ORIENTED_EDGE('',*,*,#3582,.T.);
#4679=ORIENTED_EDGE('',*,*,#3585,.T.);
#4680=ORIENTED_EDGE('',*,*,#3551,.F.);
#4681=ORIENTED_EDGE('',*,*,#3586,.F.);
#4682=ORIENTED_EDGE('',*,*,#3587,.F.);
#4683=ORIENTED_EDGE('',*,*,#3541,.T.);
#4684=ORIENTED_EDGE('',*,*,#3587,.T.);
#4685=ORIENTED_EDGE('',*,*,#3588,.F.);
#4686=ORIENTED_EDGE('',*,*,#3558,.F.);
#4687=ORIENTED_EDGE('',*,*,#3542,.F.);
#4688=ORIENTED_EDGE('',*,*,#3538,.F.);
#4689=ORIENTED_EDGE('',*,*,#3547,.F.);
#4690=ORIENTED_EDGE('',*,*,#3576,.F.);
#4691=ORIENTED_EDGE('',*,*,#3589,.F.);
#4692=ORIENTED_EDGE('',*,*,#3543,.T.);
#4693=ORIENTED_EDGE('',*,*,#3557,.F.);
#4694=ORIENTED_EDGE('',*,*,#3563,.F.);
#4695=ORIENTED_EDGE('',*,*,#3583,.T.);
#4696=ORIENTED_EDGE('',*,*,#3560,.F.);
#4697=ORIENTED_EDGE('',*,*,#3590,.T.);
#4698=ORIENTED_EDGE('',*,*,#3585,.F.);
#4699=ORIENTED_EDGE('',*,*,#3590,.F.);
#4700=ORIENTED_EDGE('',*,*,#3555,.F.);
#4701=ORIENTED_EDGE('',*,*,#3591,.T.);
#4702=ORIENTED_EDGE('',*,*,#3578,.T.);
#4703=ORIENTED_EDGE('',*,*,#3581,.T.);
#4704=ORIENTED_EDGE('',*,*,#3584,.T.);
#4705=ORIENTED_EDGE('',*,*,#3561,.T.);
#4706=ORIENTED_EDGE('',*,*,#3535,.F.);
#4707=ORIENTED_EDGE('',*,*,#3589,.T.);
#4708=ORIENTED_EDGE('',*,*,#3575,.F.);
#4709=ORIENTED_EDGE('',*,*,#3579,.F.);
#4710=ORIENTED_EDGE('',*,*,#3591,.F.);
#4711=ORIENTED_EDGE('',*,*,#3554,.F.);
#4712=ORIENTED_EDGE('',*,*,#3559,.F.);
#4713=ORIENTED_EDGE('',*,*,#3588,.T.);
#4714=ORIENTED_EDGE('',*,*,#3586,.T.);
#4715=ORIENTED_EDGE('',*,*,#3550,.F.);
#4716=ORIENTED_EDGE('',*,*,#3548,.F.);
#4717=ORIENTED_EDGE('',*,*,#3592,.F.);
#4718=ORIENTED_EDGE('',*,*,#3593,.T.);
#4719=ORIENTED_EDGE('',*,*,#3594,.F.);
#4720=ORIENTED_EDGE('',*,*,#3593,.F.);
#4721=ORIENTED_EDGE('',*,*,#3595,.F.);
#4722=ORIENTED_EDGE('',*,*,#3596,.T.);
#4723=ORIENTED_EDGE('',*,*,#3597,.F.);
#4724=ORIENTED_EDGE('',*,*,#3596,.F.);
#4725=ORIENTED_EDGE('',*,*,#3598,.F.);
#4726=ORIENTED_EDGE('',*,*,#3599,.T.);
#4727=ORIENTED_EDGE('',*,*,#3600,.F.);
#4728=ORIENTED_EDGE('',*,*,#3599,.F.);
#4729=ORIENTED_EDGE('',*,*,#3601,.F.);
#4730=ORIENTED_EDGE('',*,*,#3602,.T.);
#4731=ORIENTED_EDGE('',*,*,#3603,.F.);
#4732=ORIENTED_EDGE('',*,*,#3602,.F.);
#4733=ORIENTED_EDGE('',*,*,#3604,.F.);
#4734=ORIENTED_EDGE('',*,*,#3605,.T.);
#4735=ORIENTED_EDGE('',*,*,#3606,.F.);
#4736=ORIENTED_EDGE('',*,*,#3605,.F.);
#4737=ORIENTED_EDGE('',*,*,#3607,.F.);
#4738=ORIENTED_EDGE('',*,*,#3608,.T.);
#4739=ORIENTED_EDGE('',*,*,#3609,.F.);
#4740=ORIENTED_EDGE('',*,*,#3608,.F.);
#4741=ORIENTED_EDGE('',*,*,#3610,.F.);
#4742=ORIENTED_EDGE('',*,*,#3611,.T.);
#4743=ORIENTED_EDGE('',*,*,#3612,.F.);
#4744=ORIENTED_EDGE('',*,*,#3611,.F.);
#4745=ORIENTED_EDGE('',*,*,#3613,.F.);
#4746=ORIENTED_EDGE('',*,*,#3614,.T.);
#4747=ORIENTED_EDGE('',*,*,#3615,.F.);
#4748=ORIENTED_EDGE('',*,*,#3616,.F.);
#4749=ORIENTED_EDGE('',*,*,#3617,.T.);
#4750=ORIENTED_EDGE('',*,*,#3615,.T.);
#4751=ORIENTED_EDGE('',*,*,#3618,.T.);
#4752=ORIENTED_EDGE('',*,*,#3619,.F.);
#4753=ORIENTED_EDGE('',*,*,#3610,.T.);
#4754=ORIENTED_EDGE('',*,*,#3620,.F.);
#4755=ORIENTED_EDGE('',*,*,#3621,.T.);
#4756=ORIENTED_EDGE('',*,*,#3622,.F.);
#4757=ORIENTED_EDGE('',*,*,#3621,.F.);
#4758=ORIENTED_EDGE('',*,*,#3623,.F.);
#4759=ORIENTED_EDGE('',*,*,#3624,.T.);
#4760=ORIENTED_EDGE('',*,*,#3625,.F.);
#4761=ORIENTED_EDGE('',*,*,#3626,.F.);
#4762=ORIENTED_EDGE('',*,*,#3625,.T.);
#4763=ORIENTED_EDGE('',*,*,#3627,.T.);
#4764=ORIENTED_EDGE('',*,*,#3628,.F.);
#4765=ORIENTED_EDGE('',*,*,#3629,.T.);
#4766=ORIENTED_EDGE('',*,*,#3620,.T.);
#4767=ORIENTED_EDGE('',*,*,#3628,.T.);
#4768=ORIENTED_EDGE('',*,*,#3630,.F.);
#4769=ORIENTED_EDGE('',*,*,#3631,.T.);
#4770=ORIENTED_EDGE('',*,*,#3632,.T.);
#4771=ORIENTED_EDGE('',*,*,#3633,.F.);
#4772=ORIENTED_EDGE('',*,*,#3634,.T.);
#4773=ORIENTED_EDGE('',*,*,#3635,.F.);
#4774=ORIENTED_EDGE('',*,*,#3634,.F.);
#4775=ORIENTED_EDGE('',*,*,#3636,.F.);
#4776=ORIENTED_EDGE('',*,*,#3637,.T.);
#4777=ORIENTED_EDGE('',*,*,#3638,.F.);
#4778=ORIENTED_EDGE('',*,*,#3639,.F.);
#4779=ORIENTED_EDGE('',*,*,#3638,.T.);
#4780=ORIENTED_EDGE('',*,*,#3640,.T.);
#4781=ORIENTED_EDGE('',*,*,#3641,.F.);
#4782=ORIENTED_EDGE('',*,*,#3642,.T.);
#4783=ORIENTED_EDGE('',*,*,#3633,.T.);
#4784=ORIENTED_EDGE('',*,*,#3643,.F.);
#4785=ORIENTED_EDGE('',*,*,#3644,.T.);
#4786=ORIENTED_EDGE('',*,*,#3645,.F.);
#4787=ORIENTED_EDGE('',*,*,#3644,.F.);
#4788=ORIENTED_EDGE('',*,*,#3646,.F.);
#4789=ORIENTED_EDGE('',*,*,#3647,.T.);
#4790=ORIENTED_EDGE('',*,*,#3648,.F.);
#4791=ORIENTED_EDGE('',*,*,#3649,.F.);
#4792=ORIENTED_EDGE('',*,*,#3631,.F.);
#4793=ORIENTED_EDGE('',*,*,#3650,.T.);
#4794=ORIENTED_EDGE('',*,*,#3648,.T.);
#4795=ORIENTED_EDGE('',*,*,#3651,.T.);
#4796=ORIENTED_EDGE('',*,*,#3643,.T.);
#4797=ORIENTED_EDGE('',*,*,#3619,.T.);
#4798=ORIENTED_EDGE('',*,*,#3652,.F.);
#4799=ORIENTED_EDGE('',*,*,#3641,.T.);
#4800=ORIENTED_EDGE('',*,*,#3653,.T.);
#4801=ORIENTED_EDGE('',*,*,#3654,.F.);
#4802=ORIENTED_EDGE('',*,*,#3655,.T.);
#4803=ORIENTED_EDGE('',*,*,#3656,.F.);
#4804=ORIENTED_EDGE('',*,*,#3655,.F.);
#4805=ORIENTED_EDGE('',*,*,#3657,.F.);
#4806=ORIENTED_EDGE('',*,*,#3658,.T.);
#4807=ORIENTED_EDGE('',*,*,#3659,.F.);
#4808=ORIENTED_EDGE('',*,*,#3658,.F.);
#4809=ORIENTED_EDGE('',*,*,#3660,.F.);
#4810=ORIENTED_EDGE('',*,*,#3661,.T.);
#4811=ORIENTED_EDGE('',*,*,#3662,.F.);
#4812=ORIENTED_EDGE('',*,*,#3661,.F.);
#4813=ORIENTED_EDGE('',*,*,#3663,.F.);
#4814=ORIENTED_EDGE('',*,*,#3664,.T.);
#4815=ORIENTED_EDGE('',*,*,#3665,.F.);
#4816=ORIENTED_EDGE('',*,*,#3664,.F.);
#4817=ORIENTED_EDGE('',*,*,#3666,.F.);
#4818=ORIENTED_EDGE('',*,*,#3667,.T.);
#4819=ORIENTED_EDGE('',*,*,#3668,.F.);
#4820=ORIENTED_EDGE('',*,*,#3667,.F.);
#4821=ORIENTED_EDGE('',*,*,#3669,.F.);
#4822=ORIENTED_EDGE('',*,*,#3670,.T.);
#4823=ORIENTED_EDGE('',*,*,#3671,.F.);
#4824=ORIENTED_EDGE('',*,*,#3670,.F.);
#4825=ORIENTED_EDGE('',*,*,#3672,.F.);
#4826=ORIENTED_EDGE('',*,*,#3673,.T.);
#4827=ORIENTED_EDGE('',*,*,#3674,.F.);
#4828=ORIENTED_EDGE('',*,*,#3673,.F.);
#4829=ORIENTED_EDGE('',*,*,#3675,.F.);
#4830=ORIENTED_EDGE('',*,*,#3676,.T.);
#4831=ORIENTED_EDGE('',*,*,#3677,.F.);
#4832=ORIENTED_EDGE('',*,*,#3676,.F.);
#4833=ORIENTED_EDGE('',*,*,#3678,.F.);
#4834=ORIENTED_EDGE('',*,*,#3679,.T.);
#4835=ORIENTED_EDGE('',*,*,#3680,.F.);
#4836=ORIENTED_EDGE('',*,*,#3679,.F.);
#4837=ORIENTED_EDGE('',*,*,#3681,.F.);
#4838=ORIENTED_EDGE('',*,*,#3682,.T.);
#4839=ORIENTED_EDGE('',*,*,#3683,.F.);
#4840=ORIENTED_EDGE('',*,*,#3682,.F.);
#4841=ORIENTED_EDGE('',*,*,#3684,.F.);
#4842=ORIENTED_EDGE('',*,*,#3685,.T.);
#4843=ORIENTED_EDGE('',*,*,#3686,.F.);
#4844=ORIENTED_EDGE('',*,*,#3685,.F.);
#4845=ORIENTED_EDGE('',*,*,#3687,.F.);
#4846=ORIENTED_EDGE('',*,*,#3688,.T.);
#4847=ORIENTED_EDGE('',*,*,#3689,.F.);
#4848=ORIENTED_EDGE('',*,*,#3688,.F.);
#4849=ORIENTED_EDGE('',*,*,#3690,.T.);
#4850=ORIENTED_EDGE('',*,*,#3691,.T.);
#4851=ORIENTED_EDGE('',*,*,#3692,.F.);
#4852=ORIENTED_EDGE('',*,*,#3693,.F.);
#4853=ORIENTED_EDGE('',*,*,#3694,.T.);
#4854=ORIENTED_EDGE('',*,*,#3693,.T.);
#4855=ORIENTED_EDGE('',*,*,#3695,.F.);
#4856=ORIENTED_EDGE('',*,*,#3696,.F.);
#4857=ORIENTED_EDGE('',*,*,#3597,.T.);
#4858=ORIENTED_EDGE('',*,*,#3603,.T.);
#4859=ORIENTED_EDGE('',*,*,#3609,.T.);
#4860=ORIENTED_EDGE('',*,*,#3659,.T.);
#4861=ORIENTED_EDGE('',*,*,#3665,.T.);
#4862=ORIENTED_EDGE('',*,*,#3671,.T.);
#4863=ORIENTED_EDGE('',*,*,#3677,.T.);
#4864=ORIENTED_EDGE('',*,*,#3683,.T.);
#4865=ORIENTED_EDGE('',*,*,#3689,.T.);
#4866=ORIENTED_EDGE('',*,*,#3697,.T.);
#4867=ORIENTED_EDGE('',*,*,#3696,.T.);
#4868=ORIENTED_EDGE('',*,*,#3698,.F.);
#4869=ORIENTED_EDGE('',*,*,#3699,.F.);
#4870=ORIENTED_EDGE('',*,*,#3700,.T.);
#4871=ORIENTED_EDGE('',*,*,#3699,.T.);
#4872=ORIENTED_EDGE('',*,*,#3701,.F.);
#4873=ORIENTED_EDGE('',*,*,#3691,.F.);
#4874=ORIENTED_EDGE('',*,*,#3592,.T.);
#4875=ORIENTED_EDGE('',*,*,#3598,.T.);
#4876=ORIENTED_EDGE('',*,*,#3604,.T.);
#4877=ORIENTED_EDGE('',*,*,#3654,.T.);
#4878=ORIENTED_EDGE('',*,*,#3660,.T.);
#4879=ORIENTED_EDGE('',*,*,#3666,.T.);
#4880=ORIENTED_EDGE('',*,*,#3672,.T.);
#4881=ORIENTED_EDGE('',*,*,#3678,.T.);
#4882=ORIENTED_EDGE('',*,*,#3684,.T.);
#4883=ORIENTED_EDGE('',*,*,#3702,.F.);
#4884=ORIENTED_EDGE('',*,*,#3639,.T.);
#4885=ORIENTED_EDGE('',*,*,#3642,.F.);
#4886=ORIENTED_EDGE('',*,*,#3652,.T.);
#4887=ORIENTED_EDGE('',*,*,#3618,.F.);
#4888=ORIENTED_EDGE('',*,*,#3614,.F.);
#4889=ORIENTED_EDGE('',*,*,#3703,.F.);
#4890=ORIENTED_EDGE('',*,*,#3626,.T.);
#4891=ORIENTED_EDGE('',*,*,#3629,.F.);
#4892=ORIENTED_EDGE('',*,*,#3632,.F.);
#4893=ORIENTED_EDGE('',*,*,#3651,.F.);
#4894=ORIENTED_EDGE('',*,*,#3647,.F.);
#4895=ORIENTED_EDGE('',*,*,#3595,.T.);
#4896=ORIENTED_EDGE('',*,*,#3601,.T.);
#4897=ORIENTED_EDGE('',*,*,#3607,.T.);
#4898=ORIENTED_EDGE('',*,*,#3657,.T.);
#4899=ORIENTED_EDGE('',*,*,#3663,.T.);
#4900=ORIENTED_EDGE('',*,*,#3669,.T.);
#4901=ORIENTED_EDGE('',*,*,#3675,.T.);
#4902=ORIENTED_EDGE('',*,*,#3681,.T.);
#4903=ORIENTED_EDGE('',*,*,#3687,.T.);
#4904=ORIENTED_EDGE('',*,*,#3704,.T.);
#4905=ORIENTED_EDGE('',*,*,#3649,.T.);
#4906=ORIENTED_EDGE('',*,*,#3650,.F.);
#4907=ORIENTED_EDGE('',*,*,#3630,.T.);
#4908=ORIENTED_EDGE('',*,*,#3627,.F.);
#4909=ORIENTED_EDGE('',*,*,#3624,.F.);
#4910=ORIENTED_EDGE('',*,*,#3705,.F.);
#4911=ORIENTED_EDGE('',*,*,#3616,.T.);
#4912=ORIENTED_EDGE('',*,*,#3617,.F.);
#4913=ORIENTED_EDGE('',*,*,#3653,.F.);
#4914=ORIENTED_EDGE('',*,*,#3640,.F.);
#4915=ORIENTED_EDGE('',*,*,#3637,.F.);
#4916=ORIENTED_EDGE('',*,*,#3594,.T.);
#4917=ORIENTED_EDGE('',*,*,#3600,.T.);
#4918=ORIENTED_EDGE('',*,*,#3606,.T.);
#4919=ORIENTED_EDGE('',*,*,#3656,.T.);
#4920=ORIENTED_EDGE('',*,*,#3662,.T.);
#4921=ORIENTED_EDGE('',*,*,#3668,.T.);
#4922=ORIENTED_EDGE('',*,*,#3674,.T.);
#4923=ORIENTED_EDGE('',*,*,#3680,.T.);
#4924=ORIENTED_EDGE('',*,*,#3686,.T.);
#4925=ORIENTED_EDGE('',*,*,#3705,.T.);
#4926=ORIENTED_EDGE('',*,*,#3623,.T.);
#4927=ORIENTED_EDGE('',*,*,#3703,.T.);
#4928=ORIENTED_EDGE('',*,*,#3613,.T.);
#4929=ORIENTED_EDGE('',*,*,#3612,.T.);
#4930=ORIENTED_EDGE('',*,*,#3622,.T.);
#4931=ORIENTED_EDGE('',*,*,#3701,.T.);
#4932=ORIENTED_EDGE('',*,*,#3698,.T.);
#4933=ORIENTED_EDGE('',*,*,#3695,.T.);
#4934=ORIENTED_EDGE('',*,*,#3692,.T.);
#4935=ORIENTED_EDGE('',*,*,#3704,.F.);
#4936=ORIENTED_EDGE('',*,*,#3636,.T.);
#4937=ORIENTED_EDGE('',*,*,#3702,.T.);
#4938=ORIENTED_EDGE('',*,*,#3646,.T.);
#4939=ORIENTED_EDGE('',*,*,#3635,.T.);
#4940=ORIENTED_EDGE('',*,*,#3645,.T.);
#4941=ORIENTED_EDGE('',*,*,#3700,.F.);
#4942=ORIENTED_EDGE('',*,*,#3690,.F.);
#4943=ORIENTED_EDGE('',*,*,#3694,.F.);
#4944=ORIENTED_EDGE('',*,*,#3697,.F.);
#4945=ORIENTED_EDGE('',*,*,#3706,.T.);
#4946=ORIENTED_EDGE('',*,*,#3707,.T.);
#4947=ORIENTED_EDGE('',*,*,#3708,.T.);
#4948=ORIENTED_EDGE('',*,*,#3709,.F.);
#4949=ORIENTED_EDGE('',*,*,#3710,.T.);
#4950=ORIENTED_EDGE('',*,*,#3706,.F.);
#4951=ORIENTED_EDGE('',*,*,#3711,.T.);
#4952=ORIENTED_EDGE('',*,*,#3707,.F.);
#4953=ORIENTED_EDGE('',*,*,#3712,.F.);
#4954=ORIENTED_EDGE('',*,*,#3713,.F.);
#4955=ORIENTED_EDGE('',*,*,#3714,.F.);
#4956=ORIENTED_EDGE('',*,*,#3710,.F.);
#4957=ORIENTED_EDGE('',*,*,#3715,.F.);
#4958=ORIENTED_EDGE('',*,*,#3716,.T.);
#4959=ORIENTED_EDGE('',*,*,#3717,.F.);
#4960=ORIENTED_EDGE('',*,*,#3718,.T.);
#4961=ORIENTED_EDGE('',*,*,#3719,.T.);
#4962=ORIENTED_EDGE('',*,*,#3720,.T.);
#4963=ORIENTED_EDGE('',*,*,#3721,.T.);
#4964=ORIENTED_EDGE('',*,*,#3712,.T.);
#4965=ORIENTED_EDGE('',*,*,#3722,.F.);
#4966=ORIENTED_EDGE('',*,*,#3723,.F.);
#4967=ORIENTED_EDGE('',*,*,#3724,.F.);
#4968=ORIENTED_EDGE('',*,*,#3725,.F.);
#4969=ORIENTED_EDGE('',*,*,#3726,.F.);
#4970=ORIENTED_EDGE('',*,*,#3725,.T.);
#4971=ORIENTED_EDGE('',*,*,#3727,.F.);
#4972=ORIENTED_EDGE('',*,*,#3728,.T.);
#4973=ORIENTED_EDGE('',*,*,#3713,.T.);
#4974=ORIENTED_EDGE('',*,*,#3721,.F.);
#4975=ORIENTED_EDGE('',*,*,#3729,.T.);
#4976=ORIENTED_EDGE('',*,*,#3730,.F.);
#4977=ORIENTED_EDGE('',*,*,#3731,.T.);
#4978=ORIENTED_EDGE('',*,*,#3732,.T.);
#4979=ORIENTED_EDGE('',*,*,#3733,.T.);
#4980=ORIENTED_EDGE('',*,*,#3726,.T.);
#4981=ORIENTED_EDGE('',*,*,#3733,.F.);
#4982=ORIENTED_EDGE('',*,*,#3734,.T.);
#4983=ORIENTED_EDGE('',*,*,#3735,.F.);
#4984=ORIENTED_EDGE('',*,*,#3732,.F.);
#4985=ORIENTED_EDGE('',*,*,#3736,.F.);
#4986=ORIENTED_EDGE('',*,*,#3737,.F.);
#4987=ORIENTED_EDGE('',*,*,#3734,.F.);
#4988=ORIENTED_EDGE('',*,*,#3738,.F.);
#4989=ORIENTED_EDGE('',*,*,#3739,.F.);
#4990=ORIENTED_EDGE('',*,*,#3740,.F.);
#4991=ORIENTED_EDGE('',*,*,#3741,.F.);
#4992=ORIENTED_EDGE('',*,*,#3741,.T.);
#4993=ORIENTED_EDGE('',*,*,#3742,.F.);
#4994=ORIENTED_EDGE('',*,*,#3743,.F.);
#4995=ORIENTED_EDGE('',*,*,#3744,.F.);
#4996=ORIENTED_EDGE('',*,*,#3745,.F.);
#4997=ORIENTED_EDGE('',*,*,#3746,.F.);
#4998=ORIENTED_EDGE('',*,*,#3738,.T.);
#4999=ORIENTED_EDGE('',*,*,#3745,.T.);
#5000=ORIENTED_EDGE('',*,*,#3747,.F.);
#5001=ORIENTED_EDGE('',*,*,#3719,.F.);
#5002=ORIENTED_EDGE('',*,*,#3748,.T.);
#5003=ORIENTED_EDGE('',*,*,#3708,.F.);
#5004=ORIENTED_EDGE('',*,*,#3749,.F.);
#5005=ORIENTED_EDGE('',*,*,#3750,.F.);
#5006=ORIENTED_EDGE('',*,*,#3751,.F.);
#5007=ORIENTED_EDGE('',*,*,#3752,.F.);
#5008=ORIENTED_EDGE('',*,*,#3750,.T.);
#5009=ORIENTED_EDGE('',*,*,#3753,.F.);
#5010=ORIENTED_EDGE('',*,*,#3754,.F.);
#5011=ORIENTED_EDGE('',*,*,#3755,.F.);
#5012=ORIENTED_EDGE('',*,*,#3754,.T.);
#5013=ORIENTED_EDGE('',*,*,#3756,.F.);
#5014=ORIENTED_EDGE('',*,*,#3757,.F.);
#5015=ORIENTED_EDGE('',*,*,#3758,.F.);
#5016=ORIENTED_EDGE('',*,*,#3757,.T.);
#5017=ORIENTED_EDGE('',*,*,#3759,.F.);
#5018=ORIENTED_EDGE('',*,*,#3716,.F.);
#5019=ORIENTED_EDGE('',*,*,#3714,.T.);
#5020=ORIENTED_EDGE('',*,*,#3728,.F.);
#5021=ORIENTED_EDGE('',*,*,#3760,.F.);
#5022=ORIENTED_EDGE('',*,*,#3761,.F.);
#5023=ORIENTED_EDGE('',*,*,#3762,.T.);
#5024=ORIENTED_EDGE('',*,*,#3749,.T.);
#5025=ORIENTED_EDGE('',*,*,#3753,.T.);
#5026=ORIENTED_EDGE('',*,*,#3762,.F.);
#5027=ORIENTED_EDGE('',*,*,#3763,.F.);
#5028=ORIENTED_EDGE('',*,*,#3764,.T.);
#5029=ORIENTED_EDGE('',*,*,#3765,.T.);
#5030=ORIENTED_EDGE('',*,*,#3756,.T.);
#5031=ORIENTED_EDGE('',*,*,#3759,.T.);
#5032=ORIENTED_EDGE('',*,*,#3765,.F.);
#5033=ORIENTED_EDGE('',*,*,#3766,.T.);
#5034=ORIENTED_EDGE('',*,*,#3717,.T.);
#5035=ORIENTED_EDGE('',*,*,#3709,.T.);
#5036=ORIENTED_EDGE('',*,*,#3767,.T.);
#5037=ORIENTED_EDGE('',*,*,#3755,.T.);
#5038=ORIENTED_EDGE('',*,*,#3758,.T.);
#5039=ORIENTED_EDGE('',*,*,#3715,.T.);
#5040=ORIENTED_EDGE('',*,*,#3711,.F.);
#5041=ORIENTED_EDGE('',*,*,#3751,.T.);
#5042=ORIENTED_EDGE('',*,*,#3752,.T.);
#5043=ORIENTED_EDGE('',*,*,#3767,.F.);
#5044=ORIENTED_EDGE('',*,*,#3736,.T.);
#5045=ORIENTED_EDGE('',*,*,#3731,.F.);
#5046=ORIENTED_EDGE('',*,*,#3768,.T.);
#5047=ORIENTED_EDGE('',*,*,#3769,.T.);
#5048=ORIENTED_EDGE('',*,*,#3768,.F.);
#5049=ORIENTED_EDGE('',*,*,#3730,.T.);
#5050=ORIENTED_EDGE('',*,*,#3743,.T.);
#5051=ORIENTED_EDGE('',*,*,#3770,.T.);
#5052=ORIENTED_EDGE('',*,*,#3724,.T.);
#5053=ORIENTED_EDGE('',*,*,#3771,.T.);
#5054=ORIENTED_EDGE('',*,*,#3760,.T.);
#5055=ORIENTED_EDGE('',*,*,#3727,.T.);
#5056=ORIENTED_EDGE('',*,*,#3729,.F.);
#5057=ORIENTED_EDGE('',*,*,#3720,.F.);
#5058=ORIENTED_EDGE('',*,*,#3747,.T.);
#5059=ORIENTED_EDGE('',*,*,#3744,.T.);
#5060=ORIENTED_EDGE('',*,*,#3746,.T.);
#5061=ORIENTED_EDGE('',*,*,#3772,.T.);
#5062=ORIENTED_EDGE('',*,*,#3722,.T.);
#5063=ORIENTED_EDGE('',*,*,#3772,.F.);
#5064=ORIENTED_EDGE('',*,*,#3739,.T.);
#5065=ORIENTED_EDGE('',*,*,#3748,.F.);
#5066=ORIENTED_EDGE('',*,*,#3718,.F.);
#5067=ORIENTED_EDGE('',*,*,#3766,.F.);
#5068=ORIENTED_EDGE('',*,*,#3764,.F.);
#5069=ORIENTED_EDGE('',*,*,#3773,.F.);
#5070=ORIENTED_EDGE('',*,*,#3723,.T.);
#5071=ORIENTED_EDGE('',*,*,#3735,.T.);
#5072=ORIENTED_EDGE('',*,*,#3737,.T.);
#5073=ORIENTED_EDGE('',*,*,#3769,.F.);
#5074=ORIENTED_EDGE('',*,*,#3770,.F.);
#5075=ORIENTED_EDGE('',*,*,#3742,.T.);
#5076=ORIENTED_EDGE('',*,*,#3740,.T.);
#5077=ORIENTED_EDGE('',*,*,#3773,.T.);
#5078=ORIENTED_EDGE('',*,*,#3763,.T.);
#5079=ORIENTED_EDGE('',*,*,#3761,.T.);
#5080=ORIENTED_EDGE('',*,*,#3771,.F.);
#5081=ORIENTED_EDGE('',*,*,#3774,.F.);
#5082=ORIENTED_EDGE('',*,*,#3775,.T.);
#5083=ORIENTED_EDGE('',*,*,#3776,.F.);
#5084=ORIENTED_EDGE('',*,*,#3775,.F.);
#5085=ORIENTED_EDGE('',*,*,#3777,.F.);
#5086=ORIENTED_EDGE('',*,*,#3778,.T.);
#5087=ORIENTED_EDGE('',*,*,#3779,.F.);
#5088=ORIENTED_EDGE('',*,*,#3778,.F.);
#5089=ORIENTED_EDGE('',*,*,#3780,.F.);
#5090=ORIENTED_EDGE('',*,*,#3781,.T.);
#5091=ORIENTED_EDGE('',*,*,#3782,.F.);
#5092=ORIENTED_EDGE('',*,*,#3781,.F.);
#5093=ORIENTED_EDGE('',*,*,#3783,.F.);
#5094=ORIENTED_EDGE('',*,*,#3784,.T.);
#5095=ORIENTED_EDGE('',*,*,#3785,.F.);
#5096=ORIENTED_EDGE('',*,*,#3784,.F.);
#5097=ORIENTED_EDGE('',*,*,#3786,.F.);
#5098=ORIENTED_EDGE('',*,*,#3787,.T.);
#5099=ORIENTED_EDGE('',*,*,#3788,.F.);
#5100=ORIENTED_EDGE('',*,*,#3787,.F.);
#5101=ORIENTED_EDGE('',*,*,#3789,.F.);
#5102=ORIENTED_EDGE('',*,*,#3790,.T.);
#5103=ORIENTED_EDGE('',*,*,#3791,.F.);
#5104=ORIENTED_EDGE('',*,*,#3790,.F.);
#5105=ORIENTED_EDGE('',*,*,#3792,.F.);
#5106=ORIENTED_EDGE('',*,*,#3793,.T.);
#5107=ORIENTED_EDGE('',*,*,#3794,.F.);
#5108=ORIENTED_EDGE('',*,*,#3793,.F.);
#5109=ORIENTED_EDGE('',*,*,#3795,.F.);
#5110=ORIENTED_EDGE('',*,*,#3796,.T.);
#5111=ORIENTED_EDGE('',*,*,#3797,.F.);
#5112=ORIENTED_EDGE('',*,*,#3796,.F.);
#5113=ORIENTED_EDGE('',*,*,#3798,.F.);
#5114=ORIENTED_EDGE('',*,*,#3799,.T.);
#5115=ORIENTED_EDGE('',*,*,#3800,.F.);
#5116=ORIENTED_EDGE('',*,*,#3799,.F.);
#5117=ORIENTED_EDGE('',*,*,#3801,.F.);
#5118=ORIENTED_EDGE('',*,*,#3802,.T.);
#5119=ORIENTED_EDGE('',*,*,#3803,.F.);
#5120=ORIENTED_EDGE('',*,*,#3802,.F.);
#5121=ORIENTED_EDGE('',*,*,#3804,.F.);
#5122=ORIENTED_EDGE('',*,*,#3805,.T.);
#5123=ORIENTED_EDGE('',*,*,#3806,.F.);
#5124=ORIENTED_EDGE('',*,*,#3805,.F.);
#5125=ORIENTED_EDGE('',*,*,#3807,.F.);
#5126=ORIENTED_EDGE('',*,*,#3808,.T.);
#5127=ORIENTED_EDGE('',*,*,#3809,.F.);
#5128=ORIENTED_EDGE('',*,*,#3808,.F.);
#5129=ORIENTED_EDGE('',*,*,#3810,.F.);
#5130=ORIENTED_EDGE('',*,*,#3811,.T.);
#5131=ORIENTED_EDGE('',*,*,#3812,.F.);
#5132=ORIENTED_EDGE('',*,*,#3811,.F.);
#5133=ORIENTED_EDGE('',*,*,#3813,.F.);
#5134=ORIENTED_EDGE('',*,*,#3814,.T.);
#5135=ORIENTED_EDGE('',*,*,#3815,.F.);
#5136=ORIENTED_EDGE('',*,*,#3814,.F.);
#5137=ORIENTED_EDGE('',*,*,#3816,.F.);
#5138=ORIENTED_EDGE('',*,*,#3817,.T.);
#5139=ORIENTED_EDGE('',*,*,#3818,.F.);
#5140=ORIENTED_EDGE('',*,*,#3817,.F.);
#5141=ORIENTED_EDGE('',*,*,#3819,.F.);
#5142=ORIENTED_EDGE('',*,*,#3820,.T.);
#5143=ORIENTED_EDGE('',*,*,#3821,.F.);
#5144=ORIENTED_EDGE('',*,*,#3820,.F.);
#5145=ORIENTED_EDGE('',*,*,#3822,.T.);
#5146=ORIENTED_EDGE('',*,*,#3823,.T.);
#5147=ORIENTED_EDGE('',*,*,#3824,.F.);
#5148=ORIENTED_EDGE('',*,*,#3825,.F.);
#5149=ORIENTED_EDGE('',*,*,#3803,.T.);
#5150=ORIENTED_EDGE('',*,*,#3809,.T.);
#5151=ORIENTED_EDGE('',*,*,#3815,.T.);
#5152=ORIENTED_EDGE('',*,*,#3821,.T.);
#5153=ORIENTED_EDGE('',*,*,#3826,.T.);
#5154=ORIENTED_EDGE('',*,*,#3825,.T.);
#5155=ORIENTED_EDGE('',*,*,#3827,.F.);
#5156=ORIENTED_EDGE('',*,*,#3828,.F.);
#5157=ORIENTED_EDGE('',*,*,#3777,.T.);
#5158=ORIENTED_EDGE('',*,*,#3783,.T.);
#5159=ORIENTED_EDGE('',*,*,#3789,.T.);
#5160=ORIENTED_EDGE('',*,*,#3795,.T.);
#5161=ORIENTED_EDGE('',*,*,#3829,.T.);
#5162=ORIENTED_EDGE('',*,*,#3828,.T.);
#5163=ORIENTED_EDGE('',*,*,#3830,.F.);
#5164=ORIENTED_EDGE('',*,*,#3831,.F.);
#5165=ORIENTED_EDGE('',*,*,#3798,.T.);
#5166=ORIENTED_EDGE('',*,*,#3804,.T.);
#5167=ORIENTED_EDGE('',*,*,#3810,.T.);
#5168=ORIENTED_EDGE('',*,*,#3816,.T.);
#5169=ORIENTED_EDGE('',*,*,#3832,.T.);
#5170=ORIENTED_EDGE('',*,*,#3831,.T.);
#5171=ORIENTED_EDGE('',*,*,#3833,.F.);
#5172=ORIENTED_EDGE('',*,*,#3823,.F.);
#5173=ORIENTED_EDGE('',*,*,#3776,.T.);
#5174=ORIENTED_EDGE('',*,*,#3782,.T.);
#5175=ORIENTED_EDGE('',*,*,#3788,.T.);
#5176=ORIENTED_EDGE('',*,*,#3794,.T.);
#5177=ORIENTED_EDGE('',*,*,#3834,.T.);
#5178=ORIENTED_EDGE('',*,*,#3835,.T.);
#5179=ORIENTED_EDGE('',*,*,#3836,.F.);
#5180=ORIENTED_EDGE('',*,*,#3837,.F.);
#5181=ORIENTED_EDGE('',*,*,#3800,.T.);
#5182=ORIENTED_EDGE('',*,*,#3806,.T.);
#5183=ORIENTED_EDGE('',*,*,#3812,.T.);
#5184=ORIENTED_EDGE('',*,*,#3818,.T.);
#5185=ORIENTED_EDGE('',*,*,#3838,.T.);
#5186=ORIENTED_EDGE('',*,*,#3837,.T.);
#5187=ORIENTED_EDGE('',*,*,#3839,.F.);
#5188=ORIENTED_EDGE('',*,*,#3840,.F.);
#5189=ORIENTED_EDGE('',*,*,#3779,.T.);
#5190=ORIENTED_EDGE('',*,*,#3785,.T.);
#5191=ORIENTED_EDGE('',*,*,#3791,.T.);
#5192=ORIENTED_EDGE('',*,*,#3797,.T.);
#5193=ORIENTED_EDGE('',*,*,#3841,.T.);
#5194=ORIENTED_EDGE('',*,*,#3840,.T.);
#5195=ORIENTED_EDGE('',*,*,#3842,.F.);
#5196=ORIENTED_EDGE('',*,*,#3843,.F.);
#5197=ORIENTED_EDGE('',*,*,#3801,.T.);
#5198=ORIENTED_EDGE('',*,*,#3807,.T.);
#5199=ORIENTED_EDGE('',*,*,#3813,.T.);
#5200=ORIENTED_EDGE('',*,*,#3819,.T.);
#5201=ORIENTED_EDGE('',*,*,#3844,.T.);
#5202=ORIENTED_EDGE('',*,*,#3843,.T.);
#5203=ORIENTED_EDGE('',*,*,#3845,.F.);
#5204=ORIENTED_EDGE('',*,*,#3835,.F.);
#5205=ORIENTED_EDGE('',*,*,#3774,.T.);
#5206=ORIENTED_EDGE('',*,*,#3780,.T.);
#5207=ORIENTED_EDGE('',*,*,#3786,.T.);
#5208=ORIENTED_EDGE('',*,*,#3792,.T.);
#5209=ORIENTED_EDGE('',*,*,#3845,.T.);
#5210=ORIENTED_EDGE('',*,*,#3842,.T.);
#5211=ORIENTED_EDGE('',*,*,#3839,.T.);
#5212=ORIENTED_EDGE('',*,*,#3836,.T.);
#5213=ORIENTED_EDGE('',*,*,#3833,.T.);
#5214=ORIENTED_EDGE('',*,*,#3830,.T.);
#5215=ORIENTED_EDGE('',*,*,#3827,.T.);
#5216=ORIENTED_EDGE('',*,*,#3824,.T.);
#5217=ORIENTED_EDGE('',*,*,#3844,.F.);
#5218=ORIENTED_EDGE('',*,*,#3834,.F.);
#5219=ORIENTED_EDGE('',*,*,#3838,.F.);
#5220=ORIENTED_EDGE('',*,*,#3841,.F.);
#5221=ORIENTED_EDGE('',*,*,#3832,.F.);
#5222=ORIENTED_EDGE('',*,*,#3822,.F.);
#5223=ORIENTED_EDGE('',*,*,#3826,.F.);
#5224=ORIENTED_EDGE('',*,*,#3829,.F.);
#5225=ORIENTED_EDGE('',*,*,#3846,.F.);
#5226=ORIENTED_EDGE('',*,*,#3847,.T.);
#5227=ORIENTED_EDGE('',*,*,#3848,.F.);
#5228=ORIENTED_EDGE('',*,*,#3847,.F.);
#5229=ORIENTED_EDGE('',*,*,#3849,.F.);
#5230=ORIENTED_EDGE('',*,*,#3850,.T.);
#5231=ORIENTED_EDGE('',*,*,#3851,.F.);
#5232=ORIENTED_EDGE('',*,*,#3852,.F.);
#5233=ORIENTED_EDGE('',*,*,#3853,.T.);
#5234=ORIENTED_EDGE('',*,*,#3851,.T.);
#5235=ORIENTED_EDGE('',*,*,#3854,.T.);
#5236=ORIENTED_EDGE('',*,*,#3855,.F.);
#5237=ORIENTED_EDGE('',*,*,#3846,.T.);
#5238=ORIENTED_EDGE('',*,*,#3856,.F.);
#5239=ORIENTED_EDGE('',*,*,#3857,.T.);
#5240=ORIENTED_EDGE('',*,*,#3858,.F.);
#5241=ORIENTED_EDGE('',*,*,#3857,.F.);
#5242=ORIENTED_EDGE('',*,*,#3859,.F.);
#5243=ORIENTED_EDGE('',*,*,#3860,.T.);
#5244=ORIENTED_EDGE('',*,*,#3861,.F.);
#5245=ORIENTED_EDGE('',*,*,#3862,.F.);
#5246=ORIENTED_EDGE('',*,*,#3863,.T.);
#5247=ORIENTED_EDGE('',*,*,#3861,.T.);
#5248=ORIENTED_EDGE('',*,*,#3864,.T.);
#5249=ORIENTED_EDGE('',*,*,#3865,.F.);
#5250=ORIENTED_EDGE('',*,*,#3856,.T.);
#5251=ORIENTED_EDGE('',*,*,#3865,.T.);
#5252=ORIENTED_EDGE('',*,*,#3866,.T.);
#5253=ORIENTED_EDGE('',*,*,#3867,.T.);
#5254=ORIENTED_EDGE('',*,*,#3868,.F.);
#5255=ORIENTED_EDGE('',*,*,#3869,.F.);
#5256=ORIENTED_EDGE('',*,*,#3870,.T.);
#5257=ORIENTED_EDGE('',*,*,#3871,.F.);
#5258=ORIENTED_EDGE('',*,*,#3870,.F.);
#5259=ORIENTED_EDGE('',*,*,#3872,.F.);
#5260=ORIENTED_EDGE('',*,*,#3873,.T.);
#5261=ORIENTED_EDGE('',*,*,#3874,.F.);
#5262=ORIENTED_EDGE('',*,*,#3875,.F.);
#5263=ORIENTED_EDGE('',*,*,#3876,.T.);
#5264=ORIENTED_EDGE('',*,*,#3874,.T.);
#5265=ORIENTED_EDGE('',*,*,#3877,.T.);
#5266=ORIENTED_EDGE('',*,*,#3878,.F.);
#5267=ORIENTED_EDGE('',*,*,#3869,.T.);
#5268=ORIENTED_EDGE('',*,*,#3879,.F.);
#5269=ORIENTED_EDGE('',*,*,#3880,.T.);
#5270=ORIENTED_EDGE('',*,*,#3881,.F.);
#5271=ORIENTED_EDGE('',*,*,#3880,.F.);
#5272=ORIENTED_EDGE('',*,*,#3882,.F.);
#5273=ORIENTED_EDGE('',*,*,#3883,.T.);
#5274=ORIENTED_EDGE('',*,*,#3884,.F.);
#5275=ORIENTED_EDGE('',*,*,#3885,.F.);
#5276=ORIENTED_EDGE('',*,*,#3886,.T.);
#5277=ORIENTED_EDGE('',*,*,#3867,.F.);
#5278=ORIENTED_EDGE('',*,*,#3887,.T.);
#5279=ORIENTED_EDGE('',*,*,#3884,.T.);
#5280=ORIENTED_EDGE('',*,*,#3879,.T.);
#5281=ORIENTED_EDGE('',*,*,#3855,.T.);
#5282=ORIENTED_EDGE('',*,*,#3888,.T.);
#5283=ORIENTED_EDGE('',*,*,#3878,.T.);
#5284=ORIENTED_EDGE('',*,*,#3889,.F.);
#5285=ORIENTED_EDGE('',*,*,#3890,.T.);
#5286=ORIENTED_EDGE('',*,*,#3891,.T.);
#5287=ORIENTED_EDGE('',*,*,#3892,.F.);
#5288=ORIENTED_EDGE('',*,*,#3893,.F.);
#5289=ORIENTED_EDGE('',*,*,#3894,.T.);
#5290=ORIENTED_EDGE('',*,*,#3893,.T.);
#5291=ORIENTED_EDGE('',*,*,#3895,.F.);
#5292=ORIENTED_EDGE('',*,*,#3896,.F.);
#5293=ORIENTED_EDGE('',*,*,#3897,.T.);
#5294=ORIENTED_EDGE('',*,*,#3896,.T.);
#5295=ORIENTED_EDGE('',*,*,#3898,.F.);
#5296=ORIENTED_EDGE('',*,*,#3899,.F.);
#5297=ORIENTED_EDGE('',*,*,#3900,.T.);
#5298=ORIENTED_EDGE('',*,*,#3899,.T.);
#5299=ORIENTED_EDGE('',*,*,#3901,.F.);
#5300=ORIENTED_EDGE('',*,*,#3891,.F.);
#5301=ORIENTED_EDGE('',*,*,#3902,.F.);
#5302=ORIENTED_EDGE('',*,*,#3862,.T.);
#5303=ORIENTED_EDGE('',*,*,#3863,.F.);
#5304=ORIENTED_EDGE('',*,*,#3868,.T.);
#5305=ORIENTED_EDGE('',*,*,#3886,.F.);
#5306=ORIENTED_EDGE('',*,*,#3883,.F.);
#5307=ORIENTED_EDGE('',*,*,#3903,.F.);
#5308=ORIENTED_EDGE('',*,*,#3875,.T.);
#5309=ORIENTED_EDGE('',*,*,#3876,.F.);
#5310=ORIENTED_EDGE('',*,*,#3888,.F.);
#5311=ORIENTED_EDGE('',*,*,#3854,.F.);
#5312=ORIENTED_EDGE('',*,*,#3850,.F.);
#5313=ORIENTED_EDGE('',*,*,#3904,.F.);
#5314=ORIENTED_EDGE('',*,*,#3852,.T.);
#5315=ORIENTED_EDGE('',*,*,#3853,.F.);
#5316=ORIENTED_EDGE('',*,*,#3889,.T.);
#5317=ORIENTED_EDGE('',*,*,#3877,.F.);
#5318=ORIENTED_EDGE('',*,*,#3873,.F.);
#5319=ORIENTED_EDGE('',*,*,#3905,.F.);
#5320=ORIENTED_EDGE('',*,*,#3885,.T.);
#5321=ORIENTED_EDGE('',*,*,#3887,.F.);
#5322=ORIENTED_EDGE('',*,*,#3866,.F.);
#5323=ORIENTED_EDGE('',*,*,#3864,.F.);
#5324=ORIENTED_EDGE('',*,*,#3860,.F.);
#5325=ORIENTED_EDGE('',*,*,#3905,.T.);
#5326=ORIENTED_EDGE('',*,*,#3872,.T.);
#5327=ORIENTED_EDGE('',*,*,#3903,.T.);
#5328=ORIENTED_EDGE('',*,*,#3882,.T.);
#5329=ORIENTED_EDGE('',*,*,#3871,.T.);
#5330=ORIENTED_EDGE('',*,*,#3881,.T.);
#5331=ORIENTED_EDGE('',*,*,#3901,.T.);
#5332=ORIENTED_EDGE('',*,*,#3898,.T.);
#5333=ORIENTED_EDGE('',*,*,#3895,.T.);
#5334=ORIENTED_EDGE('',*,*,#3892,.T.);
#5335=ORIENTED_EDGE('',*,*,#3902,.T.);
#5336=ORIENTED_EDGE('',*,*,#3849,.T.);
#5337=ORIENTED_EDGE('',*,*,#3904,.T.);
#5338=ORIENTED_EDGE('',*,*,#3859,.T.);
#5339=ORIENTED_EDGE('',*,*,#3848,.T.);
#5340=ORIENTED_EDGE('',*,*,#3858,.T.);
#5341=ORIENTED_EDGE('',*,*,#3900,.F.);
#5342=ORIENTED_EDGE('',*,*,#3890,.F.);
#5343=ORIENTED_EDGE('',*,*,#3894,.F.);
#5344=ORIENTED_EDGE('',*,*,#3897,.F.);
#5345=ORIENTED_EDGE('',*,*,#3906,.F.);
#5346=ORIENTED_EDGE('',*,*,#3907,.T.);
#5347=ORIENTED_EDGE('',*,*,#3908,.F.);
#5348=ORIENTED_EDGE('',*,*,#3907,.F.);
#5349=ORIENTED_EDGE('',*,*,#3909,.F.);
#5350=ORIENTED_EDGE('',*,*,#3910,.T.);
#5351=ORIENTED_EDGE('',*,*,#3911,.F.);
#5352=ORIENTED_EDGE('',*,*,#3912,.F.);
#5353=ORIENTED_EDGE('',*,*,#3913,.T.);
#5354=ORIENTED_EDGE('',*,*,#3911,.T.);
#5355=ORIENTED_EDGE('',*,*,#3914,.T.);
#5356=ORIENTED_EDGE('',*,*,#3915,.F.);
#5357=ORIENTED_EDGE('',*,*,#3906,.T.);
#5358=ORIENTED_EDGE('',*,*,#3916,.F.);
#5359=ORIENTED_EDGE('',*,*,#3917,.T.);
#5360=ORIENTED_EDGE('',*,*,#3918,.F.);
#5361=ORIENTED_EDGE('',*,*,#3917,.F.);
#5362=ORIENTED_EDGE('',*,*,#3919,.F.);
#5363=ORIENTED_EDGE('',*,*,#3920,.T.);
#5364=ORIENTED_EDGE('',*,*,#3921,.F.);
#5365=ORIENTED_EDGE('',*,*,#3922,.F.);
#5366=ORIENTED_EDGE('',*,*,#3923,.T.);
#5367=ORIENTED_EDGE('',*,*,#3921,.T.);
#5368=ORIENTED_EDGE('',*,*,#3924,.T.);
#5369=ORIENTED_EDGE('',*,*,#3925,.F.);
#5370=ORIENTED_EDGE('',*,*,#3916,.T.);
#5371=ORIENTED_EDGE('',*,*,#3915,.T.);
#5372=ORIENTED_EDGE('',*,*,#3926,.T.);
#5373=ORIENTED_EDGE('',*,*,#3927,.T.);
#5374=ORIENTED_EDGE('',*,*,#3928,.F.);
#5375=ORIENTED_EDGE('',*,*,#3929,.F.);
#5376=ORIENTED_EDGE('',*,*,#3930,.T.);
#5377=ORIENTED_EDGE('',*,*,#3931,.F.);
#5378=ORIENTED_EDGE('',*,*,#3930,.F.);
#5379=ORIENTED_EDGE('',*,*,#3932,.F.);
#5380=ORIENTED_EDGE('',*,*,#3933,.T.);
#5381=ORIENTED_EDGE('',*,*,#3934,.F.);
#5382=ORIENTED_EDGE('',*,*,#3935,.F.);
#5383=ORIENTED_EDGE('',*,*,#3936,.T.);
#5384=ORIENTED_EDGE('',*,*,#3934,.T.);
#5385=ORIENTED_EDGE('',*,*,#3937,.T.);
#5386=ORIENTED_EDGE('',*,*,#3938,.F.);
#5387=ORIENTED_EDGE('',*,*,#3929,.T.);
#5388=ORIENTED_EDGE('',*,*,#3939,.F.);
#5389=ORIENTED_EDGE('',*,*,#3940,.T.);
#5390=ORIENTED_EDGE('',*,*,#3941,.F.);
#5391=ORIENTED_EDGE('',*,*,#3940,.F.);
#5392=ORIENTED_EDGE('',*,*,#3942,.F.);
#5393=ORIENTED_EDGE('',*,*,#3943,.T.);
#5394=ORIENTED_EDGE('',*,*,#3944,.F.);
#5395=ORIENTED_EDGE('',*,*,#3945,.F.);
#5396=ORIENTED_EDGE('',*,*,#3946,.T.);
#5397=ORIENTED_EDGE('',*,*,#3927,.F.);
#5398=ORIENTED_EDGE('',*,*,#3947,.T.);
#5399=ORIENTED_EDGE('',*,*,#3944,.T.);
#5400=ORIENTED_EDGE('',*,*,#3939,.T.);
#5401=ORIENTED_EDGE('',*,*,#3925,.T.);
#5402=ORIENTED_EDGE('',*,*,#3948,.T.);
#5403=ORIENTED_EDGE('',*,*,#3938,.T.);
#5404=ORIENTED_EDGE('',*,*,#3949,.F.);
#5405=ORIENTED_EDGE('',*,*,#3950,.T.);
#5406=ORIENTED_EDGE('',*,*,#3951,.T.);
#5407=ORIENTED_EDGE('',*,*,#3952,.F.);
#5408=ORIENTED_EDGE('',*,*,#3953,.F.);
#5409=ORIENTED_EDGE('',*,*,#3954,.T.);
#5410=ORIENTED_EDGE('',*,*,#3953,.T.);
#5411=ORIENTED_EDGE('',*,*,#3955,.F.);
#5412=ORIENTED_EDGE('',*,*,#3956,.F.);
#5413=ORIENTED_EDGE('',*,*,#3957,.T.);
#5414=ORIENTED_EDGE('',*,*,#3956,.T.);
#5415=ORIENTED_EDGE('',*,*,#3958,.F.);
#5416=ORIENTED_EDGE('',*,*,#3959,.F.);
#5417=ORIENTED_EDGE('',*,*,#3960,.T.);
#5418=ORIENTED_EDGE('',*,*,#3959,.T.);
#5419=ORIENTED_EDGE('',*,*,#3961,.F.);
#5420=ORIENTED_EDGE('',*,*,#3951,.F.);
#5421=ORIENTED_EDGE('',*,*,#3962,.F.);
#5422=ORIENTED_EDGE('',*,*,#3912,.T.);
#5423=ORIENTED_EDGE('',*,*,#3913,.F.);
#5424=ORIENTED_EDGE('',*,*,#3928,.T.);
#5425=ORIENTED_EDGE('',*,*,#3946,.F.);
#5426=ORIENTED_EDGE('',*,*,#3943,.F.);
#5427=ORIENTED_EDGE('',*,*,#3963,.F.);
#5428=ORIENTED_EDGE('',*,*,#3935,.T.);
#5429=ORIENTED_EDGE('',*,*,#3936,.F.);
#5430=ORIENTED_EDGE('',*,*,#3948,.F.);
#5431=ORIENTED_EDGE('',*,*,#3924,.F.);
#5432=ORIENTED_EDGE('',*,*,#3920,.F.);
#5433=ORIENTED_EDGE('',*,*,#3964,.F.);
#5434=ORIENTED_EDGE('',*,*,#3922,.T.);
#5435=ORIENTED_EDGE('',*,*,#3923,.F.);
#5436=ORIENTED_EDGE('',*,*,#3949,.T.);
#5437=ORIENTED_EDGE('',*,*,#3937,.F.);
#5438=ORIENTED_EDGE('',*,*,#3933,.F.);
#5439=ORIENTED_EDGE('',*,*,#3965,.F.);
#5440=ORIENTED_EDGE('',*,*,#3945,.T.);
#5441=ORIENTED_EDGE('',*,*,#3947,.F.);
#5442=ORIENTED_EDGE('',*,*,#3926,.F.);
#5443=ORIENTED_EDGE('',*,*,#3914,.F.);
#5444=ORIENTED_EDGE('',*,*,#3910,.F.);
#5445=ORIENTED_EDGE('',*,*,#3965,.T.);
#5446=ORIENTED_EDGE('',*,*,#3932,.T.);
#5447=ORIENTED_EDGE('',*,*,#3963,.T.);
#5448=ORIENTED_EDGE('',*,*,#3942,.T.);
#5449=ORIENTED_EDGE('',*,*,#3931,.T.);
#5450=ORIENTED_EDGE('',*,*,#3941,.T.);
#5451=ORIENTED_EDGE('',*,*,#3961,.T.);
#5452=ORIENTED_EDGE('',*,*,#3958,.T.);
#5453=ORIENTED_EDGE('',*,*,#3955,.T.);
#5454=ORIENTED_EDGE('',*,*,#3952,.T.);
#5455=ORIENTED_EDGE('',*,*,#3962,.T.);
#5456=ORIENTED_EDGE('',*,*,#3919,.T.);
#5457=ORIENTED_EDGE('',*,*,#3964,.T.);
#5458=ORIENTED_EDGE('',*,*,#3909,.T.);
#5459=ORIENTED_EDGE('',*,*,#3908,.T.);
#5460=ORIENTED_EDGE('',*,*,#3918,.T.);
#5461=ORIENTED_EDGE('',*,*,#3960,.F.);
#5462=ORIENTED_EDGE('',*,*,#3950,.F.);
#5463=ORIENTED_EDGE('',*,*,#3954,.F.);
#5464=ORIENTED_EDGE('',*,*,#3957,.F.);
#5465=ORIENTED_EDGE('',*,*,#3966,.T.);
#5466=ORIENTED_EDGE('',*,*,#3967,.T.);
#5467=ORIENTED_EDGE('',*,*,#3968,.T.);
#5468=ORIENTED_EDGE('',*,*,#3969,.T.);
#5469=ORIENTED_EDGE('',*,*,#3970,.T.);
#5470=ORIENTED_EDGE('',*,*,#3971,.T.);
#5471=ORIENTED_EDGE('',*,*,#3972,.T.);
#5472=ORIENTED_EDGE('',*,*,#3973,.T.);
#5473=ORIENTED_EDGE('',*,*,#3974,.T.);
#5474=ORIENTED_EDGE('',*,*,#3975,.T.);
#5475=ORIENTED_EDGE('',*,*,#3976,.T.);
#5476=ORIENTED_EDGE('',*,*,#3977,.T.);
#5477=ORIENTED_EDGE('',*,*,#3978,.T.);
#5478=ORIENTED_EDGE('',*,*,#3979,.T.);
#5479=ORIENTED_EDGE('',*,*,#3980,.T.);
#5480=ORIENTED_EDGE('',*,*,#3981,.T.);
#5481=ORIENTED_EDGE('',*,*,#3982,.T.);
#5482=ORIENTED_EDGE('',*,*,#3983,.T.);
#5483=ORIENTED_EDGE('',*,*,#3984,.T.);
#5484=ORIENTED_EDGE('',*,*,#3985,.T.);
#5485=ORIENTED_EDGE('',*,*,#3986,.T.);
#5486=ORIENTED_EDGE('',*,*,#3987,.T.);
#5487=ORIENTED_EDGE('',*,*,#3988,.T.);
#5488=ORIENTED_EDGE('',*,*,#3989,.T.);
#5489=ORIENTED_EDGE('',*,*,#3990,.T.);
#5490=ORIENTED_EDGE('',*,*,#3991,.T.);
#5491=ORIENTED_EDGE('',*,*,#3992,.T.);
#5492=ORIENTED_EDGE('',*,*,#3993,.T.);
#5493=ORIENTED_EDGE('',*,*,#3994,.T.);
#5494=ORIENTED_EDGE('',*,*,#3995,.T.);
#5495=ORIENTED_EDGE('',*,*,#3996,.T.);
#5496=ORIENTED_EDGE('',*,*,#3997,.T.);
#5497=ORIENTED_EDGE('',*,*,#3998,.T.);
#5498=ORIENTED_EDGE('',*,*,#3999,.T.);
#5499=ORIENTED_EDGE('',*,*,#4000,.T.);
#5500=ORIENTED_EDGE('',*,*,#4001,.T.);
#5501=ORIENTED_EDGE('',*,*,#4002,.T.);
#5502=ORIENTED_EDGE('',*,*,#4003,.T.);
#5503=ORIENTED_EDGE('',*,*,#4004,.T.);
#5504=ORIENTED_EDGE('',*,*,#4005,.T.);
#5505=ORIENTED_EDGE('',*,*,#4006,.T.);
#5506=ORIENTED_EDGE('',*,*,#4007,.T.);
#5507=ORIENTED_EDGE('',*,*,#4008,.T.);
#5508=ORIENTED_EDGE('',*,*,#4009,.T.);
#5509=ORIENTED_EDGE('',*,*,#4010,.T.);
#5510=ORIENTED_EDGE('',*,*,#4011,.T.);
#5511=ORIENTED_EDGE('',*,*,#4012,.T.);
#5512=ORIENTED_EDGE('',*,*,#4013,.T.);
#5513=ORIENTED_EDGE('',*,*,#4014,.T.);
#5514=ORIENTED_EDGE('',*,*,#4015,.T.);
#5515=ORIENTED_EDGE('',*,*,#4016,.T.);
#5516=ORIENTED_EDGE('',*,*,#4017,.T.);
#5517=ORIENTED_EDGE('',*,*,#4018,.T.);
#5518=ORIENTED_EDGE('',*,*,#4019,.T.);
#5519=ORIENTED_EDGE('',*,*,#4020,.T.);
#5520=ORIENTED_EDGE('',*,*,#4021,.T.);
#5521=ORIENTED_EDGE('',*,*,#4022,.T.);
#5522=ORIENTED_EDGE('',*,*,#4023,.T.);
#5523=ORIENTED_EDGE('',*,*,#4024,.T.);
#5524=ORIENTED_EDGE('',*,*,#4025,.T.);
#5525=ORIENTED_EDGE('',*,*,#4026,.T.);
#5526=ORIENTED_EDGE('',*,*,#4027,.T.);
#5527=ORIENTED_EDGE('',*,*,#4028,.T.);
#5528=ORIENTED_EDGE('',*,*,#4029,.T.);
#5529=ORIENTED_EDGE('',*,*,#4030,.T.);
#5530=ORIENTED_EDGE('',*,*,#4031,.T.);
#5531=ORIENTED_EDGE('',*,*,#4032,.T.);
#5532=ORIENTED_EDGE('',*,*,#4033,.T.);
#5533=ORIENTED_EDGE('',*,*,#4034,.T.);
#5534=ORIENTED_EDGE('',*,*,#4035,.T.);
#5535=ORIENTED_EDGE('',*,*,#4036,.T.);
#5536=ORIENTED_EDGE('',*,*,#4037,.T.);
#5537=ORIENTED_EDGE('',*,*,#4038,.T.);
#5538=ORIENTED_EDGE('',*,*,#4039,.T.);
#5539=ORIENTED_EDGE('',*,*,#4040,.T.);
#5540=ORIENTED_EDGE('',*,*,#4041,.T.);
#5541=ORIENTED_EDGE('',*,*,#4042,.F.);
#5542=ORIENTED_EDGE('',*,*,#4043,.F.);
#5543=ORIENTED_EDGE('',*,*,#4044,.T.);
#5544=ORIENTED_EDGE('',*,*,#4045,.F.);
#5545=ORIENTED_EDGE('',*,*,#4046,.F.);
#5546=ORIENTED_EDGE('',*,*,#4047,.F.);
#5547=ORIENTED_EDGE('',*,*,#4048,.F.);
#5548=ORIENTED_EDGE('',*,*,#4049,.F.);
#5549=ORIENTED_EDGE('',*,*,#4050,.T.);
#5550=ORIENTED_EDGE('',*,*,#4051,.F.);
#5551=ORIENTED_EDGE('',*,*,#4052,.T.);
#5552=ORIENTED_EDGE('',*,*,#4053,.F.);
#5553=ORIENTED_EDGE('',*,*,#4054,.F.);
#5554=ORIENTED_EDGE('',*,*,#4055,.F.);
#5555=ORIENTED_EDGE('',*,*,#4056,.F.);
#5556=ORIENTED_EDGE('',*,*,#4057,.F.);
#5557=ORIENTED_EDGE('',*,*,#4058,.F.);
#5558=ORIENTED_EDGE('',*,*,#4059,.F.);
#5559=ORIENTED_EDGE('',*,*,#4060,.F.);
#5560=ORIENTED_EDGE('',*,*,#4061,.T.);
#5561=ORIENTED_EDGE('',*,*,#4062,.F.);
#5562=ORIENTED_EDGE('',*,*,#4063,.T.);
#5563=ORIENTED_EDGE('',*,*,#4064,.F.);
#5564=ORIENTED_EDGE('',*,*,#4065,.F.);
#5565=ORIENTED_EDGE('',*,*,#4066,.F.);
#5566=ORIENTED_EDGE('',*,*,#4067,.F.);
#5567=ORIENTED_EDGE('',*,*,#4068,.F.);
#5568=ORIENTED_EDGE('',*,*,#4069,.T.);
#5569=ORIENTED_EDGE('',*,*,#4070,.F.);
#5570=ORIENTED_EDGE('',*,*,#4071,.T.);
#5571=ORIENTED_EDGE('',*,*,#4072,.F.);
#5572=ORIENTED_EDGE('',*,*,#4073,.F.);
#5573=ORIENTED_EDGE('',*,*,#4074,.F.);
#5574=ORIENTED_EDGE('',*,*,#4075,.F.);
#5575=ORIENTED_EDGE('',*,*,#4076,.F.);
#5576=ORIENTED_EDGE('',*,*,#4077,.F.);
#5577=ORIENTED_EDGE('',*,*,#4078,.F.);
#5578=ORIENTED_EDGE('',*,*,#4079,.F.);
#5579=ORIENTED_EDGE('',*,*,#4080,.T.);
#5580=ORIENTED_EDGE('',*,*,#4081,.F.);
#5581=ORIENTED_EDGE('',*,*,#4082,.T.);
#5582=ORIENTED_EDGE('',*,*,#4083,.F.);
#5583=ORIENTED_EDGE('',*,*,#4084,.F.);
#5584=ORIENTED_EDGE('',*,*,#4085,.F.);
#5585=ORIENTED_EDGE('',*,*,#4086,.F.);
#5586=ORIENTED_EDGE('',*,*,#4087,.F.);
#5587=ORIENTED_EDGE('',*,*,#4088,.T.);
#5588=ORIENTED_EDGE('',*,*,#4089,.F.);
#5589=ORIENTED_EDGE('',*,*,#4090,.T.);
#5590=ORIENTED_EDGE('',*,*,#4091,.F.);
#5591=ORIENTED_EDGE('',*,*,#4092,.F.);
#5592=ORIENTED_EDGE('',*,*,#4093,.F.);
#5593=ORIENTED_EDGE('',*,*,#4094,.F.);
#5594=ORIENTED_EDGE('',*,*,#4095,.F.);
#5595=ORIENTED_EDGE('',*,*,#4096,.F.);
#5596=ORIENTED_EDGE('',*,*,#4097,.F.);
#5597=ORIENTED_EDGE('',*,*,#4098,.F.);
#5598=ORIENTED_EDGE('',*,*,#4099,.T.);
#5599=ORIENTED_EDGE('',*,*,#4100,.F.);
#5600=ORIENTED_EDGE('',*,*,#4101,.T.);
#5601=ORIENTED_EDGE('',*,*,#4102,.F.);
#5602=ORIENTED_EDGE('',*,*,#4103,.F.);
#5603=ORIENTED_EDGE('',*,*,#4104,.F.);
#5604=ORIENTED_EDGE('',*,*,#4105,.F.);
#5605=ORIENTED_EDGE('',*,*,#4106,.F.);
#5606=ORIENTED_EDGE('',*,*,#4107,.T.);
#5607=ORIENTED_EDGE('',*,*,#4108,.F.);
#5608=ORIENTED_EDGE('',*,*,#4109,.T.);
#5609=ORIENTED_EDGE('',*,*,#4110,.F.);
#5610=ORIENTED_EDGE('',*,*,#4111,.F.);
#5611=ORIENTED_EDGE('',*,*,#4112,.F.);
#5612=ORIENTED_EDGE('',*,*,#4113,.F.);
#5613=ORIENTED_EDGE('',*,*,#4114,.F.);
#5614=ORIENTED_EDGE('',*,*,#4115,.F.);
#5615=ORIENTED_EDGE('',*,*,#4116,.F.);
#5616=ORIENTED_EDGE('',*,*,#4117,.F.);
#5617=ORIENTED_EDGE('',*,*,#4118,.T.);
#5618=ORIENTED_EDGE('',*,*,#4119,.T.);
#5619=ORIENTED_EDGE('',*,*,#4048,.T.);
#5620=ORIENTED_EDGE('',*,*,#4120,.F.);
#5621=ORIENTED_EDGE('',*,*,#4039,.F.);
#5622=ORIENTED_EDGE('',*,*,#4121,.T.);
#5623=ORIENTED_EDGE('',*,*,#4047,.T.);
#5624=ORIENTED_EDGE('',*,*,#4122,.F.);
#5625=ORIENTED_EDGE('',*,*,#4040,.F.);
#5626=ORIENTED_EDGE('',*,*,#4120,.T.);
#5627=ORIENTED_EDGE('',*,*,#4046,.T.);
#5628=ORIENTED_EDGE('',*,*,#4123,.F.);
#5629=ORIENTED_EDGE('',*,*,#4041,.F.);
#5630=ORIENTED_EDGE('',*,*,#4122,.T.);
#5631=ORIENTED_EDGE('',*,*,#4045,.T.);
#5632=ORIENTED_EDGE('',*,*,#4124,.T.);
#5633=ORIENTED_EDGE('',*,*,#3966,.F.);
#5634=ORIENTED_EDGE('',*,*,#4123,.T.);
#5635=ORIENTED_EDGE('',*,*,#3968,.F.);
#5636=ORIENTED_EDGE('',*,*,#4125,.T.);
#5637=ORIENTED_EDGE('',*,*,#4043,.T.);
#5638=ORIENTED_EDGE('',*,*,#4126,.T.);
#5639=ORIENTED_EDGE('',*,*,#3970,.F.);
#5640=ORIENTED_EDGE('',*,*,#4127,.T.);
#5641=ORIENTED_EDGE('',*,*,#4117,.T.);
#5642=ORIENTED_EDGE('',*,*,#4128,.F.);
#5643=ORIENTED_EDGE('',*,*,#4116,.T.);
#5644=ORIENTED_EDGE('',*,*,#4129,.F.);
#5645=ORIENTED_EDGE('',*,*,#3971,.F.);
#5646=ORIENTED_EDGE('',*,*,#4128,.T.);
#5647=ORIENTED_EDGE('',*,*,#4115,.T.);
#5648=ORIENTED_EDGE('',*,*,#4130,.F.);
#5649=ORIENTED_EDGE('',*,*,#3972,.F.);
#5650=ORIENTED_EDGE('',*,*,#4129,.T.);
#5651=ORIENTED_EDGE('',*,*,#4114,.T.);
#5652=ORIENTED_EDGE('',*,*,#4131,.F.);
#5653=ORIENTED_EDGE('',*,*,#3973,.F.);
#5654=ORIENTED_EDGE('',*,*,#4130,.T.);
#5655=ORIENTED_EDGE('',*,*,#4113,.T.);
#5656=ORIENTED_EDGE('',*,*,#4132,.F.);
#5657=ORIENTED_EDGE('',*,*,#3974,.F.);
#5658=ORIENTED_EDGE('',*,*,#4131,.T.);
#5659=ORIENTED_EDGE('',*,*,#4112,.T.);
#5660=ORIENTED_EDGE('',*,*,#4133,.F.);
#5661=ORIENTED_EDGE('',*,*,#3975,.F.);
#5662=ORIENTED_EDGE('',*,*,#4132,.T.);
#5663=ORIENTED_EDGE('',*,*,#4111,.T.);
#5664=ORIENTED_EDGE('',*,*,#4134,.F.);
#5665=ORIENTED_EDGE('',*,*,#3976,.F.);
#5666=ORIENTED_EDGE('',*,*,#4133,.T.);
#5667=ORIENTED_EDGE('',*,*,#4110,.T.);
#5668=ORIENTED_EDGE('',*,*,#4135,.T.);
#5669=ORIENTED_EDGE('',*,*,#3977,.F.);
#5670=ORIENTED_EDGE('',*,*,#4134,.T.);
#5671=ORIENTED_EDGE('',*,*,#4108,.T.);
#5672=ORIENTED_EDGE('',*,*,#4136,.T.);
#5673=ORIENTED_EDGE('',*,*,#3979,.F.);
#5674=ORIENTED_EDGE('',*,*,#4137,.T.);
#5675=ORIENTED_EDGE('',*,*,#3981,.F.);
#5676=ORIENTED_EDGE('',*,*,#4138,.T.);
#5677=ORIENTED_EDGE('',*,*,#4106,.T.);
#5678=ORIENTED_EDGE('',*,*,#4139,.F.);
#5679=ORIENTED_EDGE('',*,*,#4105,.T.);
#5680=ORIENTED_EDGE('',*,*,#4140,.F.);
#5681=ORIENTED_EDGE('',*,*,#3982,.F.);
#5682=ORIENTED_EDGE('',*,*,#4139,.T.);
#5683=ORIENTED_EDGE('',*,*,#4104,.T.);
#5684=ORIENTED_EDGE('',*,*,#4141,.F.);
#5685=ORIENTED_EDGE('',*,*,#3983,.F.);
#5686=ORIENTED_EDGE('',*,*,#4140,.T.);
#5687=ORIENTED_EDGE('',*,*,#4103,.T.);
#5688=ORIENTED_EDGE('',*,*,#4142,.F.);
#5689=ORIENTED_EDGE('',*,*,#3984,.F.);
#5690=ORIENTED_EDGE('',*,*,#4141,.T.);
#5691=ORIENTED_EDGE('',*,*,#4102,.T.);
#5692=ORIENTED_EDGE('',*,*,#4143,.T.);
#5693=ORIENTED_EDGE('',*,*,#3985,.F.);
#5694=ORIENTED_EDGE('',*,*,#4142,.T.);
#5695=ORIENTED_EDGE('',*,*,#3987,.F.);
#5696=ORIENTED_EDGE('',*,*,#4144,.T.);
#5697=ORIENTED_EDGE('',*,*,#4100,.T.);
#5698=ORIENTED_EDGE('',*,*,#4145,.T.);
#5699=ORIENTED_EDGE('',*,*,#3989,.F.);
#5700=ORIENTED_EDGE('',*,*,#4146,.T.);
#5701=ORIENTED_EDGE('',*,*,#4098,.T.);
#5702=ORIENTED_EDGE('',*,*,#4147,.F.);
#5703=ORIENTED_EDGE('',*,*,#4097,.T.);
#5704=ORIENTED_EDGE('',*,*,#4148,.F.);
#5705=ORIENTED_EDGE('',*,*,#3990,.F.);
#5706=ORIENTED_EDGE('',*,*,#4147,.T.);
#5707=ORIENTED_EDGE('',*,*,#4096,.T.);
#5708=ORIENTED_EDGE('',*,*,#4149,.F.);
#5709=ORIENTED_EDGE('',*,*,#3991,.F.);
#5710=ORIENTED_EDGE('',*,*,#4148,.T.);
#5711=ORIENTED_EDGE('',*,*,#4095,.T.);
#5712=ORIENTED_EDGE('',*,*,#4150,.F.);
#5713=ORIENTED_EDGE('',*,*,#3992,.F.);
#5714=ORIENTED_EDGE('',*,*,#4149,.T.);
#5715=ORIENTED_EDGE('',*,*,#4094,.T.);
#5716=ORIENTED_EDGE('',*,*,#4151,.F.);
#5717=ORIENTED_EDGE('',*,*,#3993,.F.);
#5718=ORIENTED_EDGE('',*,*,#4150,.T.);
#5719=ORIENTED_EDGE('',*,*,#4093,.T.);
#5720=ORIENTED_EDGE('',*,*,#4152,.F.);
#5721=ORIENTED_EDGE('',*,*,#3994,.F.);
#5722=ORIENTED_EDGE('',*,*,#4151,.T.);
#5723=ORIENTED_EDGE('',*,*,#4092,.T.);
#5724=ORIENTED_EDGE('',*,*,#4153,.F.);
#5725=ORIENTED_EDGE('',*,*,#3995,.F.);
#5726=ORIENTED_EDGE('',*,*,#4152,.T.);
#5727=ORIENTED_EDGE('',*,*,#4091,.T.);
#5728=ORIENTED_EDGE('',*,*,#4154,.T.);
#5729=ORIENTED_EDGE('',*,*,#3996,.F.);
#5730=ORIENTED_EDGE('',*,*,#4153,.T.);
#5731=ORIENTED_EDGE('',*,*,#4089,.T.);
#5732=ORIENTED_EDGE('',*,*,#4155,.T.);
#5733=ORIENTED_EDGE('',*,*,#3998,.F.);
#5734=ORIENTED_EDGE('',*,*,#4156,.T.);
#5735=ORIENTED_EDGE('',*,*,#4000,.F.);
#5736=ORIENTED_EDGE('',*,*,#4157,.T.);
#5737=ORIENTED_EDGE('',*,*,#4087,.T.);
#5738=ORIENTED_EDGE('',*,*,#4158,.F.);
#5739=ORIENTED_EDGE('',*,*,#4086,.T.);
#5740=ORIENTED_EDGE('',*,*,#4159,.F.);
#5741=ORIENTED_EDGE('',*,*,#4001,.F.);
#5742=ORIENTED_EDGE('',*,*,#4158,.T.);
#5743=ORIENTED_EDGE('',*,*,#4085,.T.);
#5744=ORIENTED_EDGE('',*,*,#4160,.F.);
#5745=ORIENTED_EDGE('',*,*,#4002,.F.);
#5746=ORIENTED_EDGE('',*,*,#4159,.T.);
#5747=ORIENTED_EDGE('',*,*,#4084,.T.);
#5748=ORIENTED_EDGE('',*,*,#4161,.F.);
#5749=ORIENTED_EDGE('',*,*,#4003,.F.);
#5750=ORIENTED_EDGE('',*,*,#4160,.T.);
#5751=ORIENTED_EDGE('',*,*,#4083,.T.);
#5752=ORIENTED_EDGE('',*,*,#4162,.T.);
#5753=ORIENTED_EDGE('',*,*,#4004,.F.);
#5754=ORIENTED_EDGE('',*,*,#4161,.T.);
#5755=ORIENTED_EDGE('',*,*,#4006,.F.);
#5756=ORIENTED_EDGE('',*,*,#4163,.T.);
#5757=ORIENTED_EDGE('',*,*,#4081,.T.);
#5758=ORIENTED_EDGE('',*,*,#4164,.T.);
#5759=ORIENTED_EDGE('',*,*,#4008,.F.);
#5760=ORIENTED_EDGE('',*,*,#4165,.T.);
#5761=ORIENTED_EDGE('',*,*,#4079,.T.);
#5762=ORIENTED_EDGE('',*,*,#4166,.F.);
#5763=ORIENTED_EDGE('',*,*,#4078,.T.);
#5764=ORIENTED_EDGE('',*,*,#4167,.F.);
#5765=ORIENTED_EDGE('',*,*,#4009,.F.);
#5766=ORIENTED_EDGE('',*,*,#4166,.T.);
#5767=ORIENTED_EDGE('',*,*,#4077,.T.);
#5768=ORIENTED_EDGE('',*,*,#4168,.F.);
#5769=ORIENTED_EDGE('',*,*,#4010,.F.);
#5770=ORIENTED_EDGE('',*,*,#4167,.T.);
#5771=ORIENTED_EDGE('',*,*,#4076,.T.);
#5772=ORIENTED_EDGE('',*,*,#4169,.F.);
#5773=ORIENTED_EDGE('',*,*,#4011,.F.);
#5774=ORIENTED_EDGE('',*,*,#4168,.T.);
#5775=ORIENTED_EDGE('',*,*,#4075,.T.);
#5776=ORIENTED_EDGE('',*,*,#4170,.F.);
#5777=ORIENTED_EDGE('',*,*,#4012,.F.);
#5778=ORIENTED_EDGE('',*,*,#4169,.T.);
#5779=ORIENTED_EDGE('',*,*,#4074,.T.);
#5780=ORIENTED_EDGE('',*,*,#4171,.F.);
#5781=ORIENTED_EDGE('',*,*,#4013,.F.);
#5782=ORIENTED_EDGE('',*,*,#4170,.T.);
#5783=ORIENTED_EDGE('',*,*,#4073,.T.);
#5784=ORIENTED_EDGE('',*,*,#4172,.F.);
#5785=ORIENTED_EDGE('',*,*,#4014,.F.);
#5786=ORIENTED_EDGE('',*,*,#4171,.T.);
#5787=ORIENTED_EDGE('',*,*,#4072,.T.);
#5788=ORIENTED_EDGE('',*,*,#4173,.T.);
#5789=ORIENTED_EDGE('',*,*,#4015,.F.);
#5790=ORIENTED_EDGE('',*,*,#4172,.T.);
#5791=ORIENTED_EDGE('',*,*,#4070,.T.);
#5792=ORIENTED_EDGE('',*,*,#4174,.T.);
#5793=ORIENTED_EDGE('',*,*,#4017,.F.);
#5794=ORIENTED_EDGE('',*,*,#4175,.T.);
#5795=ORIENTED_EDGE('',*,*,#4019,.F.);
#5796=ORIENTED_EDGE('',*,*,#4176,.T.);
#5797=ORIENTED_EDGE('',*,*,#4068,.T.);
#5798=ORIENTED_EDGE('',*,*,#4177,.F.);
#5799=ORIENTED_EDGE('',*,*,#4067,.T.);
#5800=ORIENTED_EDGE('',*,*,#4178,.F.);
#5801=ORIENTED_EDGE('',*,*,#4020,.F.);
#5802=ORIENTED_EDGE('',*,*,#4177,.T.);
#5803=ORIENTED_EDGE('',*,*,#4066,.T.);
#5804=ORIENTED_EDGE('',*,*,#4179,.F.);
#5805=ORIENTED_EDGE('',*,*,#4021,.F.);
#5806=ORIENTED_EDGE('',*,*,#4178,.T.);
#5807=ORIENTED_EDGE('',*,*,#4065,.T.);
#5808=ORIENTED_EDGE('',*,*,#4180,.F.);
#5809=ORIENTED_EDGE('',*,*,#4022,.F.);
#5810=ORIENTED_EDGE('',*,*,#4179,.T.);
#5811=ORIENTED_EDGE('',*,*,#4064,.T.);
#5812=ORIENTED_EDGE('',*,*,#4181,.T.);
#5813=ORIENTED_EDGE('',*,*,#4023,.F.);
#5814=ORIENTED_EDGE('',*,*,#4180,.T.);
#5815=ORIENTED_EDGE('',*,*,#4062,.T.);
#5816=ORIENTED_EDGE('',*,*,#4182,.T.);
#5817=ORIENTED_EDGE('',*,*,#4025,.F.);
#5818=ORIENTED_EDGE('',*,*,#4183,.T.);
#5819=ORIENTED_EDGE('',*,*,#4027,.F.);
#5820=ORIENTED_EDGE('',*,*,#4184,.T.);
#5821=ORIENTED_EDGE('',*,*,#4060,.T.);
#5822=ORIENTED_EDGE('',*,*,#4185,.F.);
#5823=ORIENTED_EDGE('',*,*,#4059,.T.);
#5824=ORIENTED_EDGE('',*,*,#4186,.F.);
#5825=ORIENTED_EDGE('',*,*,#4028,.F.);
#5826=ORIENTED_EDGE('',*,*,#4185,.T.);
#5827=ORIENTED_EDGE('',*,*,#4058,.T.);
#5828=ORIENTED_EDGE('',*,*,#4187,.F.);
#5829=ORIENTED_EDGE('',*,*,#4029,.F.);
#5830=ORIENTED_EDGE('',*,*,#4186,.T.);
#5831=ORIENTED_EDGE('',*,*,#4057,.T.);
#5832=ORIENTED_EDGE('',*,*,#4188,.F.);
#5833=ORIENTED_EDGE('',*,*,#4030,.F.);
#5834=ORIENTED_EDGE('',*,*,#4187,.T.);
#5835=ORIENTED_EDGE('',*,*,#4056,.T.);
#5836=ORIENTED_EDGE('',*,*,#4189,.F.);
#5837=ORIENTED_EDGE('',*,*,#4031,.F.);
#5838=ORIENTED_EDGE('',*,*,#4188,.T.);
#5839=ORIENTED_EDGE('',*,*,#4055,.T.);
#5840=ORIENTED_EDGE('',*,*,#4190,.F.);
#5841=ORIENTED_EDGE('',*,*,#4032,.F.);
#5842=ORIENTED_EDGE('',*,*,#4189,.T.);
#5843=ORIENTED_EDGE('',*,*,#4054,.T.);
#5844=ORIENTED_EDGE('',*,*,#4191,.F.);
#5845=ORIENTED_EDGE('',*,*,#4033,.F.);
#5846=ORIENTED_EDGE('',*,*,#4190,.T.);
#5847=ORIENTED_EDGE('',*,*,#4053,.T.);
#5848=ORIENTED_EDGE('',*,*,#4192,.T.);
#5849=ORIENTED_EDGE('',*,*,#4034,.F.);
#5850=ORIENTED_EDGE('',*,*,#4191,.T.);
#5851=ORIENTED_EDGE('',*,*,#4051,.T.);
#5852=ORIENTED_EDGE('',*,*,#4193,.T.);
#5853=ORIENTED_EDGE('',*,*,#4036,.F.);
#5854=ORIENTED_EDGE('',*,*,#4194,.T.);
#5855=ORIENTED_EDGE('',*,*,#4038,.F.);
#5856=ORIENTED_EDGE('',*,*,#4195,.T.);
#5857=ORIENTED_EDGE('',*,*,#4049,.T.);
#5858=ORIENTED_EDGE('',*,*,#4121,.F.);
#5859=ORIENTED_EDGE('',*,*,#4042,.T.);
#5860=ORIENTED_EDGE('',*,*,#4196,.T.);
#5861=ORIENTED_EDGE('',*,*,#4119,.F.);
#5862=ORIENTED_EDGE('',*,*,#4196,.F.);
#5863=ORIENTED_EDGE('',*,*,#3967,.F.);
#5864=ORIENTED_EDGE('',*,*,#4124,.F.);
#5865=ORIENTED_EDGE('',*,*,#4044,.F.);
#5866=ORIENTED_EDGE('',*,*,#4125,.F.);
#5867=ORIENTED_EDGE('',*,*,#3969,.F.);
#5868=ORIENTED_EDGE('',*,*,#4126,.F.);
#5869=ORIENTED_EDGE('',*,*,#4118,.F.);
#5870=ORIENTED_EDGE('',*,*,#4127,.F.);
#5871=ORIENTED_EDGE('',*,*,#3980,.F.);
#5872=ORIENTED_EDGE('',*,*,#4136,.F.);
#5873=ORIENTED_EDGE('',*,*,#4107,.F.);
#5874=ORIENTED_EDGE('',*,*,#4138,.F.);
#5875=ORIENTED_EDGE('',*,*,#3978,.F.);
#5876=ORIENTED_EDGE('',*,*,#4135,.F.);
#5877=ORIENTED_EDGE('',*,*,#4109,.F.);
#5878=ORIENTED_EDGE('',*,*,#4137,.F.);
#5879=ORIENTED_EDGE('',*,*,#3986,.F.);
#5880=ORIENTED_EDGE('',*,*,#4143,.F.);
#5881=ORIENTED_EDGE('',*,*,#4101,.F.);
#5882=ORIENTED_EDGE('',*,*,#4144,.F.);
#5883=ORIENTED_EDGE('',*,*,#3988,.F.);
#5884=ORIENTED_EDGE('',*,*,#4145,.F.);
#5885=ORIENTED_EDGE('',*,*,#4099,.F.);
#5886=ORIENTED_EDGE('',*,*,#4146,.F.);
#5887=ORIENTED_EDGE('',*,*,#3999,.F.);
#5888=ORIENTED_EDGE('',*,*,#4155,.F.);
#5889=ORIENTED_EDGE('',*,*,#4088,.F.);
#5890=ORIENTED_EDGE('',*,*,#4157,.F.);
#5891=ORIENTED_EDGE('',*,*,#3997,.F.);
#5892=ORIENTED_EDGE('',*,*,#4154,.F.);
#5893=ORIENTED_EDGE('',*,*,#4090,.F.);
#5894=ORIENTED_EDGE('',*,*,#4156,.F.);
#5895=ORIENTED_EDGE('',*,*,#4005,.F.);
#5896=ORIENTED_EDGE('',*,*,#4162,.F.);
#5897=ORIENTED_EDGE('',*,*,#4082,.F.);
#5898=ORIENTED_EDGE('',*,*,#4163,.F.);
#5899=ORIENTED_EDGE('',*,*,#4007,.F.);
#5900=ORIENTED_EDGE('',*,*,#4164,.F.);
#5901=ORIENTED_EDGE('',*,*,#4080,.F.);
#5902=ORIENTED_EDGE('',*,*,#4165,.F.);
#5903=ORIENTED_EDGE('',*,*,#4018,.F.);
#5904=ORIENTED_EDGE('',*,*,#4174,.F.);
#5905=ORIENTED_EDGE('',*,*,#4069,.F.);
#5906=ORIENTED_EDGE('',*,*,#4176,.F.);
#5907=ORIENTED_EDGE('',*,*,#4016,.F.);
#5908=ORIENTED_EDGE('',*,*,#4173,.F.);
#5909=ORIENTED_EDGE('',*,*,#4071,.F.);
#5910=ORIENTED_EDGE('',*,*,#4175,.F.);
#5911=ORIENTED_EDGE('',*,*,#4026,.F.);
#5912=ORIENTED_EDGE('',*,*,#4182,.F.);
#5913=ORIENTED_EDGE('',*,*,#4061,.F.);
#5914=ORIENTED_EDGE('',*,*,#4184,.F.);
#5915=ORIENTED_EDGE('',*,*,#4024,.F.);
#5916=ORIENTED_EDGE('',*,*,#4181,.F.);
#5917=ORIENTED_EDGE('',*,*,#4063,.F.);
#5918=ORIENTED_EDGE('',*,*,#4183,.F.);
#5919=ORIENTED_EDGE('',*,*,#4037,.F.);
#5920=ORIENTED_EDGE('',*,*,#4193,.F.);
#5921=ORIENTED_EDGE('',*,*,#4050,.F.);
#5922=ORIENTED_EDGE('',*,*,#4195,.F.);
#5923=ORIENTED_EDGE('',*,*,#4035,.F.);
#5924=ORIENTED_EDGE('',*,*,#4192,.F.);
#5925=ORIENTED_EDGE('',*,*,#4052,.F.);
#5926=ORIENTED_EDGE('',*,*,#4194,.F.);
#5927=PLANE('',#6684);
#5928=PLANE('',#6685);
#5929=PLANE('',#6686);
#5930=PLANE('',#6687);
#5931=PLANE('',#6688);
#5932=PLANE('',#6689);
#5933=PLANE('',#6690);
#5934=PLANE('',#6691);
#5935=PLANE('',#6692);
#5936=PLANE('',#6693);
#5937=PLANE('',#6694);
#5938=PLANE('',#6695);
#5939=PLANE('',#6696);
#5940=PLANE('',#6697);
#5941=PLANE('',#6698);
#5942=PLANE('',#6699);
#5943=PLANE('',#6700);
#5944=PLANE('',#6701);
#5945=PLANE('',#6702);
#5946=PLANE('',#6703);
#5947=PLANE('',#6704);
#5948=PLANE('',#6705);
#5949=PLANE('',#6706);
#5950=PLANE('',#6707);
#5951=PLANE('',#6708);
#5952=PLANE('',#6709);
#5953=PLANE('',#6710);
#5954=PLANE('',#6711);
#5955=PLANE('',#6712);
#5956=PLANE('',#6713);
#5957=PLANE('',#6714);
#5958=PLANE('',#6715);
#5959=PLANE('',#6716);
#5960=PLANE('',#6717);
#5961=PLANE('',#6718);
#5962=PLANE('',#6719);
#5963=PLANE('',#6720);
#5964=PLANE('',#6721);
#5965=PLANE('',#6722);
#5966=PLANE('',#6723);
#5967=PLANE('',#6724);
#5968=PLANE('',#6725);
#5969=PLANE('',#6727);
#5970=PLANE('',#6728);
#5971=PLANE('',#6729);
#5972=PLANE('',#6730);
#5973=PLANE('',#6731);
#5974=PLANE('',#6732);
#5975=PLANE('',#6733);
#5976=PLANE('',#6734);
#5977=PLANE('',#6735);
#5978=PLANE('',#6736);
#5979=PLANE('',#6737);
#5980=PLANE('',#6738);
#5981=PLANE('',#6739);
#5982=PLANE('',#6740);
#5983=PLANE('',#6741);
#5984=PLANE('',#6742);
#5985=PLANE('',#6743);
#5986=PLANE('',#6744);
#5987=PLANE('',#6745);
#5988=PLANE('',#6746);
#5989=PLANE('',#6747);
#5990=PLANE('',#6748);
#5991=PLANE('',#6750);
#5992=PLANE('',#6751);
#5993=PLANE('',#6752);
#5994=PLANE('',#6753);
#5995=PLANE('',#6754);
#5996=PLANE('',#6755);
#5997=PLANE('',#6779);
#5998=PLANE('',#6783);
#5999=PLANE('',#6786);
#6000=PLANE('',#6792);
#6001=PLANE('',#6794);
#6002=PLANE('',#6802);
#6003=PLANE('',#6803);
#6004=PLANE('',#6804);
#6005=PLANE('',#6805);
#6006=PLANE('',#6806);
#6007=PLANE('',#6808);
#6008=PLANE('',#6809);
#6009=PLANE('',#6810);
#6010=PLANE('',#6811);
#6011=PLANE('',#6813);
#6012=PLANE('',#6814);
#6013=PLANE('',#6837);
#6014=PLANE('',#6838);
#6015=PLANE('',#6842);
#6016=PLANE('',#6843);
#6017=PLANE('',#6844);
#6018=PLANE('',#6848);
#6019=PLANE('',#6849);
#6020=PLANE('',#6853);
#6021=PLANE('',#6854);
#6022=PLANE('',#6855);
#6023=PLANE('',#6892);
#6024=PLANE('',#6893);
#6025=PLANE('',#6894);
#6026=PLANE('',#6895);
#6027=PLANE('',#6896);
#6028=PLANE('',#6897);
#6029=PLANE('',#6898);
#6030=PLANE('',#6899);
#6031=PLANE('',#6908);
#6032=PLANE('',#6914);
#6033=PLANE('',#6916);
#6034=PLANE('',#6922);
#6035=PLANE('',#6924);
#6036=PLANE('',#6932);
#6037=PLANE('',#6933);
#6038=PLANE('',#6934);
#6039=PLANE('',#6935);
#6040=PLANE('',#6936);
#6041=PLANE('',#6937);
#6042=PLANE('',#6938);
#6043=PLANE('',#6939);
#6044=PLANE('',#6940);
#6045=PLANE('',#6942);
#6046=PLANE('',#6943);
#6047=PLANE('',#6993);
#6048=PLANE('',#6994);
#6049=PLANE('',#6995);
#6050=PLANE('',#6996);
#6051=PLANE('',#6997);
#6052=PLANE('',#6998);
#6053=PLANE('',#6999);
#6054=PLANE('',#7000);
#6055=PLANE('',#7001);
#6056=PLANE('',#7002);
#6057=PLANE('',#7007);
#6058=PLANE('',#7008);
#6059=PLANE('',#7012);
#6060=PLANE('',#7013);
#6061=PLANE('',#7014);
#6062=PLANE('',#7018);
#6063=PLANE('',#7019);
#6064=PLANE('',#7023);
#6065=PLANE('',#7024);
#6066=PLANE('',#7025);
#6067=PLANE('',#7026);
#6068=PLANE('',#7027);
#6069=PLANE('',#7028);
#6070=PLANE('',#7029);
#6071=PLANE('',#7030);
#6072=PLANE('',#7031);
#6073=PLANE('',#7032);
#6074=PLANE('',#7033);
#6075=PLANE('',#7038);
#6076=PLANE('',#7039);
#6077=PLANE('',#7043);
#6078=PLANE('',#7044);
#6079=PLANE('',#7045);
#6080=PLANE('',#7049);
#6081=PLANE('',#7050);
#6082=PLANE('',#7054);
#6083=PLANE('',#7055);
#6084=PLANE('',#7056);
#6085=PLANE('',#7057);
#6086=PLANE('',#7058);
#6087=PLANE('',#7059);
#6088=PLANE('',#7060);
#6089=PLANE('',#7061);
#6090=PLANE('',#7062);
#6091=PLANE('',#7063);
#6092=PLANE('',#7064);
#6093=PLANE('',#7066);
#6094=PLANE('',#7088);
#6095=PLANE('',#7110);
#6096=PLANE('',#7112);
#6097=PLANE('',#7113);
#6098=PLANE('',#7114);
#6099=PLANE('',#7115);
#6100=PLANE('',#7116);
#6101=PLANE('',#7117);
#6102=PLANE('',#7118);
#6103=PLANE('',#7119);
#6104=PLANE('',#7120);
#6105=PLANE('',#7121);
#6106=PLANE('',#7122);
#6107=PLANE('',#7123);
#6108=PLANE('',#7124);
#6109=PLANE('',#7125);
#6110=PLANE('',#7127);
#6111=PLANE('',#7128);
#6112=PLANE('',#7129);
#6113=PLANE('',#7130);
#6114=PLANE('',#7131);
#6115=PLANE('',#7132);
#6116=PLANE('',#7133);
#6117=PLANE('',#7134);
#6118=PLANE('',#7135);
#6119=PLANE('',#7136);
#6120=PLANE('',#7137);
#6121=PLANE('',#7138);
#6122=PLANE('',#7139);
#6123=PLANE('',#7140);
#6124=PLANE('',#7142);
#6125=PLANE('',#7143);
#6126=PLANE('',#7144);
#6127=PLANE('',#7145);
#6128=PLANE('',#7146);
#6129=PLANE('',#7147);
#6130=PLANE('',#7148);
#6131=PLANE('',#7149);
#6132=PLANE('',#7150);
#6133=PLANE('',#7151);
#6134=PLANE('',#7152);
#6135=PLANE('',#7153);
#6136=PLANE('',#7154);
#6137=PLANE('',#7155);
#6138=PLANE('',#7157);
#6139=PLANE('',#7158);
#6140=PLANE('',#7159);
#6141=PLANE('',#7160);
#6142=PLANE('',#7161);
#6143=PLANE('',#7162);
#6144=PLANE('',#7163);
#6145=PLANE('',#7164);
#6146=PLANE('',#7165);
#6147=PLANE('',#7166);
#6148=PLANE('',#7167);
#6149=PLANE('',#7168);
#6150=PLANE('',#7169);
#6151=ADVANCED_FACE('',(#634),#5927,.F.);
#6152=ADVANCED_FACE('',(#635),#5928,.F.);
#6153=ADVANCED_FACE('',(#636),#5929,.F.);
#6154=ADVANCED_FACE('',(#637),#5930,.F.);
#6155=ADVANCED_FACE('',(#638),#5931,.F.);
#6156=ADVANCED_FACE('',(#639),#5932,.F.);
#6157=ADVANCED_FACE('',(#640),#5933,.F.);
#6158=ADVANCED_FACE('',(#641),#5934,.F.);
#6159=ADVANCED_FACE('',(#642),#5935,.F.);
#6160=ADVANCED_FACE('',(#643),#5936,.F.);
#6161=ADVANCED_FACE('',(#644),#5937,.F.);
#6162=ADVANCED_FACE('',(#645),#5938,.F.);
#6163=ADVANCED_FACE('',(#646),#5939,.F.);
#6164=ADVANCED_FACE('',(#647),#5940,.F.);
#6165=ADVANCED_FACE('',(#648),#5941,.F.);
#6166=ADVANCED_FACE('',(#649),#5942,.F.);
#6167=ADVANCED_FACE('',(#650),#5943,.F.);
#6168=ADVANCED_FACE('',(#651),#5944,.F.);
#6169=ADVANCED_FACE('',(#652),#5945,.F.);
#6170=ADVANCED_FACE('',(#653),#5946,.F.);
#6171=ADVANCED_FACE('',(#654),#5947,.F.);
#6172=ADVANCED_FACE('',(#655),#5948,.F.);
#6173=ADVANCED_FACE('',(#656),#5949,.F.);
#6174=ADVANCED_FACE('',(#657),#5950,.F.);
#6175=ADVANCED_FACE('',(#658),#5951,.F.);
#6176=ADVANCED_FACE('',(#659),#5952,.F.);
#6177=ADVANCED_FACE('',(#660),#5953,.F.);
#6178=ADVANCED_FACE('',(#661),#5954,.F.);
#6179=ADVANCED_FACE('',(#662),#5955,.T.);
#6180=ADVANCED_FACE('',(#663),#5956,.T.);
#6181=ADVANCED_FACE('',(#664),#5957,.T.);
#6182=ADVANCED_FACE('',(#665),#5958,.T.);
#6183=ADVANCED_FACE('',(#666),#5959,.T.);
#6184=ADVANCED_FACE('',(#667),#5960,.T.);
#6185=ADVANCED_FACE('',(#668),#5961,.T.);
#6186=ADVANCED_FACE('',(#669),#5962,.T.);
#6187=ADVANCED_FACE('',(#670),#5963,.T.);
#6188=ADVANCED_FACE('',(#671),#5964,.T.);
#6189=ADVANCED_FACE('',(#672),#5965,.T.);
#6190=ADVANCED_FACE('',(#673),#5966,.T.);
#6191=ADVANCED_FACE('',(#674),#5967,.T.);
#6192=ADVANCED_FACE('',(#675),#5968,.T.);
#6193=ADVANCED_FACE('',(#676),#5969,.F.);
#6194=ADVANCED_FACE('',(#677),#5970,.F.);
#6195=ADVANCED_FACE('',(#678),#5971,.F.);
#6196=ADVANCED_FACE('',(#679),#5972,.F.);
#6197=ADVANCED_FACE('',(#680),#5973,.F.);
#6198=ADVANCED_FACE('',(#681),#5974,.F.);
#6199=ADVANCED_FACE('',(#682),#5975,.F.);
#6200=ADVANCED_FACE('',(#683),#5976,.F.);
#6201=ADVANCED_FACE('',(#684),#5977,.F.);
#6202=ADVANCED_FACE('',(#685),#5978,.F.);
#6203=ADVANCED_FACE('',(#686),#5979,.F.);
#6204=ADVANCED_FACE('',(#687),#5980,.F.);
#6205=ADVANCED_FACE('',(#688),#5981,.T.);
#6206=ADVANCED_FACE('',(#689),#5982,.T.);
#6207=ADVANCED_FACE('',(#690),#5983,.T.);
#6208=ADVANCED_FACE('',(#691),#5984,.T.);
#6209=ADVANCED_FACE('',(#692),#5985,.T.);
#6210=ADVANCED_FACE('',(#693),#5986,.F.);
#6211=ADVANCED_FACE('',(#694),#5987,.T.);
#6212=ADVANCED_FACE('',(#695),#5988,.T.);
#6213=ADVANCED_FACE('',(#696),#5989,.T.);
#6214=ADVANCED_FACE('',(#697),#5990,.T.);
#6215=ADVANCED_FACE('',(#698),#5991,.T.);
#6216=ADVANCED_FACE('',(#699),#5992,.T.);
#6217=ADVANCED_FACE('',(#700),#5993,.T.);
#6218=ADVANCED_FACE('',(#701),#5994,.T.);
#6219=ADVANCED_FACE('',(#702),#5995,.T.);
#6220=ADVANCED_FACE('',(#703),#5996,.F.);
#6221=ADVANCED_FACE('',(#704),#372,.T.);
#6222=ADVANCED_FACE('',(#705),#117,.F.);
#6223=ADVANCED_FACE('',(#706),#118,.T.);
#6224=ADVANCED_FACE('',(#707),#5997,.T.);
#6225=ADVANCED_FACE('',(#708),#119,.T.);
#6226=ADVANCED_FACE('',(#709),#5998,.T.);
#6227=ADVANCED_FACE('',(#710),#5999,.T.);
#6228=ADVANCED_FACE('',(#711),#120,.T.);
#6229=ADVANCED_FACE('',(#712),#121,.T.);
#6230=ADVANCED_FACE('',(#713,#11),#6000,.T.);
#6231=ADVANCED_FACE('',(#714),#6001,.T.);
#6232=ADVANCED_FACE('',(#715),#122,.T.);
#6233=ADVANCED_FACE('',(#716),#123,.T.);
#6234=ADVANCED_FACE('',(#717),#124,.T.);
#6235=ADVANCED_FACE('',(#718),#125,.T.);
#6236=ADVANCED_FACE('',(#719),#6002,.T.);
#6237=ADVANCED_FACE('',(#720),#6003,.T.);
#6238=ADVANCED_FACE('',(#721),#6004,.T.);
#6239=ADVANCED_FACE('',(#722),#6005,.T.);
#6240=ADVANCED_FACE('',(#723,#12),#6006,.F.);
#6241=ADVANCED_FACE('',(#724),#6007,.T.);
#6242=ADVANCED_FACE('',(#725),#6008,.F.);
#6243=ADVANCED_FACE('',(#726),#6009,.T.);
#6244=ADVANCED_FACE('',(#727),#6010,.T.);
#6245=ADVANCED_FACE('',(#728),#126,.F.);
#6246=ADVANCED_FACE('',(#729),#6011,.T.);
#6247=ADVANCED_FACE('',(#730),#6012,.F.);
#6248=ADVANCED_FACE('',(#731),#127,.F.);
#6249=ADVANCED_FACE('',(#732),#128,.F.);
#6250=ADVANCED_FACE('',(#733),#129,.F.);
#6251=ADVANCED_FACE('',(#734),#130,.F.);
#6252=ADVANCED_FACE('',(#735),#131,.F.);
#6253=ADVANCED_FACE('',(#736),#132,.F.);
#6254=ADVANCED_FACE('',(#737),#133,.F.);
#6255=ADVANCED_FACE('',(#738),#6013,.T.);
#6256=ADVANCED_FACE('',(#739,#13),#6014,.F.);
#6257=ADVANCED_FACE('',(#740),#134,.F.);
#6258=ADVANCED_FACE('',(#741),#6015,.T.);
#6259=ADVANCED_FACE('',(#742,#14),#6016,.F.);
#6260=ADVANCED_FACE('',(#743),#6017,.T.);
#6261=ADVANCED_FACE('',(#744),#135,.F.);
#6262=ADVANCED_FACE('',(#745),#6018,.T.);
#6263=ADVANCED_FACE('',(#746,#15),#6019,.F.);
#6264=ADVANCED_FACE('',(#747),#136,.F.);
#6265=ADVANCED_FACE('',(#748),#6020,.T.);
#6266=ADVANCED_FACE('',(#749,#16),#6021,.F.);
#6267=ADVANCED_FACE('',(#750),#6022,.T.);
#6268=ADVANCED_FACE('',(#751),#137,.F.);
#6269=ADVANCED_FACE('',(#752),#138,.F.);
#6270=ADVANCED_FACE('',(#753),#139,.F.);
#6271=ADVANCED_FACE('',(#754),#140,.F.);
#6272=ADVANCED_FACE('',(#755),#141,.F.);
#6273=ADVANCED_FACE('',(#756),#142,.F.);
#6274=ADVANCED_FACE('',(#757),#143,.F.);
#6275=ADVANCED_FACE('',(#758),#144,.F.);
#6276=ADVANCED_FACE('',(#759),#145,.F.);
#6277=ADVANCED_FACE('',(#760),#146,.F.);
#6278=ADVANCED_FACE('',(#761),#147,.F.);
#6279=ADVANCED_FACE('',(#762),#148,.F.);
#6280=ADVANCED_FACE('',(#763),#6023,.T.);
#6281=ADVANCED_FACE('',(#764,#17,#18,#19,#20,#21,#22,#23,#24,#25),#6024,
 .T.);
#6282=ADVANCED_FACE('',(#765),#6025,.T.);
#6283=ADVANCED_FACE('',(#766,#26,#27,#28,#29,#30,#31,#32,#33,#34),#6026,
 .T.);
#6284=ADVANCED_FACE('',(#767,#35,#36,#37,#38,#39,#40,#41,#42,#43),#6027,
 .T.);
#6285=ADVANCED_FACE('',(#768,#44,#45,#46,#47,#48,#49,#50,#51,#52),#6028,
 .T.);
#6286=ADVANCED_FACE('',(#769,#53,#54,#55),#6029,.T.);
#6287=ADVANCED_FACE('',(#770,#56,#57,#58),#6030,.F.);
#6288=ADVANCED_FACE('',(#771),#373,.T.);
#6289=ADVANCED_FACE('',(#772),#149,.F.);
#6290=ADVANCED_FACE('',(#773),#150,.T.);
#6291=ADVANCED_FACE('',(#774,#59),#6031,.T.);
#6292=ADVANCED_FACE('',(#775),#151,.T.);
#6293=ADVANCED_FACE('',(#776),#6032,.F.);
#6294=ADVANCED_FACE('',(#777),#6033,.F.);
#6295=ADVANCED_FACE('',(#778),#152,.T.);
#6296=ADVANCED_FACE('',(#779),#153,.T.);
#6297=ADVANCED_FACE('',(#780,#60),#6034,.F.);
#6298=ADVANCED_FACE('',(#781),#6035,.F.);
#6299=ADVANCED_FACE('',(#782),#154,.T.);
#6300=ADVANCED_FACE('',(#783),#155,.T.);
#6301=ADVANCED_FACE('',(#784),#156,.T.);
#6302=ADVANCED_FACE('',(#785),#157,.T.);
#6303=ADVANCED_FACE('',(#786),#6036,.F.);
#6304=ADVANCED_FACE('',(#787),#6037,.F.);
#6305=ADVANCED_FACE('',(#788),#6038,.F.);
#6306=ADVANCED_FACE('',(#789),#6039,.F.);
#6307=ADVANCED_FACE('',(#790),#6040,.F.);
#6308=ADVANCED_FACE('',(#791),#6041,.F.);
#6309=ADVANCED_FACE('',(#792),#6042,.T.);
#6310=ADVANCED_FACE('',(#793),#6043,.F.);
#6311=ADVANCED_FACE('',(#794),#6044,.F.);
#6312=ADVANCED_FACE('',(#795),#158,.F.);
#6313=ADVANCED_FACE('',(#796),#6045,.F.);
#6314=ADVANCED_FACE('',(#797),#6046,.T.);
#6315=ADVANCED_FACE('',(#798),#159,.F.);
#6316=ADVANCED_FACE('',(#799),#160,.F.);
#6317=ADVANCED_FACE('',(#800),#161,.F.);
#6318=ADVANCED_FACE('',(#801),#162,.F.);
#6319=ADVANCED_FACE('',(#802),#163,.F.);
#6320=ADVANCED_FACE('',(#803),#164,.F.);
#6321=ADVANCED_FACE('',(#804),#165,.F.);
#6322=ADVANCED_FACE('',(#805),#166,.F.);
#6323=ADVANCED_FACE('',(#806),#167,.F.);
#6324=ADVANCED_FACE('',(#807),#168,.F.);
#6325=ADVANCED_FACE('',(#808),#169,.F.);
#6326=ADVANCED_FACE('',(#809),#170,.F.);
#6327=ADVANCED_FACE('',(#810),#171,.F.);
#6328=ADVANCED_FACE('',(#811),#172,.F.);
#6329=ADVANCED_FACE('',(#812),#173,.F.);
#6330=ADVANCED_FACE('',(#813),#174,.F.);
#6331=ADVANCED_FACE('',(#814,#61,#62,#63,#64),#6047,.T.);
#6332=ADVANCED_FACE('',(#815,#65,#66,#67,#68),#6048,.T.);
#6333=ADVANCED_FACE('',(#816,#69,#70,#71,#72),#6049,.T.);
#6334=ADVANCED_FACE('',(#817,#73,#74,#75,#76),#6050,.T.);
#6335=ADVANCED_FACE('',(#818,#77,#78,#79,#80),#6051,.T.);
#6336=ADVANCED_FACE('',(#819,#81,#82,#83,#84),#6052,.T.);
#6337=ADVANCED_FACE('',(#820,#85,#86,#87,#88),#6053,.T.);
#6338=ADVANCED_FACE('',(#821,#89,#90,#91,#92),#6054,.T.);
#6339=ADVANCED_FACE('',(#822,#93),#6055,.T.);
#6340=ADVANCED_FACE('',(#823,#94),#6056,.F.);
#6341=ADVANCED_FACE('',(#824),#175,.F.);
#6342=ADVANCED_FACE('',(#825),#6057,.T.);
#6343=ADVANCED_FACE('',(#826,#95),#6058,.F.);
#6344=ADVANCED_FACE('',(#827),#176,.F.);
#6345=ADVANCED_FACE('',(#828),#6059,.T.);
#6346=ADVANCED_FACE('',(#829,#96),#6060,.F.);
#6347=ADVANCED_FACE('',(#830),#6061,.T.);
#6348=ADVANCED_FACE('',(#831),#177,.F.);
#6349=ADVANCED_FACE('',(#832),#6062,.T.);
#6350=ADVANCED_FACE('',(#833,#97),#6063,.F.);
#6351=ADVANCED_FACE('',(#834),#178,.F.);
#6352=ADVANCED_FACE('',(#835),#6064,.T.);
#6353=ADVANCED_FACE('',(#836,#98),#6065,.F.);
#6354=ADVANCED_FACE('',(#837),#6066,.T.);
#6355=ADVANCED_FACE('',(#838),#6067,.T.);
#6356=ADVANCED_FACE('',(#839),#6068,.T.);
#6357=ADVANCED_FACE('',(#840),#6069,.T.);
#6358=ADVANCED_FACE('',(#841),#6070,.T.);
#6359=ADVANCED_FACE('',(#842),#6071,.T.);
#6360=ADVANCED_FACE('',(#843),#6072,.T.);
#6361=ADVANCED_FACE('',(#844,#99,#100,#101),#6073,.T.);
#6362=ADVANCED_FACE('',(#845,#102,#103,#104),#6074,.F.);
#6363=ADVANCED_FACE('',(#846),#179,.F.);
#6364=ADVANCED_FACE('',(#847),#6075,.T.);
#6365=ADVANCED_FACE('',(#848,#105),#6076,.F.);
#6366=ADVANCED_FACE('',(#849),#180,.F.);
#6367=ADVANCED_FACE('',(#850),#6077,.T.);
#6368=ADVANCED_FACE('',(#851,#106),#6078,.F.);
#6369=ADVANCED_FACE('',(#852),#6079,.T.);
#6370=ADVANCED_FACE('',(#853),#181,.F.);
#6371=ADVANCED_FACE('',(#854),#6080,.T.);
#6372=ADVANCED_FACE('',(#855,#107),#6081,.F.);
#6373=ADVANCED_FACE('',(#856),#182,.F.);
#6374=ADVANCED_FACE('',(#857),#6082,.T.);
#6375=ADVANCED_FACE('',(#858,#108),#6083,.F.);
#6376=ADVANCED_FACE('',(#859),#6084,.T.);
#6377=ADVANCED_FACE('',(#860),#6085,.T.);
#6378=ADVANCED_FACE('',(#861),#6086,.T.);
#6379=ADVANCED_FACE('',(#862),#6087,.T.);
#6380=ADVANCED_FACE('',(#863),#6088,.T.);
#6381=ADVANCED_FACE('',(#864),#6089,.T.);
#6382=ADVANCED_FACE('',(#865),#6090,.T.);
#6383=ADVANCED_FACE('',(#866,#109,#110,#111),#6091,.T.);
#6384=ADVANCED_FACE('',(#867,#112,#113,#114),#6092,.F.);
#6385=ADVANCED_FACE('',(#868,#115),#6093,.T.);
#6386=ADVANCED_FACE('',(#869,#116),#6094,.F.);
#6387=ADVANCED_FACE('',(#870),#6095,.F.);
#6388=ADVANCED_FACE('',(#871),#183,.T.);
#6389=ADVANCED_FACE('',(#872),#6096,.F.);
#6390=ADVANCED_FACE('',(#873),#6097,.F.);
#6391=ADVANCED_FACE('',(#874),#6098,.F.);
#6392=ADVANCED_FACE('',(#875),#6099,.F.);
#6393=ADVANCED_FACE('',(#876),#6100,.F.);
#6394=ADVANCED_FACE('',(#877),#6101,.F.);
#6395=ADVANCED_FACE('',(#878),#6102,.F.);
#6396=ADVANCED_FACE('',(#879),#6103,.F.);
#6397=ADVANCED_FACE('',(#880),#6104,.F.);
#6398=ADVANCED_FACE('',(#881),#6105,.F.);
#6399=ADVANCED_FACE('',(#882),#6106,.F.);
#6400=ADVANCED_FACE('',(#883),#6107,.F.);
#6401=ADVANCED_FACE('',(#884),#6108,.F.);
#6402=ADVANCED_FACE('',(#885),#6109,.F.);
#6403=ADVANCED_FACE('',(#886),#184,.T.);
#6404=ADVANCED_FACE('',(#887),#6110,.F.);
#6405=ADVANCED_FACE('',(#888),#6111,.F.);
#6406=ADVANCED_FACE('',(#889),#6112,.F.);
#6407=ADVANCED_FACE('',(#890),#6113,.F.);
#6408=ADVANCED_FACE('',(#891),#6114,.F.);
#6409=ADVANCED_FACE('',(#892),#6115,.F.);
#6410=ADVANCED_FACE('',(#893),#6116,.F.);
#6411=ADVANCED_FACE('',(#894),#6117,.F.);
#6412=ADVANCED_FACE('',(#895),#6118,.F.);
#6413=ADVANCED_FACE('',(#896),#6119,.F.);
#6414=ADVANCED_FACE('',(#897),#6120,.F.);
#6415=ADVANCED_FACE('',(#898),#6121,.F.);
#6416=ADVANCED_FACE('',(#899),#6122,.F.);
#6417=ADVANCED_FACE('',(#900),#6123,.F.);
#6418=ADVANCED_FACE('',(#901),#185,.T.);
#6419=ADVANCED_FACE('',(#902),#6124,.F.);
#6420=ADVANCED_FACE('',(#903),#6125,.F.);
#6421=ADVANCED_FACE('',(#904),#6126,.F.);
#6422=ADVANCED_FACE('',(#905),#6127,.F.);
#6423=ADVANCED_FACE('',(#906),#6128,.F.);
#6424=ADVANCED_FACE('',(#907),#6129,.F.);
#6425=ADVANCED_FACE('',(#908),#6130,.F.);
#6426=ADVANCED_FACE('',(#909),#6131,.F.);
#6427=ADVANCED_FACE('',(#910),#6132,.F.);
#6428=ADVANCED_FACE('',(#911),#6133,.F.);
#6429=ADVANCED_FACE('',(#912),#6134,.F.);
#6430=ADVANCED_FACE('',(#913),#6135,.F.);
#6431=ADVANCED_FACE('',(#914),#6136,.F.);
#6432=ADVANCED_FACE('',(#915),#6137,.F.);
#6433=ADVANCED_FACE('',(#916),#186,.T.);
#6434=ADVANCED_FACE('',(#917),#6138,.F.);
#6435=ADVANCED_FACE('',(#918),#6139,.F.);
#6436=ADVANCED_FACE('',(#919),#6140,.F.);
#6437=ADVANCED_FACE('',(#920),#6141,.F.);
#6438=ADVANCED_FACE('',(#921),#6142,.F.);
#6439=ADVANCED_FACE('',(#922),#6143,.F.);
#6440=ADVANCED_FACE('',(#923),#6144,.F.);
#6441=ADVANCED_FACE('',(#924),#6145,.F.);
#6442=ADVANCED_FACE('',(#925),#6146,.F.);
#6443=ADVANCED_FACE('',(#926),#6147,.F.);
#6444=ADVANCED_FACE('',(#927),#6148,.F.);
#6445=ADVANCED_FACE('',(#928),#6149,.F.);
#6446=ADVANCED_FACE('',(#929),#6150,.F.);
#6447=ADVANCED_FACE('',(#930),#187,.F.);
#6448=ADVANCED_FACE('',(#931),#188,.T.);
#6449=ADVANCED_FACE('',(#932),#189,.F.);
#6450=ADVANCED_FACE('',(#933),#190,.T.);
#6451=ADVANCED_FACE('',(#934),#191,.F.);
#6452=ADVANCED_FACE('',(#935),#192,.T.);
#6453=ADVANCED_FACE('',(#936),#193,.F.);
#6454=ADVANCED_FACE('',(#937),#194,.T.);
#6455=ADVANCED_FACE('',(#938),#195,.F.);
#6456=ADVANCED_FACE('',(#939),#196,.T.);
#6457=ADVANCED_FACE('',(#940),#197,.F.);
#6458=ADVANCED_FACE('',(#941),#198,.T.);
#6459=ADVANCED_FACE('',(#942),#199,.F.);
#6460=ADVANCED_FACE('',(#943),#200,.F.);
#6461=ADVANCED_FACE('',(#944),#201,.T.);
#6462=ADVANCED_FACE('',(#945),#202,.T.);
#6463=ADVANCED_FACE('',(#946),#203,.F.);
#6464=CLOSED_SHELL('',(#6151,#6152,#6153,#6154,#6155,#6156,#6157,#6158,
#6159,#6160,#6161,#6162,#6163,#6164,#6165,#6166,#6167,#6168,#6169,#6170,
#6171,#6172,#6173,#6174,#6175,#6176,#6177,#6178,#6179,#6180,#6181,#6182,
#6183,#6184,#6185,#6186,#6187,#6188,#6189,#6190,#6191,#6192));
#6465=CLOSED_SHELL('',(#6193,#6194,#6195,#6196,#6197,#6198,#6199,#6200,
#6201,#6202,#6203,#6204,#6205,#6206,#6207,#6208,#6209,#6210,#6211,#6212,
#6213,#6214));
#6466=CLOSED_SHELL('',(#6215,#6216,#6217,#6218,#6219,#6220));
#6467=CLOSED_SHELL('',(#6221,#6222,#6223,#6224,#6225,#6226,#6227,#6228,
#6229,#6230,#6231,#6232,#6233,#6234,#6235,#6236,#6237,#6238,#6239,#6240,
#6241,#6242,#6243,#6244,#6245,#6246,#6247));
#6468=CLOSED_SHELL('',(#6248,#6249,#6250,#6251,#6252,#6253,#6254,#6255,
#6256,#6257,#6258,#6259,#6260,#6261,#6262,#6263,#6264,#6265,#6266,#6267,
#6268,#6269,#6270,#6271,#6272,#6273,#6274,#6275,#6276,#6277,#6278,#6279,
#6280,#6281,#6282,#6283,#6284,#6285,#6286,#6287));
#6469=CLOSED_SHELL('',(#6288,#6289,#6290,#6291,#6292,#6293,#6294,#6295,
#6296,#6297,#6298,#6299,#6300,#6301,#6302,#6303,#6304,#6305,#6306,#6307,
#6308,#6309,#6310,#6311,#6312,#6313,#6314));
#6470=CLOSED_SHELL('',(#6315,#6316,#6317,#6318,#6319,#6320,#6321,#6322,
#6323,#6324,#6325,#6326,#6327,#6328,#6329,#6330,#6331,#6332,#6333,#6334,
#6335,#6336,#6337,#6338,#6339,#6340));
#6471=CLOSED_SHELL('',(#6341,#6342,#6343,#6344,#6345,#6346,#6347,#6348,
#6349,#6350,#6351,#6352,#6353,#6354,#6355,#6356,#6357,#6358,#6359,#6360,
#6361,#6362));
#6472=CLOSED_SHELL('',(#6363,#6364,#6365,#6366,#6367,#6368,#6369,#6370,
#6371,#6372,#6373,#6374,#6375,#6376,#6377,#6378,#6379,#6380,#6381,#6382,
#6383,#6384));
#6473=CLOSED_SHELL('',(#6385,#6386,#6387,#6388,#6389,#6390,#6391,#6392,
#6393,#6394,#6395,#6396,#6397,#6398,#6399,#6400,#6401,#6402,#6403,#6404,
#6405,#6406,#6407,#6408,#6409,#6410,#6411,#6412,#6413,#6414,#6415,#6416,
#6417,#6418,#6419,#6420,#6421,#6422,#6423,#6424,#6425,#6426,#6427,#6428,
#6429,#6430,#6431,#6432,#6433,#6434,#6435,#6436,#6437,#6438,#6439,#6440,
#6441,#6442,#6443,#6444,#6445,#6446,#6447,#6448,#6449,#6450,#6451,#6452,
#6453,#6454,#6455,#6456,#6457,#6458,#6459,#6460,#6461,#6462,#6463));
#6474=DERIVED_UNIT_ELEMENT(#6495,1.);
#6475=DERIVED_UNIT_ELEMENT(#10939,-3.);
#6476=DERIVED_UNIT_ELEMENT(#6495,1.);
#6477=DERIVED_UNIT_ELEMENT(#10939,-3.);
#6478=DERIVED_UNIT_ELEMENT(#6495,1.);
#6479=DERIVED_UNIT_ELEMENT(#10939,-3.);
#6480=DERIVED_UNIT_ELEMENT(#6495,1.);
#6481=DERIVED_UNIT_ELEMENT(#10939,-3.);
#6482=DERIVED_UNIT_ELEMENT(#6495,1.);
#6483=DERIVED_UNIT_ELEMENT(#10939,-3.);
#6484=DERIVED_UNIT_ELEMENT(#6495,1.);
#6485=DERIVED_UNIT_ELEMENT(#10939,-3.);
#6486=DERIVED_UNIT_ELEMENT(#6495,1.);
#6487=DERIVED_UNIT_ELEMENT(#10939,-3.);
#6488=DERIVED_UNIT_ELEMENT(#6495,1.);
#6489=DERIVED_UNIT_ELEMENT(#10939,-3.);
#6490=DERIVED_UNIT_ELEMENT(#6495,1.);
#6491=DERIVED_UNIT_ELEMENT(#10939,-3.);
#6492=DERIVED_UNIT_ELEMENT(#6495,1.);
#6493=DERIVED_UNIT_ELEMENT(#10939,-3.);
#6494=DIMENSIONAL_EXPONENTS(0.,1.,0.,0.,0.,0.,0.);
#6495=(
CONVERSION_BASED_UNIT('gram',#6497)
MASS_UNIT()
NAMED_UNIT(#6494)
);
#6496=(
MASS_UNIT()
NAMED_UNIT(*)
SI_UNIT(.KILO.,.GRAM.)
);
#6497=MASS_MEASURE_WITH_UNIT(MASS_MEASURE(0.001),#6496);
#6498=DERIVED_UNIT((#6474,#6475));
#6499=DERIVED_UNIT((#6476,#6477));
#6500=DERIVED_UNIT((#6478,#6479));
#6501=DERIVED_UNIT((#6480,#6481));
#6502=DERIVED_UNIT((#6482,#6483));
#6503=DERIVED_UNIT((#6484,#6485));
#6504=DERIVED_UNIT((#6486,#6487));
#6505=DERIVED_UNIT((#6488,#6489));
#6506=DERIVED_UNIT((#6490,#6491));
#6507=DERIVED_UNIT((#6492,#6493));
#6508=MEASURE_REPRESENTATION_ITEM('density measure',
POSITIVE_RATIO_MEASURE(0.63),#6498);
#6509=MEASURE_REPRESENTATION_ITEM('density measure',
POSITIVE_RATIO_MEASURE(0.63),#6499);
#6510=MEASURE_REPRESENTATION_ITEM('density measure',
POSITIVE_RATIO_MEASURE(0.63),#6500);
#6511=MEASURE_REPRESENTATION_ITEM('density measure',
POSITIVE_RATIO_MEASURE(1.),#6501);
#6512=MEASURE_REPRESENTATION_ITEM('density measure',
POSITIVE_RATIO_MEASURE(1.),#6502);
#6513=MEASURE_REPRESENTATION_ITEM('density measure',
POSITIVE_RATIO_MEASURE(1.),#6503);
#6514=MEASURE_REPRESENTATION_ITEM('density measure',
POSITIVE_RATIO_MEASURE(1.),#6504);
#6515=MEASURE_REPRESENTATION_ITEM('density measure',
POSITIVE_RATIO_MEASURE(1.),#6505);
#6516=MEASURE_REPRESENTATION_ITEM('density measure',
POSITIVE_RATIO_MEASURE(1.),#6506);
#6517=MEASURE_REPRESENTATION_ITEM('density measure',
POSITIVE_RATIO_MEASURE(1.),#6507);
#6518=PROPERTY_DEFINITION_REPRESENTATION(#6568,#6538);
#6519=PROPERTY_DEFINITION_REPRESENTATION(#6569,#6539);
#6520=PROPERTY_DEFINITION_REPRESENTATION(#6570,#6540);
#6521=PROPERTY_DEFINITION_REPRESENTATION(#6571,#6541);
#6522=PROPERTY_DEFINITION_REPRESENTATION(#6572,#6542);
#6523=PROPERTY_DEFINITION_REPRESENTATION(#6573,#6543);
#6524=PROPERTY_DEFINITION_REPRESENTATION(#6574,#6544);
#6525=PROPERTY_DEFINITION_REPRESENTATION(#6575,#6545);
#6526=PROPERTY_DEFINITION_REPRESENTATION(#6576,#6546);
#6527=PROPERTY_DEFINITION_REPRESENTATION(#6577,#6547);
#6528=PROPERTY_DEFINITION_REPRESENTATION(#6578,#6548);
#6529=PROPERTY_DEFINITION_REPRESENTATION(#6579,#6549);
#6530=PROPERTY_DEFINITION_REPRESENTATION(#6580,#6550);
#6531=PROPERTY_DEFINITION_REPRESENTATION(#6581,#6551);
#6532=PROPERTY_DEFINITION_REPRESENTATION(#6582,#6552);
#6533=PROPERTY_DEFINITION_REPRESENTATION(#6583,#6553);
#6534=PROPERTY_DEFINITION_REPRESENTATION(#6584,#6554);
#6535=PROPERTY_DEFINITION_REPRESENTATION(#6585,#6555);
#6536=PROPERTY_DEFINITION_REPRESENTATION(#6586,#6556);
#6537=PROPERTY_DEFINITION_REPRESENTATION(#6587,#6557);
#6538=REPRESENTATION('material name',(#6558),#10927);
#6539=REPRESENTATION('density',(#6508),#10927);
#6540=REPRESENTATION('material name',(#6559),#10928);
#6541=REPRESENTATION('density',(#6509),#10928);
#6542=REPRESENTATION('material name',(#6560),#10929);
#6543=REPRESENTATION('density',(#6510),#10929);
#6544=REPRESENTATION('material name',(#6561),#10930);
#6545=REPRESENTATION('density',(#6511),#10930);
#6546=REPRESENTATION('material name',(#6562),#10931);
#6547=REPRESENTATION('density',(#6512),#10931);
#6548=REPRESENTATION('material name',(#6563),#10932);
#6549=REPRESENTATION('density',(#6513),#10932);
#6550=REPRESENTATION('material name',(#6564),#10933);
#6551=REPRESENTATION('density',(#6514),#10933);
#6552=REPRESENTATION('material name',(#6565),#10934);
#6553=REPRESENTATION('density',(#6515),#10934);
#6554=REPRESENTATION('material name',(#6566),#10935);
#6555=REPRESENTATION('density',(#6516),#10935);
#6556=REPRESENTATION('material name',(#6567),#10936);
#6557=REPRESENTATION('density',(#6517),#10936);
#6558=DESCRIPTIVE_REPRESENTATION_ITEM('Madera (cerezo)',
'Madera (cerezo)');
#6559=DESCRIPTIVE_REPRESENTATION_ITEM('Madera (cerezo)',
'Madera (cerezo)');
#6560=DESCRIPTIVE_REPRESENTATION_ITEM('Madera (cerezo)',
'Madera (cerezo)');
#6561=DESCRIPTIVE_REPRESENTATION_ITEM('Gen\X\E9rico','Gen\X\E9rico');
#6562=DESCRIPTIVE_REPRESENTATION_ITEM('Gen\X\E9rico','Gen\X\E9rico');
#6563=DESCRIPTIVE_REPRESENTATION_ITEM('Gen\X\E9rico','Gen\X\E9rico');
#6564=DESCRIPTIVE_REPRESENTATION_ITEM('Gen\X\E9rico','Gen\X\E9rico');
#6565=DESCRIPTIVE_REPRESENTATION_ITEM('Gen\X\E9rico','Gen\X\E9rico');
#6566=DESCRIPTIVE_REPRESENTATION_ITEM('Gen\X\E9rico','Gen\X\E9rico');
#6567=DESCRIPTIVE_REPRESENTATION_ITEM('Gen\X\E9rico','Gen\X\E9rico');
#6568=PROPERTY_DEFINITION('material property','material name',#11035);
#6569=PROPERTY_DEFINITION('material property','density of part',#11035);
#6570=PROPERTY_DEFINITION('material property','material name',#11036);
#6571=PROPERTY_DEFINITION('material property','density of part',#11036);
#6572=PROPERTY_DEFINITION('material property','material name',#11037);
#6573=PROPERTY_DEFINITION('material property','density of part',#11037);
#6574=PROPERTY_DEFINITION('material property','material name',#11038);
#6575=PROPERTY_DEFINITION('material property','density of part',#11038);
#6576=PROPERTY_DEFINITION('material property','material name',#11039);
#6577=PROPERTY_DEFINITION('material property','density of part',#11039);
#6578=PROPERTY_DEFINITION('material property','material name',#11040);
#6579=PROPERTY_DEFINITION('material property','density of part',#11040);
#6580=PROPERTY_DEFINITION('material property','material name',#11041);
#6581=PROPERTY_DEFINITION('material property','density of part',#11041);
#6582=PROPERTY_DEFINITION('material property','material name',#11042);
#6583=PROPERTY_DEFINITION('material property','density of part',#11042);
#6584=PROPERTY_DEFINITION('material property','material name',#11043);
#6585=PROPERTY_DEFINITION('material property','density of part',#11043);
#6586=PROPERTY_DEFINITION('material property','material name',#11044);
#6587=PROPERTY_DEFINITION('material property','density of part',#11044);
#6588=PRESENTATION_STYLE_ASSIGNMENT((#6591));
#6589=PRESENTATION_STYLE_ASSIGNMENT((#6592));
#6590=PRESENTATION_STYLE_ASSIGNMENT((#6593));
#6591=SURFACE_STYLE_USAGE(.BOTH.,#6594);
#6592=SURFACE_STYLE_USAGE(.BOTH.,#6595);
#6593=SURFACE_STYLE_USAGE(.BOTH.,#6596);
#6594=SURFACE_SIDE_STYLE('',(#6597));
#6595=SURFACE_SIDE_STYLE('',(#6598,#374));
#6596=SURFACE_SIDE_STYLE('',(#6599,#375));
#6597=SURFACE_STYLE_FILL_AREA(#6600);
#6598=SURFACE_STYLE_FILL_AREA(#6601);
#6599=SURFACE_STYLE_FILL_AREA(#6602);
#6600=FILL_AREA_STYLE('',(#6603));
#6601=FILL_AREA_STYLE('',(#6604));
#6602=FILL_AREA_STYLE('',(#6605));
#6603=FILL_AREA_STYLE_COLOUR('',#6606);
#6604=FILL_AREA_STYLE_COLOUR('',#6607);
#6605=FILL_AREA_STYLE_COLOUR('',#6608);
#6606=COLOUR_RGB('',0.913725490196078,0.482352941176471,0.231372549019608);
#6607=COLOUR_RGB('',0.749019607843137,0.749019607843137,0.749019607843137);
#6608=COLOUR_RGB('',0.792156862745098,0.819607843137255,0.933333333333333);
#6609=DATE_TIME_ROLE('creation_date');
#6610=DATE_TIME_ROLE('creation_date');
#6611=DATE_TIME_ROLE('creation_date');
#6612=DATE_TIME_ROLE('creation_date');
#6613=DATE_TIME_ROLE('creation_date');
#6614=DATE_TIME_ROLE('creation_date');
#6615=DATE_TIME_ROLE('creation_date');
#6616=DATE_TIME_ROLE('creation_date');
#6617=DATE_TIME_ROLE('creation_date');
#6618=DATE_TIME_ROLE('creation_date');
#6619=DATE_TIME_ROLE('creation_date');
#6620=DATE_TIME_ROLE('creation_date');
#6621=APPLIED_DATE_AND_TIME_ASSIGNMENT(#6633,#6609,(#11033));
#6622=APPLIED_DATE_AND_TIME_ASSIGNMENT(#6634,#6610,(#11034));
#6623=APPLIED_DATE_AND_TIME_ASSIGNMENT(#6635,#6611,(#11035));
#6624=APPLIED_DATE_AND_TIME_ASSIGNMENT(#6636,#6612,(#11036));
#6625=APPLIED_DATE_AND_TIME_ASSIGNMENT(#6637,#6613,(#11037));
#6626=APPLIED_DATE_AND_TIME_ASSIGNMENT(#6638,#6614,(#11038));
#6627=APPLIED_DATE_AND_TIME_ASSIGNMENT(#6639,#6615,(#11039));
#6628=APPLIED_DATE_AND_TIME_ASSIGNMENT(#6640,#6616,(#11040));
#6629=APPLIED_DATE_AND_TIME_ASSIGNMENT(#6641,#6617,(#11041));
#6630=APPLIED_DATE_AND_TIME_ASSIGNMENT(#6642,#6618,(#11042));
#6631=APPLIED_DATE_AND_TIME_ASSIGNMENT(#6643,#6619,(#11043));
#6632=APPLIED_DATE_AND_TIME_ASSIGNMENT(#6644,#6620,(#11044));
#6633=DATE_AND_TIME(#6645,#6657);
#6634=DATE_AND_TIME(#6646,#6658);
#6635=DATE_AND_TIME(#6647,#6659);
#6636=DATE_AND_TIME(#6648,#6660);
#6637=DATE_AND_TIME(#6649,#6661);
#6638=DATE_AND_TIME(#6650,#6662);
#6639=DATE_AND_TIME(#6651,#6663);
#6640=DATE_AND_TIME(#6652,#6664);
#6641=DATE_AND_TIME(#6653,#6665);
#6642=DATE_AND_TIME(#6654,#6666);
#6643=DATE_AND_TIME(#6655,#6667);
#6644=DATE_AND_TIME(#6656,#6668);
#6645=CALENDAR_DATE(2025,30,5);
#6646=CALENDAR_DATE(2025,13,5);
#6647=CALENDAR_DATE(2025,12,5);
#6648=CALENDAR_DATE(2025,13,5);
#6649=CALENDAR_DATE(2025,13,5);
#6650=CALENDAR_DATE(2025,13,5);
#6651=CALENDAR_DATE(2025,30,5);
#6652=CALENDAR_DATE(2025,13,5);
#6653=CALENDAR_DATE(2025,30,5);
#6654=CALENDAR_DATE(2025,31,5);
#6655=CALENDAR_DATE(2025,31,5);
#6656=CALENDAR_DATE(2025,5,2);
#6657=LOCAL_TIME(0,0,0.,#6669);
#6658=LOCAL_TIME(0,0,0.,#6670);
#6659=LOCAL_TIME(0,0,0.,#6671);
#6660=LOCAL_TIME(0,0,0.,#6672);
#6661=LOCAL_TIME(0,0,0.,#6673);
#6662=LOCAL_TIME(0,0,0.,#6674);
#6663=LOCAL_TIME(0,0,0.,#6675);
#6664=LOCAL_TIME(0,0,0.,#6676);
#6665=LOCAL_TIME(0,0,0.,#6677);
#6666=LOCAL_TIME(0,0,0.,#6678);
#6667=LOCAL_TIME(0,0,0.,#6679);
#6668=LOCAL_TIME(21,36,1.,#6680);
#6669=COORDINATED_UNIVERSAL_TIME_OFFSET(0,0,.BEHIND.);
#6670=COORDINATED_UNIVERSAL_TIME_OFFSET(0,0,.BEHIND.);
#6671=COORDINATED_UNIVERSAL_TIME_OFFSET(0,0,.BEHIND.);
#6672=COORDINATED_UNIVERSAL_TIME_OFFSET(0,0,.BEHIND.);
#6673=COORDINATED_UNIVERSAL_TIME_OFFSET(0,0,.BEHIND.);
#6674=COORDINATED_UNIVERSAL_TIME_OFFSET(0,0,.BEHIND.);
#6675=COORDINATED_UNIVERSAL_TIME_OFFSET(0,0,.BEHIND.);
#6676=COORDINATED_UNIVERSAL_TIME_OFFSET(0,0,.BEHIND.);
#6677=COORDINATED_UNIVERSAL_TIME_OFFSET(0,0,.BEHIND.);
#6678=COORDINATED_UNIVERSAL_TIME_OFFSET(0,0,.BEHIND.);
#6679=COORDINATED_UNIVERSAL_TIME_OFFSET(0,0,.BEHIND.);
#6680=COORDINATED_UNIVERSAL_TIME_OFFSET(0,0,.BEHIND.);
#6681=AXIS2_PLACEMENT_3D('',#9013,#7226,#7227);
#6682=AXIS2_PLACEMENT_3D('',#9014,#7228,#7229);
#6683=AXIS2_PLACEMENT_3D('',#9015,#7230,#7231);
#6684=AXIS2_PLACEMENT_3D('',#9016,#7232,#7233);
#6685=AXIS2_PLACEMENT_3D('',#9025,#7238,#7239);
#6686=AXIS2_PLACEMENT_3D('',#9031,#7243,#7244);
#6687=AXIS2_PLACEMENT_3D('',#9037,#7248,#7249);
#6688=AXIS2_PLACEMENT_3D('',#9046,#7254,#7255);
#6689=AXIS2_PLACEMENT_3D('',#9052,#7259,#7260);
#6690=AXIS2_PLACEMENT_3D('',#9058,#7264,#7265);
#6691=AXIS2_PLACEMENT_3D('',#9067,#7270,#7271);
#6692=AXIS2_PLACEMENT_3D('',#9073,#7275,#7276);
#6693=AXIS2_PLACEMENT_3D('',#9079,#7280,#7281);
#6694=AXIS2_PLACEMENT_3D('',#9088,#7286,#7287);
#6695=AXIS2_PLACEMENT_3D('',#9094,#7291,#7292);
#6696=AXIS2_PLACEMENT_3D('',#9100,#7296,#7297);
#6697=AXIS2_PLACEMENT_3D('',#9109,#7302,#7303);
#6698=AXIS2_PLACEMENT_3D('',#9115,#7307,#7308);
#6699=AXIS2_PLACEMENT_3D('',#9121,#7312,#7313);
#6700=AXIS2_PLACEMENT_3D('',#9130,#7318,#7319);
#6701=AXIS2_PLACEMENT_3D('',#9136,#7323,#7324);
#6702=AXIS2_PLACEMENT_3D('',#9142,#7328,#7329);
#6703=AXIS2_PLACEMENT_3D('',#9151,#7334,#7335);
#6704=AXIS2_PLACEMENT_3D('',#9157,#7339,#7340);
#6705=AXIS2_PLACEMENT_3D('',#9163,#7344,#7345);
#6706=AXIS2_PLACEMENT_3D('',#9172,#7350,#7351);
#6707=AXIS2_PLACEMENT_3D('',#9178,#7355,#7356);
#6708=AXIS2_PLACEMENT_3D('',#9184,#7360,#7361);
#6709=AXIS2_PLACEMENT_3D('',#9193,#7366,#7367);
#6710=AXIS2_PLACEMENT_3D('',#9199,#7371,#7372);
#6711=AXIS2_PLACEMENT_3D('',#9205,#7376,#7377);
#6712=AXIS2_PLACEMENT_3D('',#9223,#7391,#7392);
#6713=AXIS2_PLACEMENT_3D('',#9227,#7395,#7396);
#6714=AXIS2_PLACEMENT_3D('',#9231,#7399,#7400);
#6715=AXIS2_PLACEMENT_3D('',#9233,#7402,#7403);
#6716=AXIS2_PLACEMENT_3D('',#9235,#7405,#7406);
#6717=AXIS2_PLACEMENT_3D('',#9237,#7408,#7409);
#6718=AXIS2_PLACEMENT_3D('',#9239,#7411,#7412);
#6719=AXIS2_PLACEMENT_3D('',#9241,#7414,#7415);
#6720=AXIS2_PLACEMENT_3D('',#9243,#7417,#7418);
#6721=AXIS2_PLACEMENT_3D('',#9245,#7420,#7421);
#6722=AXIS2_PLACEMENT_3D('',#9247,#7423,#7424);
#6723=AXIS2_PLACEMENT_3D('',#9251,#7427,#7428);
#6724=AXIS2_PLACEMENT_3D('',#9255,#7431,#7432);
#6725=AXIS2_PLACEMENT_3D('',#9257,#7434,#7435);
#6726=AXIS2_PLACEMENT_3D('',#9258,#7436,#7437);
#6727=AXIS2_PLACEMENT_3D('',#9259,#7438,#7439);
#6728=AXIS2_PLACEMENT_3D('',#9268,#7444,#7445);
#6729=AXIS2_PLACEMENT_3D('',#9277,#7450,#7451);
#6730=AXIS2_PLACEMENT_3D('',#9280,#7454,#7455);
#6731=AXIS2_PLACEMENT_3D('',#9289,#7460,#7461);
#6732=AXIS2_PLACEMENT_3D('',#9298,#7466,#7467);
#6733=AXIS2_PLACEMENT_3D('',#9301,#7470,#7471);
#6734=AXIS2_PLACEMENT_3D('',#9310,#7476,#7477);
#6735=AXIS2_PLACEMENT_3D('',#9319,#7482,#7483);
#6736=AXIS2_PLACEMENT_3D('',#9322,#7486,#7487);
#6737=AXIS2_PLACEMENT_3D('',#9331,#7492,#7493);
#6738=AXIS2_PLACEMENT_3D('',#9340,#7498,#7499);
#6739=AXIS2_PLACEMENT_3D('',#9343,#7502,#7503);
#6740=AXIS2_PLACEMENT_3D('',#9349,#7507,#7508);
#6741=AXIS2_PLACEMENT_3D('',#9355,#7512,#7513);
#6742=AXIS2_PLACEMENT_3D('',#9358,#7516,#7517);
#6743=AXIS2_PLACEMENT_3D('',#9361,#7520,#7521);
#6744=AXIS2_PLACEMENT_3D('',#9364,#7524,#7525);
#6745=AXIS2_PLACEMENT_3D('',#9370,#7529,#7530);
#6746=AXIS2_PLACEMENT_3D('',#9374,#7533,#7534);
#6747=AXIS2_PLACEMENT_3D('',#9378,#7537,#7538);
#6748=AXIS2_PLACEMENT_3D('',#9380,#7540,#7541);
#6749=AXIS2_PLACEMENT_3D('',#9381,#7542,#7543);
#6750=AXIS2_PLACEMENT_3D('',#9382,#7544,#7545);
#6751=AXIS2_PLACEMENT_3D('',#9391,#7550,#7551);
#6752=AXIS2_PLACEMENT_3D('',#9397,#7555,#7556);
#6753=AXIS2_PLACEMENT_3D('',#9403,#7560,#7561);
#6754=AXIS2_PLACEMENT_3D('',#9406,#7564,#7565);
#6755=AXIS2_PLACEMENT_3D('',#9407,#7566,#7567);
#6756=AXIS2_PLACEMENT_3D('',#9408,#7568,#7569);
#6757=AXIS2_PLACEMENT_3D('',#9409,#7570,#7571);
#6758=AXIS2_PLACEMENT_3D('',#9410,#7572,#7573);
#6759=AXIS2_PLACEMENT_3D('',#9411,#7574,#7575);
#6760=AXIS2_PLACEMENT_3D('',#9412,#7576,#7577);
#6761=AXIS2_PLACEMENT_3D('',#9413,#7578,#7579);
#6762=AXIS2_PLACEMENT_3D('',#9414,#7580,#7581);
#6763=AXIS2_PLACEMENT_3D('',#9415,#7582,#7583);
#6764=AXIS2_PLACEMENT_3D('',#9416,#7584,#7585);
#6765=AXIS2_PLACEMENT_3D('',#9417,#7586,#7587);
#6766=AXIS2_PLACEMENT_3D('',#9418,#7588,#7589);
#6767=AXIS2_PLACEMENT_3D('',#9419,#7590,#7591);
#6768=AXIS2_PLACEMENT_3D('',#9420,#7592,#7593);
#6769=AXIS2_PLACEMENT_3D('',#9421,#7594,#7595);
#6770=AXIS2_PLACEMENT_3D('',#9422,#7596,#7597);
#6771=AXIS2_PLACEMENT_3D('',#9423,#7598,#7599);
#6772=AXIS2_PLACEMENT_3D('',#9471,#7600,#7601);
#6773=AXIS2_PLACEMENT_3D('',#9473,#7602,#7603);
#6774=AXIS2_PLACEMENT_3D('',#9474,#7604,#7605);
#6775=AXIS2_PLACEMENT_3D('',#9475,#7606,#7607);
#6776=AXIS2_PLACEMENT_3D('',#9478,#7608,#7609);
#6777=AXIS2_PLACEMENT_3D('',#9481,#7612,#7613);
#6778=AXIS2_PLACEMENT_3D('',#9485,#7615,#7616);
#6779=AXIS2_PLACEMENT_3D('',#9487,#7618,#7619);
#6780=AXIS2_PLACEMENT_3D('',#9491,#7622,#7623);
#6781=AXIS2_PLACEMENT_3D('',#9494,#7624,#7625);
#6782=AXIS2_PLACEMENT_3D('',#9498,#7627,#7628);
#6783=AXIS2_PLACEMENT_3D('',#9500,#7630,#7631);
#6784=AXIS2_PLACEMENT_3D('',#9504,#7633,#7634);
#6785=AXIS2_PLACEMENT_3D('',#9514,#7639,#7640);
#6786=AXIS2_PLACEMENT_3D('',#9518,#7643,#7644);
#6787=AXIS2_PLACEMENT_3D('',#9522,#7647,#7648);
#6788=AXIS2_PLACEMENT_3D('',#9524,#7649,#7650);
#6789=AXIS2_PLACEMENT_3D('',#9526,#7652,#7653);
#6790=AXIS2_PLACEMENT_3D('',#9529,#7654,#7655);
#6791=AXIS2_PLACEMENT_3D('',#9533,#7657,#7658);
#6792=AXIS2_PLACEMENT_3D('',#9535,#7660,#7661);
#6793=AXIS2_PLACEMENT_3D('',#9543,#7666,#7667);
#6794=AXIS2_PLACEMENT_3D('',#9544,#7668,#7669);
#6795=AXIS2_PLACEMENT_3D('',#9550,#7673,#7674);
#6796=AXIS2_PLACEMENT_3D('',#9552,#7675,#7676);
#6797=AXIS2_PLACEMENT_3D('',#9554,#7678,#7679);
#6798=AXIS2_PLACEMENT_3D('',#9558,#7681,#7682);
#6799=AXIS2_PLACEMENT_3D('',#9560,#7684,#7685);
#6800=AXIS2_PLACEMENT_3D('',#9564,#7687,#7688);
#6801=AXIS2_PLACEMENT_3D('',#9566,#7690,#7691);
#6802=AXIS2_PLACEMENT_3D('',#9569,#7694,#7695);
#6803=AXIS2_PLACEMENT_3D('',#9575,#7699,#7700);
#6804=AXIS2_PLACEMENT_3D('',#9581,#7704,#7705);
#6805=AXIS2_PLACEMENT_3D('',#9585,#7708,#7709);
#6806=AXIS2_PLACEMENT_3D('',#9587,#7711,#7712);
#6807=AXIS2_PLACEMENT_3D('',#9591,#7715,#7716);
#6808=AXIS2_PLACEMENT_3D('',#9592,#7717,#7718);
#6809=AXIS2_PLACEMENT_3D('',#9596,#7721,#7722);
#6810=AXIS2_PLACEMENT_3D('',#9598,#7724,#7725);
#6811=AXIS2_PLACEMENT_3D('',#9600,#7727,#7728);
#6812=AXIS2_PLACEMENT_3D('',#9601,#7729,#7730);
#6813=AXIS2_PLACEMENT_3D('',#9603,#7732,#7733);
#6814=AXIS2_PLACEMENT_3D('',#9605,#7735,#7736);
#6815=AXIS2_PLACEMENT_3D('',#9606,#7737,#7738);
#6816=AXIS2_PLACEMENT_3D('',#9607,#7739,#7740);
#6817=AXIS2_PLACEMENT_3D('',#9609,#7741,#7742);
#6818=AXIS2_PLACEMENT_3D('',#9612,#7744,#7745);
#6819=AXIS2_PLACEMENT_3D('',#9613,#7746,#7747);
#6820=AXIS2_PLACEMENT_3D('',#9615,#7748,#7749);
#6821=AXIS2_PLACEMENT_3D('',#9618,#7751,#7752);
#6822=AXIS2_PLACEMENT_3D('',#9619,#7753,#7754);
#6823=AXIS2_PLACEMENT_3D('',#9621,#7755,#7756);
#6824=AXIS2_PLACEMENT_3D('',#9624,#7758,#7759);
#6825=AXIS2_PLACEMENT_3D('',#9625,#7760,#7761);
#6826=AXIS2_PLACEMENT_3D('',#9627,#7762,#7763);
#6827=AXIS2_PLACEMENT_3D('',#9630,#7765,#7766);
#6828=AXIS2_PLACEMENT_3D('',#9631,#7767,#7768);
#6829=AXIS2_PLACEMENT_3D('',#9633,#7769,#7770);
#6830=AXIS2_PLACEMENT_3D('',#9636,#7772,#7773);
#6831=AXIS2_PLACEMENT_3D('',#9637,#7774,#7775);
#6832=AXIS2_PLACEMENT_3D('',#9639,#7776,#7777);
#6833=AXIS2_PLACEMENT_3D('',#9642,#7779,#7780);
#6834=AXIS2_PLACEMENT_3D('',#9643,#7781,#7782);
#6835=AXIS2_PLACEMENT_3D('',#9645,#7783,#7784);
#6836=AXIS2_PLACEMENT_3D('',#9648,#7786,#7787);
#6837=AXIS2_PLACEMENT_3D('',#9649,#7788,#7789);
#6838=AXIS2_PLACEMENT_3D('',#9658,#7794,#7795);
#6839=AXIS2_PLACEMENT_3D('',#9664,#7799,#7800);
#6840=AXIS2_PLACEMENT_3D('',#9666,#7801,#7802);
#6841=AXIS2_PLACEMENT_3D('',#9669,#7804,#7805);
#6842=AXIS2_PLACEMENT_3D('',#9670,#7806,#7807);
#6843=AXIS2_PLACEMENT_3D('',#9679,#7812,#7813);
#6844=AXIS2_PLACEMENT_3D('',#9685,#7817,#7818);
#6845=AXIS2_PLACEMENT_3D('',#9691,#7822,#7823);
#6846=AXIS2_PLACEMENT_3D('',#9693,#7824,#7825);
#6847=AXIS2_PLACEMENT_3D('',#9696,#7827,#7828);
#6848=AXIS2_PLACEMENT_3D('',#9697,#7829,#7830);
#6849=AXIS2_PLACEMENT_3D('',#9706,#7835,#7836);
#6850=AXIS2_PLACEMENT_3D('',#9712,#7840,#7841);
#6851=AXIS2_PLACEMENT_3D('',#9714,#7842,#7843);
#6852=AXIS2_PLACEMENT_3D('',#9717,#7845,#7846);
#6853=AXIS2_PLACEMENT_3D('',#9718,#7847,#7848);
#6854=AXIS2_PLACEMENT_3D('',#9727,#7853,#7854);
#6855=AXIS2_PLACEMENT_3D('',#9730,#7857,#7858);
#6856=AXIS2_PLACEMENT_3D('',#9733,#7861,#7862);
#6857=AXIS2_PLACEMENT_3D('',#9735,#7863,#7864);
#6858=AXIS2_PLACEMENT_3D('',#9738,#7866,#7867);
#6859=AXIS2_PLACEMENT_3D('',#9739,#7868,#7869);
#6860=AXIS2_PLACEMENT_3D('',#9741,#7870,#7871);
#6861=AXIS2_PLACEMENT_3D('',#9744,#7873,#7874);
#6862=AXIS2_PLACEMENT_3D('',#9745,#7875,#7876);
#6863=AXIS2_PLACEMENT_3D('',#9747,#7877,#7878);
#6864=AXIS2_PLACEMENT_3D('',#9750,#7880,#7881);
#6865=AXIS2_PLACEMENT_3D('',#9751,#7882,#7883);
#6866=AXIS2_PLACEMENT_3D('',#9753,#7884,#7885);
#6867=AXIS2_PLACEMENT_3D('',#9756,#7887,#7888);
#6868=AXIS2_PLACEMENT_3D('',#9757,#7889,#7890);
#6869=AXIS2_PLACEMENT_3D('',#9759,#7891,#7892);
#6870=AXIS2_PLACEMENT_3D('',#9762,#7894,#7895);
#6871=AXIS2_PLACEMENT_3D('',#9763,#7896,#7897);
#6872=AXIS2_PLACEMENT_3D('',#9765,#7898,#7899);
#6873=AXIS2_PLACEMENT_3D('',#9768,#7901,#7902);
#6874=AXIS2_PLACEMENT_3D('',#9769,#7903,#7904);
#6875=AXIS2_PLACEMENT_3D('',#9771,#7905,#7906);
#6876=AXIS2_PLACEMENT_3D('',#9774,#7908,#7909);
#6877=AXIS2_PLACEMENT_3D('',#9775,#7910,#7911);
#6878=AXIS2_PLACEMENT_3D('',#9777,#7912,#7913);
#6879=AXIS2_PLACEMENT_3D('',#9780,#7915,#7916);
#6880=AXIS2_PLACEMENT_3D('',#9781,#7917,#7918);
#6881=AXIS2_PLACEMENT_3D('',#9783,#7919,#7920);
#6882=AXIS2_PLACEMENT_3D('',#9786,#7922,#7923);
#6883=AXIS2_PLACEMENT_3D('',#9787,#7924,#7925);
#6884=AXIS2_PLACEMENT_3D('',#9789,#7926,#7927);
#6885=AXIS2_PLACEMENT_3D('',#9792,#7929,#7930);
#6886=AXIS2_PLACEMENT_3D('',#9793,#7931,#7932);
#6887=AXIS2_PLACEMENT_3D('',#9795,#7933,#7934);
#6888=AXIS2_PLACEMENT_3D('',#9798,#7936,#7937);
#6889=AXIS2_PLACEMENT_3D('',#9799,#7938,#7939);
#6890=AXIS2_PLACEMENT_3D('',#9801,#7940,#7941);
#6891=AXIS2_PLACEMENT_3D('',#9804,#7943,#7944);
#6892=AXIS2_PLACEMENT_3D('',#9805,#7945,#7946);
#6893=AXIS2_PLACEMENT_3D('',#9814,#7951,#7952);
#6894=AXIS2_PLACEMENT_3D('',#9820,#7956,#7957);
#6895=AXIS2_PLACEMENT_3D('',#9826,#7961,#7962);
#6896=AXIS2_PLACEMENT_3D('',#9829,#7965,#7966);
#6897=AXIS2_PLACEMENT_3D('',#9832,#7969,#7970);
#6898=AXIS2_PLACEMENT_3D('',#9835,#7973,#7974);
#6899=AXIS2_PLACEMENT_3D('',#9836,#7975,#7976);
#6900=AXIS2_PLACEMENT_3D('',#9837,#7977,#7978);
#6901=AXIS2_PLACEMENT_3D('',#9880,#7979,#7980);
#6902=AXIS2_PLACEMENT_3D('',#9882,#7981,#7982);
#6903=AXIS2_PLACEMENT_3D('',#9883,#7983,#7984);
#6904=AXIS2_PLACEMENT_3D('',#9884,#7985,#7986);
#6905=AXIS2_PLACEMENT_3D('',#9887,#7987,#7988);
#6906=AXIS2_PLACEMENT_3D('',#9890,#7991,#7992);
#6907=AXIS2_PLACEMENT_3D('',#9894,#7994,#7995);
#6908=AXIS2_PLACEMENT_3D('',#9896,#7997,#7998);
#6909=AXIS2_PLACEMENT_3D('',#9900,#8000,#8001);
#6910=AXIS2_PLACEMENT_3D('',#9911,#8007,#8008);
#6911=AXIS2_PLACEMENT_3D('',#9912,#8009,#8010);
#6912=AXIS2_PLACEMENT_3D('',#9915,#8011,#8012);
#6913=AXIS2_PLACEMENT_3D('',#9919,#8014,#8015);
#6914=AXIS2_PLACEMENT_3D('',#9921,#8017,#8018);
#6915=AXIS2_PLACEMENT_3D('',#9932,#8024,#8025);
#6916=AXIS2_PLACEMENT_3D('',#9934,#8027,#8028);
#6917=AXIS2_PLACEMENT_3D('',#9938,#8031,#8032);
#6918=AXIS2_PLACEMENT_3D('',#9941,#8034,#8035);
#6919=AXIS2_PLACEMENT_3D('',#9942,#8036,#8037);
#6920=AXIS2_PLACEMENT_3D('',#9945,#8038,#8039);
#6921=AXIS2_PLACEMENT_3D('',#9949,#8041,#8042);
#6922=AXIS2_PLACEMENT_3D('',#9951,#8044,#8045);
#6923=AXIS2_PLACEMENT_3D('',#9959,#8050,#8051);
#6924=AXIS2_PLACEMENT_3D('',#9960,#8052,#8053);
#6925=AXIS2_PLACEMENT_3D('',#9963,#8056,#8057);
#6926=AXIS2_PLACEMENT_3D('',#9967,#8059,#8060);
#6927=AXIS2_PLACEMENT_3D('',#9969,#8062,#8063);
#6928=AXIS2_PLACEMENT_3D('',#9974,#8066,#8067);
#6929=AXIS2_PLACEMENT_3D('',#9975,#8068,#8069);
#6930=AXIS2_PLACEMENT_3D('',#9980,#8072,#8073);
#6931=AXIS2_PLACEMENT_3D('',#9981,#8074,#8075);
#6932=AXIS2_PLACEMENT_3D('',#9984,#8078,#8079);
#6933=AXIS2_PLACEMENT_3D('',#9990,#8083,#8084);
#6934=AXIS2_PLACEMENT_3D('',#9996,#8088,#8089);
#6935=AXIS2_PLACEMENT_3D('',#9998,#8091,#8092);
#6936=AXIS2_PLACEMENT_3D('',#10000,#8094,#8095);
#6937=AXIS2_PLACEMENT_3D('',#10001,#8096,#8097);
#6938=AXIS2_PLACEMENT_3D('',#10005,#8100,#8101);
#6939=AXIS2_PLACEMENT_3D('',#10007,#8103,#8104);
#6940=AXIS2_PLACEMENT_3D('',#10009,#8106,#8107);
#6941=AXIS2_PLACEMENT_3D('',#10010,#8108,#8109);
#6942=AXIS2_PLACEMENT_3D('',#10012,#8111,#8112);
#6943=AXIS2_PLACEMENT_3D('',#10014,#8114,#8115);
#6944=AXIS2_PLACEMENT_3D('',#10015,#8116,#8117);
#6945=AXIS2_PLACEMENT_3D('',#10016,#8118,#8119);
#6946=AXIS2_PLACEMENT_3D('',#10018,#8120,#8121);
#6947=AXIS2_PLACEMENT_3D('',#10021,#8123,#8124);
#6948=AXIS2_PLACEMENT_3D('',#10022,#8125,#8126);
#6949=AXIS2_PLACEMENT_3D('',#10024,#8127,#8128);
#6950=AXIS2_PLACEMENT_3D('',#10027,#8130,#8131);
#6951=AXIS2_PLACEMENT_3D('',#10028,#8132,#8133);
#6952=AXIS2_PLACEMENT_3D('',#10030,#8134,#8135);
#6953=AXIS2_PLACEMENT_3D('',#10033,#8137,#8138);
#6954=AXIS2_PLACEMENT_3D('',#10034,#8139,#8140);
#6955=AXIS2_PLACEMENT_3D('',#10036,#8141,#8142);
#6956=AXIS2_PLACEMENT_3D('',#10039,#8144,#8145);
#6957=AXIS2_PLACEMENT_3D('',#10040,#8146,#8147);
#6958=AXIS2_PLACEMENT_3D('',#10042,#8148,#8149);
#6959=AXIS2_PLACEMENT_3D('',#10045,#8151,#8152);
#6960=AXIS2_PLACEMENT_3D('',#10046,#8153,#8154);
#6961=AXIS2_PLACEMENT_3D('',#10048,#8155,#8156);
#6962=AXIS2_PLACEMENT_3D('',#10051,#8158,#8159);
#6963=AXIS2_PLACEMENT_3D('',#10052,#8160,#8161);
#6964=AXIS2_PLACEMENT_3D('',#10054,#8162,#8163);
#6965=AXIS2_PLACEMENT_3D('',#10057,#8165,#8166);
#6966=AXIS2_PLACEMENT_3D('',#10058,#8167,#8168);
#6967=AXIS2_PLACEMENT_3D('',#10060,#8169,#8170);
#6968=AXIS2_PLACEMENT_3D('',#10063,#8172,#8173);
#6969=AXIS2_PLACEMENT_3D('',#10064,#8174,#8175);
#6970=AXIS2_PLACEMENT_3D('',#10066,#8176,#8177);
#6971=AXIS2_PLACEMENT_3D('',#10069,#8179,#8180);
#6972=AXIS2_PLACEMENT_3D('',#10070,#8181,#8182);
#6973=AXIS2_PLACEMENT_3D('',#10072,#8183,#8184);
#6974=AXIS2_PLACEMENT_3D('',#10075,#8186,#8187);
#6975=AXIS2_PLACEMENT_3D('',#10076,#8188,#8189);
#6976=AXIS2_PLACEMENT_3D('',#10078,#8190,#8191);
#6977=AXIS2_PLACEMENT_3D('',#10081,#8193,#8194);
#6978=AXIS2_PLACEMENT_3D('',#10082,#8195,#8196);
#6979=AXIS2_PLACEMENT_3D('',#10084,#8197,#8198);
#6980=AXIS2_PLACEMENT_3D('',#10087,#8200,#8201);
#6981=AXIS2_PLACEMENT_3D('',#10088,#8202,#8203);
#6982=AXIS2_PLACEMENT_3D('',#10090,#8204,#8205);
#6983=AXIS2_PLACEMENT_3D('',#10093,#8207,#8208);
#6984=AXIS2_PLACEMENT_3D('',#10094,#8209,#8210);
#6985=AXIS2_PLACEMENT_3D('',#10096,#8211,#8212);
#6986=AXIS2_PLACEMENT_3D('',#10099,#8214,#8215);
#6987=AXIS2_PLACEMENT_3D('',#10100,#8216,#8217);
#6988=AXIS2_PLACEMENT_3D('',#10102,#8218,#8219);
#6989=AXIS2_PLACEMENT_3D('',#10105,#8221,#8222);
#6990=AXIS2_PLACEMENT_3D('',#10106,#8223,#8224);
#6991=AXIS2_PLACEMENT_3D('',#10108,#8225,#8226);
#6992=AXIS2_PLACEMENT_3D('',#10111,#8228,#8229);
#6993=AXIS2_PLACEMENT_3D('',#10112,#8230,#8231);
#6994=AXIS2_PLACEMENT_3D('',#10121,#8236,#8237);
#6995=AXIS2_PLACEMENT_3D('',#10127,#8241,#8242);
#6996=AXIS2_PLACEMENT_3D('',#10133,#8246,#8247);
#6997=AXIS2_PLACEMENT_3D('',#10136,#8250,#8251);
#6998=AXIS2_PLACEMENT_3D('',#10145,#8256,#8257);
#6999=AXIS2_PLACEMENT_3D('',#10151,#8261,#8262);
#7000=AXIS2_PLACEMENT_3D('',#10157,#8266,#8267);
#7001=AXIS2_PLACEMENT_3D('',#10160,#8270,#8271);
#7002=AXIS2_PLACEMENT_3D('',#10161,#8272,#8273);
#7003=AXIS2_PLACEMENT_3D('',#10162,#8274,#8275);
#7004=AXIS2_PLACEMENT_3D('',#10163,#8276,#8277);
#7005=AXIS2_PLACEMENT_3D('',#10165,#8278,#8279);
#7006=AXIS2_PLACEMENT_3D('',#10168,#8281,#8282);
#7007=AXIS2_PLACEMENT_3D('',#10169,#8283,#8284);
#7008=AXIS2_PLACEMENT_3D('',#10178,#8289,#8290);
#7009=AXIS2_PLACEMENT_3D('',#10184,#8294,#8295);
#7010=AXIS2_PLACEMENT_3D('',#10186,#8296,#8297);
#7011=AXIS2_PLACEMENT_3D('',#10189,#8299,#8300);
#7012=AXIS2_PLACEMENT_3D('',#10190,#8301,#8302);
#7013=AXIS2_PLACEMENT_3D('',#10199,#8307,#8308);
#7014=AXIS2_PLACEMENT_3D('',#10205,#8312,#8313);
#7015=AXIS2_PLACEMENT_3D('',#10211,#8317,#8318);
#7016=AXIS2_PLACEMENT_3D('',#10213,#8319,#8320);
#7017=AXIS2_PLACEMENT_3D('',#10216,#8322,#8323);
#7018=AXIS2_PLACEMENT_3D('',#10217,#8324,#8325);
#7019=AXIS2_PLACEMENT_3D('',#10226,#8330,#8331);
#7020=AXIS2_PLACEMENT_3D('',#10232,#8335,#8336);
#7021=AXIS2_PLACEMENT_3D('',#10234,#8337,#8338);
#7022=AXIS2_PLACEMENT_3D('',#10237,#8340,#8341);
#7023=AXIS2_PLACEMENT_3D('',#10238,#8342,#8343);
#7024=AXIS2_PLACEMENT_3D('',#10247,#8348,#8349);
#7025=AXIS2_PLACEMENT_3D('',#10250,#8352,#8353);
#7026=AXIS2_PLACEMENT_3D('',#10253,#8356,#8357);
#7027=AXIS2_PLACEMENT_3D('',#10262,#8362,#8363);
#7028=AXIS2_PLACEMENT_3D('',#10268,#8367,#8368);
#7029=AXIS2_PLACEMENT_3D('',#10274,#8372,#8373);
#7030=AXIS2_PLACEMENT_3D('',#10277,#8376,#8377);
#7031=AXIS2_PLACEMENT_3D('',#10280,#8380,#8381);
#7032=AXIS2_PLACEMENT_3D('',#10283,#8384,#8385);
#7033=AXIS2_PLACEMENT_3D('',#10284,#8386,#8387);
#7034=AXIS2_PLACEMENT_3D('',#10285,#8388,#8389);
#7035=AXIS2_PLACEMENT_3D('',#10286,#8390,#8391);
#7036=AXIS2_PLACEMENT_3D('',#10288,#8392,#8393);
#7037=AXIS2_PLACEMENT_3D('',#10291,#8395,#8396);
#7038=AXIS2_PLACEMENT_3D('',#10292,#8397,#8398);
#7039=AXIS2_PLACEMENT_3D('',#10301,#8403,#8404);
#7040=AXIS2_PLACEMENT_3D('',#10307,#8408,#8409);
#7041=AXIS2_PLACEMENT_3D('',#10309,#8410,#8411);
#7042=AXIS2_PLACEMENT_3D('',#10312,#8413,#8414);
#7043=AXIS2_PLACEMENT_3D('',#10313,#8415,#8416);
#7044=AXIS2_PLACEMENT_3D('',#10322,#8421,#8422);
#7045=AXIS2_PLACEMENT_3D('',#10328,#8426,#8427);
#7046=AXIS2_PLACEMENT_3D('',#10334,#8431,#8432);
#7047=AXIS2_PLACEMENT_3D('',#10336,#8433,#8434);
#7048=AXIS2_PLACEMENT_3D('',#10339,#8436,#8437);
#7049=AXIS2_PLACEMENT_3D('',#10340,#8438,#8439);
#7050=AXIS2_PLACEMENT_3D('',#10349,#8444,#8445);
#7051=AXIS2_PLACEMENT_3D('',#10355,#8449,#8450);
#7052=AXIS2_PLACEMENT_3D('',#10357,#8451,#8452);
#7053=AXIS2_PLACEMENT_3D('',#10360,#8454,#8455);
#7054=AXIS2_PLACEMENT_3D('',#10361,#8456,#8457);
#7055=AXIS2_PLACEMENT_3D('',#10370,#8462,#8463);
#7056=AXIS2_PLACEMENT_3D('',#10373,#8466,#8467);
#7057=AXIS2_PLACEMENT_3D('',#10376,#8470,#8471);
#7058=AXIS2_PLACEMENT_3D('',#10385,#8476,#8477);
#7059=AXIS2_PLACEMENT_3D('',#10391,#8481,#8482);
#7060=AXIS2_PLACEMENT_3D('',#10397,#8486,#8487);
#7061=AXIS2_PLACEMENT_3D('',#10400,#8490,#8491);
#7062=AXIS2_PLACEMENT_3D('',#10403,#8494,#8495);
#7063=AXIS2_PLACEMENT_3D('',#10406,#8498,#8499);
#7064=AXIS2_PLACEMENT_3D('',#10407,#8500,#8501);
#7065=AXIS2_PLACEMENT_3D('',#10408,#8502,#8503);
#7066=AXIS2_PLACEMENT_3D('',#10409,#8504,#8505);
#7067=AXIS2_PLACEMENT_3D('',#10414,#8507,#8508);
#7068=AXIS2_PLACEMENT_3D('',#10418,#8510,#8511);
#7069=AXIS2_PLACEMENT_3D('',#10436,#8520,#8521);
#7070=AXIS2_PLACEMENT_3D('',#10440,#8523,#8524);
#7071=AXIS2_PLACEMENT_3D('',#10446,#8527,#8528);
#7072=AXIS2_PLACEMENT_3D('',#10452,#8531,#8532);
#7073=AXIS2_PLACEMENT_3D('',#10456,#8534,#8535);
#7074=AXIS2_PLACEMENT_3D('',#10474,#8544,#8545);
#7075=AXIS2_PLACEMENT_3D('',#10478,#8547,#8548);
#7076=AXIS2_PLACEMENT_3D('',#10484,#8551,#8552);
#7077=AXIS2_PLACEMENT_3D('',#10490,#8555,#8556);
#7078=AXIS2_PLACEMENT_3D('',#10494,#8558,#8559);
#7079=AXIS2_PLACEMENT_3D('',#10512,#8568,#8569);
#7080=AXIS2_PLACEMENT_3D('',#10516,#8571,#8572);
#7081=AXIS2_PLACEMENT_3D('',#10522,#8575,#8576);
#7082=AXIS2_PLACEMENT_3D('',#10528,#8579,#8580);
#7083=AXIS2_PLACEMENT_3D('',#10532,#8582,#8583);
#7084=AXIS2_PLACEMENT_3D('',#10550,#8592,#8593);
#7085=AXIS2_PLACEMENT_3D('',#10554,#8595,#8596);
#7086=AXIS2_PLACEMENT_3D('',#10560,#8599,#8600);
#7087=AXIS2_PLACEMENT_3D('',#10563,#8602,#8603);
#7088=AXIS2_PLACEMENT_3D('',#10564,#8604,#8605);
#7089=AXIS2_PLACEMENT_3D('',#10569,#8607,#8608);
#7090=AXIS2_PLACEMENT_3D('',#10575,#8611,#8612);
#7091=AXIS2_PLACEMENT_3D('',#10581,#8615,#8616);
#7092=AXIS2_PLACEMENT_3D('',#10585,#8618,#8619);
#7093=AXIS2_PLACEMENT_3D('',#10603,#8628,#8629);
#7094=AXIS2_PLACEMENT_3D('',#10607,#8631,#8632);
#7095=AXIS2_PLACEMENT_3D('',#10613,#8635,#8636);
#7096=AXIS2_PLACEMENT_3D('',#10619,#8639,#8640);
#7097=AXIS2_PLACEMENT_3D('',#10623,#8642,#8643);
#7098=AXIS2_PLACEMENT_3D('',#10641,#8652,#8653);
#7099=AXIS2_PLACEMENT_3D('',#10645,#8655,#8656);
#7100=AXIS2_PLACEMENT_3D('',#10651,#8659,#8660);
#7101=AXIS2_PLACEMENT_3D('',#10657,#8663,#8664);
#7102=AXIS2_PLACEMENT_3D('',#10661,#8666,#8667);
#7103=AXIS2_PLACEMENT_3D('',#10679,#8676,#8677);
#7104=AXIS2_PLACEMENT_3D('',#10683,#8679,#8680);
#7105=AXIS2_PLACEMENT_3D('',#10689,#8683,#8684);
#7106=AXIS2_PLACEMENT_3D('',#10695,#8687,#8688);
#7107=AXIS2_PLACEMENT_3D('',#10699,#8690,#8691);
#7108=AXIS2_PLACEMENT_3D('',#10716,#8700,#8701);
#7109=AXIS2_PLACEMENT_3D('',#10718,#8702,#8703);
#7110=AXIS2_PLACEMENT_3D('',#10719,#8704,#8705);
#7111=AXIS2_PLACEMENT_3D('',#10722,#8708,#8709);
#7112=AXIS2_PLACEMENT_3D('',#10724,#8711,#8712);
#7113=AXIS2_PLACEMENT_3D('',#10726,#8714,#8715);
#7114=AXIS2_PLACEMENT_3D('',#10728,#8717,#8718);
#7115=AXIS2_PLACEMENT_3D('',#10731,#8721,#8722);
#7116=AXIS2_PLACEMENT_3D('',#10734,#8725,#8726);
#7117=AXIS2_PLACEMENT_3D('',#10736,#8728,#8729);
#7118=AXIS2_PLACEMENT_3D('',#10738,#8731,#8732);
#7119=AXIS2_PLACEMENT_3D('',#10740,#8734,#8735);
#7120=AXIS2_PLACEMENT_3D('',#10742,#8737,#8738);
#7121=AXIS2_PLACEMENT_3D('',#10744,#8740,#8741);
#7122=AXIS2_PLACEMENT_3D('',#10746,#8743,#8744);
#7123=AXIS2_PLACEMENT_3D('',#10748,#8746,#8747);
#7124=AXIS2_PLACEMENT_3D('',#10751,#8750,#8751);
#7125=AXIS2_PLACEMENT_3D('',#10754,#8754,#8755);
#7126=AXIS2_PLACEMENT_3D('',#10756,#8757,#8758);
#7127=AXIS2_PLACEMENT_3D('',#10758,#8760,#8761);
#7128=AXIS2_PLACEMENT_3D('',#10760,#8763,#8764);
#7129=AXIS2_PLACEMENT_3D('',#10762,#8766,#8767);
#7130=AXIS2_PLACEMENT_3D('',#10765,#8770,#8771);
#7131=AXIS2_PLACEMENT_3D('',#10768,#8774,#8775);
#7132=AXIS2_PLACEMENT_3D('',#10770,#8777,#8778);
#7133=AXIS2_PLACEMENT_3D('',#10772,#8780,#8781);
#7134=AXIS2_PLACEMENT_3D('',#10774,#8783,#8784);
#7135=AXIS2_PLACEMENT_3D('',#10776,#8786,#8787);
#7136=AXIS2_PLACEMENT_3D('',#10778,#8789,#8790);
#7137=AXIS2_PLACEMENT_3D('',#10780,#8792,#8793);
#7138=AXIS2_PLACEMENT_3D('',#10782,#8795,#8796);
#7139=AXIS2_PLACEMENT_3D('',#10785,#8799,#8800);
#7140=AXIS2_PLACEMENT_3D('',#10788,#8803,#8804);
#7141=AXIS2_PLACEMENT_3D('',#10790,#8806,#8807);
#7142=AXIS2_PLACEMENT_3D('',#10792,#8809,#8810);
#7143=AXIS2_PLACEMENT_3D('',#10794,#8812,#8813);
#7144=AXIS2_PLACEMENT_3D('',#10796,#8815,#8816);
#7145=AXIS2_PLACEMENT_3D('',#10799,#8819,#8820);
#7146=AXIS2_PLACEMENT_3D('',#10802,#8823,#8824);
#7147=AXIS2_PLACEMENT_3D('',#10804,#8826,#8827);
#7148=AXIS2_PLACEMENT_3D('',#10806,#8829,#8830);
#7149=AXIS2_PLACEMENT_3D('',#10808,#8832,#8833);
#7150=AXIS2_PLACEMENT_3D('',#10810,#8835,#8836);
#7151=AXIS2_PLACEMENT_3D('',#10812,#8838,#8839);
#7152=AXIS2_PLACEMENT_3D('',#10814,#8841,#8842);
#7153=AXIS2_PLACEMENT_3D('',#10816,#8844,#8845);
#7154=AXIS2_PLACEMENT_3D('',#10819,#8848,#8849);
#7155=AXIS2_PLACEMENT_3D('',#10822,#8852,#8853);
#7156=AXIS2_PLACEMENT_3D('',#10824,#8855,#8856);
#7157=AXIS2_PLACEMENT_3D('',#10826,#8858,#8859);
#7158=AXIS2_PLACEMENT_3D('',#10828,#8861,#8862);
#7159=AXIS2_PLACEMENT_3D('',#10830,#8864,#8865);
#7160=AXIS2_PLACEMENT_3D('',#10833,#8868,#8869);
#7161=AXIS2_PLACEMENT_3D('',#10836,#8872,#8873);
#7162=AXIS2_PLACEMENT_3D('',#10838,#8875,#8876);
#7163=AXIS2_PLACEMENT_3D('',#10840,#8878,#8879);
#7164=AXIS2_PLACEMENT_3D('',#10842,#8881,#8882);
#7165=AXIS2_PLACEMENT_3D('',#10844,#8884,#8885);
#7166=AXIS2_PLACEMENT_3D('',#10846,#8887,#8888);
#7167=AXIS2_PLACEMENT_3D('',#10848,#8890,#8891);
#7168=AXIS2_PLACEMENT_3D('',#10850,#8893,#8894);
#7169=AXIS2_PLACEMENT_3D('',#10853,#8897,#8898);
#7170=AXIS2_PLACEMENT_3D('',#10855,#8900,#8901);
#7171=AXIS2_PLACEMENT_3D('',#10857,#8903,#8904);
#7172=AXIS2_PLACEMENT_3D('',#10858,#8905,#8906);
#7173=AXIS2_PLACEMENT_3D('',#10859,#8907,#8908);
#7174=AXIS2_PLACEMENT_3D('',#10860,#8909,#8910);
#7175=AXIS2_PLACEMENT_3D('',#10861,#8911,#8912);
#7176=AXIS2_PLACEMENT_3D('',#10862,#8913,#8914);
#7177=AXIS2_PLACEMENT_3D('',#10863,#8915,#8916);
#7178=AXIS2_PLACEMENT_3D('',#10864,#8917,#8918);
#7179=AXIS2_PLACEMENT_3D('',#10865,#8919,#8920);
#7180=AXIS2_PLACEMENT_3D('',#10866,#8921,#8922);
#7181=AXIS2_PLACEMENT_3D('',#10867,#8923,#8924);
#7182=AXIS2_PLACEMENT_3D('',#10868,#8925,#8926);
#7183=AXIS2_PLACEMENT_3D('',#10869,#8927,#8928);
#7184=AXIS2_PLACEMENT_3D('',#10870,#8929,#8930);
#7185=AXIS2_PLACEMENT_3D('',#10871,#8931,#8932);
#7186=AXIS2_PLACEMENT_3D('',#10872,#8933,#8934);
#7187=AXIS2_PLACEMENT_3D('',#10873,#8935,#8936);
#7188=AXIS2_PLACEMENT_3D('',#10874,#8937,#8938);
#7189=AXIS2_PLACEMENT_3D('',#10875,#8939,#8940);
#7190=AXIS2_PLACEMENT_3D('',#10876,#8941,#8942);
#7191=AXIS2_PLACEMENT_3D('',#10877,#8943,#8944);
#7192=AXIS2_PLACEMENT_3D('',#10878,#8945,#8946);
#7193=AXIS2_PLACEMENT_3D('',#10879,#8947,#8948);
#7194=AXIS2_PLACEMENT_3D('',#10880,#8949,#8950);
#7195=AXIS2_PLACEMENT_3D('',#10881,#8951,#8952);
#7196=AXIS2_PLACEMENT_3D('',#10882,#8953,#8954);
#7197=AXIS2_PLACEMENT_3D('',#10883,#8955,#8956);
#7198=AXIS2_PLACEMENT_3D('',#10884,#8957,#8958);
#7199=AXIS2_PLACEMENT_3D('',#10885,#8959,#8960);
#7200=AXIS2_PLACEMENT_3D('',#10886,#8961,#8962);
#7201=AXIS2_PLACEMENT_3D('',#10887,#8963,#8964);
#7202=AXIS2_PLACEMENT_3D('',#10888,#8965,#8966);
#7203=AXIS2_PLACEMENT_3D('',#10889,#8967,#8968);
#7204=AXIS2_PLACEMENT_3D('',#10890,#8969,#8970);
#7205=AXIS2_PLACEMENT_3D('',#10891,#8971,#8972);
#7206=AXIS2_PLACEMENT_3D('',#10892,#8973,#8974);
#7207=AXIS2_PLACEMENT_3D('',#10893,#8975,#8976);
#7208=AXIS2_PLACEMENT_3D('',#10894,#8977,#8978);
#7209=AXIS2_PLACEMENT_3D('',#10895,#8979,#8980);
#7210=AXIS2_PLACEMENT_3D('',#10896,#8981,#8982);
#7211=AXIS2_PLACEMENT_3D('',#10897,#8983,#8984);
#7212=AXIS2_PLACEMENT_3D('',#10898,#8985,#8986);
#7213=AXIS2_PLACEMENT_3D('',#10899,#8987,#8988);
#7214=AXIS2_PLACEMENT_3D('',#10900,#8989,#8990);
#7215=AXIS2_PLACEMENT_3D('',#10901,#8991,#8992);
#7216=AXIS2_PLACEMENT_3D('',#10902,#8993,#8994);
#7217=AXIS2_PLACEMENT_3D('',#10903,#8995,#8996);
#7218=AXIS2_PLACEMENT_3D('',#10904,#8997,#8998);
#7219=AXIS2_PLACEMENT_3D('',#10905,#8999,#9000);
#7220=AXIS2_PLACEMENT_3D('',#10906,#9001,#9002);
#7221=AXIS2_PLACEMENT_3D('',#10907,#9003,#9004);
#7222=AXIS2_PLACEMENT_3D('',#10908,#9005,#9006);
#7223=AXIS2_PLACEMENT_3D('',#10909,#9007,#9008);
#7224=AXIS2_PLACEMENT_3D('',#10910,#9009,#9010);
#7225=AXIS2_PLACEMENT_3D('',#10911,#9011,#9012);
#7226=DIRECTION('axis',(0.,0.,1.));
#7227=DIRECTION('refdir',(1.,0.,0.));
#7228=DIRECTION('axis',(0.,0.,1.));
#7229=DIRECTION('refdir',(1.,0.,0.));
#7230=DIRECTION('axis',(0.,0.,1.));
#7231=DIRECTION('refdir',(1.,0.,0.));
#7232=DIRECTION('center_axis',(-1.,0.,0.));
#7233=DIRECTION('ref_axis',(0.,0.,-1.));
#7234=DIRECTION('',(0.,0.,-1.));
#7235=DIRECTION('',(0.,-1.,0.));
#7236=DIRECTION('',(0.,0.,1.));
#7237=DIRECTION('',(0.,-1.,0.));
#7238=DIRECTION('center_axis',(0.,0.,1.));
#7239=DIRECTION('ref_axis',(-1.,0.,0.));
#7240=DIRECTION('',(-1.,0.,0.));
#7241=DIRECTION('',(0.,1.,0.));
#7242=DIRECTION('',(1.,0.,0.));
#7243=DIRECTION('center_axis',(0.,0.,-1.));
#7244=DIRECTION('ref_axis',(1.,0.,0.));
#7245=DIRECTION('',(1.,0.,0.));
#7246=DIRECTION('',(-1.,0.,0.));
#7247=DIRECTION('',(0.,-1.,0.));
#7248=DIRECTION('center_axis',(-1.,0.,-2.22044604925028E-15));
#7249=DIRECTION('ref_axis',(2.22044604925028E-15,0.,-1.));
#7250=DIRECTION('',(2.22044604925028E-15,0.,-1.));
#7251=DIRECTION('',(0.,-1.,0.));
#7252=DIRECTION('',(-2.22044604925028E-15,0.,1.));
#7253=DIRECTION('',(0.,-1.,0.));
#7254=DIRECTION('center_axis',(0.,0.,1.));
#7255=DIRECTION('ref_axis',(-1.,0.,0.));
#7256=DIRECTION('',(-1.,0.,0.));
#7257=DIRECTION('',(0.,1.,0.));
#7258=DIRECTION('',(1.,0.,0.));
#7259=DIRECTION('center_axis',(0.,0.,-1.));
#7260=DIRECTION('ref_axis',(1.,0.,0.));
#7261=DIRECTION('',(1.,0.,0.));
#7262=DIRECTION('',(-1.,0.,0.));
#7263=DIRECTION('',(0.,-1.,0.));
#7264=DIRECTION('center_axis',(-1.,0.,0.));
#7265=DIRECTION('ref_axis',(0.,0.,-1.));
#7266=DIRECTION('',(0.,0.,-1.));
#7267=DIRECTION('',(0.,-1.,0.));
#7268=DIRECTION('',(0.,0.,1.));
#7269=DIRECTION('',(0.,-1.,0.));
#7270=DIRECTION('center_axis',(0.,0.,1.));
#7271=DIRECTION('ref_axis',(-1.,0.,0.));
#7272=DIRECTION('',(-1.,0.,0.));
#7273=DIRECTION('',(0.,1.,0.));
#7274=DIRECTION('',(1.,0.,0.));
#7275=DIRECTION('center_axis',(0.,0.,-1.));
#7276=DIRECTION('ref_axis',(1.,0.,0.));
#7277=DIRECTION('',(1.,0.,0.));
#7278=DIRECTION('',(-1.,0.,0.));
#7279=DIRECTION('',(0.,-1.,0.));
#7280=DIRECTION('center_axis',(-1.,0.,0.));
#7281=DIRECTION('ref_axis',(0.,0.,-1.));
#7282=DIRECTION('',(0.,0.,-1.));
#7283=DIRECTION('',(0.,-1.,0.));
#7284=DIRECTION('',(0.,0.,1.));
#7285=DIRECTION('',(0.,-1.,0.));
#7286=DIRECTION('center_axis',(0.,0.,1.));
#7287=DIRECTION('ref_axis',(-1.,0.,0.));
#7288=DIRECTION('',(-1.,0.,0.));
#7289=DIRECTION('',(0.,1.,0.));
#7290=DIRECTION('',(1.,0.,0.));
#7291=DIRECTION('center_axis',(0.,0.,-1.));
#7292=DIRECTION('ref_axis',(1.,0.,0.));
#7293=DIRECTION('',(1.,0.,0.));
#7294=DIRECTION('',(-1.,0.,0.));
#7295=DIRECTION('',(0.,-1.,0.));
#7296=DIRECTION('center_axis',(-1.,0.,0.));
#7297=DIRECTION('ref_axis',(0.,0.,-1.));
#7298=DIRECTION('',(0.,0.,-1.));
#7299=DIRECTION('',(0.,-1.,0.));
#7300=DIRECTION('',(0.,0.,1.));
#7301=DIRECTION('',(0.,-1.,0.));
#7302=DIRECTION('center_axis',(0.,0.,1.));
#7303=DIRECTION('ref_axis',(-1.,0.,0.));
#7304=DIRECTION('',(-1.,0.,0.));
#7305=DIRECTION('',(0.,1.,0.));
#7306=DIRECTION('',(1.,0.,0.));
#7307=DIRECTION('center_axis',(0.,0.,-1.));
#7308=DIRECTION('ref_axis',(1.,0.,0.));
#7309=DIRECTION('',(1.,0.,0.));
#7310=DIRECTION('',(-1.,0.,0.));
#7311=DIRECTION('',(0.,-1.,0.));
#7312=DIRECTION('center_axis',(-1.,0.,0.));
#7313=DIRECTION('ref_axis',(0.,0.,-1.));
#7314=DIRECTION('',(0.,0.,-1.));
#7315=DIRECTION('',(0.,-1.,0.));
#7316=DIRECTION('',(0.,0.,1.));
#7317=DIRECTION('',(0.,-1.,0.));
#7318=DIRECTION('center_axis',(0.,0.,1.));
#7319=DIRECTION('ref_axis',(-1.,0.,0.));
#7320=DIRECTION('',(-1.,0.,0.));
#7321=DIRECTION('',(0.,1.,0.));
#7322=DIRECTION('',(1.,0.,0.));
#7323=DIRECTION('center_axis',(0.,0.,-1.));
#7324=DIRECTION('ref_axis',(1.,0.,0.));
#7325=DIRECTION('',(1.,0.,0.));
#7326=DIRECTION('',(-1.,0.,0.));
#7327=DIRECTION('',(0.,-1.,0.));
#7328=DIRECTION('center_axis',(-1.,0.,0.));
#7329=DIRECTION('ref_axis',(0.,0.,-1.));
#7330=DIRECTION('',(0.,0.,-1.));
#7331=DIRECTION('',(0.,-1.,0.));
#7332=DIRECTION('',(0.,0.,1.));
#7333=DIRECTION('',(0.,-1.,0.));
#7334=DIRECTION('center_axis',(0.,0.,1.));
#7335=DIRECTION('ref_axis',(-1.,0.,0.));
#7336=DIRECTION('',(-1.,0.,0.));
#7337=DIRECTION('',(0.,1.,0.));
#7338=DIRECTION('',(1.,0.,0.));
#7339=DIRECTION('center_axis',(0.,0.,-1.));
#7340=DIRECTION('ref_axis',(1.,0.,0.));
#7341=DIRECTION('',(1.,0.,0.));
#7342=DIRECTION('',(-1.,0.,0.));
#7343=DIRECTION('',(0.,-1.,0.));
#7344=DIRECTION('center_axis',(-1.,0.,0.));
#7345=DIRECTION('ref_axis',(0.,0.,-1.));
#7346=DIRECTION('',(0.,0.,-1.));
#7347=DIRECTION('',(0.,-1.,0.));
#7348=DIRECTION('',(0.,0.,1.));
#7349=DIRECTION('',(0.,-1.,0.));
#7350=DIRECTION('center_axis',(0.,0.,1.));
#7351=DIRECTION('ref_axis',(-1.,0.,0.));
#7352=DIRECTION('',(-1.,0.,0.));
#7353=DIRECTION('',(0.,1.,0.));
#7354=DIRECTION('',(1.,0.,0.));
#7355=DIRECTION('center_axis',(0.,0.,-1.));
#7356=DIRECTION('ref_axis',(1.,0.,0.));
#7357=DIRECTION('',(1.,0.,0.));
#7358=DIRECTION('',(-1.,0.,0.));
#7359=DIRECTION('',(0.,-1.,0.));
#7360=DIRECTION('center_axis',(-1.,0.,0.));
#7361=DIRECTION('ref_axis',(0.,0.,-1.));
#7362=DIRECTION('',(0.,0.,-1.));
#7363=DIRECTION('',(0.,-1.,0.));
#7364=DIRECTION('',(0.,0.,1.));
#7365=DIRECTION('',(0.,-1.,0.));
#7366=DIRECTION('center_axis',(0.,0.,1.));
#7367=DIRECTION('ref_axis',(-1.,0.,0.));
#7368=DIRECTION('',(-1.,0.,0.));
#7369=DIRECTION('',(0.,1.,0.));
#7370=DIRECTION('',(1.,0.,0.));
#7371=DIRECTION('center_axis',(0.,0.,-1.));
#7372=DIRECTION('ref_axis',(1.,0.,0.));
#7373=DIRECTION('',(1.,0.,0.));
#7374=DIRECTION('',(-1.,0.,0.));
#7375=DIRECTION('',(0.,-1.,0.));
#7376=DIRECTION('center_axis',(0.,1.,0.));
#7377=DIRECTION('ref_axis',(0.,0.,1.));
#7378=DIRECTION('',(-1.99748805067436E-16,0.,-1.));
#7379=DIRECTION('',(-1.99748805067436E-16,0.,-1.));
#7380=DIRECTION('',(-1.99748805067436E-16,0.,-1.));
#7381=DIRECTION('',(1.,0.,1.84067544551569E-31));
#7382=DIRECTION('',(6.51475613471974E-17,0.,1.));
#7383=DIRECTION('',(-1.,0.,0.));
#7384=DIRECTION('',(-1.99748805067436E-16,0.,-1.));
#7385=DIRECTION('',(-1.99748805067436E-16,0.,-1.));
#7386=DIRECTION('',(-1.99748805067436E-16,0.,-1.));
#7387=DIRECTION('',(-1.99748805067436E-16,0.,-1.));
#7388=DIRECTION('',(-1.99748805067436E-16,0.,-1.));
#7389=DIRECTION('',(-1.99748805067436E-16,0.,-1.));
#7390=DIRECTION('',(-1.99748805067436E-16,0.,-1.));
#7391=DIRECTION('center_axis',(1.,0.,-1.99748805067436E-16));
#7392=DIRECTION('ref_axis',(-1.99748805067436E-16,0.,-1.));
#7393=DIRECTION('',(-1.99748805067436E-16,0.,-1.));
#7394=DIRECTION('',(0.,1.,0.));
#7395=DIRECTION('center_axis',(1.,0.,-1.99748805067436E-16));
#7396=DIRECTION('ref_axis',(-1.99748805067436E-16,0.,-1.));
#7397=DIRECTION('',(0.,1.,0.));
#7398=DIRECTION('',(-1.99748805067436E-16,0.,-1.));
#7399=DIRECTION('center_axis',(1.,0.,-1.99748805067436E-16));
#7400=DIRECTION('ref_axis',(-1.99748805067436E-16,0.,-1.));
#7401=DIRECTION('',(-1.99748805067436E-16,0.,-1.));
#7402=DIRECTION('center_axis',(1.,0.,-1.99748805067436E-16));
#7403=DIRECTION('ref_axis',(-1.99748805067436E-16,0.,-1.));
#7404=DIRECTION('',(-1.99748805067436E-16,0.,-1.));
#7405=DIRECTION('center_axis',(1.,0.,-1.99748805067436E-16));
#7406=DIRECTION('ref_axis',(-1.99748805067436E-16,0.,-1.));
#7407=DIRECTION('',(-1.99748805067436E-16,0.,-1.));
#7408=DIRECTION('center_axis',(1.,0.,-1.99748805067436E-16));
#7409=DIRECTION('ref_axis',(-1.99748805067436E-16,0.,-1.));
#7410=DIRECTION('',(-1.99748805067436E-16,0.,-1.));
#7411=DIRECTION('center_axis',(1.,0.,-1.99748805067436E-16));
#7412=DIRECTION('ref_axis',(-1.99748805067436E-16,0.,-1.));
#7413=DIRECTION('',(-1.99748805067436E-16,0.,-1.));
#7414=DIRECTION('center_axis',(1.,0.,-1.99748805067436E-16));
#7415=DIRECTION('ref_axis',(-1.99748805067436E-16,0.,-1.));
#7416=DIRECTION('',(-1.99748805067436E-16,0.,-1.));
#7417=DIRECTION('center_axis',(1.,0.,-1.99748805067436E-16));
#7418=DIRECTION('ref_axis',(-1.99748805067436E-16,0.,-1.));
#7419=DIRECTION('',(-1.99748805067436E-16,0.,-1.));
#7420=DIRECTION('center_axis',(1.,0.,-1.99748805067436E-16));
#7421=DIRECTION('ref_axis',(-1.99748805067436E-16,0.,-1.));
#7422=DIRECTION('',(-1.99748805067436E-16,0.,-1.));
#7423=DIRECTION('center_axis',(-1.84067544551569E-31,0.,1.));
#7424=DIRECTION('ref_axis',(1.,0.,1.84067544551569E-31));
#7425=DIRECTION('',(1.,0.,1.84067544551569E-31));
#7426=DIRECTION('',(0.,1.,0.));
#7427=DIRECTION('center_axis',(-1.,0.,6.51475613471974E-17));
#7428=DIRECTION('ref_axis',(6.51475613471974E-17,0.,1.));
#7429=DIRECTION('',(6.51475613471974E-17,0.,1.));
#7430=DIRECTION('',(0.,1.,0.));
#7431=DIRECTION('center_axis',(0.,0.,-1.));
#7432=DIRECTION('ref_axis',(-1.,0.,0.));
#7433=DIRECTION('',(-1.,0.,0.));
#7434=DIRECTION('center_axis',(0.,1.,0.));
#7435=DIRECTION('ref_axis',(0.,0.,1.));
#7436=DIRECTION('axis',(0.,0.,1.));
#7437=DIRECTION('refdir',(1.,0.,0.));
#7438=DIRECTION('center_axis',(-2.368475785867E-16,1.,0.));
#7439=DIRECTION('ref_axis',(1.,2.368475785867E-16,0.));
#7440=DIRECTION('',(-1.,-2.368475785867E-16,0.));
#7441=DIRECTION('',(0.,0.,-1.));
#7442=DIRECTION('',(1.,2.368475785867E-16,0.));
#7443=DIRECTION('',(0.,0.,1.));
#7444=DIRECTION('center_axis',(2.368475785867E-16,-1.,0.));
#7445=DIRECTION('ref_axis',(-1.,-2.368475785867E-16,0.));
#7446=DIRECTION('',(1.,2.368475785867E-16,0.));
#7447=DIRECTION('',(0.,0.,-1.));
#7448=DIRECTION('',(-1.,-2.368475785867E-16,0.));
#7449=DIRECTION('',(0.,0.,-1.));
#7450=DIRECTION('center_axis',(1.,1.83602774098217E-16,0.));
#7451=DIRECTION('ref_axis',(1.83602774098217E-16,-1.,0.));
#7452=DIRECTION('',(-1.83602774098217E-16,1.,0.));
#7453=DIRECTION('',(1.83602774098217E-16,-1.,0.));
#7454=DIRECTION('center_axis',(-4.736951571734E-16,1.,0.));
#7455=DIRECTION('ref_axis',(1.,4.736951571734E-16,0.));
#7456=DIRECTION('',(-1.,-4.736951571734E-16,0.));
#7457=DIRECTION('',(0.,0.,-1.));
#7458=DIRECTION('',(1.,4.736951571734E-16,0.));
#7459=DIRECTION('',(0.,0.,1.));
#7460=DIRECTION('center_axis',(4.736951571734E-16,-1.,0.));
#7461=DIRECTION('ref_axis',(-1.,-4.736951571734E-16,0.));
#7462=DIRECTION('',(1.,4.736951571734E-16,0.));
#7463=DIRECTION('',(0.,0.,-1.));
#7464=DIRECTION('',(-1.,-4.736951571734E-16,0.));
#7465=DIRECTION('',(0.,0.,-1.));
#7466=DIRECTION('center_axis',(1.,1.83602774098217E-16,0.));
#7467=DIRECTION('ref_axis',(1.83602774098217E-16,-1.,0.));
#7468=DIRECTION('',(-1.83602774098217E-16,1.,0.));
#7469=DIRECTION('',(1.83602774098217E-16,-1.,0.));
#7470=DIRECTION('center_axis',(0.,1.,0.));
#7471=DIRECTION('ref_axis',(1.,0.,0.));
#7472=DIRECTION('',(-1.,0.,0.));
#7473=DIRECTION('',(0.,0.,-1.));
#7474=DIRECTION('',(1.,0.,0.));
#7475=DIRECTION('',(0.,0.,1.));
#7476=DIRECTION('center_axis',(0.,-1.,0.));
#7477=DIRECTION('ref_axis',(-1.,0.,0.));
#7478=DIRECTION('',(1.,0.,0.));
#7479=DIRECTION('',(0.,0.,-1.));
#7480=DIRECTION('',(-1.,0.,0.));
#7481=DIRECTION('',(0.,0.,-1.));
#7482=DIRECTION('center_axis',(1.,1.83602774098217E-16,0.));
#7483=DIRECTION('ref_axis',(1.83602774098217E-16,-1.,0.));
#7484=DIRECTION('',(-1.83602774098217E-16,1.,0.));
#7485=DIRECTION('',(1.83602774098217E-16,-1.,0.));
#7486=DIRECTION('center_axis',(-4.736951571734E-16,1.,0.));
#7487=DIRECTION('ref_axis',(1.,4.736951571734E-16,0.));
#7488=DIRECTION('',(-1.,-4.736951571734E-16,0.));
#7489=DIRECTION('',(0.,0.,-1.));
#7490=DIRECTION('',(1.,4.736951571734E-16,0.));
#7491=DIRECTION('',(0.,0.,1.));
#7492=DIRECTION('center_axis',(4.736951571734E-16,-1.,0.));
#7493=DIRECTION('ref_axis',(-1.,-4.736951571734E-16,0.));
#7494=DIRECTION('',(1.,4.736951571734E-16,0.));
#7495=DIRECTION('',(0.,0.,-1.));
#7496=DIRECTION('',(-1.,-4.736951571734E-16,0.));
#7497=DIRECTION('',(0.,0.,-1.));
#7498=DIRECTION('center_axis',(1.,1.83602774098217E-16,0.));
#7499=DIRECTION('ref_axis',(1.83602774098217E-16,-1.,0.));
#7500=DIRECTION('',(-1.83602774098217E-16,1.,0.));
#7501=DIRECTION('',(1.83602774098217E-16,-1.,0.));
#7502=DIRECTION('center_axis',(-1.,-1.83602774098217E-16,0.));
#7503=DIRECTION('ref_axis',(1.83602774098217E-16,-1.,0.));
#7504=DIRECTION('',(1.83602774098217E-16,-1.,0.));
#7505=DIRECTION('',(0.,0.,1.));
#7506=DIRECTION('',(1.83602774098217E-16,-1.,0.));
#7507=DIRECTION('center_axis',(-1.,-1.83602774098217E-16,0.));
#7508=DIRECTION('ref_axis',(1.83602774098217E-16,-1.,0.));
#7509=DIRECTION('',(1.83602774098217E-16,-1.,0.));
#7510=DIRECTION('',(0.,0.,1.));
#7511=DIRECTION('',(1.83602774098217E-16,-1.,0.));
#7512=DIRECTION('center_axis',(-1.,-1.83602774098217E-16,0.));
#7513=DIRECTION('ref_axis',(1.83602774098217E-16,-1.,0.));
#7514=DIRECTION('',(1.83602774098217E-16,-1.,0.));
#7515=DIRECTION('',(1.83602774098217E-16,-1.,0.));
#7516=DIRECTION('center_axis',(-1.,-1.83602774098217E-16,0.));
#7517=DIRECTION('ref_axis',(1.83602774098217E-16,-1.,0.));
#7518=DIRECTION('',(1.83602774098217E-16,-1.,0.));
#7519=DIRECTION('',(1.83602774098217E-16,-1.,0.));
#7520=DIRECTION('center_axis',(-1.,-1.83602774098217E-16,0.));
#7521=DIRECTION('ref_axis',(1.83602774098217E-16,-1.,0.));
#7522=DIRECTION('',(1.83602774098217E-16,-1.,0.));
#7523=DIRECTION('',(1.83602774098217E-16,-1.,0.));
#7524=DIRECTION('center_axis',(0.,0.,1.));
#7525=DIRECTION('ref_axis',(1.,0.,0.));
#7526=DIRECTION('',(-1.,0.,0.));
#7527=DIRECTION('',(-1.83602774098217E-16,1.,0.));
#7528=DIRECTION('',(1.,0.,0.));
#7529=DIRECTION('center_axis',(0.,1.,0.));
#7530=DIRECTION('ref_axis',(-1.,0.,0.));
#7531=DIRECTION('',(-1.,0.,0.));
#7532=DIRECTION('',(0.,0.,1.));
#7533=DIRECTION('center_axis',(1.,1.83602774098217E-16,0.));
#7534=DIRECTION('ref_axis',(-1.83602774098217E-16,1.,0.));
#7535=DIRECTION('',(-1.83602774098217E-16,1.,0.));
#7536=DIRECTION('',(0.,0.,1.));
#7537=DIRECTION('center_axis',(0.,-1.,0.));
#7538=DIRECTION('ref_axis',(1.,0.,0.));
#7539=DIRECTION('',(1.,0.,0.));
#7540=DIRECTION('center_axis',(0.,0.,1.));
#7541=DIRECTION('ref_axis',(1.,0.,0.));
#7542=DIRECTION('axis',(0.,0.,1.));
#7543=DIRECTION('refdir',(1.,0.,0.));
#7544=DIRECTION('center_axis',(1.,0.,-1.95442684041592E-16));
#7545=DIRECTION('ref_axis',(-1.95442684041592E-16,0.,-1.));
#7546=DIRECTION('',(-1.95442684041592E-16,0.,-1.));
#7547=DIRECTION('',(0.,1.,0.));
#7548=DIRECTION('',(-1.95442684041592E-16,0.,-1.));
#7549=DIRECTION('',(0.,1.,0.));
#7550=DIRECTION('center_axis',(0.,0.,1.));
#7551=DIRECTION('ref_axis',(1.,0.,0.));
#7552=DIRECTION('',(1.,0.,0.));
#7553=DIRECTION('',(1.,0.,0.));
#7554=DIRECTION('',(0.,1.,0.));
#7555=DIRECTION('center_axis',(-1.,0.,1.95442684041592E-16));
#7556=DIRECTION('ref_axis',(1.95442684041592E-16,0.,1.));
#7557=DIRECTION('',(1.95442684041592E-16,0.,1.));
#7558=DIRECTION('',(1.95442684041592E-16,0.,1.));
#7559=DIRECTION('',(0.,1.,0.));
#7560=DIRECTION('center_axis',(0.,0.,-1.));
#7561=DIRECTION('ref_axis',(-1.,0.,0.));
#7562=DIRECTION('',(-1.,0.,0.));
#7563=DIRECTION('',(-1.,0.,0.));
#7564=DIRECTION('center_axis',(0.,1.,0.));
#7565=DIRECTION('ref_axis',(0.,0.,1.));
#7566=DIRECTION('center_axis',(0.,1.,0.));
#7567=DIRECTION('ref_axis',(0.,0.,1.));
#7568=DIRECTION('',(1.45716771982029E-16,1.83497614830622E-15,1.));
#7569=DIRECTION('',(1.,-4.54334623917863E-15,-1.45716771982021E-16));
#7570=DIRECTION('',(2.46487151549097E-15,1.24926185885044E-15,1.));
#7571=DIRECTION('',(1.,-2.57866348241768E-15,-2.46487151549097E-15));
#7572=DIRECTION('',(-6.60885804607961E-16,2.63784405319603E-15,1.));
#7573=DIRECTION('',(1.,-3.92047209108566E-15,6.60885804607972E-16));
#7574=DIRECTION('',(-7.56740454763496E-16,4.93550303631488E-15,1.));
#7575=DIRECTION('',(1.,-1.79831583258338E-15,7.56740454763505E-16));
#7576=DIRECTION('',(-1.71977228940398E-15,1.83497614830623E-15,1.));
#7577=DIRECTION('',(1.,-5.02375622180688E-15,1.71977228940399E-15));
#7578=DIRECTION('',(-6.50818748638616E-16,2.02351490940223E-16,1.));
#7579=DIRECTION('',(1.,-1.42940917958305E-15,6.50818748638617E-16));
#7580=DIRECTION('',(-6.43743605593931E-16,1.03510434268245E-15,1.));
#7581=DIRECTION('',(1.,-1.13797563561892E-15,6.43743605593932E-16));
#7582=DIRECTION('',(-1.04704839651695E-15,5.09186746785367E-16,1.));
#7583=DIRECTION('',(1.,1.36002616978767E-15,1.04704839651695E-15));
#7584=DIRECTION('',(-1.63895030335539E-15,4.93550303631488E-15,1.));
#7585=DIRECTION('',(1.,-1.58206484546897E-15,1.6389503033554E-15));
#7586=DIRECTION('',(-4.02137454892947E-15,4.9355030363149E-15,1.));
#7587=DIRECTION('',(1.,-2.19268750901277E-15,4.02137454892948E-15));
#7588=DIRECTION('',(-6.55696898223664E-16,4.93550303631488E-15,1.));
#7589=DIRECTION('',(1.,-4.34374461922401E-15,6.55696898223685E-16));
#7590=DIRECTION('',(-1.21872967449159E-15,4.93550303631488E-15,1.));
#7591=DIRECTION('',(1.,-1.41553139177526E-15,1.2187296744916E-15));
#7592=DIRECTION('',(-6.60610347783901E-16,8.96909756601434E-16,1.));
#7593=DIRECTION('',(1.,-3.53883292637078E-15,6.60610347783904E-16));
#7594=DIRECTION('',(-7.56740454763489E-16,7.99028374993714E-15,1.));
#7595=DIRECTION('',(1.,-2.19268750901278E-15,7.56740454763507E-16));
#7596=DIRECTION('',(-9.99965453800667E-16,1.83497614830622E-15,1.));
#7597=DIRECTION('',(-1.,1.41553139177527E-15,-9.9996545380067E-16));
#7598=DIRECTION('axis',(0.,0.,1.));
#7599=DIRECTION('refdir',(1.,0.,0.));
#7600=DIRECTION('center_axis',(-2.77555756156289E-16,-1.38777878078144E-16,
-1.));
#7601=DIRECTION('ref_axis',(1.,-1.66533453693773E-15,-2.77555756156289E-16));
#7602=DIRECTION('center_axis',(0.393919298579168,0.919145030018058,0.));
#7603=DIRECTION('ref_axis',(-0.919145030018058,0.393919298579167,0.));
#7604=DIRECTION('center_axis',(-0.919145030018058,-0.393919298579168,2.91558850084522E-16));
#7605=DIRECTION('ref_axis',(-0.393919298579168,0.919145030018058,0.));
#7606=DIRECTION('center_axis',(-1.77635683940025E-16,0.,-1.));
#7607=DIRECTION('ref_axis',(0.707106781186548,-0.707106781186547,0.));
#7608=DIRECTION('center_axis',(0.,0.,1.));
#7609=DIRECTION('ref_axis',(0.707106781186548,-0.707106781186547,0.));
#7610=DIRECTION('',(1.77635683940025E-16,0.,1.));
#7611=DIRECTION('',(-1.77635683940025E-16,0.,-1.));
#7612=DIRECTION('center_axis',(1.,0.,3.94430452610506E-32));
#7613=DIRECTION('ref_axis',(0.,0.707106781186548,0.707106781186547));
#7614=DIRECTION('',(-1.,0.,-3.94430452610506E-32));
#7615=DIRECTION('center_axis',(0.707106781186548,-5.23364152894592E-16,
0.707106781186547));
#7616=DIRECTION('ref_axis',(-0.707106781186547,-5.23364152894592E-16,0.707106781186548));
#7617=DIRECTION('',(1.,0.,3.94430452610506E-32));
#7618=DIRECTION('center_axis',(0.,1.,0.));
#7619=DIRECTION('ref_axis',(0.,0.,1.));
#7620=DIRECTION('',(-1.,0.,0.));
#7621=DIRECTION('',(-1.77635683940025E-16,0.,-1.));
#7622=DIRECTION('center_axis',(-1.11125272818949E-62,-1.,0.));
#7623=DIRECTION('ref_axis',(0.707106781186545,0.,-0.70710678118655));
#7624=DIRECTION('center_axis',(0.,1.,0.));
#7625=DIRECTION('ref_axis',(0.707106781186545,0.,-0.70710678118655));
#7626=DIRECTION('',(1.11125272818949E-62,1.,0.));
#7627=DIRECTION('center_axis',(-1.11125272818949E-62,-1.,0.));
#7628=DIRECTION('ref_axis',(0.707106781186545,0.,-0.70710678118655));
#7629=DIRECTION('',(-1.11125272818949E-62,-1.,0.));
#7630=DIRECTION('center_axis',(1.11125272818949E-62,1.,0.));
#7631=DIRECTION('ref_axis',(-1.,1.11125272818949E-62,-3.94430452610506E-32));
#7632=DIRECTION('',(1.,-1.11125272818949E-62,3.94430452610506E-32));
#7633=DIRECTION('center_axis',(-1.11125272818949E-62,-1.,0.));
#7634=DIRECTION('ref_axis',(-0.707106781186545,0.,-0.70710678118655));
#7635=DIRECTION('',(0.,0.,-1.));
#7636=DIRECTION('',(-1.,1.11125272818949E-62,-3.94430452610506E-32));
#7637=DIRECTION('',(1.,-1.11125272818949E-62,3.94430452610506E-32));
#7638=DIRECTION('',(0.,0.,1.));
#7639=DIRECTION('center_axis',(-1.11125272818949E-62,-1.,0.));
#7640=DIRECTION('ref_axis',(-0.707106781186547,0.,0.707106781186548));
#7641=DIRECTION('',(-1.,1.11125272818949E-62,-3.94430452610506E-32));
#7642=DIRECTION('',(0.,0.,-1.));
#7643=DIRECTION('center_axis',(0.,0.,-1.));
#7644=DIRECTION('ref_axis',(-1.,0.,0.));
#7645=DIRECTION('',(-1.,1.83697019872103E-16,-3.94430452610506E-32));
#7646=DIRECTION('',(-1.11125272818949E-62,-1.,0.));
#7647=DIRECTION('center_axis',(1.11125272818949E-62,1.,0.));
#7648=DIRECTION('ref_axis',(-0.707106781186545,0.,-0.70710678118655));
#7649=DIRECTION('center_axis',(0.,1.,0.));
#7650=DIRECTION('ref_axis',(-0.707106781186545,0.,-0.70710678118655));
#7651=DIRECTION('',(1.11125272818949E-62,1.,0.));
#7652=DIRECTION('center_axis',(0.,1.,0.));
#7653=DIRECTION('ref_axis',(0.707106781186548,0.,-0.707106781186547));
#7654=DIRECTION('center_axis',(0.,-1.,0.));
#7655=DIRECTION('ref_axis',(0.707106781186548,0.,-0.707106781186547));
#7656=DIRECTION('',(0.,-1.,0.));
#7657=DIRECTION('center_axis',(0.,1.,0.));
#7658=DIRECTION('ref_axis',(0.707106781186548,0.,-0.707106781186547));
#7659=DIRECTION('',(0.,1.,0.));
#7660=DIRECTION('center_axis',(1.,0.,0.));
#7661=DIRECTION('ref_axis',(0.,0.,-1.));
#7662=DIRECTION('',(1.77635683940025E-16,0.,1.));
#7663=DIRECTION('',(0.,-1.,0.));
#7664=DIRECTION('',(0.,-1.,0.));
#7665=DIRECTION('',(-1.77635683940025E-16,0.,-1.));
#7666=DIRECTION('center_axis',(-1.,0.,0.));
#7667=DIRECTION('ref_axis',(0.,0.,-1.));
#7668=DIRECTION('center_axis',(0.,1.,0.));
#7669=DIRECTION('ref_axis',(1.77635683940025E-16,0.,1.));
#7670=DIRECTION('',(1.,0.,0.));
#7671=DIRECTION('',(1.77635683940025E-16,0.,1.));
#7672=DIRECTION('',(1.,0.,0.));
#7673=DIRECTION('center_axis',(1.77635683940025E-16,0.,1.));
#7674=DIRECTION('ref_axis',(-0.707106781186548,0.707106781186547,0.));
#7675=DIRECTION('center_axis',(0.,-0.707106781186548,0.707106781186547));
#7676=DIRECTION('ref_axis',(-2.51214793389404E-16,-0.707106781186547,-0.707106781186548));
#7677=DIRECTION('',(1.77635683940025E-16,0.,1.));
#7678=DIRECTION('center_axis',(0.,-1.,0.));
#7679=DIRECTION('ref_axis',(-0.707106781186549,0.,0.707106781186546));
#7680=DIRECTION('',(0.,1.,0.));
#7681=DIRECTION('center_axis',(-0.707106781186549,-0.707106781186547,0.));
#7682=DIRECTION('ref_axis',(-0.707106781186546,0.707106781186548,0.));
#7683=DIRECTION('',(0.,-1.,0.));
#7684=DIRECTION('center_axis',(-1.,0.,0.));
#7685=DIRECTION('ref_axis',(0.,0.707106781186549,0.707106781186546));
#7686=DIRECTION('',(1.,0.,0.));
#7687=DIRECTION('center_axis',(1.,0.,-1.77635683940025E-16));
#7688=DIRECTION('ref_axis',(0.,0.707106781186549,0.707106781186546));
#7689=DIRECTION('',(-1.,0.,0.));
#7690=DIRECTION('center_axis',(0.,-1.,0.));
#7691=DIRECTION('ref_axis',(-0.707106781186547,0.,0.707106781186548));
#7692=DIRECTION('',(0.,1.,0.));
#7693=DIRECTION('',(0.,-1.,0.));
#7694=DIRECTION('center_axis',(-3.94430452610506E-32,0.,1.));
#7695=DIRECTION('ref_axis',(1.,0.,3.94430452610506E-32));
#7696=DIRECTION('',(0.,1.,0.));
#7697=DIRECTION('',(1.,1.94137359497295E-16,3.94430452610506E-32));
#7698=DIRECTION('',(1.11125272818949E-62,1.,0.));
#7699=DIRECTION('center_axis',(-1.,0.,1.77635683940025E-16));
#7700=DIRECTION('ref_axis',(1.77635683940025E-16,0.,1.));
#7701=DIRECTION('',(0.,0.,1.));
#7702=DIRECTION('',(0.,1.,0.));
#7703=DIRECTION('',(1.77635683940025E-16,0.,1.));
#7704=DIRECTION('center_axis',(0.,1.,0.));
#7705=DIRECTION('ref_axis',(-1.,0.,0.));
#7706=DIRECTION('',(1.77635683940025E-16,0.,1.));
#7707=DIRECTION('',(1.,0.,0.));
#7708=DIRECTION('center_axis',(0.,0.,1.));
#7709=DIRECTION('ref_axis',(1.,0.,0.));
#7710=DIRECTION('',(0.,-1.,0.));
#7711=DIRECTION('center_axis',(1.,0.,-1.77635683940025E-16));
#7712=DIRECTION('ref_axis',(-1.77635683940025E-16,0.,-1.));
#7713=DIRECTION('',(0.,-1.,0.));
#7714=DIRECTION('',(0.,1.,0.));
#7715=DIRECTION('center_axis',(1.,0.,-1.77635683940025E-16));
#7716=DIRECTION('ref_axis',(0.,0.,-1.));
#7717=DIRECTION('center_axis',(-1.,1.11125272818949E-62,0.));
#7718=DIRECTION('ref_axis',(1.11125272818949E-62,1.,4.3831191654444E-94));
#7719=DIRECTION('',(0.,0.,-1.));
#7720=DIRECTION('',(-1.11125272818949E-62,-1.,-4.3831191654444E-94));
#7721=DIRECTION('center_axis',(-3.94430452610506E-32,0.,1.));
#7722=DIRECTION('ref_axis',(1.,0.,3.94430452610506E-32));
#7723=DIRECTION('',(1.,1.94137359497295E-16,3.94430452610506E-32));
#7724=DIRECTION('center_axis',(1.,-1.11125272818949E-62,0.));
#7725=DIRECTION('ref_axis',(1.11125272818949E-62,1.,0.));
#7726=DIRECTION('',(0.,0.,1.));
#7727=DIRECTION('center_axis',(-3.94430452610506E-32,0.,1.));
#7728=DIRECTION('ref_axis',(1.,0.,3.94430452610506E-32));
#7729=DIRECTION('center_axis',(-1.,0.,0.));
#7730=DIRECTION('ref_axis',(0.,0.,-1.));
#7731=DIRECTION('',(-1.,0.,0.));
#7732=DIRECTION('center_axis',(0.,0.,-1.));
#7733=DIRECTION('ref_axis',(-1.,0.,0.));
#7734=DIRECTION('',(-1.,0.,0.));
#7735=DIRECTION('center_axis',(0.,1.,0.));
#7736=DIRECTION('ref_axis',(0.,0.,1.));
#7737=DIRECTION('axis',(0.,0.,1.));
#7738=DIRECTION('refdir',(1.,0.,0.));
#7739=DIRECTION('center_axis',(0.,0.,-1.));
#7740=DIRECTION('ref_axis',(1.,0.,0.));
#7741=DIRECTION('center_axis',(0.,0.,-1.));
#7742=DIRECTION('ref_axis',(1.,0.,0.));
#7743=DIRECTION('',(0.,0.,-1.));
#7744=DIRECTION('center_axis',(0.,0.,1.));
#7745=DIRECTION('ref_axis',(1.,0.,0.));
#7746=DIRECTION('center_axis',(0.,0.,-1.));
#7747=DIRECTION('ref_axis',(1.,0.,0.));
#7748=DIRECTION('center_axis',(0.,0.,-1.));
#7749=DIRECTION('ref_axis',(1.,0.,0.));
#7750=DIRECTION('',(0.,0.,-1.));
#7751=DIRECTION('center_axis',(0.,0.,1.));
#7752=DIRECTION('ref_axis',(1.,0.,0.));
#7753=DIRECTION('center_axis',(0.,0.,-1.));
#7754=DIRECTION('ref_axis',(1.,0.,0.));
#7755=DIRECTION('center_axis',(0.,0.,-1.));
#7756=DIRECTION('ref_axis',(1.,0.,0.));
#7757=DIRECTION('',(0.,0.,-1.));
#7758=DIRECTION('center_axis',(0.,0.,1.));
#7759=DIRECTION('ref_axis',(1.,0.,0.));
#7760=DIRECTION('center_axis',(0.,0.,-1.));
#7761=DIRECTION('ref_axis',(1.,0.,0.));
#7762=DIRECTION('center_axis',(0.,0.,-1.));
#7763=DIRECTION('ref_axis',(1.,0.,0.));
#7764=DIRECTION('',(0.,0.,-1.));
#7765=DIRECTION('center_axis',(0.,0.,1.));
#7766=DIRECTION('ref_axis',(1.,0.,0.));
#7767=DIRECTION('center_axis',(0.,0.,-1.));
#7768=DIRECTION('ref_axis',(1.,0.,0.));
#7769=DIRECTION('center_axis',(0.,0.,-1.));
#7770=DIRECTION('ref_axis',(1.,0.,0.));
#7771=DIRECTION('',(0.,0.,-1.));
#7772=DIRECTION('center_axis',(0.,0.,1.));
#7773=DIRECTION('ref_axis',(1.,0.,0.));
#7774=DIRECTION('center_axis',(0.,0.,-1.));
#7775=DIRECTION('ref_axis',(1.,0.,0.));
#7776=DIRECTION('center_axis',(0.,0.,-1.));
#7777=DIRECTION('ref_axis',(1.,0.,0.));
#7778=DIRECTION('',(0.,0.,-1.));
#7779=DIRECTION('center_axis',(0.,0.,1.));
#7780=DIRECTION('ref_axis',(1.,0.,0.));
#7781=DIRECTION('center_axis',(0.,-1.,0.));
#7782=DIRECTION('ref_axis',(-1.,0.,0.));
#7783=DIRECTION('center_axis',(0.,1.,0.));
#7784=DIRECTION('ref_axis',(-1.,0.,0.));
#7785=DIRECTION('',(0.,1.,0.));
#7786=DIRECTION('center_axis',(0.,-1.,0.));
#7787=DIRECTION('ref_axis',(-1.,0.,0.));
#7788=DIRECTION('center_axis',(1.,0.,0.));
#7789=DIRECTION('ref_axis',(0.,0.,1.));
#7790=DIRECTION('',(0.,0.,-1.));
#7791=DIRECTION('',(0.,-1.,0.));
#7792=DIRECTION('',(0.,0.,1.));
#7793=DIRECTION('',(0.,-1.,0.));
#7794=DIRECTION('center_axis',(0.,1.,0.));
#7795=DIRECTION('ref_axis',(0.,0.,1.));
#7796=DIRECTION('',(1.,0.,0.));
#7797=DIRECTION('',(-1.,0.,0.));
#7798=DIRECTION('',(0.,0.,1.));
#7799=DIRECTION('center_axis',(0.,-1.,0.));
#7800=DIRECTION('ref_axis',(-1.,0.,0.));
#7801=DIRECTION('center_axis',(0.,1.,0.));
#7802=DIRECTION('ref_axis',(-1.,0.,0.));
#7803=DIRECTION('',(0.,1.,0.));
#7804=DIRECTION('center_axis',(0.,-1.,0.));
#7805=DIRECTION('ref_axis',(-1.,0.,0.));
#7806=DIRECTION('center_axis',(-1.,0.,0.));
#7807=DIRECTION('ref_axis',(0.,0.,-1.));
#7808=DIRECTION('',(0.,0.,1.));
#7809=DIRECTION('',(0.,-1.,0.));
#7810=DIRECTION('',(0.,0.,-1.));
#7811=DIRECTION('',(0.,-1.,0.));
#7812=DIRECTION('center_axis',(0.,1.,0.));
#7813=DIRECTION('ref_axis',(0.,0.,1.));
#7814=DIRECTION('',(1.,0.,0.));
#7815=DIRECTION('',(0.,0.,-1.));
#7816=DIRECTION('',(-1.,0.,0.));
#7817=DIRECTION('center_axis',(-1.,0.,0.));
#7818=DIRECTION('ref_axis',(0.,0.,1.));
#7819=DIRECTION('',(0.,1.,0.));
#7820=DIRECTION('',(0.,0.,1.));
#7821=DIRECTION('',(0.,1.,0.));
#7822=DIRECTION('center_axis',(0.,1.,0.));
#7823=DIRECTION('ref_axis',(-1.,0.,0.));
#7824=DIRECTION('center_axis',(0.,-1.,0.));
#7825=DIRECTION('ref_axis',(-1.,0.,0.));
#7826=DIRECTION('',(0.,-1.,0.));
#7827=DIRECTION('center_axis',(0.,1.,0.));
#7828=DIRECTION('ref_axis',(-1.,0.,0.));
#7829=DIRECTION('center_axis',(1.,0.,0.));
#7830=DIRECTION('ref_axis',(0.,0.,-1.));
#7831=DIRECTION('',(0.,0.,1.));
#7832=DIRECTION('',(0.,1.,0.));
#7833=DIRECTION('',(0.,0.,-1.));
#7834=DIRECTION('',(0.,1.,0.));
#7835=DIRECTION('center_axis',(0.,-1.,0.));
#7836=DIRECTION('ref_axis',(0.,0.,-1.));
#7837=DIRECTION('',(-1.,0.,0.));
#7838=DIRECTION('',(0.,0.,-1.));
#7839=DIRECTION('',(1.,0.,0.));
#7840=DIRECTION('center_axis',(0.,1.,0.));
#7841=DIRECTION('ref_axis',(-1.,0.,0.));
#7842=DIRECTION('center_axis',(0.,-1.,0.));
#7843=DIRECTION('ref_axis',(-1.,0.,0.));
#7844=DIRECTION('',(0.,-1.,0.));
#7845=DIRECTION('center_axis',(0.,1.,0.));
#7846=DIRECTION('ref_axis',(-1.,0.,0.));
#7847=DIRECTION('center_axis',(-1.,0.,0.));
#7848=DIRECTION('ref_axis',(0.,0.,1.));
#7849=DIRECTION('',(0.,0.,-1.));
#7850=DIRECTION('',(0.,1.,0.));
#7851=DIRECTION('',(0.,0.,1.));
#7852=DIRECTION('',(0.,1.,0.));
#7853=DIRECTION('center_axis',(0.,-1.,0.));
#7854=DIRECTION('ref_axis',(0.,0.,-1.));
#7855=DIRECTION('',(-1.,0.,0.));
#7856=DIRECTION('',(1.,0.,0.));
#7857=DIRECTION('center_axis',(1.,0.,0.));
#7858=DIRECTION('ref_axis',(0.,0.,-1.));
#7859=DIRECTION('',(0.,1.,0.));
#7860=DIRECTION('',(0.,1.,0.));
#7861=DIRECTION('center_axis',(0.,0.,-1.));
#7862=DIRECTION('ref_axis',(1.,0.,0.));
#7863=DIRECTION('center_axis',(0.,0.,-1.));
#7864=DIRECTION('ref_axis',(1.,0.,0.));
#7865=DIRECTION('',(0.,0.,-1.));
#7866=DIRECTION('center_axis',(0.,0.,1.));
#7867=DIRECTION('ref_axis',(1.,0.,0.));
#7868=DIRECTION('center_axis',(0.,0.,-1.));
#7869=DIRECTION('ref_axis',(1.,0.,0.));
#7870=DIRECTION('center_axis',(0.,0.,-1.));
#7871=DIRECTION('ref_axis',(1.,0.,0.));
#7872=DIRECTION('',(0.,0.,-1.));
#7873=DIRECTION('center_axis',(0.,0.,1.));
#7874=DIRECTION('ref_axis',(1.,0.,0.));
#7875=DIRECTION('center_axis',(0.,0.,-1.));
#7876=DIRECTION('ref_axis',(1.,0.,0.));
#7877=DIRECTION('center_axis',(0.,0.,-1.));
#7878=DIRECTION('ref_axis',(1.,0.,0.));
#7879=DIRECTION('',(0.,0.,-1.));
#7880=DIRECTION('center_axis',(0.,0.,1.));
#7881=DIRECTION('ref_axis',(1.,0.,0.));
#7882=DIRECTION('center_axis',(0.,0.,-1.));
#7883=DIRECTION('ref_axis',(1.,0.,0.));
#7884=DIRECTION('center_axis',(0.,0.,-1.));
#7885=DIRECTION('ref_axis',(1.,0.,0.));
#7886=DIRECTION('',(0.,0.,-1.));
#7887=DIRECTION('center_axis',(0.,0.,1.));
#7888=DIRECTION('ref_axis',(1.,0.,0.));
#7889=DIRECTION('center_axis',(0.,0.,-1.));
#7890=DIRECTION('ref_axis',(1.,0.,0.));
#7891=DIRECTION('center_axis',(0.,0.,-1.));
#7892=DIRECTION('ref_axis',(1.,0.,0.));
#7893=DIRECTION('',(0.,0.,-1.));
#7894=DIRECTION('center_axis',(0.,0.,1.));
#7895=DIRECTION('ref_axis',(1.,0.,0.));
#7896=DIRECTION('center_axis',(0.,0.,-1.));
#7897=DIRECTION('ref_axis',(1.,0.,0.));
#7898=DIRECTION('center_axis',(0.,0.,-1.));
#7899=DIRECTION('ref_axis',(1.,0.,0.));
#7900=DIRECTION('',(0.,0.,-1.));
#7901=DIRECTION('center_axis',(0.,0.,1.));
#7902=DIRECTION('ref_axis',(1.,0.,0.));
#7903=DIRECTION('center_axis',(0.,0.,-1.));
#7904=DIRECTION('ref_axis',(1.,0.,0.));
#7905=DIRECTION('center_axis',(0.,0.,-1.));
#7906=DIRECTION('ref_axis',(1.,0.,0.));
#7907=DIRECTION('',(0.,0.,-1.));
#7908=DIRECTION('center_axis',(0.,0.,1.));
#7909=DIRECTION('ref_axis',(1.,0.,0.));
#7910=DIRECTION('center_axis',(0.,0.,-1.));
#7911=DIRECTION('ref_axis',(1.,0.,0.));
#7912=DIRECTION('center_axis',(0.,0.,-1.));
#7913=DIRECTION('ref_axis',(1.,0.,0.));
#7914=DIRECTION('',(0.,0.,-1.));
#7915=DIRECTION('center_axis',(0.,0.,1.));
#7916=DIRECTION('ref_axis',(1.,0.,0.));
#7917=DIRECTION('center_axis',(0.,0.,-1.));
#7918=DIRECTION('ref_axis',(1.,0.,0.));
#7919=DIRECTION('center_axis',(0.,0.,-1.));
#7920=DIRECTION('ref_axis',(1.,0.,0.));
#7921=DIRECTION('',(0.,0.,-1.));
#7922=DIRECTION('center_axis',(0.,0.,1.));
#7923=DIRECTION('ref_axis',(1.,0.,0.));
#7924=DIRECTION('center_axis',(0.,0.,-1.));
#7925=DIRECTION('ref_axis',(1.,0.,0.));
#7926=DIRECTION('center_axis',(0.,0.,-1.));
#7927=DIRECTION('ref_axis',(1.,0.,0.));
#7928=DIRECTION('',(0.,0.,-1.));
#7929=DIRECTION('center_axis',(0.,0.,1.));
#7930=DIRECTION('ref_axis',(1.,0.,0.));
#7931=DIRECTION('center_axis',(0.,0.,-1.));
#7932=DIRECTION('ref_axis',(1.,0.,0.));
#7933=DIRECTION('center_axis',(0.,0.,-1.));
#7934=DIRECTION('ref_axis',(1.,0.,0.));
#7935=DIRECTION('',(0.,0.,-1.));
#7936=DIRECTION('center_axis',(0.,0.,1.));
#7937=DIRECTION('ref_axis',(1.,0.,0.));
#7938=DIRECTION('center_axis',(0.,0.,-1.));
#7939=DIRECTION('ref_axis',(1.,0.,0.));
#7940=DIRECTION('center_axis',(0.,0.,-1.));
#7941=DIRECTION('ref_axis',(1.,0.,0.));
#7942=DIRECTION('',(0.,0.,-1.));
#7943=DIRECTION('center_axis',(0.,0.,1.));
#7944=DIRECTION('ref_axis',(1.,0.,0.));
#7945=DIRECTION('center_axis',(1.,0.,0.));
#7946=DIRECTION('ref_axis',(0.,0.,-1.));
#7947=DIRECTION('',(0.,0.,-1.));
#7948=DIRECTION('',(0.,1.,0.));
#7949=DIRECTION('',(0.,0.,-1.));
#7950=DIRECTION('',(0.,1.,0.));
#7951=DIRECTION('center_axis',(0.,0.,-1.));
#7952=DIRECTION('ref_axis',(-1.,0.,0.));
#7953=DIRECTION('',(-1.,0.,0.));
#7954=DIRECTION('',(-1.,0.,0.));
#7955=DIRECTION('',(0.,1.,0.));
#7956=DIRECTION('center_axis',(-1.,0.,0.));
#7957=DIRECTION('ref_axis',(0.,0.,1.));
#7958=DIRECTION('',(0.,0.,1.));
#7959=DIRECTION('',(0.,0.,1.));
#7960=DIRECTION('',(0.,1.,0.));
#7961=DIRECTION('center_axis',(0.,0.,1.));
#7962=DIRECTION('ref_axis',(1.,0.,0.));
#7963=DIRECTION('',(1.,0.,0.));
#7964=DIRECTION('',(1.,0.,0.));
#7965=DIRECTION('center_axis',(0.,0.,1.));
#7966=DIRECTION('ref_axis',(1.,0.,0.));
#7967=DIRECTION('',(-1.,0.,0.));
#7968=DIRECTION('',(1.,0.,0.));
#7969=DIRECTION('center_axis',(0.,0.,-1.));
#7970=DIRECTION('ref_axis',(-1.,0.,0.));
#7971=DIRECTION('',(-1.,0.,0.));
#7972=DIRECTION('',(-1.,0.,0.));
#7973=DIRECTION('center_axis',(0.,1.,0.));
#7974=DIRECTION('ref_axis',(0.,0.,1.));
#7975=DIRECTION('center_axis',(0.,1.,0.));
#7976=DIRECTION('ref_axis',(0.,0.,1.));
#7977=DIRECTION('axis',(0.,0.,1.));
#7978=DIRECTION('refdir',(1.,0.,0.));
#7979=DIRECTION('center_axis',(0.,0.,1.));
#7980=DIRECTION('ref_axis',(-2.77555756156289E-16,-1.,0.));
#7981=DIRECTION('center_axis',(-0.919145030018058,-0.393919298579168,0.));
#7982=DIRECTION('ref_axis',(-0.393919298579168,0.919145030018058,0.));
#7983=DIRECTION('center_axis',(0.393919298579168,0.919145030018058,0.));
#7984=DIRECTION('ref_axis',(-0.919145030018058,0.393919298579168,0.));
#7985=DIRECTION('center_axis',(-1.77635683940025E-16,0.,1.));
#7986=DIRECTION('ref_axis',(0.707106781186548,-0.707106781186548,0.));
#7987=DIRECTION('center_axis',(0.,0.,-1.));
#7988=DIRECTION('ref_axis',(0.707106781186548,-0.707106781186548,0.));
#7989=DIRECTION('',(1.77635683940025E-16,0.,-1.));
#7990=DIRECTION('',(-1.77635683940025E-16,0.,1.));
#7991=DIRECTION('center_axis',(0.,1.,0.));
#7992=DIRECTION('ref_axis',(-0.707106781186547,0.,-0.707106781186548));
#7993=DIRECTION('',(0.,-1.,0.));
#7994=DIRECTION('center_axis',(1.11125272818949E-62,1.,0.));
#7995=DIRECTION('ref_axis',(-0.707106781186547,0.,-0.707106781186548));
#7996=DIRECTION('',(0.,1.,0.));
#7997=DIRECTION('center_axis',(-1.,0.,-1.77635683940025E-16));
#7998=DIRECTION('ref_axis',(-1.77635683940025E-16,0.,1.));
#7999=DIRECTION('',(0.,-1.,0.));
#8000=DIRECTION('center_axis',(-1.,0.,-1.77635683940025E-16));
#8001=DIRECTION('ref_axis',(0.,0.707106781186549,-0.707106781186546));
#8002=DIRECTION('',(1.77635683940025E-16,0.,-1.));
#8003=DIRECTION('',(0.,1.,0.));
#8004=DIRECTION('',(1.77635683940025E-16,0.,-1.));
#8005=DIRECTION('',(0.,-1.,0.));
#8006=DIRECTION('',(0.,0.,-1.));
#8007=DIRECTION('center_axis',(-1.,0.,-1.77635683940025E-16));
#8008=DIRECTION('ref_axis',(0.,0.,1.));
#8009=DIRECTION('center_axis',(1.11125272818949E-62,1.,0.));
#8010=DIRECTION('ref_axis',(0.707106781186545,0.,0.70710678118655));
#8011=DIRECTION('center_axis',(0.,-1.,0.));
#8012=DIRECTION('ref_axis',(0.707106781186545,0.,0.70710678118655));
#8013=DIRECTION('',(-1.11125272818949E-62,-1.,0.));
#8014=DIRECTION('center_axis',(1.11125272818949E-62,1.,0.));
#8015=DIRECTION('ref_axis',(0.707106781186545,0.,0.70710678118655));
#8016=DIRECTION('',(1.11125272818949E-62,1.,0.));
#8017=DIRECTION('center_axis',(-1.11125272818949E-62,-1.,0.));
#8018=DIRECTION('ref_axis',(-1.,1.11125272818949E-62,3.94430452610506E-32));
#8019=DIRECTION('',(0.,0.,1.));
#8020=DIRECTION('',(-1.,1.11125272818949E-62,3.94430452610506E-32));
#8021=DIRECTION('',(1.,-1.11125272818949E-62,-3.94430452610506E-32));
#8022=DIRECTION('',(-1.,1.11125272818949E-62,3.94430452610506E-32));
#8023=DIRECTION('',(0.,0.,1.));
#8024=DIRECTION('center_axis',(1.11125272818949E-62,1.,0.));
#8025=DIRECTION('ref_axis',(-0.707106781186545,0.,0.70710678118655));
#8026=DIRECTION('',(1.,-1.11125272818949E-62,-3.94430452610506E-32));
#8027=DIRECTION('center_axis',(0.,0.,-1.));
#8028=DIRECTION('ref_axis',(-1.,0.,0.));
#8029=DIRECTION('',(-1.11125272818949E-62,-1.,0.));
#8030=DIRECTION('',(-1.,1.83697019872103E-16,3.94430452610506E-32));
#8031=DIRECTION('center_axis',(-1.11125272818949E-62,-1.,0.));
#8032=DIRECTION('ref_axis',(-0.707106781186545,0.,0.70710678118655));
#8033=DIRECTION('',(1.11125272818949E-62,1.,0.));
#8034=DIRECTION('center_axis',(0.,-1.,0.));
#8035=DIRECTION('ref_axis',(-0.707106781186545,0.,0.70710678118655));
#8036=DIRECTION('center_axis',(0.,-1.,0.));
#8037=DIRECTION('ref_axis',(0.707106781186548,0.,0.707106781186547));
#8038=DIRECTION('center_axis',(0.,1.,0.));
#8039=DIRECTION('ref_axis',(0.707106781186548,0.,0.707106781186547));
#8040=DIRECTION('',(0.,1.,0.));
#8041=DIRECTION('center_axis',(0.,-1.,0.));
#8042=DIRECTION('ref_axis',(0.707106781186548,0.,0.707106781186547));
#8043=DIRECTION('',(0.,-1.,0.));
#8044=DIRECTION('center_axis',(-1.,0.,0.));
#8045=DIRECTION('ref_axis',(0.,0.,1.));
#8046=DIRECTION('',(-1.77635683940025E-16,0.,1.));
#8047=DIRECTION('',(0.,-1.,0.));
#8048=DIRECTION('',(0.,-1.,0.));
#8049=DIRECTION('',(1.77635683940025E-16,0.,-1.));
#8050=DIRECTION('center_axis',(1.,0.,0.));
#8051=DIRECTION('ref_axis',(0.,0.,1.));
#8052=DIRECTION('center_axis',(0.,-1.,0.));
#8053=DIRECTION('ref_axis',(1.77635683940025E-16,0.,-1.));
#8054=DIRECTION('',(1.,0.,0.));
#8055=DIRECTION('',(1.,0.,0.));
#8056=DIRECTION('center_axis',(-1.,0.,3.94430452610506E-32));
#8057=DIRECTION('ref_axis',(0.,0.707106781186548,-0.707106781186547));
#8058=DIRECTION('',(1.,0.,-3.94430452610506E-32));
#8059=DIRECTION('center_axis',(-0.707106781186548,5.23364152894592E-16,
0.707106781186547));
#8060=DIRECTION('ref_axis',(-0.707106781186547,-5.23364152894592E-16,-0.707106781186548));
#8061=DIRECTION('',(-1.,0.,3.94430452610506E-32));
#8062=DIRECTION('center_axis',(-1.77635683940025E-16,0.,1.));
#8063=DIRECTION('ref_axis',(-0.707106781186548,0.707106781186547,0.));
#8064=DIRECTION('',(-1.77635683940025E-16,0.,1.));
#8065=DIRECTION('',(1.77635683940025E-16,0.,-1.));
#8066=DIRECTION('center_axis',(0.,0.707106781186548,0.707106781186547));
#8067=DIRECTION('ref_axis',(-2.51214793389404E-16,-0.707106781186547,0.707106781186548));
#8068=DIRECTION('center_axis',(0.,1.,0.));
#8069=DIRECTION('ref_axis',(-0.707106781186549,0.,-0.707106781186546));
#8070=DIRECTION('',(0.,1.,0.));
#8071=DIRECTION('',(0.,-1.,0.));
#8072=DIRECTION('center_axis',(0.707106781186549,0.707106781186547,0.));
#8073=DIRECTION('ref_axis',(-0.707106781186546,0.707106781186548,0.));
#8074=DIRECTION('center_axis',(1.,0.,0.));
#8075=DIRECTION('ref_axis',(0.,0.707106781186549,-0.707106781186546));
#8076=DIRECTION('',(1.,0.,0.));
#8077=DIRECTION('',(-1.,0.,0.));
#8078=DIRECTION('center_axis',(3.94430452610506E-32,0.,1.));
#8079=DIRECTION('ref_axis',(1.,0.,-3.94430452610506E-32));
#8080=DIRECTION('',(1.11125272818949E-62,1.,0.));
#8081=DIRECTION('',(1.,1.94137359497295E-16,-3.94430452610506E-32));
#8082=DIRECTION('',(0.,1.,0.));
#8083=DIRECTION('center_axis',(1.,0.,1.77635683940025E-16));
#8084=DIRECTION('ref_axis',(1.77635683940025E-16,0.,-1.));
#8085=DIRECTION('',(1.77635683940025E-16,0.,-1.));
#8086=DIRECTION('',(0.,1.,0.));
#8087=DIRECTION('',(0.,0.,-1.));
#8088=DIRECTION('center_axis',(0.,-1.,0.));
#8089=DIRECTION('ref_axis',(-1.,0.,0.));
#8090=DIRECTION('',(1.,0.,0.));
#8091=DIRECTION('center_axis',(0.,0.,1.));
#8092=DIRECTION('ref_axis',(1.,0.,0.));
#8093=DIRECTION('',(-1.,0.,0.));
#8094=DIRECTION('center_axis',(0.,-1.,0.));
#8095=DIRECTION('ref_axis',(0.,0.,-1.));
#8096=DIRECTION('center_axis',(1.,-1.11125272818949E-62,0.));
#8097=DIRECTION('ref_axis',(1.11125272818949E-62,1.,-4.3831191654444E-94));
#8098=DIRECTION('',(-1.11125272818949E-62,-1.,4.3831191654444E-94));
#8099=DIRECTION('',(0.,0.,1.));
#8100=DIRECTION('center_axis',(3.94430452610506E-32,0.,1.));
#8101=DIRECTION('ref_axis',(1.,0.,-3.94430452610506E-32));
#8102=DIRECTION('',(1.,1.94137359497295E-16,-3.94430452610506E-32));
#8103=DIRECTION('center_axis',(-1.,1.11125272818949E-62,0.));
#8104=DIRECTION('ref_axis',(1.11125272818949E-62,1.,0.));
#8105=DIRECTION('',(0.,0.,-1.));
#8106=DIRECTION('center_axis',(3.94430452610506E-32,0.,1.));
#8107=DIRECTION('ref_axis',(1.,0.,-3.94430452610506E-32));
#8108=DIRECTION('center_axis',(1.,0.,0.));
#8109=DIRECTION('ref_axis',(0.,0.,1.));
#8110=DIRECTION('',(-1.,0.,0.));
#8111=DIRECTION('center_axis',(0.,0.,-1.));
#8112=DIRECTION('ref_axis',(-1.,0.,0.));
#8113=DIRECTION('',(-1.,0.,0.));
#8114=DIRECTION('center_axis',(0.,-1.,0.));
#8115=DIRECTION('ref_axis',(0.,0.,-1.));
#8116=DIRECTION('axis',(0.,0.,1.));
#8117=DIRECTION('refdir',(1.,0.,0.));
#8118=DIRECTION('center_axis',(0.,0.,1.));
#8119=DIRECTION('ref_axis',(-1.,0.,0.));
#8120=DIRECTION('center_axis',(0.,0.,1.));
#8121=DIRECTION('ref_axis',(-1.,0.,0.));
#8122=DIRECTION('',(0.,0.,1.));
#8123=DIRECTION('center_axis',(0.,0.,-1.));
#8124=DIRECTION('ref_axis',(-1.,0.,0.));
#8125=DIRECTION('center_axis',(0.,0.,1.));
#8126=DIRECTION('ref_axis',(-1.,0.,0.));
#8127=DIRECTION('center_axis',(0.,0.,1.));
#8128=DIRECTION('ref_axis',(-1.,0.,0.));
#8129=DIRECTION('',(0.,0.,1.));
#8130=DIRECTION('center_axis',(0.,0.,-1.));
#8131=DIRECTION('ref_axis',(-1.,0.,0.));
#8132=DIRECTION('center_axis',(0.,0.,1.));
#8133=DIRECTION('ref_axis',(-1.,0.,0.));
#8134=DIRECTION('center_axis',(0.,0.,1.));
#8135=DIRECTION('ref_axis',(-1.,0.,0.));
#8136=DIRECTION('',(0.,0.,1.));
#8137=DIRECTION('center_axis',(0.,0.,-1.));
#8138=DIRECTION('ref_axis',(-1.,0.,0.));
#8139=DIRECTION('center_axis',(0.,0.,1.));
#8140=DIRECTION('ref_axis',(-1.,0.,0.));
#8141=DIRECTION('center_axis',(0.,0.,1.));
#8142=DIRECTION('ref_axis',(-1.,0.,0.));
#8143=DIRECTION('',(0.,0.,1.));
#8144=DIRECTION('center_axis',(0.,0.,-1.));
#8145=DIRECTION('ref_axis',(-1.,0.,0.));
#8146=DIRECTION('center_axis',(0.,0.,1.));
#8147=DIRECTION('ref_axis',(-1.,0.,0.));
#8148=DIRECTION('center_axis',(0.,0.,1.));
#8149=DIRECTION('ref_axis',(-1.,0.,0.));
#8150=DIRECTION('',(0.,0.,1.));
#8151=DIRECTION('center_axis',(0.,0.,-1.));
#8152=DIRECTION('ref_axis',(-1.,0.,0.));
#8153=DIRECTION('center_axis',(0.,0.,1.));
#8154=DIRECTION('ref_axis',(-1.,0.,0.));
#8155=DIRECTION('center_axis',(0.,0.,1.));
#8156=DIRECTION('ref_axis',(-1.,0.,0.));
#8157=DIRECTION('',(0.,0.,1.));
#8158=DIRECTION('center_axis',(0.,0.,-1.));
#8159=DIRECTION('ref_axis',(-1.,0.,0.));
#8160=DIRECTION('center_axis',(0.,0.,1.));
#8161=DIRECTION('ref_axis',(-1.,0.,0.));
#8162=DIRECTION('center_axis',(0.,0.,1.));
#8163=DIRECTION('ref_axis',(-1.,0.,0.));
#8164=DIRECTION('',(0.,0.,1.));
#8165=DIRECTION('center_axis',(0.,0.,-1.));
#8166=DIRECTION('ref_axis',(-1.,0.,0.));
#8167=DIRECTION('center_axis',(0.,0.,1.));
#8168=DIRECTION('ref_axis',(-1.,0.,0.));
#8169=DIRECTION('center_axis',(0.,0.,1.));
#8170=DIRECTION('ref_axis',(-1.,0.,0.));
#8171=DIRECTION('',(0.,0.,1.));
#8172=DIRECTION('center_axis',(0.,0.,-1.));
#8173=DIRECTION('ref_axis',(-1.,0.,0.));
#8174=DIRECTION('center_axis',(0.,-1.,0.));
#8175=DIRECTION('ref_axis',(1.,0.,0.));
#8176=DIRECTION('center_axis',(0.,-1.,0.));
#8177=DIRECTION('ref_axis',(1.,0.,0.));
#8178=DIRECTION('',(0.,-1.,0.));
#8179=DIRECTION('center_axis',(0.,1.,0.));
#8180=DIRECTION('ref_axis',(1.,0.,0.));
#8181=DIRECTION('center_axis',(0.,-1.,0.));
#8182=DIRECTION('ref_axis',(1.,0.,0.));
#8183=DIRECTION('center_axis',(0.,-1.,0.));
#8184=DIRECTION('ref_axis',(1.,0.,0.));
#8185=DIRECTION('',(0.,-1.,0.));
#8186=DIRECTION('center_axis',(0.,1.,0.));
#8187=DIRECTION('ref_axis',(1.,0.,0.));
#8188=DIRECTION('center_axis',(0.,-1.,0.));
#8189=DIRECTION('ref_axis',(1.,0.,0.));
#8190=DIRECTION('center_axis',(0.,-1.,0.));
#8191=DIRECTION('ref_axis',(1.,0.,0.));
#8192=DIRECTION('',(0.,-1.,0.));
#8193=DIRECTION('center_axis',(0.,1.,0.));
#8194=DIRECTION('ref_axis',(1.,0.,0.));
#8195=DIRECTION('center_axis',(0.,-1.,0.));
#8196=DIRECTION('ref_axis',(1.,0.,0.));
#8197=DIRECTION('center_axis',(0.,-1.,0.));
#8198=DIRECTION('ref_axis',(1.,0.,0.));
#8199=DIRECTION('',(0.,-1.,0.));
#8200=DIRECTION('center_axis',(0.,1.,0.));
#8201=DIRECTION('ref_axis',(1.,0.,0.));
#8202=DIRECTION('center_axis',(0.,-1.,0.));
#8203=DIRECTION('ref_axis',(1.,0.,0.));
#8204=DIRECTION('center_axis',(0.,-1.,0.));
#8205=DIRECTION('ref_axis',(1.,0.,0.));
#8206=DIRECTION('',(0.,-1.,0.));
#8207=DIRECTION('center_axis',(0.,1.,0.));
#8208=DIRECTION('ref_axis',(1.,0.,0.));
#8209=DIRECTION('center_axis',(0.,-1.,0.));
#8210=DIRECTION('ref_axis',(1.,0.,0.));
#8211=DIRECTION('center_axis',(0.,-1.,0.));
#8212=DIRECTION('ref_axis',(1.,0.,0.));
#8213=DIRECTION('',(0.,-1.,0.));
#8214=DIRECTION('center_axis',(0.,1.,0.));
#8215=DIRECTION('ref_axis',(1.,0.,0.));
#8216=DIRECTION('center_axis',(0.,-1.,0.));
#8217=DIRECTION('ref_axis',(1.,0.,0.));
#8218=DIRECTION('center_axis',(0.,-1.,0.));
#8219=DIRECTION('ref_axis',(1.,0.,0.));
#8220=DIRECTION('',(0.,-1.,0.));
#8221=DIRECTION('center_axis',(0.,1.,0.));
#8222=DIRECTION('ref_axis',(1.,0.,0.));
#8223=DIRECTION('center_axis',(0.,-1.,0.));
#8224=DIRECTION('ref_axis',(1.,0.,0.));
#8225=DIRECTION('center_axis',(0.,-1.,0.));
#8226=DIRECTION('ref_axis',(1.,0.,0.));
#8227=DIRECTION('',(0.,-1.,0.));
#8228=DIRECTION('center_axis',(0.,1.,0.));
#8229=DIRECTION('ref_axis',(1.,0.,0.));
#8230=DIRECTION('center_axis',(0.,-1.,0.));
#8231=DIRECTION('ref_axis',(0.,0.,-1.));
#8232=DIRECTION('',(0.,0.,-1.));
#8233=DIRECTION('',(1.,0.,0.));
#8234=DIRECTION('',(0.,0.,-1.));
#8235=DIRECTION('',(1.,0.,0.));
#8236=DIRECTION('center_axis',(0.,0.,-1.));
#8237=DIRECTION('ref_axis',(0.,1.,0.));
#8238=DIRECTION('',(0.,1.,0.));
#8239=DIRECTION('',(0.,1.,0.));
#8240=DIRECTION('',(1.,0.,0.));
#8241=DIRECTION('center_axis',(0.,1.,0.));
#8242=DIRECTION('ref_axis',(0.,0.,1.));
#8243=DIRECTION('',(0.,0.,1.));
#8244=DIRECTION('',(0.,0.,1.));
#8245=DIRECTION('',(1.,0.,0.));
#8246=DIRECTION('center_axis',(0.,0.,1.));
#8247=DIRECTION('ref_axis',(0.,-1.,0.));
#8248=DIRECTION('',(0.,-1.,0.));
#8249=DIRECTION('',(0.,-1.,0.));
#8250=DIRECTION('center_axis',(0.,-1.,0.));
#8251=DIRECTION('ref_axis',(0.,0.,-1.));
#8252=DIRECTION('',(0.,0.,-1.));
#8253=DIRECTION('',(1.,0.,0.));
#8254=DIRECTION('',(0.,0.,-1.));
#8255=DIRECTION('',(1.,0.,0.));
#8256=DIRECTION('center_axis',(0.,0.,1.));
#8257=DIRECTION('ref_axis',(0.,-1.,0.));
#8258=DIRECTION('',(0.,-1.,0.));
#8259=DIRECTION('',(0.,-1.,0.));
#8260=DIRECTION('',(1.,0.,0.));
#8261=DIRECTION('center_axis',(0.,1.,0.));
#8262=DIRECTION('ref_axis',(0.,0.,1.));
#8263=DIRECTION('',(0.,0.,1.));
#8264=DIRECTION('',(0.,0.,1.));
#8265=DIRECTION('',(1.,0.,0.));
#8266=DIRECTION('center_axis',(0.,0.,-1.));
#8267=DIRECTION('ref_axis',(0.,1.,0.));
#8268=DIRECTION('',(0.,1.,0.));
#8269=DIRECTION('',(0.,1.,0.));
#8270=DIRECTION('center_axis',(1.,0.,0.));
#8271=DIRECTION('ref_axis',(0.,0.,-1.));
#8272=DIRECTION('center_axis',(1.,0.,0.));
#8273=DIRECTION('ref_axis',(0.,0.,-1.));
#8274=DIRECTION('axis',(0.,0.,1.));
#8275=DIRECTION('refdir',(1.,0.,0.));
#8276=DIRECTION('center_axis',(0.,0.,1.));
#8277=DIRECTION('ref_axis',(1.,0.,0.));
#8278=DIRECTION('center_axis',(0.,0.,-1.));
#8279=DIRECTION('ref_axis',(1.,0.,0.));
#8280=DIRECTION('',(0.,0.,-1.));
#8281=DIRECTION('center_axis',(0.,0.,1.));
#8282=DIRECTION('ref_axis',(1.,0.,0.));
#8283=DIRECTION('center_axis',(-1.,0.,0.));
#8284=DIRECTION('ref_axis',(0.,-1.,0.));
#8285=DIRECTION('',(0.,1.,0.));
#8286=DIRECTION('',(0.,0.,1.));
#8287=DIRECTION('',(0.,-1.,0.));
#8288=DIRECTION('',(0.,0.,1.));
#8289=DIRECTION('center_axis',(0.,0.,-1.));
#8290=DIRECTION('ref_axis',(-1.,0.,0.));
#8291=DIRECTION('',(-1.,0.,0.));
#8292=DIRECTION('',(1.,0.,0.));
#8293=DIRECTION('',(0.,-1.,0.));
#8294=DIRECTION('center_axis',(0.,0.,1.));
#8295=DIRECTION('ref_axis',(1.,0.,0.));
#8296=DIRECTION('center_axis',(0.,0.,-1.));
#8297=DIRECTION('ref_axis',(1.,0.,0.));
#8298=DIRECTION('',(0.,0.,-1.));
#8299=DIRECTION('center_axis',(0.,0.,1.));
#8300=DIRECTION('ref_axis',(1.,0.,0.));
#8301=DIRECTION('center_axis',(1.,0.,0.));
#8302=DIRECTION('ref_axis',(0.,1.,0.));
#8303=DIRECTION('',(0.,-1.,0.));
#8304=DIRECTION('',(0.,0.,1.));
#8305=DIRECTION('',(0.,1.,0.));
#8306=DIRECTION('',(0.,0.,1.));
#8307=DIRECTION('center_axis',(0.,0.,-1.));
#8308=DIRECTION('ref_axis',(-1.,0.,0.));
#8309=DIRECTION('',(1.,0.,0.));
#8310=DIRECTION('',(-1.,0.,0.));
#8311=DIRECTION('',(0.,1.,0.));
#8312=DIRECTION('center_axis',(1.,0.,0.));
#8313=DIRECTION('ref_axis',(0.,1.,0.));
#8314=DIRECTION('',(0.,0.,1.));
#8315=DIRECTION('',(0.,-1.,0.));
#8316=DIRECTION('',(0.,0.,1.));
#8317=DIRECTION('center_axis',(0.,0.,-1.));
#8318=DIRECTION('ref_axis',(-1.,0.,0.));
#8319=DIRECTION('center_axis',(0.,0.,1.));
#8320=DIRECTION('ref_axis',(-1.,0.,0.));
#8321=DIRECTION('',(0.,0.,1.));
#8322=DIRECTION('center_axis',(0.,0.,-1.));
#8323=DIRECTION('ref_axis',(-1.,0.,0.));
#8324=DIRECTION('center_axis',(-1.,0.,0.));
#8325=DIRECTION('ref_axis',(0.,1.,0.));
#8326=DIRECTION('',(0.,-1.,0.));
#8327=DIRECTION('',(0.,0.,-1.));
#8328=DIRECTION('',(0.,1.,0.));
#8329=DIRECTION('',(0.,0.,-1.));
#8330=DIRECTION('center_axis',(0.,0.,1.));
#8331=DIRECTION('ref_axis',(1.,0.,0.));
#8332=DIRECTION('',(-1.,0.,0.));
#8333=DIRECTION('',(1.,0.,0.));
#8334=DIRECTION('',(0.,1.,0.));
#8335=DIRECTION('center_axis',(0.,0.,-1.));
#8336=DIRECTION('ref_axis',(-1.,0.,0.));
#8337=DIRECTION('center_axis',(0.,0.,1.));
#8338=DIRECTION('ref_axis',(-1.,0.,0.));
#8339=DIRECTION('',(0.,0.,1.));
#8340=DIRECTION('center_axis',(0.,0.,-1.));
#8341=DIRECTION('ref_axis',(-1.,0.,0.));
#8342=DIRECTION('center_axis',(1.,0.,0.));
#8343=DIRECTION('ref_axis',(0.,-1.,0.));
#8344=DIRECTION('',(0.,1.,0.));
#8345=DIRECTION('',(0.,0.,-1.));
#8346=DIRECTION('',(0.,-1.,0.));
#8347=DIRECTION('',(0.,0.,-1.));
#8348=DIRECTION('center_axis',(0.,0.,1.));
#8349=DIRECTION('ref_axis',(1.,0.,0.));
#8350=DIRECTION('',(-1.,0.,0.));
#8351=DIRECTION('',(1.,0.,0.));
#8352=DIRECTION('center_axis',(-1.,0.,0.));
#8353=DIRECTION('ref_axis',(0.,-1.,0.));
#8354=DIRECTION('',(0.,0.,1.));
#8355=DIRECTION('',(0.,0.,1.));
#8356=DIRECTION('center_axis',(1.,0.,0.));
#8357=DIRECTION('ref_axis',(0.,1.,0.));
#8358=DIRECTION('',(0.,1.,0.));
#8359=DIRECTION('',(0.,0.,1.));
#8360=DIRECTION('',(0.,1.,0.));
#8361=DIRECTION('',(0.,0.,1.));
#8362=DIRECTION('center_axis',(0.,1.,0.));
#8363=DIRECTION('ref_axis',(-1.,0.,0.));
#8364=DIRECTION('',(-1.,0.,0.));
#8365=DIRECTION('',(-1.,0.,0.));
#8366=DIRECTION('',(0.,0.,1.));
#8367=DIRECTION('center_axis',(-1.,0.,0.));
#8368=DIRECTION('ref_axis',(0.,-1.,0.));
#8369=DIRECTION('',(0.,-1.,0.));
#8370=DIRECTION('',(0.,-1.,0.));
#8371=DIRECTION('',(0.,0.,1.));
#8372=DIRECTION('center_axis',(0.,-1.,0.));
#8373=DIRECTION('ref_axis',(1.,0.,0.));
#8374=DIRECTION('',(1.,0.,0.));
#8375=DIRECTION('',(1.,0.,0.));
#8376=DIRECTION('center_axis',(0.,-1.,0.));
#8377=DIRECTION('ref_axis',(1.,0.,0.));
#8378=DIRECTION('',(-1.,0.,0.));
#8379=DIRECTION('',(1.,0.,0.));
#8380=DIRECTION('center_axis',(0.,1.,0.));
#8381=DIRECTION('ref_axis',(-1.,0.,0.));
#8382=DIRECTION('',(1.,0.,0.));
#8383=DIRECTION('',(-1.,0.,0.));
#8384=DIRECTION('center_axis',(0.,0.,1.));
#8385=DIRECTION('ref_axis',(1.,0.,0.));
#8386=DIRECTION('center_axis',(0.,0.,1.));
#8387=DIRECTION('ref_axis',(1.,0.,0.));
#8388=DIRECTION('axis',(0.,0.,1.));
#8389=DIRECTION('refdir',(1.,0.,0.));
#8390=DIRECTION('center_axis',(0.,0.,1.));
#8391=DIRECTION('ref_axis',(1.,0.,0.));
#8392=DIRECTION('center_axis',(0.,0.,-1.));
#8393=DIRECTION('ref_axis',(1.,0.,0.));
#8394=DIRECTION('',(0.,0.,-1.));
#8395=DIRECTION('center_axis',(0.,0.,1.));
#8396=DIRECTION('ref_axis',(1.,0.,0.));
#8397=DIRECTION('center_axis',(1.,0.,0.));
#8398=DIRECTION('ref_axis',(0.,1.,0.));
#8399=DIRECTION('',(0.,-1.,0.));
#8400=DIRECTION('',(0.,0.,1.));
#8401=DIRECTION('',(0.,1.,0.));
#8402=DIRECTION('',(0.,0.,1.));
#8403=DIRECTION('center_axis',(0.,0.,-1.));
#8404=DIRECTION('ref_axis',(-1.,0.,0.));
#8405=DIRECTION('',(1.,2.10046127832852E-16,0.));
#8406=DIRECTION('',(-1.,-1.23787933059251E-16,0.));
#8407=DIRECTION('',(0.,1.,0.));
#8408=DIRECTION('center_axis',(0.,0.,1.));
#8409=DIRECTION('ref_axis',(1.,0.,0.));
#8410=DIRECTION('center_axis',(0.,0.,-1.));
#8411=DIRECTION('ref_axis',(1.,0.,0.));
#8412=DIRECTION('',(0.,0.,-1.));
#8413=DIRECTION('center_axis',(0.,0.,1.));
#8414=DIRECTION('ref_axis',(1.,0.,0.));
#8415=DIRECTION('center_axis',(-1.,0.,0.));
#8416=DIRECTION('ref_axis',(0.,-1.,0.));
#8417=DIRECTION('',(0.,1.,0.));
#8418=DIRECTION('',(0.,0.,1.));
#8419=DIRECTION('',(0.,-1.,0.));
#8420=DIRECTION('',(0.,0.,1.));
#8421=DIRECTION('center_axis',(0.,0.,-1.));
#8422=DIRECTION('ref_axis',(-1.,0.,0.));
#8423=DIRECTION('',(-1.,-1.23787933059251E-16,0.));
#8424=DIRECTION('',(1.,2.10046127832852E-16,0.));
#8425=DIRECTION('',(0.,-1.,0.));
#8426=DIRECTION('center_axis',(1.,0.,0.));
#8427=DIRECTION('ref_axis',(0.,1.,0.));
#8428=DIRECTION('',(0.,0.,1.));
#8429=DIRECTION('',(0.,-1.,0.));
#8430=DIRECTION('',(0.,0.,1.));
#8431=DIRECTION('center_axis',(0.,0.,-1.));
#8432=DIRECTION('ref_axis',(-1.,0.,0.));
#8433=DIRECTION('center_axis',(0.,0.,1.));
#8434=DIRECTION('ref_axis',(-1.,0.,0.));
#8435=DIRECTION('',(0.,0.,1.));
#8436=DIRECTION('center_axis',(0.,0.,-1.));
#8437=DIRECTION('ref_axis',(-1.,0.,0.));
#8438=DIRECTION('center_axis',(-1.,-2.7974123455122E-16,0.));
#8439=DIRECTION('ref_axis',(-2.7974123455122E-16,1.,0.));
#8440=DIRECTION('',(2.7974123455122E-16,-1.,0.));
#8441=DIRECTION('',(0.,0.,-1.));
#8442=DIRECTION('',(-2.7974123455122E-16,1.,0.));
#8443=DIRECTION('',(0.,0.,-1.));
#8444=DIRECTION('center_axis',(0.,0.,1.));
#8445=DIRECTION('ref_axis',(1.,0.,0.));
#8446=DIRECTION('',(-1.,-2.44929359829471E-16,0.));
#8447=DIRECTION('',(1.,1.58958106434027E-16,0.));
#8448=DIRECTION('',(0.,1.,0.));
#8449=DIRECTION('center_axis',(0.,0.,-1.));
#8450=DIRECTION('ref_axis',(-1.,0.,0.));
#8451=DIRECTION('center_axis',(0.,0.,1.));
#8452=DIRECTION('ref_axis',(-1.,0.,0.));
#8453=DIRECTION('',(0.,0.,1.));
#8454=DIRECTION('center_axis',(0.,0.,-1.));
#8455=DIRECTION('ref_axis',(-1.,0.,0.));
#8456=DIRECTION('center_axis',(1.,0.,0.));
#8457=DIRECTION('ref_axis',(0.,-1.,0.));
#8458=DIRECTION('',(0.,1.,0.));
#8459=DIRECTION('',(0.,0.,-1.));
#8460=DIRECTION('',(0.,-1.,0.));
#8461=DIRECTION('',(0.,0.,-1.));
#8462=DIRECTION('center_axis',(0.,0.,1.));
#8463=DIRECTION('ref_axis',(1.,0.,0.));
#8464=DIRECTION('',(-1.,-2.94517966237898E-16,0.));
#8465=DIRECTION('',(1.,1.58958106434027E-16,0.));
#8466=DIRECTION('center_axis',(-1.,0.,0.));
#8467=DIRECTION('ref_axis',(0.,-1.,0.));
#8468=DIRECTION('',(0.,0.,1.));
#8469=DIRECTION('',(0.,0.,1.));
#8470=DIRECTION('center_axis',(1.,0.,0.));
#8471=DIRECTION('ref_axis',(0.,1.,0.));
#8472=DIRECTION('',(0.,1.,0.));
#8473=DIRECTION('',(0.,0.,1.));
#8474=DIRECTION('',(0.,1.,0.));
#8475=DIRECTION('',(0.,0.,1.));
#8476=DIRECTION('center_axis',(0.,1.,0.));
#8477=DIRECTION('ref_axis',(-1.,0.,0.));
#8478=DIRECTION('',(-1.,0.,0.));
#8479=DIRECTION('',(-1.,0.,0.));
#8480=DIRECTION('',(0.,0.,1.));
#8481=DIRECTION('center_axis',(-1.,0.,0.));
#8482=DIRECTION('ref_axis',(0.,-1.,0.));
#8483=DIRECTION('',(0.,-1.,0.));
#8484=DIRECTION('',(0.,-1.,0.));
#8485=DIRECTION('',(0.,0.,1.));
#8486=DIRECTION('center_axis',(0.,-1.,0.));
#8487=DIRECTION('ref_axis',(1.,0.,0.));
#8488=DIRECTION('',(1.,0.,0.));
#8489=DIRECTION('',(1.,0.,0.));
#8490=DIRECTION('center_axis',(0.,-1.,0.));
#8491=DIRECTION('ref_axis',(1.,0.,0.));
#8492=DIRECTION('',(-1.,-2.10046127832852E-16,0.));
#8493=DIRECTION('',(1.,2.44929359829471E-16,0.));
#8494=DIRECTION('center_axis',(0.,1.,0.));
#8495=DIRECTION('ref_axis',(-1.,0.,0.));
#8496=DIRECTION('',(1.,1.23787933059251E-16,0.));
#8497=DIRECTION('',(-1.,-1.58958106434027E-16,0.));
#8498=DIRECTION('center_axis',(0.,0.,1.));
#8499=DIRECTION('ref_axis',(1.,0.,0.));
#8500=DIRECTION('center_axis',(0.,0.,1.));
#8501=DIRECTION('ref_axis',(1.,0.,0.));
#8502=DIRECTION('axis',(0.,0.,1.));
#8503=DIRECTION('refdir',(1.,0.,0.));
#8504=DIRECTION('center_axis',(0.,0.,1.));
#8505=DIRECTION('ref_axis',(1.,0.,0.));
#8506=DIRECTION('',(0.707106781186551,-0.707106781186543,0.));
#8507=DIRECTION('center_axis',(0.,0.,1.));
#8508=DIRECTION('ref_axis',(1.,0.,0.));
#8509=DIRECTION('',(-5.26526733024288E-16,1.,0.));
#8510=DIRECTION('center_axis',(0.,0.,1.));
#8511=DIRECTION('ref_axis',(1.,0.,0.));
#8512=DIRECTION('',(1.,6.60547753536746E-16,0.));
#8513=DIRECTION('',(0.707106781186547,-0.707106781186548,0.));
#8514=DIRECTION('',(-5.98877223346538E-16,-1.,0.));
#8515=DIRECTION('',(0.70710678118655,-0.707106781186545,0.));
#8516=DIRECTION('',(-0.707106781186541,-0.707106781186554,0.));
#8517=DIRECTION('',(7.98502964462054E-16,-1.,0.));
#8518=DIRECTION('',(-0.707106781186547,-0.707106781186548,0.));
#8519=DIRECTION('',(-1.,-6.60547753536747E-16,0.));
#8520=DIRECTION('center_axis',(0.,0.,1.));
#8521=DIRECTION('ref_axis',(1.,0.,0.));
#8522=DIRECTION('',(-1.05305346604858E-15,1.,0.));
#8523=DIRECTION('center_axis',(0.,0.,1.));
#8524=DIRECTION('ref_axis',(1.,0.,0.));
#8525=DIRECTION('',(-0.707106781186551,-0.707106781186544,0.));
#8526=DIRECTION('',(-9.38216640528294E-16,-1.,0.));
#8527=DIRECTION('center_axis',(0.,0.,1.));
#8528=DIRECTION('ref_axis',(-1.,0.,0.));
#8529=DIRECTION('',(1.,4.06560544228931E-15,0.));
#8530=DIRECTION('',(0.707106781186544,0.707106781186551,0.));
#8531=DIRECTION('center_axis',(0.,0.,1.));
#8532=DIRECTION('ref_axis',(1.,0.,0.));
#8533=DIRECTION('',(-1.,0.,0.));
#8534=DIRECTION('center_axis',(0.,0.,1.));
#8535=DIRECTION('ref_axis',(1.,0.,0.));
#8536=DIRECTION('',(0.,1.,0.));
#8537=DIRECTION('',(0.707106781186548,0.707106781186547,0.));
#8538=DIRECTION('',(1.,-9.98128705577563E-16,0.));
#8539=DIRECTION('',(0.707106781186546,0.707106781186549,0.));
#8540=DIRECTION('',(0.707106781186554,-0.707106781186541,0.));
#8541=DIRECTION('',(1.,1.3973801878086E-15,0.));
#8542=DIRECTION('',(0.707106781186548,-0.707106781186547,0.));
#8543=DIRECTION('',(0.,-1.,0.));
#8544=DIRECTION('center_axis',(0.,0.,1.));
#8545=DIRECTION('ref_axis',(1.,0.,0.));
#8546=DIRECTION('',(-1.,-5.26526733024288E-16,0.));
#8547=DIRECTION('center_axis',(0.,0.,1.));
#8548=DIRECTION('ref_axis',(1.,0.,0.));
#8549=DIRECTION('',(0.707106781186544,-0.707106781186551,0.));
#8550=DIRECTION('',(1.,-3.4401276819371E-15,0.));
#8551=DIRECTION('center_axis',(0.,0.,1.));
#8552=DIRECTION('ref_axis',(1.,0.,0.));
#8553=DIRECTION('',(-2.5019110414088E-15,1.,0.));
#8554=DIRECTION('',(-0.707106781186551,0.707106781186544,0.));
#8555=DIRECTION('center_axis',(0.,0.,1.));
#8556=DIRECTION('ref_axis',(1.,0.,0.));
#8557=DIRECTION('',(0.,-1.,0.));
#8558=DIRECTION('center_axis',(0.,0.,1.));
#8559=DIRECTION('ref_axis',(1.,0.,0.));
#8560=DIRECTION('',(-1.,-6.60547753536746E-16,0.));
#8561=DIRECTION('',(-0.707106781186547,0.707106781186548,0.));
#8562=DIRECTION('',(1.5970059289241E-15,1.,0.));
#8563=DIRECTION('',(-0.707106781186549,0.707106781186546,0.));
#8564=DIRECTION('',(0.707106781186541,0.707106781186554,0.));
#8565=DIRECTION('',(-1.79663167003962E-15,1.,0.));
#8566=DIRECTION('',(0.707106781186547,0.707106781186548,0.));
#8567=DIRECTION('',(1.,6.60547753536747E-16,0.));
#8568=DIRECTION('center_axis',(0.,0.,1.));
#8569=DIRECTION('ref_axis',(1.,0.,0.));
#8570=DIRECTION('',(1.05305346604858E-15,-1.,0.));
#8571=DIRECTION('center_axis',(0.,0.,1.));
#8572=DIRECTION('ref_axis',(1.,0.,0.));
#8573=DIRECTION('',(0.707106781186551,0.707106781186544,0.));
#8574=DIRECTION('',(4.37834432246538E-15,1.,0.));
#8575=DIRECTION('center_axis',(0.,0.,1.));
#8576=DIRECTION('ref_axis',(1.,0.,0.));
#8577=DIRECTION('',(-1.,-1.87643328105659E-15,0.));
#8578=DIRECTION('',(-0.707106781186544,-0.707106781186551,0.));
#8579=DIRECTION('center_axis',(0.,0.,1.));
#8580=DIRECTION('ref_axis',(1.,0.,0.));
#8581=DIRECTION('',(1.,-5.26526733024289E-16,0.));
#8582=DIRECTION('center_axis',(0.,0.,1.));
#8583=DIRECTION('ref_axis',(1.,0.,0.));
#8584=DIRECTION('',(2.64219101414699E-15,-1.,0.));
#8585=DIRECTION('',(-0.707106781186548,-0.707106781186547,0.));
#8586=DIRECTION('',(-1.,1.19775444669308E-15,0.));
#8587=DIRECTION('',(-0.707106781186543,-0.707106781186553,0.));
#8588=DIRECTION('',(-0.707106781186552,0.707106781186543,0.));
#8589=DIRECTION('',(-1.,-1.5970059289241E-15,0.));
#8590=DIRECTION('',(-0.707106781186548,0.707106781186547,0.));
#8591=DIRECTION('',(2.64219101414699E-15,1.,0.));
#8592=DIRECTION('center_axis',(0.,0.,1.));
#8593=DIRECTION('ref_axis',(1.,0.,0.));
#8594=DIRECTION('',(1.,5.26526733024289E-16,0.));
#8595=DIRECTION('center_axis',(0.,0.,1.));
#8596=DIRECTION('ref_axis',(1.,0.,0.));
#8597=DIRECTION('',(-0.707106781186544,0.707106781186551,0.));
#8598=DIRECTION('',(-1.,3.127388801761E-16,0.));
#8599=DIRECTION('center_axis',(0.,0.,1.));
#8600=DIRECTION('ref_axis',(1.,0.,0.));
#8601=DIRECTION('',(6.25477760352202E-16,-1.,0.));
#8602=DIRECTION('center_axis',(0.,0.,1.));
#8603=DIRECTION('ref_axis',(1.,0.,0.));
#8604=DIRECTION('center_axis',(0.,0.,1.));
#8605=DIRECTION('ref_axis',(1.,0.,0.));
#8606=DIRECTION('',(-5.26526733024288E-16,1.,0.));
#8607=DIRECTION('center_axis',(0.,0.,1.));
#8608=DIRECTION('ref_axis',(1.,0.,0.));
#8609=DIRECTION('',(0.707106781186551,-0.707106781186543,0.));
#8610=DIRECTION('',(6.25477760352202E-16,-1.,0.));
#8611=DIRECTION('center_axis',(0.,0.,1.));
#8612=DIRECTION('ref_axis',(1.,0.,0.));
#8613=DIRECTION('',(-1.,3.127388801761E-16,0.));
#8614=DIRECTION('',(-0.707106781186544,0.707106781186551,0.));
#8615=DIRECTION('center_axis',(0.,0.,1.));
#8616=DIRECTION('ref_axis',(1.,0.,0.));
#8617=DIRECTION('',(1.,5.26526733024289E-16,0.));
#8618=DIRECTION('center_axis',(0.,0.,1.));
#8619=DIRECTION('ref_axis',(1.,0.,0.));
#8620=DIRECTION('',(2.64219101414699E-15,1.,0.));
#8621=DIRECTION('',(-0.707106781186548,0.707106781186547,0.));
#8622=DIRECTION('',(-1.,-1.5970059289241E-15,0.));
#8623=DIRECTION('',(-0.707106781186552,0.707106781186543,0.));
#8624=DIRECTION('',(-0.707106781186543,-0.707106781186553,0.));
#8625=DIRECTION('',(-1.,1.19775444669308E-15,0.));
#8626=DIRECTION('',(-0.707106781186548,-0.707106781186547,0.));
#8627=DIRECTION('',(2.64219101414699E-15,-1.,0.));
#8628=DIRECTION('center_axis',(0.,0.,1.));
#8629=DIRECTION('ref_axis',(1.,0.,0.));
#8630=DIRECTION('',(1.,-5.26526733024289E-16,0.));
#8631=DIRECTION('center_axis',(0.,0.,1.));
#8632=DIRECTION('ref_axis',(1.,0.,0.));
#8633=DIRECTION('',(-0.707106781186544,-0.707106781186551,0.));
#8634=DIRECTION('',(-1.,-1.87643328105659E-15,0.));
#8635=DIRECTION('center_axis',(0.,0.,1.));
#8636=DIRECTION('ref_axis',(1.,0.,0.));
#8637=DIRECTION('',(4.37834432246538E-15,1.,0.));
#8638=DIRECTION('',(0.707106781186551,0.707106781186544,0.));
#8639=DIRECTION('center_axis',(0.,0.,1.));
#8640=DIRECTION('ref_axis',(1.,0.,0.));
#8641=DIRECTION('',(1.05305346604858E-15,-1.,0.));
#8642=DIRECTION('center_axis',(0.,0.,1.));
#8643=DIRECTION('ref_axis',(1.,0.,0.));
#8644=DIRECTION('',(1.,6.60547753536747E-16,0.));
#8645=DIRECTION('',(0.707106781186547,0.707106781186548,0.));
#8646=DIRECTION('',(-1.79663167003962E-15,1.,0.));
#8647=DIRECTION('',(0.707106781186541,0.707106781186554,0.));
#8648=DIRECTION('',(-0.707106781186549,0.707106781186546,0.));
#8649=DIRECTION('',(1.5970059289241E-15,1.,0.));
#8650=DIRECTION('',(-0.707106781186547,0.707106781186548,0.));
#8651=DIRECTION('',(-1.,-6.60547753536746E-16,0.));
#8652=DIRECTION('center_axis',(0.,0.,1.));
#8653=DIRECTION('ref_axis',(1.,0.,0.));
#8654=DIRECTION('',(0.,-1.,0.));
#8655=DIRECTION('center_axis',(0.,0.,1.));
#8656=DIRECTION('ref_axis',(1.,0.,0.));
#8657=DIRECTION('',(-0.707106781186551,0.707106781186544,0.));
#8658=DIRECTION('',(-2.5019110414088E-15,1.,0.));
#8659=DIRECTION('center_axis',(0.,0.,1.));
#8660=DIRECTION('ref_axis',(1.,0.,0.));
#8661=DIRECTION('',(1.,-3.4401276819371E-15,0.));
#8662=DIRECTION('',(0.707106781186544,-0.707106781186551,0.));
#8663=DIRECTION('center_axis',(0.,0.,1.));
#8664=DIRECTION('ref_axis',(1.,0.,0.));
#8665=DIRECTION('',(-1.,-5.26526733024288E-16,0.));
#8666=DIRECTION('center_axis',(0.,0.,1.));
#8667=DIRECTION('ref_axis',(1.,0.,0.));
#8668=DIRECTION('',(0.,-1.,0.));
#8669=DIRECTION('',(0.707106781186548,-0.707106781186547,0.));
#8670=DIRECTION('',(1.,1.3973801878086E-15,0.));
#8671=DIRECTION('',(0.707106781186554,-0.707106781186541,0.));
#8672=DIRECTION('',(0.707106781186546,0.707106781186549,0.));
#8673=DIRECTION('',(1.,-9.98128705577563E-16,0.));
#8674=DIRECTION('',(0.707106781186548,0.707106781186547,0.));
#8675=DIRECTION('',(0.,1.,0.));
#8676=DIRECTION('center_axis',(0.,0.,1.));
#8677=DIRECTION('ref_axis',(1.,0.,0.));
#8678=DIRECTION('',(-1.,0.,0.));
#8679=DIRECTION('center_axis',(0.,0.,1.));
#8680=DIRECTION('ref_axis',(1.,0.,0.));
#8681=DIRECTION('',(0.707106781186544,0.707106781186551,0.));
#8682=DIRECTION('',(1.,4.06560544228931E-15,0.));
#8683=DIRECTION('center_axis',(0.,0.,1.));
#8684=DIRECTION('ref_axis',(-1.,0.,0.));
#8685=DIRECTION('',(-9.38216640528294E-16,-1.,0.));
#8686=DIRECTION('',(-0.707106781186551,-0.707106781186544,0.));
#8687=DIRECTION('center_axis',(0.,0.,1.));
#8688=DIRECTION('ref_axis',(1.,0.,0.));
#8689=DIRECTION('',(-1.05305346604858E-15,1.,0.));
#8690=DIRECTION('center_axis',(0.,0.,1.));
#8691=DIRECTION('ref_axis',(1.,0.,0.));
#8692=DIRECTION('',(-1.,-6.60547753536747E-16,0.));
#8693=DIRECTION('',(-0.707106781186547,-0.707106781186548,0.));
#8694=DIRECTION('',(7.98502964462054E-16,-1.,0.));
#8695=DIRECTION('',(-0.707106781186541,-0.707106781186554,0.));
#8696=DIRECTION('',(0.70710678118655,-0.707106781186545,0.));
#8697=DIRECTION('',(-5.98877223346538E-16,-1.,0.));
#8698=DIRECTION('',(0.707106781186547,-0.707106781186548,0.));
#8699=DIRECTION('',(1.,6.60547753536746E-16,0.));
#8700=DIRECTION('center_axis',(0.,0.,1.));
#8701=DIRECTION('ref_axis',(1.,0.,0.));
#8702=DIRECTION('center_axis',(0.,0.,1.));
#8703=DIRECTION('ref_axis',(1.,0.,0.));
#8704=DIRECTION('center_axis',(-4.88654500275156E-16,-1.,0.));
#8705=DIRECTION('ref_axis',(0.,0.,-1.));
#8706=DIRECTION('',(0.,0.,-1.));
#8707=DIRECTION('',(0.,0.,-1.));
#8708=DIRECTION('center_axis',(0.,0.,-1.));
#8709=DIRECTION('ref_axis',(-1.,0.,0.));
#8710=DIRECTION('',(0.,0.,-1.));
#8711=DIRECTION('center_axis',(1.,4.88654500275158E-16,0.));
#8712=DIRECTION('ref_axis',(0.,0.,-1.));
#8713=DIRECTION('',(0.,0.,-1.));
#8714=DIRECTION('center_axis',(0.707106781186544,0.707106781186551,0.));
#8715=DIRECTION('ref_axis',(0.,0.,-1.));
#8716=DIRECTION('',(0.,0.,-1.));
#8717=DIRECTION('center_axis',(-1.,-7.0805039835788E-16,0.));
#8718=DIRECTION('ref_axis',(0.,0.,1.));
#8719=DIRECTION('',(0.,0.,-1.));
#8720=DIRECTION('',(0.,0.,-1.));
#8721=DIRECTION('center_axis',(-4.87073587159665E-16,1.,0.));
#8722=DIRECTION('ref_axis',(0.,0.,1.));
#8723=DIRECTION('',(0.,0.,-1.));
#8724=DIRECTION('',(0.,0.,-1.));
#8725=DIRECTION('center_axis',(0.707106781186548,0.707106781186547,0.));
#8726=DIRECTION('ref_axis',(0.,0.,-1.));
#8727=DIRECTION('',(0.,0.,-1.));
#8728=DIRECTION('center_axis',(1.,-4.67872830739483E-16,0.));
#8729=DIRECTION('ref_axis',(0.,0.,-1.));
#8730=DIRECTION('',(0.,0.,-1.));
#8731=DIRECTION('center_axis',(0.707106781186545,0.70710678118655,0.));
#8732=DIRECTION('ref_axis',(0.,0.,-1.));
#8733=DIRECTION('',(0.,0.,-1.));
#8734=DIRECTION('center_axis',(0.707106781186554,-0.707106781186541,0.));
#8735=DIRECTION('ref_axis',(0.,0.,-1.));
#8736=DIRECTION('',(0.,0.,-1.));
#8737=DIRECTION('center_axis',(1.,9.3574566147897E-16,0.));
#8738=DIRECTION('ref_axis',(0.,0.,-1.));
#8739=DIRECTION('',(0.,0.,-1.));
#8740=DIRECTION('center_axis',(0.707106781186548,-0.707106781186547,0.));
#8741=DIRECTION('ref_axis',(0.,0.,-1.));
#8742=DIRECTION('',(0.,0.,-1.));
#8743=DIRECTION('center_axis',(4.87073587159665E-16,-1.,0.));
#8744=DIRECTION('ref_axis',(0.,0.,-1.));
#8745=DIRECTION('',(0.,0.,-1.));
#8746=DIRECTION('center_axis',(-1.,-7.0805039835788E-16,0.));
#8747=DIRECTION('ref_axis',(0.,0.,1.));
#8748=DIRECTION('',(0.,0.,-1.));
#8749=DIRECTION('',(0.,0.,-1.));
#8750=DIRECTION('center_axis',(0.707106781186544,-0.707106781186551,0.));
#8751=DIRECTION('ref_axis',(0.,0.,-1.));
#8752=DIRECTION('',(0.,0.,-1.));
#8753=DIRECTION('',(0.,0.,-1.));
#8754=DIRECTION('center_axis',(1.,-9.77309000550309E-16,0.));
#8755=DIRECTION('ref_axis',(0.,0.,-1.));
#8756=DIRECTION('',(0.,0.,-1.));
#8757=DIRECTION('center_axis',(0.,0.,-1.));
#8758=DIRECTION('ref_axis',(-1.,0.,0.));
#8759=DIRECTION('',(0.,0.,-1.));
#8760=DIRECTION('center_axis',(-3.90923600220126E-15,1.,0.));
#8761=DIRECTION('ref_axis',(0.,0.,1.));
#8762=DIRECTION('',(0.,0.,-1.));
#8763=DIRECTION('center_axis',(-0.707106781186551,0.707106781186544,0.));
#8764=DIRECTION('ref_axis',(0.,0.,1.));
#8765=DIRECTION('',(0.,0.,-1.));
#8766=DIRECTION('center_axis',(0.,-1.,0.));
#8767=DIRECTION('ref_axis',(0.,0.,-1.));
#8768=DIRECTION('',(0.,0.,-1.));
#8769=DIRECTION('',(0.,0.,-1.));
#8770=DIRECTION('center_axis',(-1.,0.,0.));
#8771=DIRECTION('ref_axis',(0.,0.,1.));
#8772=DIRECTION('',(0.,0.,-1.));
#8773=DIRECTION('',(0.,0.,-1.));
#8774=DIRECTION('center_axis',(-0.707106781186547,0.707106781186548,0.));
#8775=DIRECTION('ref_axis',(0.,0.,1.));
#8776=DIRECTION('',(0.,0.,-1.));
#8777=DIRECTION('center_axis',(9.35745661478965E-16,1.,0.));
#8778=DIRECTION('ref_axis',(0.,0.,1.));
#8779=DIRECTION('',(0.,0.,-1.));
#8780=DIRECTION('center_axis',(-0.70710678118655,0.707106781186545,0.));
#8781=DIRECTION('ref_axis',(0.,0.,1.));
#8782=DIRECTION('',(0.,0.,-1.));
#8783=DIRECTION('center_axis',(0.707106781186541,0.707106781186554,0.));
#8784=DIRECTION('ref_axis',(0.,0.,-1.));
#8785=DIRECTION('',(0.,0.,-1.));
#8786=DIRECTION('center_axis',(-1.40361849221846E-15,1.,0.));
#8787=DIRECTION('ref_axis',(0.,0.,1.));
#8788=DIRECTION('',(0.,0.,-1.));
#8789=DIRECTION('center_axis',(0.707106781186547,0.707106781186548,0.));
#8790=DIRECTION('ref_axis',(0.,0.,-1.));
#8791=DIRECTION('',(0.,0.,-1.));
#8792=DIRECTION('center_axis',(1.,0.,0.));
#8793=DIRECTION('ref_axis',(0.,0.,-1.));
#8794=DIRECTION('',(0.,0.,-1.));
#8795=DIRECTION('center_axis',(7.0805039835788E-16,-1.,0.));
#8796=DIRECTION('ref_axis',(0.,0.,-1.));
#8797=DIRECTION('',(0.,0.,-1.));
#8798=DIRECTION('',(0.,0.,-1.));
#8799=DIRECTION('center_axis',(0.707106781186551,0.707106781186544,0.));
#8800=DIRECTION('ref_axis',(0.,0.,-1.));
#8801=DIRECTION('',(0.,0.,-1.));
#8802=DIRECTION('',(0.,0.,-1.));
#8803=DIRECTION('center_axis',(3.42058150192609E-15,1.,0.));
#8804=DIRECTION('ref_axis',(0.,0.,1.));
#8805=DIRECTION('',(0.,0.,-1.));
#8806=DIRECTION('center_axis',(0.,0.,-1.));
#8807=DIRECTION('ref_axis',(-1.,0.,0.));
#8808=DIRECTION('',(0.,0.,-1.));
#8809=DIRECTION('center_axis',(-1.,-2.44327250137578E-15,0.));
#8810=DIRECTION('ref_axis',(0.,0.,1.));
#8811=DIRECTION('',(0.,0.,-1.));
#8812=DIRECTION('center_axis',(-0.707106781186544,-0.707106781186551,0.));
#8813=DIRECTION('ref_axis',(0.,0.,1.));
#8814=DIRECTION('',(0.,0.,-1.));
#8815=DIRECTION('center_axis',(1.,0.,0.));
#8816=DIRECTION('ref_axis',(0.,0.,-1.));
#8817=DIRECTION('',(0.,0.,-1.));
#8818=DIRECTION('',(0.,0.,-1.));
#8819=DIRECTION('center_axis',(4.87073587159665E-16,-1.,0.));
#8820=DIRECTION('ref_axis',(0.,0.,-1.));
#8821=DIRECTION('',(0.,0.,-1.));
#8822=DIRECTION('',(0.,0.,-1.));
#8823=DIRECTION('center_axis',(-0.707106781186548,-0.707106781186547,0.));
#8824=DIRECTION('ref_axis',(0.,0.,1.));
#8825=DIRECTION('',(0.,0.,-1.));
#8826=DIRECTION('center_axis',(-1.,1.71553371271144E-15,0.));
#8827=DIRECTION('ref_axis',(0.,0.,1.));
#8828=DIRECTION('',(0.,0.,-1.));
#8829=DIRECTION('center_axis',(-0.707106781186545,-0.70710678118655,0.));
#8830=DIRECTION('ref_axis',(0.,0.,1.));
#8831=DIRECTION('',(0.,0.,-1.));
#8832=DIRECTION('center_axis',(-0.707106781186554,0.707106781186541,0.));
#8833=DIRECTION('ref_axis',(0.,0.,1.));
#8834=DIRECTION('',(0.,0.,-1.));
#8835=DIRECTION('center_axis',(-1.,-1.87149132295794E-15,0.));
#8836=DIRECTION('ref_axis',(0.,0.,1.));
#8837=DIRECTION('',(0.,0.,-1.));
#8838=DIRECTION('center_axis',(-0.707106781186548,0.707106781186547,0.));
#8839=DIRECTION('ref_axis',(0.,0.,1.));
#8840=DIRECTION('',(0.,0.,-1.));
#8841=DIRECTION('center_axis',(-4.87073587159665E-16,1.,0.));
#8842=DIRECTION('ref_axis',(0.,0.,1.));
#8843=DIRECTION('',(0.,0.,-1.));
#8844=DIRECTION('center_axis',(1.,7.0805039835788E-16,0.));
#8845=DIRECTION('ref_axis',(0.,0.,-1.));
#8846=DIRECTION('',(0.,0.,-1.));
#8847=DIRECTION('',(0.,0.,-1.));
#8848=DIRECTION('center_axis',(-0.707106781186544,0.707106781186551,0.));
#8849=DIRECTION('ref_axis',(0.,0.,1.));
#8850=DIRECTION('',(0.,0.,-1.));
#8851=DIRECTION('',(0.,0.,-1.));
#8852=DIRECTION('center_axis',(-1.,4.39789050247639E-15,0.));
#8853=DIRECTION('ref_axis',(0.,0.,1.));
#8854=DIRECTION('',(0.,0.,-1.));
#8855=DIRECTION('center_axis',(0.,0.,-1.));
#8856=DIRECTION('ref_axis',(-1.,0.,0.));
#8857=DIRECTION('',(0.,0.,-1.));
#8858=DIRECTION('center_axis',(1.95461800110062E-15,-1.,0.));
#8859=DIRECTION('ref_axis',(0.,0.,-1.));
#8860=DIRECTION('',(0.,0.,-1.));
#8861=DIRECTION('center_axis',(0.707106781186551,-0.707106781186544,0.));
#8862=DIRECTION('ref_axis',(0.,0.,-1.));
#8863=DIRECTION('',(0.,0.,-1.));
#8864=DIRECTION('center_axis',(7.08050398357881E-16,1.,0.));
#8865=DIRECTION('ref_axis',(0.,0.,1.));
#8866=DIRECTION('',(0.,0.,-1.));
#8867=DIRECTION('',(0.,0.,-1.));
#8868=DIRECTION('center_axis',(1.,2.43536793579833E-15,0.));
#8869=DIRECTION('ref_axis',(0.,0.,-1.));
#8870=DIRECTION('',(0.,0.,-1.));
#8871=DIRECTION('',(0.,0.,-1.));
#8872=DIRECTION('center_axis',(0.707106781186547,-0.707106781186548,0.));
#8873=DIRECTION('ref_axis',(0.,0.,-1.));
#8874=DIRECTION('',(0.,0.,-1.));
#8875=DIRECTION('center_axis',(-1.24766088197196E-15,-1.,0.));
#8876=DIRECTION('ref_axis',(0.,0.,-1.));
#8877=DIRECTION('',(0.,0.,-1.));
#8878=DIRECTION('center_axis',(0.707106781186553,-0.707106781186542,0.));
#8879=DIRECTION('ref_axis',(0.,0.,-1.));
#8880=DIRECTION('',(0.,0.,-1.));
#8881=DIRECTION('center_axis',(-0.707106781186543,-0.707106781186552,0.));
#8882=DIRECTION('ref_axis',(0.,0.,1.));
#8883=DIRECTION('',(0.,0.,-1.));
#8884=DIRECTION('center_axis',(1.55957610246494E-15,-1.,0.));
#8885=DIRECTION('ref_axis',(0.,0.,-1.));
#8886=DIRECTION('',(0.,0.,-1.));
#8887=DIRECTION('center_axis',(-0.707106781186547,-0.707106781186548,0.));
#8888=DIRECTION('ref_axis',(0.,0.,1.));
#8889=DIRECTION('',(0.,0.,-1.));
#8890=DIRECTION('center_axis',(-1.,2.43536793579833E-15,0.));
#8891=DIRECTION('ref_axis',(0.,0.,1.));
#8892=DIRECTION('',(0.,0.,-1.));
#8893=DIRECTION('center_axis',(-7.08050398357881E-16,1.,0.));
#8894=DIRECTION('ref_axis',(0.,0.,1.));
#8895=DIRECTION('',(0.,0.,-1.));
#8896=DIRECTION('',(0.,0.,-1.));
#8897=DIRECTION('center_axis',(-0.707106781186551,-0.707106781186544,0.));
#8898=DIRECTION('ref_axis',(0.,0.,1.));
#8899=DIRECTION('',(0.,0.,-1.));
#8900=DIRECTION('center_axis',(0.,0.,-1.));
#8901=DIRECTION('ref_axis',(-1.,0.,0.));
#8902=DIRECTION('',(0.,0.,-1.));
#8903=DIRECTION('center_axis',(0.,0.,-1.));
#8904=DIRECTION('ref_axis',(-1.,0.,0.));
#8905=DIRECTION('center_axis',(0.,0.,1.));
#8906=DIRECTION('ref_axis',(1.,0.,0.));
#8907=DIRECTION('center_axis',(0.,0.,-1.));
#8908=DIRECTION('ref_axis',(-1.,0.,0.));
#8909=DIRECTION('center_axis',(0.,0.,1.));
#8910=DIRECTION('ref_axis',(1.,0.,0.));
#8911=DIRECTION('center_axis',(0.,0.,-1.));
#8912=DIRECTION('ref_axis',(0.923879532511285,0.382683432365094,0.));
#8913=DIRECTION('center_axis',(0.,0.,1.));
#8914=DIRECTION('ref_axis',(1.,0.,0.));
#8915=DIRECTION('center_axis',(0.,0.,-1.));
#8916=DIRECTION('ref_axis',(-1.,0.,0.));
#8917=DIRECTION('center_axis',(0.,0.,1.));
#8918=DIRECTION('ref_axis',(1.,0.,0.));
#8919=DIRECTION('center_axis',(0.,0.,-1.));
#8920=DIRECTION('ref_axis',(-1.,0.,0.));
#8921=DIRECTION('center_axis',(0.,0.,1.));
#8922=DIRECTION('ref_axis',(1.,0.,0.));
#8923=DIRECTION('center_axis',(0.,0.,-1.));
#8924=DIRECTION('ref_axis',(-1.,0.,0.));
#8925=DIRECTION('center_axis',(0.,0.,1.));
#8926=DIRECTION('ref_axis',(1.,0.,0.));
#8927=DIRECTION('center_axis',(0.,0.,1.));
#8928=DIRECTION('ref_axis',(1.,0.,0.));
#8929=DIRECTION('center_axis',(0.,0.,-1.));
#8930=DIRECTION('ref_axis',(-1.,0.,0.));
#8931=DIRECTION('center_axis',(0.,0.,-1.));
#8932=DIRECTION('ref_axis',(0.923879532511285,-0.382683432365093,0.));
#8933=DIRECTION('center_axis',(0.,0.,1.));
#8934=DIRECTION('ref_axis',(1.,0.,0.));
#8935=DIRECTION('',(1.,6.83481049627715E-16,-2.47479506018426E-12));
#8936=DIRECTION('',(-2.47479506018426E-12,-1.62400982763779E-13,-1.));
#8937=DIRECTION('',(-2.4769716692402E-12,-1.6902774382965E-13,-1.));
#8938=DIRECTION('',(-1.,-2.6610658143854E-15,2.4769716692402E-12));
#8939=DIRECTION('',(-2.47649196105039E-12,-1.6902774382965E-13,-1.));
#8940=DIRECTION('',(-1.,-5.51642065832984E-16,2.47649196105039E-12));
#8941=DIRECTION('',(-2.47471835391143E-12,-1.6902774382965E-13,-1.));
#8942=DIRECTION('',(-1.,-7.45931095145031E-16,2.47471835391143E-12));
#8943=DIRECTION('',(-2.47701251559489E-12,-1.6902774382965E-13,-1.));
#8944=DIRECTION('',(-1.,-4.78783679841845E-16,2.47701251559489E-12));
#8945=DIRECTION('',(-2.4771396670479E-12,-1.6902774382965E-13,-1.));
#8946=DIRECTION('',(-1.,-7.28583860384824E-16,2.4771396670479E-12));
#8947=DIRECTION('',(-2.47262485335468E-12,-1.6902774382965E-13,-1.));
#8948=DIRECTION('',(-1.,-1.72778458254582E-15,2.47262485335468E-12));
#8949=DIRECTION('',(1.,7.15746906281273E-15,-2.475972661322E-12));
#8950=DIRECTION('',(-2.475972661322E-12,-1.63768183597058E-13,-1.));
#8951=DIRECTION('',(1.,5.64891015963091E-15,-2.4747509974002E-12));
#8952=DIRECTION('',(-2.4747509974002E-12,-1.6047479840646E-13,-1.));
#8953=DIRECTION('',(2.47267619818121E-12,1.64026922090177E-13,1.));
#8954=DIRECTION('',(1.,9.60957308766435E-15,-2.47267619818121E-12));
#8955=DIRECTION('',(2.47444091726022E-12,1.64026922090177E-13,1.));
#8956=DIRECTION('',(1.,4.24660306965158E-15,-2.47444091726022E-12));
#8957=DIRECTION('',(2.47663421325146E-12,1.64026922090177E-13,1.));
#8958=DIRECTION('',(1.,2.38697950340824E-15,-2.47663421325146E-12));
#8959=DIRECTION('',(2.4770336424545E-12,1.64026922090177E-13,1.));
#8960=DIRECTION('',(1.,-1.11022301995734E-16,-2.4770336424545E-12));
#8961=DIRECTION('',(2.47991288703976E-12,1.64026922090177E-13,1.));
#8962=DIRECTION('',(1.,3.1641356206496E-15,-2.47991288703976E-12));
#8963=DIRECTION('',(2.48017200398395E-12,1.64026922090177E-13,1.));
#8964=DIRECTION('',(1.,2.04697370212196E-15,-2.48017200398395E-12));
#8965=DIRECTION('',(2.47665512785621E-12,1.64026922090177E-13,1.));
#8966=DIRECTION('',(1.,6.5117906404334E-15,-2.47665512785622E-12));
#8967=DIRECTION('',(2.47746520509158E-12,1.64026922090177E-13,1.));
#8968=DIRECTION('',(1.,-1.27675647857102E-15,-2.47746520509158E-12));
#8969=DIRECTION('',(2.47933234875735E-12,1.64026922090177E-13,1.));
#8970=DIRECTION('',(1.,-3.60822483255678E-16,-2.47933234875735E-12));
#8971=DIRECTION('',(2.47941870376079E-12,1.64026922090177E-13,1.));
#8972=DIRECTION('',(1.,3.05311331519426E-16,-2.47941870376079E-12));
#8973=DIRECTION('',(2.48163098370946E-12,1.64026922090177E-13,1.));
#8974=DIRECTION('',(1.,1.90125692941772E-15,-2.48163098370946E-12));
#8975=DIRECTION('',(1.,6.3490879489855E-16,-2.47515033155214E-12));
#8976=DIRECTION('',(-2.47515033155214E-12,-1.683836204669E-13,-1.));
#8977=DIRECTION('',(2.47996240471121E-12,1.64026922090177E-13,1.));
#8978=DIRECTION('',(1.,1.74860126353205E-15,-2.47996240471121E-12));
#8979=DIRECTION('',(1.,7.18522463802041E-15,-2.47515033155214E-12));
#8980=DIRECTION('',(-2.47515033155214E-12,-1.69512591264392E-13,-1.));
#8981=DIRECTION('',(-2.47487617931761E-12,-1.61738300699143E-13,-1.));
#8982=DIRECTION('',(-1.,-5.85642645528625E-15,2.47487617931761E-12));
#8983=DIRECTION('',(-2.47691328048023E-12,-1.61738300699143E-13,-1.));
#8984=DIRECTION('',(-1.,-4.38538094765748E-15,2.47691328048024E-12));
#8985=DIRECTION('',(-2.47604962383714E-12,-1.61738300699143E-13,-1.));
#8986=DIRECTION('',(-1.,-1.16850973345676E-14,2.47604962383714E-12));
#8987=DIRECTION('',(-2.47828540060654E-12,-1.61738300699143E-13,-1.));
#8988=DIRECTION('',(-1.,-8.90953977300406E-15,2.47828540060654E-12));
#8989=DIRECTION('',(-2.47931530713173E-12,-1.61738300699143E-13,-1.));
#8990=DIRECTION('',(-1.,-6.80011602728063E-15,2.47931530713173E-12));
#8991=DIRECTION('',(-2.47717825431037E-12,-1.61738300699143E-13,-1.));
#8992=DIRECTION('',(-1.,-7.63278329468589E-15,2.47717825431037E-12));
#8993=DIRECTION('',(-1.,-7.18522463751488E-15,2.42253840320858E-12));
#8994=DIRECTION('',(2.42253840320858E-12,1.62400982763794E-13,1.));
#8995=DIRECTION('',(-1.,-2.16146545190698E-15,2.46916085145299E-12));
#8996=DIRECTION('',(2.46916085145299E-12,1.65150088241208E-13,1.));
#8997=DIRECTION('',(-1.,-3.94129173618784E-15,2.4737174903539E-12));
#8998=DIRECTION('',(2.4737174903539E-12,1.58738503041813E-13,1.));
#8999=DIRECTION('',(-1.,-4.25701161077638E-15,2.45681817380414E-12));
#9000=DIRECTION('',(2.45681817380414E-12,1.64862931773037E-13,1.));
#9001=DIRECTION('',(1.,2.70963806985979E-15,-2.47537378493412E-12));
#9002=DIRECTION('',(-2.47537378493412E-12,-1.60366528402329E-13,-1.));
#9003=DIRECTION('',(1.,7.18522463751495E-15,-2.42253840320858E-12));
#9004=DIRECTION('',(7.18522463790049E-15,-1.,1.59146200596638E-13));
#9005=DIRECTION('',(1.,1.99232991214395E-15,-2.47570962028732E-12));
#9006=DIRECTION('',(-1.99232991256252E-15,1.,-1.69070726065683E-13));
#9007=DIRECTION('',(1.,-2.79637424326379E-15,-2.46883961522193E-12));
#9008=DIRECTION('',(2.79637424285888E-15,1.,-1.64006797816332E-13));
#9009=DIRECTION('',(1.,-4.71844785463126E-16,-2.4794548333952E-12));
#9010=DIRECTION('',(-2.4794548333952E-12,-3.50101020526867E-13,-1.));
#9011=DIRECTION('',(1.,3.46944695176748E-18,-2.42253840320858E-12));
#9012=DIRECTION('',(-2.42253840320858E-12,-1.58213332815114E-13,-1.));
#9013=CARTESIAN_POINT('',(0.,0.,0.));
#9014=CARTESIAN_POINT('',(0.,0.,0.));
#9015=CARTESIAN_POINT('',(0.,0.,0.));
#9016=CARTESIAN_POINT('Origin',(-75.,6.,-508.));
#9017=CARTESIAN_POINT('',(-75.,6.,-508.));
#9018=CARTESIAN_POINT('',(-75.,6.,-512.));
#9019=CARTESIAN_POINT('',(-75.0000000000001,6.,-663.));
#9020=CARTESIAN_POINT('',(-75.,0.,-508.));
#9021=CARTESIAN_POINT('',(-75.,6.,-508.));
#9022=CARTESIAN_POINT('',(-75.,0.,-512.));
#9023=CARTESIAN_POINT('',(-75.0000000000001,0.,-663.));
#9024=CARTESIAN_POINT('',(-75.,6.,-512.));
#9025=CARTESIAN_POINT('Origin',(1.06581410364015E-13,6.,-508.));
#9026=CARTESIAN_POINT('',(1.06581410364015E-13,6.,-508.));
#9027=CARTESIAN_POINT('',(-37.5,6.,-508.));
#9028=CARTESIAN_POINT('',(1.06581410364015E-13,0.,-508.));
#9029=CARTESIAN_POINT('',(-1.01472392974257E-13,3.,-508.));
#9030=CARTESIAN_POINT('',(-37.5,0.,-508.));
#9031=CARTESIAN_POINT('Origin',(-75.,6.,-512.));
#9032=CARTESIAN_POINT('',(2.30926389122033E-13,6.,-512.));
#9033=CARTESIAN_POINT('',(-75.0000000000001,6.,-512.));
#9034=CARTESIAN_POINT('',(2.30926389122033E-13,0.,-512.));
#9035=CARTESIAN_POINT('',(-75.0000000000001,0.,-512.));
#9036=CARTESIAN_POINT('',(-1.02140518265514E-13,3.,-512.));
#9037=CARTESIAN_POINT('Origin',(-75.0000000000001,6.,-1124.));
#9038=CARTESIAN_POINT('',(-75.0000000000001,6.,-1124.));
#9039=CARTESIAN_POINT('',(-75.0000000000001,6.,-1128.));
#9040=CARTESIAN_POINT('',(-75.0000000000005,6.,-971.));
#9041=CARTESIAN_POINT('',(-75.0000000000001,0.,-1124.));
#9042=CARTESIAN_POINT('',(-75.0000000000001,6.,-1124.));
#9043=CARTESIAN_POINT('',(-75.0000000000001,0.,-1128.));
#9044=CARTESIAN_POINT('',(-75.0000000000005,0.,-971.));
#9045=CARTESIAN_POINT('',(-75.0000000000001,6.,-1128.));
#9046=CARTESIAN_POINT('Origin',(-1.77635683940025E-14,6.,-1124.));
#9047=CARTESIAN_POINT('',(-1.77635683940025E-14,6.,-1124.));
#9048=CARTESIAN_POINT('',(-37.5000000000001,6.,-1124.));
#9049=CARTESIAN_POINT('',(-1.77635683940025E-14,0.,-1124.));
#9050=CARTESIAN_POINT('',(-2.24517656895798E-13,3.,-1124.));
#9051=CARTESIAN_POINT('',(-37.5000000000001,0.,-1124.));
#9052=CARTESIAN_POINT('Origin',(-75.0000000000001,6.,-1128.));
#9053=CARTESIAN_POINT('',(0.,6.,-1128.));
#9054=CARTESIAN_POINT('',(-75.0000000000001,6.,-1128.));
#9055=CARTESIAN_POINT('',(0.,0.,-1128.));
#9056=CARTESIAN_POINT('',(-75.0000000000001,0.,-1128.));
#9057=CARTESIAN_POINT('',(-2.26485497023532E-13,3.,-1128.));
#9058=CARTESIAN_POINT('Origin',(-75.0000000000002,6.,-1278.));
#9059=CARTESIAN_POINT('',(-75.0000000000002,6.,-1278.));
#9060=CARTESIAN_POINT('',(-75.0000000000002,6.,-1282.));
#9061=CARTESIAN_POINT('',(-75.0000000000002,6.,-1048.));
#9062=CARTESIAN_POINT('',(-75.0000000000002,0.,-1278.));
#9063=CARTESIAN_POINT('',(-75.0000000000002,6.,-1278.));
#9064=CARTESIAN_POINT('',(-75.0000000000002,0.,-1282.));
#9065=CARTESIAN_POINT('',(-75.0000000000002,0.,-1048.));
#9066=CARTESIAN_POINT('',(-75.0000000000002,6.,-1282.));
#9067=CARTESIAN_POINT('Origin',(-5.32907051820075E-14,6.,-1278.));
#9068=CARTESIAN_POINT('',(-5.32907051820075E-14,6.,-1278.));
#9069=CARTESIAN_POINT('',(-37.5000000000001,6.,-1278.));
#9070=CARTESIAN_POINT('',(-5.32907051820075E-14,0.,-1278.));
#9071=CARTESIAN_POINT('',(-2.55278972876183E-13,3.,-1278.));
#9072=CARTESIAN_POINT('',(-37.5000000000001,0.,-1278.));
#9073=CARTESIAN_POINT('Origin',(-75.0000000000002,6.,-1282.));
#9074=CARTESIAN_POINT('',(-5.32907051820075E-14,6.,-1282.));
#9075=CARTESIAN_POINT('',(-75.0000000000002,6.,-1282.));
#9076=CARTESIAN_POINT('',(-5.32907051820075E-14,0.,-1282.));
#9077=CARTESIAN_POINT('',(-75.0000000000002,0.,-1282.));
#9078=CARTESIAN_POINT('',(-2.57571741713036E-13,3.,-1282.));
#9079=CARTESIAN_POINT('Origin',(-75.0000000000002,6.,-662.));
#9080=CARTESIAN_POINT('',(-75.0000000000002,6.,-662.));
#9081=CARTESIAN_POINT('',(-75.0000000000002,6.,-666.));
#9082=CARTESIAN_POINT('',(-75.0000000000002,6.,-740.));
#9083=CARTESIAN_POINT('',(-75.0000000000002,0.,-662.));
#9084=CARTESIAN_POINT('',(-75.0000000000002,6.,-662.));
#9085=CARTESIAN_POINT('',(-75.0000000000002,0.,-666.));
#9086=CARTESIAN_POINT('',(-75.0000000000002,0.,-740.));
#9087=CARTESIAN_POINT('',(-75.0000000000002,6.,-666.));
#9088=CARTESIAN_POINT('Origin',(-1.4210854715202E-13,6.,-662.));
#9089=CARTESIAN_POINT('',(-1.4210854715202E-13,6.,-662.));
#9090=CARTESIAN_POINT('',(-37.5000000000001,6.,-662.));
#9091=CARTESIAN_POINT('',(-1.4210854715202E-13,0.,-662.));
#9092=CARTESIAN_POINT('',(-1.32233708954643E-13,3.,-662.));
#9093=CARTESIAN_POINT('',(-37.5000000000001,0.,-662.));
#9094=CARTESIAN_POINT('Origin',(-75.0000000000002,6.,-666.));
#9095=CARTESIAN_POINT('',(-1.4210854715202E-13,6.,-666.));
#9096=CARTESIAN_POINT('',(-75.0000000000002,6.,-666.));
#9097=CARTESIAN_POINT('',(-1.4210854715202E-13,0.,-666.));
#9098=CARTESIAN_POINT('',(-75.0000000000002,0.,-666.));
#9099=CARTESIAN_POINT('',(-1.33226762955019E-13,3.,-666.));
#9100=CARTESIAN_POINT('Origin',(-75.0000000000001,6.,-354.));
#9101=CARTESIAN_POINT('',(-75.0000000000001,6.,-354.));
#9102=CARTESIAN_POINT('',(-75.0000000000001,6.,-358.));
#9103=CARTESIAN_POINT('',(-75.0000000000001,6.,-586.));
#9104=CARTESIAN_POINT('',(-75.0000000000001,0.,-354.));
#9105=CARTESIAN_POINT('',(-75.0000000000001,6.,-354.));
#9106=CARTESIAN_POINT('',(-75.0000000000001,0.,-358.));
#9107=CARTESIAN_POINT('',(-75.0000000000001,0.,-586.));
#9108=CARTESIAN_POINT('',(-75.0000000000001,6.,-358.));
#9109=CARTESIAN_POINT('Origin',(-5.32907051820075E-14,6.,-354.));
#9110=CARTESIAN_POINT('',(-5.32907051820075E-14,6.,-354.));
#9111=CARTESIAN_POINT('',(-37.5000000000001,6.,-354.));
#9112=CARTESIAN_POINT('',(-5.32907051820075E-14,0.,-354.));
#9113=CARTESIAN_POINT('',(-7.07110769938723E-14,3.,-354.));
#9114=CARTESIAN_POINT('',(-37.5000000000001,0.,-354.));
#9115=CARTESIAN_POINT('Origin',(-75.0000000000001,6.,-358.));
#9116=CARTESIAN_POINT('',(-5.32907051820075E-14,6.,-358.));
#9117=CARTESIAN_POINT('',(-75.0000000000002,6.,-358.));
#9118=CARTESIAN_POINT('',(-5.32907051820075E-14,0.,-358.));
#9119=CARTESIAN_POINT('',(-75.0000000000002,0.,-358.));
#9120=CARTESIAN_POINT('',(-7.105427357601E-14,3.,-358.));
#9121=CARTESIAN_POINT('Origin',(-75.0000000000001,6.,-970.));
#9122=CARTESIAN_POINT('',(-75.0000000000001,6.,-970.));
#9123=CARTESIAN_POINT('',(-75.0000000000001,6.,-974.));
#9124=CARTESIAN_POINT('',(-75.0000000000001,6.,-894.));
#9125=CARTESIAN_POINT('',(-75.0000000000001,0.,-970.));
#9126=CARTESIAN_POINT('',(-75.0000000000001,6.,-970.));
#9127=CARTESIAN_POINT('',(-75.0000000000001,0.,-974.));
#9128=CARTESIAN_POINT('',(-75.0000000000001,0.,-894.));
#9129=CARTESIAN_POINT('',(-75.0000000000001,6.,-974.));
#9130=CARTESIAN_POINT('Origin',(-1.77635683940025E-14,6.,-970.));
#9131=CARTESIAN_POINT('',(-1.77635683940025E-14,6.,-970.));
#9132=CARTESIAN_POINT('',(-37.5000000000001,6.,-970.));
#9133=CARTESIAN_POINT('',(-1.77635683940025E-14,0.,-970.));
#9134=CARTESIAN_POINT('',(-1.93756340915413E-13,3.,-970.));
#9135=CARTESIAN_POINT('',(-37.5000000000001,0.,-970.));
#9136=CARTESIAN_POINT('Origin',(-75.0000000000001,6.,-974.));
#9137=CARTESIAN_POINT('',(-1.77635683940025E-14,6.,-974.));
#9138=CARTESIAN_POINT('',(-75.0000000000002,6.,-974.));
#9139=CARTESIAN_POINT('',(-1.77635683940025E-14,0.,-974.));
#9140=CARTESIAN_POINT('',(-75.0000000000002,0.,-974.));
#9141=CARTESIAN_POINT('',(-1.95399252334028E-13,3.,-974.));
#9142=CARTESIAN_POINT('Origin',(-75.0000000000002,6.,-1432.));
#9143=CARTESIAN_POINT('',(-75.0000000000002,6.,-1432.));
#9144=CARTESIAN_POINT('',(-75.0000000000002,6.,-1436.));
#9145=CARTESIAN_POINT('',(-75.0000000000002,6.,-1125.));
#9146=CARTESIAN_POINT('',(-75.0000000000002,0.,-1432.));
#9147=CARTESIAN_POINT('',(-75.0000000000002,6.,-1432.));
#9148=CARTESIAN_POINT('',(-75.0000000000002,0.,-1436.));
#9149=CARTESIAN_POINT('',(-75.0000000000002,0.,-1125.));
#9150=CARTESIAN_POINT('',(-75.0000000000002,6.,-1436.));
#9151=CARTESIAN_POINT('Origin',(-1.77635683940025E-14,6.,-1432.));
#9152=CARTESIAN_POINT('',(-1.77635683940025E-14,6.,-1432.));
#9153=CARTESIAN_POINT('',(-37.5000000000001,6.,-1432.));
#9154=CARTESIAN_POINT('',(-1.77635683940025E-14,0.,-1432.));
#9155=CARTESIAN_POINT('',(-2.86040288856568E-13,3.,-1432.));
#9156=CARTESIAN_POINT('',(-37.5000000000001,0.,-1432.));
#9157=CARTESIAN_POINT('Origin',(-75.0000000000002,6.,-1436.));
#9158=CARTESIAN_POINT('',(-1.77635683940025E-14,6.,-1436.));
#9159=CARTESIAN_POINT('',(-75.0000000000002,6.,-1436.));
#9160=CARTESIAN_POINT('',(-1.77635683940025E-14,0.,-1436.));
#9161=CARTESIAN_POINT('',(-75.0000000000002,0.,-1436.));
#9162=CARTESIAN_POINT('',(-2.88657986402541E-13,3.,-1436.));
#9163=CARTESIAN_POINT('Origin',(-75.0000000000002,6.,-816.));
#9164=CARTESIAN_POINT('',(-75.0000000000002,6.,-816.));
#9165=CARTESIAN_POINT('',(-75.0000000000002,6.,-820.));
#9166=CARTESIAN_POINT('',(-75.0000000000002,6.,-817.));
#9167=CARTESIAN_POINT('',(-75.0000000000002,0.,-816.));
#9168=CARTESIAN_POINT('',(-75.0000000000002,6.,-816.));
#9169=CARTESIAN_POINT('',(-75.0000000000002,0.,-820.));
#9170=CARTESIAN_POINT('',(-75.0000000000002,0.,-817.));
#9171=CARTESIAN_POINT('',(-75.0000000000002,6.,-820.));
#9172=CARTESIAN_POINT('Origin',(-3.5527136788005E-14,6.,-816.));
#9173=CARTESIAN_POINT('',(-3.5527136788005E-14,6.,-816.));
#9174=CARTESIAN_POINT('',(-37.5000000000001,6.,-816.));
#9175=CARTESIAN_POINT('',(-3.5527136788005E-14,0.,-816.));
#9176=CARTESIAN_POINT('',(-1.62995024935028E-13,3.,-816.));
#9177=CARTESIAN_POINT('',(-37.5000000000001,0.,-816.));
#9178=CARTESIAN_POINT('Origin',(-75.0000000000002,6.,-820.));
#9179=CARTESIAN_POINT('',(-3.5527136788005E-14,6.,-820.));
#9180=CARTESIAN_POINT('',(-75.0000000000002,6.,-820.));
#9181=CARTESIAN_POINT('',(-3.5527136788005E-14,0.,-820.));
#9182=CARTESIAN_POINT('',(-75.0000000000002,0.,-820.));
#9183=CARTESIAN_POINT('',(-1.64313007644523E-13,3.,-820.));
#9184=CARTESIAN_POINT('Origin',(-75.0000000000001,6.,-200.));
#9185=CARTESIAN_POINT('',(-75.0000000000001,6.,-200.));
#9186=CARTESIAN_POINT('',(-75.0000000000001,6.,-204.));
#9187=CARTESIAN_POINT('',(-75.0000000000001,6.,-509.));
#9188=CARTESIAN_POINT('',(-75.0000000000001,0.,-200.));
#9189=CARTESIAN_POINT('',(-75.0000000000001,6.,-200.));
#9190=CARTESIAN_POINT('',(-75.0000000000001,0.,-204.));
#9191=CARTESIAN_POINT('',(-75.0000000000001,0.,-509.));
#9192=CARTESIAN_POINT('',(-75.0000000000001,6.,-204.));
#9193=CARTESIAN_POINT('Origin',(0.,6.,-200.));
#9194=CARTESIAN_POINT('',(0.,6.,-200.));
#9195=CARTESIAN_POINT('',(-37.5000000000001,6.,-200.));
#9196=CARTESIAN_POINT('',(0.,0.,-200.));
#9197=CARTESIAN_POINT('',(-3.99497610134872E-14,3.,-200.));
#9198=CARTESIAN_POINT('',(-37.5000000000001,0.,-200.));
#9199=CARTESIAN_POINT('Origin',(-75.0000000000001,6.,-204.));
#9200=CARTESIAN_POINT('',(0.,6.,-204.));
#9201=CARTESIAN_POINT('',(-75.0000000000001,6.,-204.));
#9202=CARTESIAN_POINT('',(0.,0.,-204.));
#9203=CARTESIAN_POINT('',(-75.0000000000001,0.,-204.));
#9204=CARTESIAN_POINT('',(-3.99680288865056E-14,3.,-204.));
#9205=CARTESIAN_POINT('Origin',(-75.0000000000002,0.,-818.));
#9206=CARTESIAN_POINT('',(0.,0.,0.));
#9207=CARTESIAN_POINT('',(0.,0.,0.));
#9208=CARTESIAN_POINT('',(0.,0.,0.));
#9209=CARTESIAN_POINT('',(0.,0.,0.));
#9210=CARTESIAN_POINT('',(-150.,0.,-2.76101316827354E-29));
#9211=CARTESIAN_POINT('',(-150.,0.,-2.76101316827354E-29));
#9212=CARTESIAN_POINT('',(-150.,0.,-1636.));
#9213=CARTESIAN_POINT('',(-150.,0.,-1636.));
#9214=CARTESIAN_POINT('',(-3.26789045090325E-13,0.,-1636.));
#9215=CARTESIAN_POINT('',(-3.19744231092045E-13,0.,-1636.));
#9216=CARTESIAN_POINT('',(0.,0.,0.));
#9217=CARTESIAN_POINT('',(0.,0.,0.));
#9218=CARTESIAN_POINT('',(0.,0.,0.));
#9219=CARTESIAN_POINT('',(0.,0.,0.));
#9220=CARTESIAN_POINT('',(0.,0.,0.));
#9221=CARTESIAN_POINT('',(0.,0.,0.));
#9222=CARTESIAN_POINT('',(0.,0.,0.));
#9223=CARTESIAN_POINT('Origin',(0.,0.,0.));
#9224=CARTESIAN_POINT('',(0.,6.,0.));
#9225=CARTESIAN_POINT('',(0.,6.,0.));
#9226=CARTESIAN_POINT('',(0.,0.,0.));
#9227=CARTESIAN_POINT('Origin',(0.,0.,0.));
#9228=CARTESIAN_POINT('',(-3.26789045090325E-13,6.,-1636.));
#9229=CARTESIAN_POINT('',(-3.26789045090325E-13,0.,-1636.));
#9230=CARTESIAN_POINT('',(0.,6.,0.));
#9231=CARTESIAN_POINT('Origin',(0.,0.,0.));
#9232=CARTESIAN_POINT('',(0.,6.,0.));
#9233=CARTESIAN_POINT('Origin',(0.,0.,0.));
#9234=CARTESIAN_POINT('',(0.,6.,0.));
#9235=CARTESIAN_POINT('Origin',(0.,0.,0.));
#9236=CARTESIAN_POINT('',(0.,6.,0.));
#9237=CARTESIAN_POINT('Origin',(0.,0.,0.));
#9238=CARTESIAN_POINT('',(0.,6.,0.));
#9239=CARTESIAN_POINT('Origin',(0.,0.,0.));
#9240=CARTESIAN_POINT('',(0.,6.,0.));
#9241=CARTESIAN_POINT('Origin',(0.,0.,0.));
#9242=CARTESIAN_POINT('',(0.,6.,0.));
#9243=CARTESIAN_POINT('Origin',(0.,0.,0.));
#9244=CARTESIAN_POINT('',(0.,6.,0.));
#9245=CARTESIAN_POINT('Origin',(0.,0.,0.));
#9246=CARTESIAN_POINT('',(0.,6.,0.));
#9247=CARTESIAN_POINT('Origin',(-150.,0.,-2.76101316827354E-29));
#9248=CARTESIAN_POINT('',(-150.,6.,0.));
#9249=CARTESIAN_POINT('',(-150.,6.,-2.76101316827354E-29));
#9250=CARTESIAN_POINT('',(-150.,0.,-2.76101316827354E-29));
#9251=CARTESIAN_POINT('Origin',(-150.,0.,-1636.));
#9252=CARTESIAN_POINT('',(-150.,6.,-1636.));
#9253=CARTESIAN_POINT('',(-150.,6.,-1636.));
#9254=CARTESIAN_POINT('',(-150.,0.,-1636.));
#9255=CARTESIAN_POINT('Origin',(-3.26789045090325E-13,0.,-1636.));
#9256=CARTESIAN_POINT('',(-3.19744231092045E-13,6.,-1636.));
#9257=CARTESIAN_POINT('Origin',(-75.0000000000002,6.,-818.));
#9258=CARTESIAN_POINT('',(0.,0.,0.));
#9259=CARTESIAN_POINT('Origin',(0.,-306.,4.));
#9260=CARTESIAN_POINT('',(75.0000000000001,-306.,0.));
#9261=CARTESIAN_POINT('',(0.,-306.,0.));
#9262=CARTESIAN_POINT('',(37.5,-306.,0.));
#9263=CARTESIAN_POINT('',(75.0000000000001,-306.,4.));
#9264=CARTESIAN_POINT('',(75.0000000000001,-306.,4.));
#9265=CARTESIAN_POINT('',(0.,-306.,4.));
#9266=CARTESIAN_POINT('',(37.5,-306.,4.));
#9267=CARTESIAN_POINT('',(5.61824488740544E-14,-306.,2.));
#9268=CARTESIAN_POINT('Origin',(75.0000000000001,-312.,4.));
#9269=CARTESIAN_POINT('',(0.,-312.,0.));
#9270=CARTESIAN_POINT('',(75.0000000000001,-312.,0.));
#9271=CARTESIAN_POINT('',(75.0000000000001,-312.,0.));
#9272=CARTESIAN_POINT('',(0.,-312.,4.));
#9273=CARTESIAN_POINT('',(5.77315972805081E-14,-312.,2.));
#9274=CARTESIAN_POINT('',(75.0000000000001,-312.,4.));
#9275=CARTESIAN_POINT('',(75.0000000000001,-312.,4.));
#9276=CARTESIAN_POINT('',(75.0000000000001,-312.,4.));
#9277=CARTESIAN_POINT('Origin',(75.0000000000001,-306.,4.));
#9278=CARTESIAN_POINT('',(75.0000000000001,-346.5,0.));
#9279=CARTESIAN_POINT('',(75.0000000000001,-346.5,4.));
#9280=CARTESIAN_POINT('Origin',(0.,-462.,4.));
#9281=CARTESIAN_POINT('',(75.0000000000001,-462.,0.));
#9282=CARTESIAN_POINT('',(0.,-462.,0.));
#9283=CARTESIAN_POINT('',(37.5000000000001,-462.,0.));
#9284=CARTESIAN_POINT('',(75.0000000000001,-462.,4.));
#9285=CARTESIAN_POINT('',(75.0000000000001,-462.,4.));
#9286=CARTESIAN_POINT('',(0.,-462.,4.));
#9287=CARTESIAN_POINT('',(37.5000000000001,-462.,4.));
#9288=CARTESIAN_POINT('',(8.48244816333763E-14,-462.,2.));
#9289=CARTESIAN_POINT('Origin',(75.0000000000001,-468.,4.));
#9290=CARTESIAN_POINT('',(0.,-468.,0.));
#9291=CARTESIAN_POINT('',(75.0000000000001,-468.,0.));
#9292=CARTESIAN_POINT('',(75.0000000000001,-468.,0.));
#9293=CARTESIAN_POINT('',(0.,-468.,4.));
#9294=CARTESIAN_POINT('',(8.43769498715119E-14,-468.,2.));
#9295=CARTESIAN_POINT('',(75.0000000000001,-468.,4.));
#9296=CARTESIAN_POINT('',(75.0000000000001,-468.,4.));
#9297=CARTESIAN_POINT('',(75.0000000000001,-468.,4.));
#9298=CARTESIAN_POINT('Origin',(75.0000000000001,-462.,4.));
#9299=CARTESIAN_POINT('',(75.0000000000001,-424.5,0.));
#9300=CARTESIAN_POINT('',(75.0000000000001,-424.5,4.));
#9301=CARTESIAN_POINT('Origin',(0.,-150.,4.));
#9302=CARTESIAN_POINT('',(75.,-150.,0.));
#9303=CARTESIAN_POINT('',(0.,-150.,0.));
#9304=CARTESIAN_POINT('',(37.5,-150.,0.));
#9305=CARTESIAN_POINT('',(75.,-150.,4.));
#9306=CARTESIAN_POINT('',(75.,-150.,4.));
#9307=CARTESIAN_POINT('',(0.,-150.,4.));
#9308=CARTESIAN_POINT('',(37.5,-150.,4.));
#9309=CARTESIAN_POINT('',(2.75404161147326E-14,-150.,2.));
#9310=CARTESIAN_POINT('Origin',(75.,-156.,4.));
#9311=CARTESIAN_POINT('',(0.,-156.,0.));
#9312=CARTESIAN_POINT('',(75.,-156.,0.));
#9313=CARTESIAN_POINT('',(75.0000000000001,-156.,0.));
#9314=CARTESIAN_POINT('',(0.,-156.,4.));
#9315=CARTESIAN_POINT('',(2.66453525910038E-14,-156.,2.));
#9316=CARTESIAN_POINT('',(75.,-156.,4.));
#9317=CARTESIAN_POINT('',(75.0000000000001,-156.,4.));
#9318=CARTESIAN_POINT('',(75.,-156.,4.));
#9319=CARTESIAN_POINT('Origin',(75.,-150.,4.));
#9320=CARTESIAN_POINT('',(75.0000000000001,-268.5,0.));
#9321=CARTESIAN_POINT('',(75.0000000000001,-268.5,4.));
#9322=CARTESIAN_POINT('Origin',(0.,-618.,4.));
#9323=CARTESIAN_POINT('',(75.0000000000001,-618.,0.));
#9324=CARTESIAN_POINT('',(0.,-618.,0.));
#9325=CARTESIAN_POINT('',(37.5000000000001,-618.,0.));
#9326=CARTESIAN_POINT('',(75.0000000000001,-618.,4.));
#9327=CARTESIAN_POINT('',(75.0000000000001,-618.,4.));
#9328=CARTESIAN_POINT('',(0.,-618.,4.));
#9329=CARTESIAN_POINT('',(37.5000000000001,-618.,4.));
#9330=CARTESIAN_POINT('',(1.13466514392698E-13,-618.,2.));
#9331=CARTESIAN_POINT('Origin',(75.0000000000001,-624.,4.));
#9332=CARTESIAN_POINT('',(0.,-624.,0.));
#9333=CARTESIAN_POINT('',(75.0000000000001,-624.,0.));
#9334=CARTESIAN_POINT('',(75.0000000000001,-624.,0.));
#9335=CARTESIAN_POINT('',(0.,-624.,4.));
#9336=CARTESIAN_POINT('',(1.15463194561016E-13,-624.,2.));
#9337=CARTESIAN_POINT('',(75.0000000000001,-624.,4.));
#9338=CARTESIAN_POINT('',(75.0000000000001,-624.,4.));
#9339=CARTESIAN_POINT('',(75.0000000000001,-624.,4.));
#9340=CARTESIAN_POINT('Origin',(75.0000000000001,-618.,4.));
#9341=CARTESIAN_POINT('',(75.0000000000001,-502.5,0.));
#9342=CARTESIAN_POINT('',(75.0000000000001,-502.5,4.));
#9343=CARTESIAN_POINT('Origin',(0.,0.,0.));
#9344=CARTESIAN_POINT('',(1.4210854715202E-13,-774.,0.));
#9345=CARTESIAN_POINT('',(0.,0.,0.));
#9346=CARTESIAN_POINT('',(1.4210854715202E-13,-774.,4.));
#9347=CARTESIAN_POINT('',(1.4210854715202E-13,-774.,0.));
#9348=CARTESIAN_POINT('',(0.,0.,4.));
#9349=CARTESIAN_POINT('Origin',(0.,0.,0.));
#9350=CARTESIAN_POINT('',(0.,0.,4.));
#9351=CARTESIAN_POINT('',(0.,0.,4.));
#9352=CARTESIAN_POINT('',(0.,0.,0.));
#9353=CARTESIAN_POINT('',(0.,0.,0.));
#9354=CARTESIAN_POINT('',(0.,0.,0.));
#9355=CARTESIAN_POINT('Origin',(0.,0.,0.));
#9356=CARTESIAN_POINT('',(0.,0.,0.));
#9357=CARTESIAN_POINT('',(0.,0.,4.));
#9358=CARTESIAN_POINT('Origin',(0.,0.,0.));
#9359=CARTESIAN_POINT('',(0.,0.,4.));
#9360=CARTESIAN_POINT('',(0.,0.,0.));
#9361=CARTESIAN_POINT('Origin',(0.,0.,0.));
#9362=CARTESIAN_POINT('',(0.,0.,0.));
#9363=CARTESIAN_POINT('',(0.,0.,4.));
#9364=CARTESIAN_POINT('Origin',(75.0000000000001,-387.,0.));
#9365=CARTESIAN_POINT('',(150.,0.,0.));
#9366=CARTESIAN_POINT('',(150.,0.,0.));
#9367=CARTESIAN_POINT('',(150.,-774.,0.));
#9368=CARTESIAN_POINT('',(150.,-774.,0.));
#9369=CARTESIAN_POINT('',(1.4210854715202E-13,-774.,0.));
#9370=CARTESIAN_POINT('Origin',(150.,0.,0.));
#9371=CARTESIAN_POINT('',(150.,0.,4.));
#9372=CARTESIAN_POINT('',(150.,0.,4.));
#9373=CARTESIAN_POINT('',(150.,0.,0.));
#9374=CARTESIAN_POINT('Origin',(150.,-774.,0.));
#9375=CARTESIAN_POINT('',(150.,-774.,4.));
#9376=CARTESIAN_POINT('',(150.,-774.,4.));
#9377=CARTESIAN_POINT('',(150.,-774.,0.));
#9378=CARTESIAN_POINT('Origin',(1.4210854715202E-13,-774.,0.));
#9379=CARTESIAN_POINT('',(1.4210854715202E-13,-774.,4.));
#9380=CARTESIAN_POINT('Origin',(75.0000000000001,-387.,4.));
#9381=CARTESIAN_POINT('',(0.,0.,0.));
#9382=CARTESIAN_POINT('Origin',(0.,0.,0.));
#9383=CARTESIAN_POINT('',(0.,0.,0.));
#9384=CARTESIAN_POINT('',(-3.19744231092045E-13,0.,-1636.));
#9385=CARTESIAN_POINT('',(0.,0.,0.));
#9386=CARTESIAN_POINT('',(-3.19744231092045E-13,6.,-1636.));
#9387=CARTESIAN_POINT('',(-3.19744231092045E-13,0.,-1636.));
#9388=CARTESIAN_POINT('',(0.,6.,0.));
#9389=CARTESIAN_POINT('',(0.,6.,0.));
#9390=CARTESIAN_POINT('',(0.,0.,0.));
#9391=CARTESIAN_POINT('Origin',(-150.,0.,0.));
#9392=CARTESIAN_POINT('',(-150.,0.,0.));
#9393=CARTESIAN_POINT('',(-150.,0.,0.));
#9394=CARTESIAN_POINT('',(-150.,6.,0.));
#9395=CARTESIAN_POINT('',(-150.,6.,0.));
#9396=CARTESIAN_POINT('',(-150.,0.,0.));
#9397=CARTESIAN_POINT('Origin',(-150.,0.,-1636.));
#9398=CARTESIAN_POINT('',(-150.,0.,-1636.));
#9399=CARTESIAN_POINT('',(-150.,0.,-1636.));
#9400=CARTESIAN_POINT('',(-150.,6.,-1636.));
#9401=CARTESIAN_POINT('',(-150.,6.,-1636.));
#9402=CARTESIAN_POINT('',(-150.,0.,-1636.));
#9403=CARTESIAN_POINT('Origin',(-3.19744231092045E-13,0.,-1636.));
#9404=CARTESIAN_POINT('',(-3.19744231092045E-13,0.,-1636.));
#9405=CARTESIAN_POINT('',(-3.19744231092045E-13,6.,-1636.));
#9406=CARTESIAN_POINT('Origin',(-75.0000000000002,6.,-818.));
#9407=CARTESIAN_POINT('Origin',(-75.0000000000002,0.,-818.));
#9408=CARTESIAN_POINT('',(-723.317403757033,508.254424615641,453.462167784389));
#9409=CARTESIAN_POINT('',(-723.317403757031,664.25442461564,453.462167784387));
#9410=CARTESIAN_POINT('',(-723.317403757032,820.254424615638,453.462167784388));
#9411=CARTESIAN_POINT('',(-723.317403757029,976.254424615636,453.462167784387));
#9412=CARTESIAN_POINT('',(-873.317403757027,1132.25442461564,249.462167784388));
#9413=CARTESIAN_POINT('',(-873.317403757028,1132.25442461564,-58.5378322156093));
#9414=CARTESIAN_POINT('',(-873.317403757028,1132.25442461564,-212.537832215608));
#9415=CARTESIAN_POINT('',(-873.317403757028,1132.25442461564,-366.537832215607));
#9416=CARTESIAN_POINT('',(-873.317403757028,1132.25442461563,-520.537832215606));
#9417=CARTESIAN_POINT('',(-873.317403757029,1132.25442461563,-674.537832215605));
#9418=CARTESIAN_POINT('',(-873.317403757029,1132.25442461564,-828.537832215603));
#9419=CARTESIAN_POINT('',(-873.317403757028,1132.25442461563,-982.537832215602));
#9420=CARTESIAN_POINT('',(-873.317403757028,1132.25442461564,95.4621677843899));
#9421=CARTESIAN_POINT('',(-723.317403757029,1132.25442461564,453.462167784388));
#9422=CARTESIAN_POINT('',(-873.317403757033,358.254424615634,453.462167784385));
#9423=CARTESIAN_POINT('',(0.,0.,0.));
#9424=CARTESIAN_POINT('Ctrl Pts',(3.,4.,7.));
#9425=CARTESIAN_POINT('Ctrl Pts',(2.21460183660255,4.33659921288462,7.));
#9426=CARTESIAN_POINT('Ctrl Pts',(0.644378842604614,5.00955192459802,6.88553839195219));
#9427=CARTESIAN_POINT('Ctrl Pts',(-1.6811050967945,6.00618789862622,6.33549047296313));
#9428=CARTESIAN_POINT('Ctrl Pts',(-3.18723063080478,6.65167027034491,5.52617176904048));
#9429=CARTESIAN_POINT('Ctrl Pts',(-3.751264335312,6.893399000848,4.83298165741809));
#9430=CARTESIAN_POINT('Ctrl Pts',(-3.95590937324352,6.98110401710436,4.39273189692697));
#9431=CARTESIAN_POINT('Ctrl Pts',(-4.,7.,4.16829960644231));
#9432=CARTESIAN_POINT('Ctrl Pts',(-4.,7.,4.));
#9433=CARTESIAN_POINT('Ctrl Pts',(3.,4.,7.));
#9434=CARTESIAN_POINT('Ctrl Pts',(2.30008735098594,4.42208472726802,7.));
#9435=CARTESIAN_POINT('Ctrl Pts',(0.901814842053647,5.26444153876485,6.82606718777589));
#9436=CARTESIAN_POINT('Ctrl Pts',(-1.11106059652205,6.39569978191176,6.03462007982428));
#9437=CARTESIAN_POINT('Ctrl Pts',(-2.27768396471256,6.88949049741707,5.07484412313319));
#9438=CARTESIAN_POINT('Ctrl Pts',(-2.64651778768254,6.97185488346833,4.53014535493328));
#9439=CARTESIAN_POINT('Ctrl Pts',(-2.77655855265113,6.99623371494056,4.23604525056981));
#9440=CARTESIAN_POINT('Ctrl Pts',(-2.80320279863246,7.,4.10023231069995));
#9441=CARTESIAN_POINT('Ctrl Pts',(-2.80320279863246,7.,4.));
#9442=CARTESIAN_POINT('Ctrl Pts',(3.,4.,7.));
#9443=CARTESIAN_POINT('Ctrl Pts',(2.44968700115689,4.57168437743896,7.));
#9444=CARTESIAN_POINT('Ctrl Pts',(1.35256920046593,5.7116667054195,6.78111161972604));
#9445=CARTESIAN_POINT('Ctrl Pts',(-0.111942569115931,7.25427601547536,5.79908665352196));
#9446=CARTESIAN_POINT('Ctrl Pts',(-0.690351907951594,7.90883853227369,4.69173978284541));
#9447=CARTESIAN_POINT('Ctrl Pts',(-0.728551610968988,7.98421553811806,4.26632739412077));
#9448=CARTESIAN_POINT('Ctrl Pts',(-0.733909991520157,8.00343925930709,4.09707097615564));
#9449=CARTESIAN_POINT('Ctrl Pts',(-0.729483406059686,8.0021236953302,4.04143794679985));
#9450=CARTESIAN_POINT('Ctrl Pts',(-0.729483406059686,8.0021236953302,4.));
#9451=CARTESIAN_POINT('Ctrl Pts',(3.,4.,7.));
#9452=CARTESIAN_POINT('Ctrl Pts',(2.59928665132783,4.7212840276099,7.));
#9453=CARTESIAN_POINT('Ctrl Pts',(1.79941350074516,6.16239641397672,6.8406531599721));
#9454=CARTESIAN_POINT('Ctrl Pts',(0.702289960270937,8.25289589889471,6.10952397294251));
#9455=CARTESIAN_POINT('Ctrl Pts',(0.170750031490026,9.50421766027289,5.188563752542));
#9456=CARTESIAN_POINT('Ctrl Pts',(0.0479162998193784,9.9225368846484,4.60719902453169));
#9457=CARTESIAN_POINT('Ctrl Pts',(0.00697266878655141,10.0720271857324,
4.27557006509));
#9458=CARTESIAN_POINT('Ctrl Pts',(-3.86879837855415E-15,10.1024020989743,
4.11795605592916));
#9459=CARTESIAN_POINT('Ctrl Pts',(-3.78424463632565E-15,10.1024020989743,
4.));
#9460=CARTESIAN_POINT('Ctrl Pts',(3.,4.,7.));
#9461=CARTESIAN_POINT('Ctrl Pts',(2.66340078711538,4.78539816339745,7.));
#9462=CARTESIAN_POINT('Ctrl Pts',(1.99044807540197,6.35562115739539,6.88553839195219));
#9463=CARTESIAN_POINT('Ctrl Pts',(0.993812101373782,8.6811050967945,6.33549047296313));
#9464=CARTESIAN_POINT('Ctrl Pts',(0.34832972965509,10.1872306308048,5.52617176904048));
#9465=CARTESIAN_POINT('Ctrl Pts',(0.106600999151998,10.751264335312,4.83298165741809));
#9466=CARTESIAN_POINT('Ctrl Pts',(0.018895982895631,10.9559093732435,4.39273189692697));
#9467=CARTESIAN_POINT('Ctrl Pts',(-3.52108283398234E-15,11.,4.16829960644231));
#9468=CARTESIAN_POINT('Ctrl Pts',(-3.33066907387547E-15,11.,4.));
#9469=CARTESIAN_POINT('',(5.55111512312578E-16,11.,4.));
#9470=CARTESIAN_POINT('',(-4.00000000000001,7.,4.));
#9471=CARTESIAN_POINT('Origin',(-4.,11.,4.));
#9472=CARTESIAN_POINT('',(3.,4.,7.));
#9473=CARTESIAN_POINT('Origin',(3.,4.,4.));
#9474=CARTESIAN_POINT('Origin',(3.,4.,4.));
#9475=CARTESIAN_POINT('Origin',(-4.00000000000001,11.,-25.));
#9476=CARTESIAN_POINT('',(-4.,7.,-35.));
#9477=CARTESIAN_POINT('',(-6.66133814775094E-15,11.,-35.));
#9478=CARTESIAN_POINT('Origin',(-4.00000000000001,11.,-35.));
#9479=CARTESIAN_POINT('',(-4.00000000000001,7.,-25.));
#9480=CARTESIAN_POINT('',(-4.44089209850063E-15,11.,-25.));
#9481=CARTESIAN_POINT('Origin',(-37.5,4.,4.));
#9482=CARTESIAN_POINT('',(-47.,7.,4.));
#9483=CARTESIAN_POINT('',(-37.5,7.,4.));
#9484=CARTESIAN_POINT('',(-50.,4.,7.));
#9485=CARTESIAN_POINT('Origin',(-47.,4.,4.));
#9486=CARTESIAN_POINT('',(-37.5,4.,7.));
#9487=CARTESIAN_POINT('Origin',(-25.,7.,-25.));
#9488=CARTESIAN_POINT('',(-47.,7.,-35.));
#9489=CARTESIAN_POINT('',(-25.,7.,-35.));
#9490=CARTESIAN_POINT('',(-47.,7.,-37.5));
#9491=CARTESIAN_POINT('Origin',(42.75,10.5,-28.75));
#9492=CARTESIAN_POINT('',(45.75,8.88178419700125E-15,-28.75));
#9493=CARTESIAN_POINT('',(42.75,9.43287525661756E-15,-31.75));
#9494=CARTESIAN_POINT('Origin',(42.75,0.,-28.75));
#9495=CARTESIAN_POINT('',(42.75,42.,-31.75));
#9496=CARTESIAN_POINT('',(42.75,10.5,-31.75));
#9497=CARTESIAN_POINT('',(45.75,42.,-28.75));
#9498=CARTESIAN_POINT('Origin',(42.75,42.,-28.75));
#9499=CARTESIAN_POINT('',(45.75,10.5,-28.75));
#9500=CARTESIAN_POINT('Origin',(45.75,42.,1.80451932069306E-30));
#9501=CARTESIAN_POINT('',(41.75,42.,-31.75));
#9502=CARTESIAN_POINT('',(38.75,42.,-31.75));
#9503=CARTESIAN_POINT('',(38.75,42.,-28.75));
#9504=CARTESIAN_POINT('Origin',(41.75,42.,-28.75));
#9505=CARTESIAN_POINT('',(38.75,42.,1.52841800386571E-30));
#9506=CARTESIAN_POINT('',(38.75,42.,1.52841800386571E-30));
#9507=CARTESIAN_POINT('',(6.99999999999999,42.,2.76101316827354E-31));
#9508=CARTESIAN_POINT('',(45.75,42.,1.80451932069306E-30));
#9509=CARTESIAN_POINT('',(0.,42.,0.));
#9510=CARTESIAN_POINT('',(-2.125,42.,-8.38164711797325E-32));
#9511=CARTESIAN_POINT('',(0.,42.,4.));
#9512=CARTESIAN_POINT('',(0.,42.,0.));
#9513=CARTESIAN_POINT('',(3.,42.,7.));
#9514=CARTESIAN_POINT('Origin',(3.,42.,4.));
#9515=CARTESIAN_POINT('',(45.75,42.,7.));
#9516=CARTESIAN_POINT('',(45.75,42.,7.));
#9517=CARTESIAN_POINT('',(45.75,42.,1.80451932069306E-30));
#9518=CARTESIAN_POINT('Origin',(42.25,21.,-31.75));
#9519=CARTESIAN_POINT('',(41.75,9.61657227648966E-15,-31.75));
#9520=CARTESIAN_POINT('',(45.75,8.88178419700125E-15,-31.75));
#9521=CARTESIAN_POINT('',(41.75,10.5,-31.75));
#9522=CARTESIAN_POINT('Origin',(41.75,10.5,-28.75));
#9523=CARTESIAN_POINT('',(38.75,1.0167663336106E-14,-28.75));
#9524=CARTESIAN_POINT('Origin',(41.75,0.,-28.75));
#9525=CARTESIAN_POINT('',(38.75,10.5,-28.75));
#9526=CARTESIAN_POINT('Origin',(3.99999999999999,25.,-37.));
#9527=CARTESIAN_POINT('',(3.99999999999999,95.,-40.));
#9528=CARTESIAN_POINT('',(6.99999999999999,95.,-37.));
#9529=CARTESIAN_POINT('Origin',(3.99999999999999,95.,-37.));
#9530=CARTESIAN_POINT('',(6.99999999999999,0.,-37.));
#9531=CARTESIAN_POINT('',(6.99999999999999,25.,-37.));
#9532=CARTESIAN_POINT('',(3.99999999999999,0.,-40.));
#9533=CARTESIAN_POINT('Origin',(3.99999999999999,0.,-37.));
#9534=CARTESIAN_POINT('',(3.99999999999999,25.,-40.));
#9535=CARTESIAN_POINT('Origin',(6.99999999999999,50.,-25.));
#9536=CARTESIAN_POINT('',(7.,95.,0.));
#9537=CARTESIAN_POINT('',(6.99999999999999,95.,-50.));
#9538=CARTESIAN_POINT('',(7.,100.,0.));
#9539=CARTESIAN_POINT('',(7.,0.,0.));
#9540=CARTESIAN_POINT('',(7.,100.,0.));
#9541=CARTESIAN_POINT('',(7.,0.,0.));
#9542=CARTESIAN_POINT('',(6.99999999999999,75.,-12.425));
#9543=CARTESIAN_POINT('Origin',(6.99999999999999,75.,-15.875));
#9544=CARTESIAN_POINT('Origin',(-8.88178419700125E-15,95.,-50.));
#9545=CARTESIAN_POINT('',(-8.88178419700125E-15,95.,-40.));
#9546=CARTESIAN_POINT('',(-8.88178419700125E-15,95.,-40.));
#9547=CARTESIAN_POINT('',(0.,95.,0.));
#9548=CARTESIAN_POINT('',(-8.88178419700125E-15,95.,-50.));
#9549=CARTESIAN_POINT('',(0.,95.,0.));
#9550=CARTESIAN_POINT('Origin',(-47.,4.,-37.5));
#9551=CARTESIAN_POINT('',(-50.,4.,-38.));
#9552=CARTESIAN_POINT('Origin',(-47.,4.,-38.));
#9553=CARTESIAN_POINT('',(-50.,4.,-37.5));
#9554=CARTESIAN_POINT('Origin',(-47.,12.25,-38.));
#9555=CARTESIAN_POINT('',(-47.,39.,-35.));
#9556=CARTESIAN_POINT('',(-47.,12.25,-35.));
#9557=CARTESIAN_POINT('',(-50.,42.,-38.));
#9558=CARTESIAN_POINT('Origin',(-47.,39.,-38.));
#9559=CARTESIAN_POINT('',(-50.,12.25,-38.));
#9560=CARTESIAN_POINT('Origin',(-12.5,39.,-38.));
#9561=CARTESIAN_POINT('',(-6.66133814775094E-15,39.,-35.));
#9562=CARTESIAN_POINT('',(-12.5,39.,-35.));
#9563=CARTESIAN_POINT('',(-6.75015598972095E-15,42.,-38.));
#9564=CARTESIAN_POINT('Origin',(-4.44089209850063E-15,39.,-38.));
#9565=CARTESIAN_POINT('',(-12.5,42.,-38.));
#9566=CARTESIAN_POINT('Origin',(3.,25.,4.));
#9567=CARTESIAN_POINT('',(3.,25.,7.));
#9568=CARTESIAN_POINT('',(5.55111512312578E-16,25.,4.));
#9569=CARTESIAN_POINT('Origin',(-50.,0.,7.));
#9570=CARTESIAN_POINT('',(-50.,0.,7.));
#9571=CARTESIAN_POINT('',(-50.,0.,7.));
#9572=CARTESIAN_POINT('',(45.75,8.88178419700125E-15,7.));
#9573=CARTESIAN_POINT('',(0.,-5.55626364094745E-61,7.));
#9574=CARTESIAN_POINT('',(45.75,8.88178419700125E-15,7.));
#9575=CARTESIAN_POINT('Origin',(-50.,0.,-50.));
#9576=CARTESIAN_POINT('',(-50.,42.,-40.));
#9577=CARTESIAN_POINT('',(-50.,42.,-40.));
#9578=CARTESIAN_POINT('',(-50.,0.,-40.));
#9579=CARTESIAN_POINT('',(-50.,0.,-40.));
#9580=CARTESIAN_POINT('',(-50.,0.,-50.));
#9581=CARTESIAN_POINT('Origin',(-8.88178419700125E-15,42.,-40.));
#9582=CARTESIAN_POINT('',(-8.88178419700125E-15,42.,-40.));
#9583=CARTESIAN_POINT('',(-5.77315972805081E-15,42.,-32.5));
#9584=CARTESIAN_POINT('',(-50.,42.,-40.));
#9585=CARTESIAN_POINT('Origin',(-25.,24.5,-35.));
#9586=CARTESIAN_POINT('',(-6.66133814775094E-15,37.25,-35.));
#9587=CARTESIAN_POINT('Origin',(-4.44089209850063E-15,50.,-25.));
#9588=CARTESIAN_POINT('',(0.,100.,0.));
#9589=CARTESIAN_POINT('',(-8.88178419700125E-15,0.,-40.));
#9590=CARTESIAN_POINT('',(-4.44089209850063E-15,75.,-12.425));
#9591=CARTESIAN_POINT('Origin',(-4.44089209850063E-15,75.,-15.875));
#9592=CARTESIAN_POINT('Origin',(38.75,1.0167663336106E-14,1.52841800386571E-30));
#9593=CARTESIAN_POINT('',(38.75,1.0167663336106E-14,1.52841800386571E-30));
#9594=CARTESIAN_POINT('',(38.75,1.0167663336106E-14,1.52841800386571E-30));
#9595=CARTESIAN_POINT('',(38.75,10.5,1.52841800386571E-30));
#9596=CARTESIAN_POINT('Origin',(22.875,21.,9.02259660346532E-31));
#9597=CARTESIAN_POINT('',(0.,-5.55626364094745E-61,0.));
#9598=CARTESIAN_POINT('Origin',(45.75,8.88178419700125E-15,1.80451932069306E-30));
#9599=CARTESIAN_POINT('',(45.75,8.88178419700125E-15,1.80451932069306E-30));
#9600=CARTESIAN_POINT('Origin',(-50.,0.,-1.97215226305253E-30));
#9601=CARTESIAN_POINT('Origin',(6.99999999999999,75.,-15.875));
#9602=CARTESIAN_POINT('',(6.99999999999999,75.,-12.425));
#9603=CARTESIAN_POINT('Origin',(-8.88178419700125E-15,0.,-40.));
#9604=CARTESIAN_POINT('',(-8.88178419700125E-15,0.,-40.));
#9605=CARTESIAN_POINT('Origin',(-25.,0.,-25.));
#9606=CARTESIAN_POINT('',(0.,0.,0.));
#9607=CARTESIAN_POINT('Origin',(-15.875,245.,0.));
#9608=CARTESIAN_POINT('',(-21.875,245.,-29.7500000000291));
#9609=CARTESIAN_POINT('Origin',(-15.875,245.,-29.7500000000291));
#9610=CARTESIAN_POINT('',(-21.875,245.,-31.75));
#9611=CARTESIAN_POINT('',(-21.875,245.,0.));
#9612=CARTESIAN_POINT('Origin',(-15.875,245.,-31.75));
#9613=CARTESIAN_POINT('Origin',(-15.875,245.,0.));
#9614=CARTESIAN_POINT('',(-21.875,245.,0.));
#9615=CARTESIAN_POINT('Origin',(-15.875,245.,0.));
#9616=CARTESIAN_POINT('',(-21.875,245.,-1.99999999998545));
#9617=CARTESIAN_POINT('',(-21.875,245.,0.));
#9618=CARTESIAN_POINT('Origin',(-15.875,245.,-1.99999999998545));
#9619=CARTESIAN_POINT('Origin',(-15.875,1274.,0.));
#9620=CARTESIAN_POINT('',(-21.8749999999999,1274.,-29.7500000000291));
#9621=CARTESIAN_POINT('Origin',(-15.875,1274.,-29.7500000000291));
#9622=CARTESIAN_POINT('',(-21.8749999999999,1274.,-31.75));
#9623=CARTESIAN_POINT('',(-21.8749999999999,1274.,0.));
#9624=CARTESIAN_POINT('Origin',(-15.875,1274.,-31.75));
#9625=CARTESIAN_POINT('Origin',(-15.875,1274.,0.));
#9626=CARTESIAN_POINT('',(-21.8749999999999,1274.,0.));
#9627=CARTESIAN_POINT('Origin',(-15.875,1274.,0.));
#9628=CARTESIAN_POINT('',(-21.8749999999999,1274.,-1.99999999998545));
#9629=CARTESIAN_POINT('',(-21.8749999999999,1274.,0.));
#9630=CARTESIAN_POINT('Origin',(-15.875,1274.,-1.99999999998545));
#9631=CARTESIAN_POINT('Origin',(-15.875,1212.25,0.));
#9632=CARTESIAN_POINT('',(-21.875,1212.25,-29.7500000000291));
#9633=CARTESIAN_POINT('Origin',(-15.875,1212.25,-29.7500000000291));
#9634=CARTESIAN_POINT('',(-21.875,1212.25,-31.75));
#9635=CARTESIAN_POINT('',(-21.875,1212.25,0.));
#9636=CARTESIAN_POINT('Origin',(-15.875,1212.25,-31.75));
#9637=CARTESIAN_POINT('Origin',(-15.875,1212.25,0.));
#9638=CARTESIAN_POINT('',(-21.875,1212.25,0.));
#9639=CARTESIAN_POINT('Origin',(-15.875,1212.25,0.));
#9640=CARTESIAN_POINT('',(-21.875,1212.25,-1.99999999998545));
#9641=CARTESIAN_POINT('',(-21.875,1212.25,0.));
#9642=CARTESIAN_POINT('Origin',(-15.875,1212.25,-1.99999999998545));
#9643=CARTESIAN_POINT('Origin',(15.,1310.,-15.875));
#9644=CARTESIAN_POINT('',(21.,1304.,-15.875));
#9645=CARTESIAN_POINT('Origin',(15.,1304.,-15.875));
#9646=CARTESIAN_POINT('',(21.,1310.,-15.875));
#9647=CARTESIAN_POINT('',(21.,1310.,-15.875));
#9648=CARTESIAN_POINT('Origin',(15.,1310.,-15.875));
#9649=CARTESIAN_POINT('Origin',(30.,1310.,-31.75));
#9650=CARTESIAN_POINT('',(30.,1310.,0.));
#9651=CARTESIAN_POINT('',(30.,1310.,-31.75));
#9652=CARTESIAN_POINT('',(30.,1310.,0.));
#9653=CARTESIAN_POINT('',(30.,1304.,0.));
#9654=CARTESIAN_POINT('',(30.,1310.,0.));
#9655=CARTESIAN_POINT('',(30.,1304.,-31.75));
#9656=CARTESIAN_POINT('',(30.,1304.,0.));
#9657=CARTESIAN_POINT('',(30.,1310.,-31.75));
#9658=CARTESIAN_POINT('Origin',(15.,1304.,-15.875));
#9659=CARTESIAN_POINT('',(0.,1304.,-31.75));
#9660=CARTESIAN_POINT('',(30.,1304.,-31.75));
#9661=CARTESIAN_POINT('',(0.,1304.,0.));
#9662=CARTESIAN_POINT('',(-61.75,1304.,0.));
#9663=CARTESIAN_POINT('',(0.,1304.,-7.9375));
#9664=CARTESIAN_POINT('Origin',(-46.75,1310.,-15.875));
#9665=CARTESIAN_POINT('',(-40.75,1304.,-15.875));
#9666=CARTESIAN_POINT('Origin',(-46.75,1304.,-15.875));
#9667=CARTESIAN_POINT('',(-40.75,1310.,-15.875));
#9668=CARTESIAN_POINT('',(-40.75,1310.,-15.875));
#9669=CARTESIAN_POINT('Origin',(-46.75,1310.,-15.875));
#9670=CARTESIAN_POINT('Origin',(-61.75,1310.,0.));
#9671=CARTESIAN_POINT('',(-61.75,1310.,-31.75));
#9672=CARTESIAN_POINT('',(-61.75,1310.,0.));
#9673=CARTESIAN_POINT('',(-61.75,1310.,-31.75));
#9674=CARTESIAN_POINT('',(-61.75,1304.,-31.75));
#9675=CARTESIAN_POINT('',(-61.75,1310.,-31.75));
#9676=CARTESIAN_POINT('',(-61.75,1304.,0.));
#9677=CARTESIAN_POINT('',(-61.75,1304.,-31.75));
#9678=CARTESIAN_POINT('',(-61.75,1310.,0.));
#9679=CARTESIAN_POINT('Origin',(-46.75,1304.,-15.875));
#9680=CARTESIAN_POINT('',(-31.75,1304.,-31.75));
#9681=CARTESIAN_POINT('',(-31.75,1304.,-31.75));
#9682=CARTESIAN_POINT('',(-31.75,1304.,0.));
#9683=CARTESIAN_POINT('',(-31.75,1304.,-23.8125));
#9684=CARTESIAN_POINT('',(-61.75,1304.,0.));
#9685=CARTESIAN_POINT('Origin',(-31.75,0.,-31.75));
#9686=CARTESIAN_POINT('',(-31.75,6.,-31.75));
#9687=CARTESIAN_POINT('',(-31.75,0.,-31.75));
#9688=CARTESIAN_POINT('',(-31.75,6.,0.));
#9689=CARTESIAN_POINT('',(-31.75,6.,-23.8125));
#9690=CARTESIAN_POINT('',(-31.75,0.,0.));
#9691=CARTESIAN_POINT('Origin',(15.,0.,-15.875));
#9692=CARTESIAN_POINT('',(21.,6.,-15.875));
#9693=CARTESIAN_POINT('Origin',(15.,6.,-15.875));
#9694=CARTESIAN_POINT('',(21.,0.,-15.875));
#9695=CARTESIAN_POINT('',(21.,0.,-15.875));
#9696=CARTESIAN_POINT('Origin',(15.,0.,-15.875));
#9697=CARTESIAN_POINT('Origin',(30.,0.,0.));
#9698=CARTESIAN_POINT('',(30.,0.,-31.75));
#9699=CARTESIAN_POINT('',(30.,0.,0.));
#9700=CARTESIAN_POINT('',(30.,0.,-31.75));
#9701=CARTESIAN_POINT('',(30.,6.,-31.75));
#9702=CARTESIAN_POINT('',(30.,0.,-31.75));
#9703=CARTESIAN_POINT('',(30.,6.,0.));
#9704=CARTESIAN_POINT('',(30.,6.,-31.75));
#9705=CARTESIAN_POINT('',(30.,0.,0.));
#9706=CARTESIAN_POINT('Origin',(15.,6.,-15.875));
#9707=CARTESIAN_POINT('',(0.,6.,-31.75));
#9708=CARTESIAN_POINT('',(0.,6.,-31.75));
#9709=CARTESIAN_POINT('',(0.,6.,0.));
#9710=CARTESIAN_POINT('',(0.,6.,-7.9375));
#9711=CARTESIAN_POINT('',(30.,6.,0.));
#9712=CARTESIAN_POINT('Origin',(-46.75,0.,-15.875));
#9713=CARTESIAN_POINT('',(-40.75,6.,-15.875));
#9714=CARTESIAN_POINT('Origin',(-46.75,6.,-15.875));
#9715=CARTESIAN_POINT('',(-40.75,0.,-15.875));
#9716=CARTESIAN_POINT('',(-40.75,0.,-15.875));
#9717=CARTESIAN_POINT('Origin',(-46.75,0.,-15.875));
#9718=CARTESIAN_POINT('Origin',(-61.75,0.,-31.75));
#9719=CARTESIAN_POINT('',(-61.75,0.,0.));
#9720=CARTESIAN_POINT('',(-61.75,0.,-31.75));
#9721=CARTESIAN_POINT('',(-61.75,0.,0.));
#9722=CARTESIAN_POINT('',(-61.75,6.,0.));
#9723=CARTESIAN_POINT('',(-61.75,0.,0.));
#9724=CARTESIAN_POINT('',(-61.75,6.,-31.75));
#9725=CARTESIAN_POINT('',(-61.75,6.,0.));
#9726=CARTESIAN_POINT('',(-61.75,0.,-31.75));
#9727=CARTESIAN_POINT('Origin',(-46.75,6.,-15.875));
#9728=CARTESIAN_POINT('',(-61.75,6.,-31.75));
#9729=CARTESIAN_POINT('',(-31.75,6.,0.));
#9730=CARTESIAN_POINT('Origin',(0.,0.,0.));
#9731=CARTESIAN_POINT('',(0.,0.,0.));
#9732=CARTESIAN_POINT('',(0.,0.,-31.75));
#9733=CARTESIAN_POINT('Origin',(-15.875,687.,0.));
#9734=CARTESIAN_POINT('',(-21.875,687.,-29.7500000000291));
#9735=CARTESIAN_POINT('Origin',(-15.875,687.,-29.7500000000291));
#9736=CARTESIAN_POINT('',(-21.875,687.,-31.75));
#9737=CARTESIAN_POINT('',(-21.875,687.,0.));
#9738=CARTESIAN_POINT('Origin',(-15.875,687.,-31.75));
#9739=CARTESIAN_POINT('Origin',(-15.875,687.,0.));
#9740=CARTESIAN_POINT('',(-21.875,687.,0.));
#9741=CARTESIAN_POINT('Origin',(-15.875,687.,0.));
#9742=CARTESIAN_POINT('',(-21.875,687.,-1.99999999998545));
#9743=CARTESIAN_POINT('',(-21.875,687.,0.));
#9744=CARTESIAN_POINT('Origin',(-15.875,687.,-1.99999999998545));
#9745=CARTESIAN_POINT('Origin',(-15.875,375.,0.));
#9746=CARTESIAN_POINT('',(-21.875,375.,-29.7500000000291));
#9747=CARTESIAN_POINT('Origin',(-15.875,375.,-29.7500000000291));
#9748=CARTESIAN_POINT('',(-21.875,375.,-31.75));
#9749=CARTESIAN_POINT('',(-21.875,375.,0.));
#9750=CARTESIAN_POINT('Origin',(-15.875,375.,-31.75));
#9751=CARTESIAN_POINT('Origin',(-15.875,375.,0.));
#9752=CARTESIAN_POINT('',(-21.875,375.,0.));
#9753=CARTESIAN_POINT('Origin',(-15.875,375.,0.));
#9754=CARTESIAN_POINT('',(-21.875,375.,-1.99999999998545));
#9755=CARTESIAN_POINT('',(-21.875,375.,0.));
#9756=CARTESIAN_POINT('Origin',(-15.875,375.,-1.99999999998545));
#9757=CARTESIAN_POINT('Origin',(-15.875,1155.,0.));
#9758=CARTESIAN_POINT('',(-21.875,1155.,-29.7500000000291));
#9759=CARTESIAN_POINT('Origin',(-15.875,1155.,-29.7500000000291));
#9760=CARTESIAN_POINT('',(-21.875,1155.,-31.75));
#9761=CARTESIAN_POINT('',(-21.875,1155.,0.));
#9762=CARTESIAN_POINT('Origin',(-15.875,1155.,-31.75));
#9763=CARTESIAN_POINT('Origin',(-15.875,1155.,0.));
#9764=CARTESIAN_POINT('',(-21.875,1155.,0.));
#9765=CARTESIAN_POINT('Origin',(-15.875,1155.,0.));
#9766=CARTESIAN_POINT('',(-21.875,1155.,-1.99999999998545));
#9767=CARTESIAN_POINT('',(-21.875,1155.,0.));
#9768=CARTESIAN_POINT('Origin',(-15.875,1155.,-1.99999999998545));
#9769=CARTESIAN_POINT('Origin',(-15.875,843.,0.));
#9770=CARTESIAN_POINT('',(-21.875,843.,-29.7500000000291));
#9771=CARTESIAN_POINT('Origin',(-15.875,843.,-29.7500000000291));
#9772=CARTESIAN_POINT('',(-21.875,843.,-31.75));
#9773=CARTESIAN_POINT('',(-21.875,843.,0.));
#9774=CARTESIAN_POINT('Origin',(-15.875,843.,-31.75));
#9775=CARTESIAN_POINT('Origin',(-15.875,843.,0.));
#9776=CARTESIAN_POINT('',(-21.875,843.,0.));
#9777=CARTESIAN_POINT('Origin',(-15.875,843.,0.));
#9778=CARTESIAN_POINT('',(-21.875,843.,-1.99999999998545));
#9779=CARTESIAN_POINT('',(-21.875,843.,0.));
#9780=CARTESIAN_POINT('Origin',(-15.875,843.,-1.99999999998545));
#9781=CARTESIAN_POINT('Origin',(-15.875,531.,0.));
#9782=CARTESIAN_POINT('',(-21.875,531.,-29.7500000000291));
#9783=CARTESIAN_POINT('Origin',(-15.875,531.,-29.7500000000291));
#9784=CARTESIAN_POINT('',(-21.875,531.,-31.75));
#9785=CARTESIAN_POINT('',(-21.875,531.,0.));
#9786=CARTESIAN_POINT('Origin',(-15.875,531.,-31.75));
#9787=CARTESIAN_POINT('Origin',(-15.875,531.,0.));
#9788=CARTESIAN_POINT('',(-21.875,531.,0.));
#9789=CARTESIAN_POINT('Origin',(-15.875,531.,0.));
#9790=CARTESIAN_POINT('',(-21.875,531.,-1.99999999998545));
#9791=CARTESIAN_POINT('',(-21.875,531.,0.));
#9792=CARTESIAN_POINT('Origin',(-15.875,531.,-1.99999999998545));
#9793=CARTESIAN_POINT('Origin',(-15.875,999.,0.));
#9794=CARTESIAN_POINT('',(-21.875,999.,-29.7500000000291));
#9795=CARTESIAN_POINT('Origin',(-15.875,999.,-29.7500000000291));
#9796=CARTESIAN_POINT('',(-21.875,999.,-31.75));
#9797=CARTESIAN_POINT('',(-21.875,999.,0.));
#9798=CARTESIAN_POINT('Origin',(-15.875,999.,-31.75));
#9799=CARTESIAN_POINT('Origin',(-15.875,999.,0.));
#9800=CARTESIAN_POINT('',(-21.875,999.,0.));
#9801=CARTESIAN_POINT('Origin',(-15.875,999.,0.));
#9802=CARTESIAN_POINT('',(-21.875,999.,-1.99999999998545));
#9803=CARTESIAN_POINT('',(-21.875,999.,0.));
#9804=CARTESIAN_POINT('Origin',(-15.875,999.,-1.99999999998545));
#9805=CARTESIAN_POINT('Origin',(-29.7500000000291,0.,-1.99999999998545));
#9806=CARTESIAN_POINT('',(-29.7500000000291,0.,-1.99999999998545));
#9807=CARTESIAN_POINT('',(-29.7500000000291,0.,-29.7500000000291));
#9808=CARTESIAN_POINT('',(-29.7500000000291,0.,-1.99999999998545));
#9809=CARTESIAN_POINT('',(-29.7500000000291,1310.,-29.7500000000291));
#9810=CARTESIAN_POINT('',(-29.7500000000291,0.,-29.7500000000291));
#9811=CARTESIAN_POINT('',(-29.7500000000291,1310.,-1.99999999998545));
#9812=CARTESIAN_POINT('',(-29.7500000000291,1310.,-1.99999999998545));
#9813=CARTESIAN_POINT('',(-29.7500000000291,0.,-1.99999999998545));
#9814=CARTESIAN_POINT('Origin',(-1.99999999998545,0.,-1.99999999998545));
#9815=CARTESIAN_POINT('',(-1.99999999998545,0.,-1.99999999998545));
#9816=CARTESIAN_POINT('',(-1.99999999998545,0.,-1.99999999998545));
#9817=CARTESIAN_POINT('',(-1.99999999998545,1310.,-1.99999999998545));
#9818=CARTESIAN_POINT('',(-1.99999999998545,1310.,-1.99999999998545));
#9819=CARTESIAN_POINT('',(-1.99999999998545,0.,-1.99999999998545));
#9820=CARTESIAN_POINT('Origin',(-1.99999999998545,0.,-29.7500000000291));
#9821=CARTESIAN_POINT('',(-1.99999999998545,0.,-29.7500000000291));
#9822=CARTESIAN_POINT('',(-1.99999999998545,0.,-29.7500000000291));
#9823=CARTESIAN_POINT('',(-1.99999999998545,1310.,-29.7500000000291));
#9824=CARTESIAN_POINT('',(-1.99999999998545,1310.,-29.7500000000291));
#9825=CARTESIAN_POINT('',(-1.99999999998545,0.,-29.7500000000291));
#9826=CARTESIAN_POINT('Origin',(-29.7500000000291,0.,-29.7500000000291));
#9827=CARTESIAN_POINT('',(-29.7500000000291,0.,-29.7500000000291));
#9828=CARTESIAN_POINT('',(-29.7500000000291,1310.,-29.7500000000291));
#9829=CARTESIAN_POINT('Origin',(-31.75,0.,0.));
#9830=CARTESIAN_POINT('',(-31.75,0.,0.));
#9831=CARTESIAN_POINT('',(-61.75,1310.,0.));
#9832=CARTESIAN_POINT('Origin',(0.,0.,-31.75));
#9833=CARTESIAN_POINT('',(0.,0.,-31.75));
#9834=CARTESIAN_POINT('',(30.,1310.,-31.75));
#9835=CARTESIAN_POINT('Origin',(-15.875,1310.,-15.875));
#9836=CARTESIAN_POINT('Origin',(-15.875,0.,-15.875));
#9837=CARTESIAN_POINT('',(0.,0.,0.));
#9838=CARTESIAN_POINT('Ctrl Pts',(3.,4.,-147.));
#9839=CARTESIAN_POINT('Ctrl Pts',(2.55120104948717,5.0471975511966,-147.));
#9840=CARTESIAN_POINT('Ctrl Pts',(1.87882404194139,6.61607723547009,-146.84567483124));
#9841=CARTESIAN_POINT('Ctrl Pts',(0.922302901322595,8.84795989691394,-146.245048163292));
#9842=CARTESIAN_POINT('Ctrl Pts',(0.348466460056262,10.186911593202,-145.526077952651));
#9843=CARTESIAN_POINT('Ctrl Pts',(0.050816399816202,10.8814284004289,-144.672928125881));
#9844=CARTESIAN_POINT('Ctrl Pts',(-2.22044604925031E-15,11.,-144.224399475256));
#9845=CARTESIAN_POINT('Ctrl Pts',(-2.22044604925031E-15,11.,-144.));
#9846=CARTESIAN_POINT('Ctrl Pts',(3.,4.,-147.));
#9847=CARTESIAN_POINT('Ctrl Pts',(2.43722036364264,4.93321686535207,-147.));
#9848=CARTESIAN_POINT('Ctrl Pts',(1.59510724653089,6.33073772648989,-146.760292139157));
#9849=CARTESIAN_POINT('Ctrl Pts',(0.548753145750191,8.24062587159182,-145.924871421463));
#9850=CARTESIAN_POINT('Ctrl Pts',(0.10874617605876,9.2780844044747,-145.072137122558));
#9851=CARTESIAN_POINT('Ctrl Pts',(0.0102642499294625,9.73116813191911,-144.402549798324));
#9852=CARTESIAN_POINT('Ctrl Pts',(-2.88480195363291E-15,9.80320279863246,
-144.133643080933));
#9853=CARTESIAN_POINT('Ctrl Pts',(-2.88480195363291E-15,9.80320279863246,
-144.));
#9854=CARTESIAN_POINT('Ctrl Pts',(3.,4.,-147.));
#9855=CARTESIAN_POINT('Ctrl Pts',(2.23775416341472,4.73375066512414,-147.));
#9856=CARTESIAN_POINT('Ctrl Pts',(1.10107117236234,5.82724575978904,-146.696258312495));
#9857=CARTESIAN_POINT('Ctrl Pts',(-0.325367079396463,7.17438702633003,-145.673326465006));
#9858=CARTESIAN_POINT('Ctrl Pts',(-0.90804266997559,7.68928180445218,-144.693069495726));
#9859=CARTESIAN_POINT('Ctrl Pts',(-1.00346907765174,7.73864888083838,-144.167945733557));
#9860=CARTESIAN_POINT('Ctrl Pts',(-1.00449082109386,7.73126588111503,-144.055250595733));
#9861=CARTESIAN_POINT('Ctrl Pts',(-1.00449082109386,7.73126588111503,-144.));
#9862=CARTESIAN_POINT('Ctrl Pts',(3.,4.,-147.));
#9863=CARTESIAN_POINT('Ctrl Pts',(2.03828796318679,4.53428446489622,-147.));
#9864=CARTESIAN_POINT('Ctrl Pts',(0.599788954972407,5.33227317530575,-146.781347460651));
#9865=CARTESIAN_POINT('Ctrl Pts',(-1.39053162964896,6.35610247102434,-146.005545844509));
#9866=CARTESIAN_POINT('Ctrl Pts',(-2.50285537136557,6.82908578723442,-145.188659458692));
#9867=CARTESIAN_POINT('Ctrl Pts',(-3.01919365239074,6.98000944304787,-144.472619818019));
#9868=CARTESIAN_POINT('Ctrl Pts',(-3.10240209897435,7.,-144.157274741239));
#9869=CARTESIAN_POINT('Ctrl Pts',(-3.10240209897435,7.,-144.));
#9870=CARTESIAN_POINT('Ctrl Pts',(3.,4.,-147.));
#9871=CARTESIAN_POINT('Ctrl Pts',(1.9528024488034,4.44879895051282,-147.));
#9872=CARTESIAN_POINT('Ctrl Pts',(0.383922764529912,5.12117595805861,-146.84567483124));
#9873=CARTESIAN_POINT('Ctrl Pts',(-1.84795989691394,6.07769709867741,-146.245048163292));
#9874=CARTESIAN_POINT('Ctrl Pts',(-3.18691159320205,6.65153353994373,-145.526077952651));
#9875=CARTESIAN_POINT('Ctrl Pts',(-3.88142840042886,6.9491836001838,-144.672928125881));
#9876=CARTESIAN_POINT('Ctrl Pts',(-4.,7.,-144.224399475256));
#9877=CARTESIAN_POINT('Ctrl Pts',(-4.,7.,-144.));
#9878=CARTESIAN_POINT('',(-4.,7.,-144.));
#9879=CARTESIAN_POINT('',(5.55111512312578E-16,11.,-144.));
#9880=CARTESIAN_POINT('Origin',(-4.,11.,-144.));
#9881=CARTESIAN_POINT('',(3.,4.,-147.));
#9882=CARTESIAN_POINT('Origin',(3.,4.,-144.));
#9883=CARTESIAN_POINT('Origin',(3.,4.,-144.));
#9884=CARTESIAN_POINT('Origin',(-4.,11.,-115.));
#9885=CARTESIAN_POINT('',(-6.66133814775094E-15,11.,-105.));
#9886=CARTESIAN_POINT('',(-4.,7.,-105.));
#9887=CARTESIAN_POINT('Origin',(-4.00000000000001,11.,-105.));
#9888=CARTESIAN_POINT('',(-4.44089209850063E-15,11.,-115.));
#9889=CARTESIAN_POINT('',(-4.,7.,-115.));
#9890=CARTESIAN_POINT('Origin',(3.,25.,-144.));
#9891=CARTESIAN_POINT('',(0.,42.,-144.));
#9892=CARTESIAN_POINT('',(5.55111512312578E-16,25.,-144.));
#9893=CARTESIAN_POINT('',(3.,42.,-147.));
#9894=CARTESIAN_POINT('Origin',(3.,42.,-144.));
#9895=CARTESIAN_POINT('',(3.,25.,-147.));
#9896=CARTESIAN_POINT('Origin',(-4.44089209850063E-15,50.,-115.));
#9897=CARTESIAN_POINT('',(-6.66133814775094E-15,39.,-105.));
#9898=CARTESIAN_POINT('',(-6.66133814775094E-15,37.25,-105.));
#9899=CARTESIAN_POINT('',(-6.75015598972095E-15,42.,-102.));
#9900=CARTESIAN_POINT('Origin',(-4.44089209850063E-15,39.,-102.));
#9901=CARTESIAN_POINT('',(-8.88178419700125E-15,42.,-100.));
#9902=CARTESIAN_POINT('',(-5.77315972805081E-15,42.,-107.5));
#9903=CARTESIAN_POINT('',(-8.88178419700125E-15,95.,-100.));
#9904=CARTESIAN_POINT('',(-8.88178419700125E-15,0.,-100.));
#9905=CARTESIAN_POINT('',(0.,95.,-140.));
#9906=CARTESIAN_POINT('',(-8.88178419700125E-15,95.,-90.));
#9907=CARTESIAN_POINT('',(0.,42.,-140.));
#9908=CARTESIAN_POINT('',(0.,100.,-140.));
#9909=CARTESIAN_POINT('',(0.,42.,-140.));
#9910=CARTESIAN_POINT('',(-4.44089209850063E-15,75.,-127.575));
#9911=CARTESIAN_POINT('Origin',(-4.44089209850063E-15,75.,-124.125));
#9912=CARTESIAN_POINT('Origin',(42.75,10.5,-111.25));
#9913=CARTESIAN_POINT('',(45.75,8.88178419700125E-15,-111.25));
#9914=CARTESIAN_POINT('',(42.75,9.43287525661756E-15,-108.25));
#9915=CARTESIAN_POINT('Origin',(42.75,0.,-111.25));
#9916=CARTESIAN_POINT('',(45.75,42.,-111.25));
#9917=CARTESIAN_POINT('',(45.75,10.5,-111.25));
#9918=CARTESIAN_POINT('',(42.75,42.,-108.25));
#9919=CARTESIAN_POINT('Origin',(42.75,42.,-111.25));
#9920=CARTESIAN_POINT('',(42.75,10.5,-108.25));
#9921=CARTESIAN_POINT('Origin',(45.75,42.,-140.));
#9922=CARTESIAN_POINT('',(45.75,42.,-147.));
#9923=CARTESIAN_POINT('',(45.75,42.,-140.));
#9924=CARTESIAN_POINT('',(45.75,42.,-147.));
#9925=CARTESIAN_POINT('',(6.99999999999999,42.,-140.));
#9926=CARTESIAN_POINT('',(-2.125,42.,-140.));
#9927=CARTESIAN_POINT('',(38.75,42.,-140.));
#9928=CARTESIAN_POINT('',(45.75,42.,-140.));
#9929=CARTESIAN_POINT('',(38.75,42.,-111.25));
#9930=CARTESIAN_POINT('',(38.75,42.,-140.));
#9931=CARTESIAN_POINT('',(41.75,42.,-108.25));
#9932=CARTESIAN_POINT('Origin',(41.75,42.,-111.25));
#9933=CARTESIAN_POINT('',(38.75,42.,-108.25));
#9934=CARTESIAN_POINT('Origin',(42.25,21.,-108.25));
#9935=CARTESIAN_POINT('',(41.75,9.61657227648966E-15,-108.25));
#9936=CARTESIAN_POINT('',(41.75,10.5,-108.25));
#9937=CARTESIAN_POINT('',(45.75,8.88178419700125E-15,-108.25));
#9938=CARTESIAN_POINT('Origin',(41.75,10.5,-111.25));
#9939=CARTESIAN_POINT('',(38.75,1.0167663336106E-14,-111.25));
#9940=CARTESIAN_POINT('',(38.75,10.5,-111.25));
#9941=CARTESIAN_POINT('Origin',(41.75,0.,-111.25));
#9942=CARTESIAN_POINT('Origin',(3.99999999999999,25.,-103.));
#9943=CARTESIAN_POINT('',(3.99999999999999,95.,-100.));
#9944=CARTESIAN_POINT('',(6.99999999999999,95.,-103.));
#9945=CARTESIAN_POINT('Origin',(3.99999999999999,95.,-103.));
#9946=CARTESIAN_POINT('',(3.99999999999999,0.,-100.));
#9947=CARTESIAN_POINT('',(3.99999999999999,25.,-100.));
#9948=CARTESIAN_POINT('',(6.99999999999999,0.,-103.));
#9949=CARTESIAN_POINT('Origin',(3.99999999999999,0.,-103.));
#9950=CARTESIAN_POINT('',(6.99999999999999,25.,-103.));
#9951=CARTESIAN_POINT('Origin',(6.99999999999999,50.,-115.));
#9952=CARTESIAN_POINT('',(7.,0.,-140.));
#9953=CARTESIAN_POINT('',(7.,0.,-140.));
#9954=CARTESIAN_POINT('',(7.,100.,-140.));
#9955=CARTESIAN_POINT('',(7.,95.,-140.));
#9956=CARTESIAN_POINT('',(7.,100.,-140.));
#9957=CARTESIAN_POINT('',(6.99999999999999,95.,-90.));
#9958=CARTESIAN_POINT('',(6.99999999999999,75.,-127.575));
#9959=CARTESIAN_POINT('Origin',(6.99999999999999,75.,-124.125));
#9960=CARTESIAN_POINT('Origin',(-8.88178419700125E-15,95.,-90.));
#9961=CARTESIAN_POINT('',(0.,95.,-140.));
#9962=CARTESIAN_POINT('',(-8.88178419700125E-15,95.,-100.));
#9963=CARTESIAN_POINT('Origin',(-37.5,4.,-144.));
#9964=CARTESIAN_POINT('',(-50.,4.,-147.));
#9965=CARTESIAN_POINT('',(-37.5,4.,-147.));
#9966=CARTESIAN_POINT('',(-47.,7.,-144.));
#9967=CARTESIAN_POINT('Origin',(-47.,4.,-144.));
#9968=CARTESIAN_POINT('',(-37.5,7.,-144.));
#9969=CARTESIAN_POINT('Origin',(-47.,4.,-102.5));
#9970=CARTESIAN_POINT('',(-47.,7.,-105.));
#9971=CARTESIAN_POINT('',(-47.,7.,-102.5));
#9972=CARTESIAN_POINT('',(-50.,4.,-102.));
#9973=CARTESIAN_POINT('',(-50.,4.,-102.5));
#9974=CARTESIAN_POINT('Origin',(-47.,4.,-102.));
#9975=CARTESIAN_POINT('Origin',(-47.,12.25,-102.));
#9976=CARTESIAN_POINT('',(-47.,39.,-105.));
#9977=CARTESIAN_POINT('',(-47.,12.25,-105.));
#9978=CARTESIAN_POINT('',(-50.,42.,-102.));
#9979=CARTESIAN_POINT('',(-50.,12.25,-102.));
#9980=CARTESIAN_POINT('Origin',(-47.,39.,-102.));
#9981=CARTESIAN_POINT('Origin',(-12.5,39.,-102.));
#9982=CARTESIAN_POINT('',(-12.5,39.,-105.));
#9983=CARTESIAN_POINT('',(-12.5,42.,-102.));
#9984=CARTESIAN_POINT('Origin',(-50.,0.,-147.));
#9985=CARTESIAN_POINT('',(45.75,8.88178419700125E-15,-147.));
#9986=CARTESIAN_POINT('',(45.75,8.88178419700125E-15,-147.));
#9987=CARTESIAN_POINT('',(-50.,0.,-147.));
#9988=CARTESIAN_POINT('',(0.,-5.55626364094745E-61,-147.));
#9989=CARTESIAN_POINT('',(-50.,0.,-147.));
#9990=CARTESIAN_POINT('Origin',(-50.,0.,-90.));
#9991=CARTESIAN_POINT('',(-50.,0.,-100.));
#9992=CARTESIAN_POINT('',(-50.,0.,-90.));
#9993=CARTESIAN_POINT('',(-50.,42.,-100.));
#9994=CARTESIAN_POINT('',(-50.,0.,-100.));
#9995=CARTESIAN_POINT('',(-50.,42.,-100.));
#9996=CARTESIAN_POINT('Origin',(-8.88178419700125E-15,42.,-100.));
#9997=CARTESIAN_POINT('',(-50.,42.,-100.));
#9998=CARTESIAN_POINT('Origin',(-25.,24.5,-105.));
#9999=CARTESIAN_POINT('',(-25.,7.,-105.));
#10000=CARTESIAN_POINT('Origin',(-25.,7.,-115.));
#10001=CARTESIAN_POINT('Origin',(38.75,1.0167663336106E-14,-140.));
#10002=CARTESIAN_POINT('',(38.75,1.0167663336106E-14,-140.));
#10003=CARTESIAN_POINT('',(38.75,10.5,-140.));
#10004=CARTESIAN_POINT('',(38.75,1.0167663336106E-14,-140.));
#10005=CARTESIAN_POINT('Origin',(22.875,21.,-140.));
#10006=CARTESIAN_POINT('',(0.,-5.55626364094745E-61,-140.));
#10007=CARTESIAN_POINT('Origin',(45.75,8.88178419700125E-15,-140.));
#10008=CARTESIAN_POINT('',(45.75,8.88178419700125E-15,-140.));
#10009=CARTESIAN_POINT('Origin',(-50.,0.,-140.));
#10010=CARTESIAN_POINT('Origin',(6.99999999999999,75.,-124.125));
#10011=CARTESIAN_POINT('',(6.99999999999999,75.,-127.575));
#10012=CARTESIAN_POINT('Origin',(-8.88178419700125E-15,0.,-100.));
#10013=CARTESIAN_POINT('',(-8.88178419700125E-15,0.,-100.));
#10014=CARTESIAN_POINT('Origin',(-25.,0.,-115.));
#10015=CARTESIAN_POINT('',(0.,0.,0.));
#10016=CARTESIAN_POINT('Origin',(296.,15.875,-31.75));
#10017=CARTESIAN_POINT('',(302.,15.875,-31.75));
#10018=CARTESIAN_POINT('Origin',(296.,15.875,-31.75));
#10019=CARTESIAN_POINT('',(302.,15.875,-29.7500000000291));
#10020=CARTESIAN_POINT('',(302.,15.875,-31.75));
#10021=CARTESIAN_POINT('Origin',(296.,15.875,-29.7500000000291));
#10022=CARTESIAN_POINT('Origin',(296.,15.875,-31.75));
#10023=CARTESIAN_POINT('',(302.,15.875,-1.99999999998545));
#10024=CARTESIAN_POINT('Origin',(296.,15.875,-1.99999999998545));
#10025=CARTESIAN_POINT('',(302.,15.875,0.));
#10026=CARTESIAN_POINT('',(302.,15.875,-31.75));
#10027=CARTESIAN_POINT('Origin',(296.,15.875,0.));
#10028=CARTESIAN_POINT('Origin',(234.25,15.875,-31.75));
#10029=CARTESIAN_POINT('',(240.25,15.875,-31.75));
#10030=CARTESIAN_POINT('Origin',(234.25,15.875,-31.75));
#10031=CARTESIAN_POINT('',(240.25,15.875,-29.7500000000291));
#10032=CARTESIAN_POINT('',(240.25,15.875,-31.75));
#10033=CARTESIAN_POINT('Origin',(234.25,15.875,-29.7500000000291));
#10034=CARTESIAN_POINT('Origin',(234.25,15.875,-31.75));
#10035=CARTESIAN_POINT('',(240.25,15.875,-1.99999999998545));
#10036=CARTESIAN_POINT('Origin',(234.25,15.875,-1.99999999998545));
#10037=CARTESIAN_POINT('',(240.25,15.875,0.));
#10038=CARTESIAN_POINT('',(240.25,15.875,-31.75));
#10039=CARTESIAN_POINT('Origin',(234.25,15.875,0.));
#10040=CARTESIAN_POINT('Origin',(550.,15.875,-31.75));
#10041=CARTESIAN_POINT('',(556.,15.875,-31.75));
#10042=CARTESIAN_POINT('Origin',(550.,15.875,-31.75));
#10043=CARTESIAN_POINT('',(556.,15.875,-29.7500000000291));
#10044=CARTESIAN_POINT('',(556.,15.875,-31.75));
#10045=CARTESIAN_POINT('Origin',(550.,15.875,-29.7500000000291));
#10046=CARTESIAN_POINT('Origin',(550.,15.875,-31.75));
#10047=CARTESIAN_POINT('',(556.,15.875,-1.99999999998545));
#10048=CARTESIAN_POINT('Origin',(550.,15.875,-1.99999999998545));
#10049=CARTESIAN_POINT('',(556.,15.875,0.));
#10050=CARTESIAN_POINT('',(556.,15.875,-31.75));
#10051=CARTESIAN_POINT('Origin',(550.,15.875,0.));
#10052=CARTESIAN_POINT('Origin',(488.25,15.875,-31.75));
#10053=CARTESIAN_POINT('',(494.25,15.875,-31.75));
#10054=CARTESIAN_POINT('Origin',(488.25,15.875,-31.75));
#10055=CARTESIAN_POINT('',(494.25,15.875,-29.7500000000291));
#10056=CARTESIAN_POINT('',(494.25,15.875,-31.75));
#10057=CARTESIAN_POINT('Origin',(488.25,15.875,-29.7500000000291));
#10058=CARTESIAN_POINT('Origin',(488.25,15.875,-31.75));
#10059=CARTESIAN_POINT('',(494.25,15.875,-1.99999999998545));
#10060=CARTESIAN_POINT('Origin',(488.25,15.875,-1.99999999998545));
#10061=CARTESIAN_POINT('',(494.25,15.875,0.));
#10062=CARTESIAN_POINT('',(494.25,15.875,-31.75));
#10063=CARTESIAN_POINT('Origin',(488.25,15.875,0.));
#10064=CARTESIAN_POINT('Origin',(225.,31.75,-15.875));
#10065=CARTESIAN_POINT('',(219.,1.99999999998545,-15.875));
#10066=CARTESIAN_POINT('Origin',(225.,1.99999999998545,-15.875));
#10067=CARTESIAN_POINT('',(219.,0.,-15.875));
#10068=CARTESIAN_POINT('',(219.,31.75,-15.875));
#10069=CARTESIAN_POINT('Origin',(225.,0.,-15.875));
#10070=CARTESIAN_POINT('Origin',(225.,31.75,-15.875));
#10071=CARTESIAN_POINT('',(219.,31.75,-15.875));
#10072=CARTESIAN_POINT('Origin',(225.,31.75,-15.875));
#10073=CARTESIAN_POINT('',(219.,29.7500000000291,-15.875));
#10074=CARTESIAN_POINT('',(219.,31.75,-15.875));
#10075=CARTESIAN_POINT('Origin',(225.,29.7500000000291,-15.875));
#10076=CARTESIAN_POINT('Origin',(175.,31.75,-15.875));
#10077=CARTESIAN_POINT('',(169.,1.99999999998545,-15.875));
#10078=CARTESIAN_POINT('Origin',(175.,1.99999999998545,-15.875));
#10079=CARTESIAN_POINT('',(169.,0.,-15.875));
#10080=CARTESIAN_POINT('',(169.,31.75,-15.875));
#10081=CARTESIAN_POINT('Origin',(175.,0.,-15.875));
#10082=CARTESIAN_POINT('Origin',(175.,31.75,-15.875));
#10083=CARTESIAN_POINT('',(169.,31.75,-15.875));
#10084=CARTESIAN_POINT('Origin',(175.,31.75,-15.875));
#10085=CARTESIAN_POINT('',(169.,29.7500000000291,-15.875));
#10086=CARTESIAN_POINT('',(169.,31.75,-15.875));
#10087=CARTESIAN_POINT('Origin',(175.,29.7500000000291,-15.875));
#10088=CARTESIAN_POINT('Origin',(286.75,31.75,-15.875));
#10089=CARTESIAN_POINT('',(280.75,1.99999999998545,-15.875));
#10090=CARTESIAN_POINT('Origin',(286.75,1.99999999998545,-15.875));
#10091=CARTESIAN_POINT('',(280.75,0.,-15.875));
#10092=CARTESIAN_POINT('',(280.75,31.75,-15.875));
#10093=CARTESIAN_POINT('Origin',(286.75,0.,-15.875));
#10094=CARTESIAN_POINT('Origin',(286.75,31.75,-15.875));
#10095=CARTESIAN_POINT('',(280.75,31.75,-15.875));
#10096=CARTESIAN_POINT('Origin',(286.75,31.75,-15.875));
#10097=CARTESIAN_POINT('',(280.75,29.7500000000291,-15.875));
#10098=CARTESIAN_POINT('',(280.75,31.75,-15.875));
#10099=CARTESIAN_POINT('Origin',(286.75,29.7500000000291,-15.875));
#10100=CARTESIAN_POINT('Origin',(113.25,31.75,-15.875));
#10101=CARTESIAN_POINT('',(107.25,1.99999999998545,-15.875));
#10102=CARTESIAN_POINT('Origin',(113.25,1.99999999998545,-15.875));
#10103=CARTESIAN_POINT('',(107.25,0.,-15.875));
#10104=CARTESIAN_POINT('',(107.25,31.75,-15.875));
#10105=CARTESIAN_POINT('Origin',(113.25,0.,-15.875));
#10106=CARTESIAN_POINT('Origin',(113.25,31.75,-15.875));
#10107=CARTESIAN_POINT('',(107.25,31.75,-15.875));
#10108=CARTESIAN_POINT('Origin',(113.25,31.75,-15.875));
#10109=CARTESIAN_POINT('',(107.25,29.7500000000291,-15.875));
#10110=CARTESIAN_POINT('',(107.25,31.75,-15.875));
#10111=CARTESIAN_POINT('Origin',(113.25,29.7500000000291,-15.875));
#10112=CARTESIAN_POINT('Origin',(0.,29.7500000000291,-1.99999999998545));
#10113=CARTESIAN_POINT('',(0.,29.7500000000291,-1.99999999998545));
#10114=CARTESIAN_POINT('',(0.,29.7500000000291,-29.7500000000291));
#10115=CARTESIAN_POINT('',(0.,29.7500000000291,-1.99999999998545));
#10116=CARTESIAN_POINT('',(600.,29.7500000000291,-29.7500000000291));
#10117=CARTESIAN_POINT('',(0.,29.7500000000291,-29.7500000000291));
#10118=CARTESIAN_POINT('',(600.,29.7500000000291,-1.99999999998545));
#10119=CARTESIAN_POINT('',(600.,29.7500000000291,-1.99999999998545));
#10120=CARTESIAN_POINT('',(0.,29.7500000000291,-1.99999999998545));
#10121=CARTESIAN_POINT('Origin',(0.,1.99999999998545,-1.99999999998545));
#10122=CARTESIAN_POINT('',(0.,1.99999999998545,-1.99999999998545));
#10123=CARTESIAN_POINT('',(0.,1.99999999998545,-1.99999999998545));
#10124=CARTESIAN_POINT('',(600.,1.99999999998545,-1.99999999998545));
#10125=CARTESIAN_POINT('',(600.,1.99999999998545,-1.99999999998545));
#10126=CARTESIAN_POINT('',(0.,1.99999999998545,-1.99999999998545));
#10127=CARTESIAN_POINT('Origin',(0.,1.99999999998545,-29.7500000000291));
#10128=CARTESIAN_POINT('',(0.,1.99999999998545,-29.7500000000291));
#10129=CARTESIAN_POINT('',(0.,1.99999999998545,-29.7500000000291));
#10130=CARTESIAN_POINT('',(600.,1.99999999998545,-29.7500000000291));
#10131=CARTESIAN_POINT('',(600.,1.99999999998545,-29.7500000000291));
#10132=CARTESIAN_POINT('',(0.,1.99999999998545,-29.7500000000291));
#10133=CARTESIAN_POINT('Origin',(0.,29.7500000000291,-29.7500000000291));
#10134=CARTESIAN_POINT('',(0.,29.7500000000291,-29.7500000000291));
#10135=CARTESIAN_POINT('',(600.,29.7500000000291,-29.7500000000291));
#10136=CARTESIAN_POINT('Origin',(0.,0.,0.));
#10137=CARTESIAN_POINT('',(0.,0.,0.));
#10138=CARTESIAN_POINT('',(0.,0.,-31.75));
#10139=CARTESIAN_POINT('',(0.,0.,0.));
#10140=CARTESIAN_POINT('',(600.,0.,-31.75));
#10141=CARTESIAN_POINT('',(0.,0.,-31.75));
#10142=CARTESIAN_POINT('',(600.,0.,0.));
#10143=CARTESIAN_POINT('',(600.,0.,0.));
#10144=CARTESIAN_POINT('',(0.,0.,0.));
#10145=CARTESIAN_POINT('Origin',(0.,31.75,0.));
#10146=CARTESIAN_POINT('',(0.,31.75,0.));
#10147=CARTESIAN_POINT('',(0.,31.75,0.));
#10148=CARTESIAN_POINT('',(600.,31.75,0.));
#10149=CARTESIAN_POINT('',(600.,31.75,0.));
#10150=CARTESIAN_POINT('',(0.,31.75,0.));
#10151=CARTESIAN_POINT('Origin',(0.,31.75,-31.75));
#10152=CARTESIAN_POINT('',(0.,31.75,-31.75));
#10153=CARTESIAN_POINT('',(0.,31.75,-31.75));
#10154=CARTESIAN_POINT('',(600.,31.75,-31.75));
#10155=CARTESIAN_POINT('',(600.,31.75,-31.75));
#10156=CARTESIAN_POINT('',(0.,31.75,-31.75));
#10157=CARTESIAN_POINT('Origin',(0.,0.,-31.75));
#10158=CARTESIAN_POINT('',(0.,0.,-31.75));
#10159=CARTESIAN_POINT('',(600.,0.,-31.75));
#10160=CARTESIAN_POINT('Origin',(600.,15.875,-15.875));
#10161=CARTESIAN_POINT('Origin',(0.,15.875,-15.875));
#10162=CARTESIAN_POINT('',(0.,0.,0.));
#10163=CARTESIAN_POINT('Origin',(-15.,15.875,0.));
#10164=CARTESIAN_POINT('',(-21.,15.875,6.));
#10165=CARTESIAN_POINT('Origin',(-15.,15.875,6.));
#10166=CARTESIAN_POINT('',(-21.,15.875,0.));
#10167=CARTESIAN_POINT('',(-21.,15.875,0.));
#10168=CARTESIAN_POINT('Origin',(-15.,15.875,0.));
#10169=CARTESIAN_POINT('Origin',(-30.,31.75,0.));
#10170=CARTESIAN_POINT('',(-30.,0.,0.));
#10171=CARTESIAN_POINT('',(-30.,31.75,0.));
#10172=CARTESIAN_POINT('',(-30.,0.,0.));
#10173=CARTESIAN_POINT('',(-30.,0.,6.));
#10174=CARTESIAN_POINT('',(-30.,0.,0.));
#10175=CARTESIAN_POINT('',(-30.,31.75,6.));
#10176=CARTESIAN_POINT('',(-30.,0.,6.));
#10177=CARTESIAN_POINT('',(-30.,31.75,0.));
#10178=CARTESIAN_POINT('Origin',(-15.,15.875,6.));
#10179=CARTESIAN_POINT('',(0.,31.75,6.));
#10180=CARTESIAN_POINT('',(-30.,31.75,6.));
#10181=CARTESIAN_POINT('',(0.,0.,6.));
#10182=CARTESIAN_POINT('',(61.75,0.,6.));
#10183=CARTESIAN_POINT('',(0.,23.8125,6.));
#10184=CARTESIAN_POINT('Origin',(46.75,15.875,0.));
#10185=CARTESIAN_POINT('',(40.75,15.875,6.));
#10186=CARTESIAN_POINT('Origin',(46.75,15.875,6.));
#10187=CARTESIAN_POINT('',(40.75,15.875,0.));
#10188=CARTESIAN_POINT('',(40.75,15.875,0.));
#10189=CARTESIAN_POINT('Origin',(46.75,15.875,0.));
#10190=CARTESIAN_POINT('Origin',(61.75,0.,0.));
#10191=CARTESIAN_POINT('',(61.75,31.75,0.));
#10192=CARTESIAN_POINT('',(61.75,0.,0.));
#10193=CARTESIAN_POINT('',(61.75,31.75,0.));
#10194=CARTESIAN_POINT('',(61.75,31.75,6.));
#10195=CARTESIAN_POINT('',(61.75,31.75,0.));
#10196=CARTESIAN_POINT('',(61.75,0.,6.));
#10197=CARTESIAN_POINT('',(61.75,31.75,6.));
#10198=CARTESIAN_POINT('',(61.75,0.,0.));
#10199=CARTESIAN_POINT('Origin',(46.75,15.875,6.));
#10200=CARTESIAN_POINT('',(31.75,0.,6.));
#10201=CARTESIAN_POINT('',(61.75,0.,6.));
#10202=CARTESIAN_POINT('',(31.75,31.75,6.));
#10203=CARTESIAN_POINT('',(-30.,31.75,6.));
#10204=CARTESIAN_POINT('',(31.75,7.9375,6.));
#10205=CARTESIAN_POINT('Origin',(31.75,0.,0.));
#10206=CARTESIAN_POINT('',(31.75,31.75,1644.));
#10207=CARTESIAN_POINT('',(31.75,31.75,0.));
#10208=CARTESIAN_POINT('',(31.75,0.,1644.));
#10209=CARTESIAN_POINT('',(31.75,7.9375,1644.));
#10210=CARTESIAN_POINT('',(31.75,0.,0.));
#10211=CARTESIAN_POINT('Origin',(-15.,15.875,1650.));
#10212=CARTESIAN_POINT('',(-9.,15.875,1644.));
#10213=CARTESIAN_POINT('Origin',(-15.,15.875,1644.));
#10214=CARTESIAN_POINT('',(-9.,15.875,1650.));
#10215=CARTESIAN_POINT('',(-9.,15.875,1650.));
#10216=CARTESIAN_POINT('Origin',(-15.,15.875,1650.));
#10217=CARTESIAN_POINT('Origin',(-30.,0.,1650.));
#10218=CARTESIAN_POINT('',(-30.,31.75,1650.));
#10219=CARTESIAN_POINT('',(-30.,0.,1650.));
#10220=CARTESIAN_POINT('',(-30.,31.75,1650.));
#10221=CARTESIAN_POINT('',(-30.,31.75,1644.));
#10222=CARTESIAN_POINT('',(-30.,31.75,1650.));
#10223=CARTESIAN_POINT('',(-30.,0.,1644.));
#10224=CARTESIAN_POINT('',(-30.,31.75,1644.));
#10225=CARTESIAN_POINT('',(-30.,0.,1650.));
#10226=CARTESIAN_POINT('Origin',(-15.,15.875,1644.));
#10227=CARTESIAN_POINT('',(0.,0.,1644.));
#10228=CARTESIAN_POINT('',(-30.,0.,1644.));
#10229=CARTESIAN_POINT('',(0.,31.75,1644.));
#10230=CARTESIAN_POINT('',(0.,31.75,1644.));
#10231=CARTESIAN_POINT('',(0.,23.8125,1644.));
#10232=CARTESIAN_POINT('Origin',(46.75,15.875,1650.));
#10233=CARTESIAN_POINT('',(52.75,15.875,1644.));
#10234=CARTESIAN_POINT('Origin',(46.75,15.875,1644.));
#10235=CARTESIAN_POINT('',(52.75,15.875,1650.));
#10236=CARTESIAN_POINT('',(52.75,15.875,1650.));
#10237=CARTESIAN_POINT('Origin',(46.75,15.875,1650.));
#10238=CARTESIAN_POINT('Origin',(61.75,31.75,1650.));
#10239=CARTESIAN_POINT('',(61.75,0.,1650.));
#10240=CARTESIAN_POINT('',(61.75,31.75,1650.));
#10241=CARTESIAN_POINT('',(61.75,0.,1650.));
#10242=CARTESIAN_POINT('',(61.75,0.,1644.));
#10243=CARTESIAN_POINT('',(61.75,0.,1650.));
#10244=CARTESIAN_POINT('',(61.75,31.75,1644.));
#10245=CARTESIAN_POINT('',(61.75,0.,1644.));
#10246=CARTESIAN_POINT('',(61.75,31.75,1650.));
#10247=CARTESIAN_POINT('Origin',(46.75,15.875,1644.));
#10248=CARTESIAN_POINT('',(31.75,0.,1644.));
#10249=CARTESIAN_POINT('',(61.75,31.75,1644.));
#10250=CARTESIAN_POINT('Origin',(0.,31.75,0.));
#10251=CARTESIAN_POINT('',(0.,0.,0.));
#10252=CARTESIAN_POINT('',(0.,31.75,0.));
#10253=CARTESIAN_POINT('Origin',(1.99999999998545,1.99999999998545,0.));
#10254=CARTESIAN_POINT('',(1.99999999998545,1.99999999998545,0.));
#10255=CARTESIAN_POINT('',(1.99999999998545,29.7500000000291,0.));
#10256=CARTESIAN_POINT('',(1.99999999998545,1.99999999998545,0.));
#10257=CARTESIAN_POINT('',(1.99999999998545,29.7500000000291,1650.));
#10258=CARTESIAN_POINT('',(1.99999999998545,29.7500000000291,0.));
#10259=CARTESIAN_POINT('',(1.99999999998545,1.99999999998545,1650.));
#10260=CARTESIAN_POINT('',(1.99999999998545,1.99999999998545,1650.));
#10261=CARTESIAN_POINT('',(1.99999999998545,1.99999999998545,0.));
#10262=CARTESIAN_POINT('Origin',(29.7500000000291,1.99999999998545,0.));
#10263=CARTESIAN_POINT('',(29.7500000000291,1.99999999998545,0.));
#10264=CARTESIAN_POINT('',(29.7500000000291,1.99999999998545,0.));
#10265=CARTESIAN_POINT('',(29.7500000000291,1.99999999998545,1650.));
#10266=CARTESIAN_POINT('',(29.7500000000291,1.99999999998545,1650.));
#10267=CARTESIAN_POINT('',(29.7500000000291,1.99999999998545,0.));
#10268=CARTESIAN_POINT('Origin',(29.7500000000291,29.7500000000291,0.));
#10269=CARTESIAN_POINT('',(29.7500000000291,29.7500000000291,0.));
#10270=CARTESIAN_POINT('',(29.7500000000291,29.7500000000291,0.));
#10271=CARTESIAN_POINT('',(29.7500000000291,29.7500000000291,1650.));
#10272=CARTESIAN_POINT('',(29.7500000000291,29.7500000000291,1650.));
#10273=CARTESIAN_POINT('',(29.7500000000291,29.7500000000291,0.));
#10274=CARTESIAN_POINT('Origin',(1.99999999998545,29.7500000000291,0.));
#10275=CARTESIAN_POINT('',(1.99999999998545,29.7500000000291,0.));
#10276=CARTESIAN_POINT('',(1.99999999998545,29.7500000000291,1650.));
#10277=CARTESIAN_POINT('Origin',(0.,0.,0.));
#10278=CARTESIAN_POINT('',(61.75,0.,0.));
#10279=CARTESIAN_POINT('',(-30.,0.,1650.));
#10280=CARTESIAN_POINT('Origin',(31.75,31.75,0.));
#10281=CARTESIAN_POINT('',(-30.,31.75,0.));
#10282=CARTESIAN_POINT('',(61.75,31.75,1650.));
#10283=CARTESIAN_POINT('Origin',(15.875,15.875,1650.));
#10284=CARTESIAN_POINT('Origin',(15.875,15.875,0.));
#10285=CARTESIAN_POINT('',(0.,0.,0.));
#10286=CARTESIAN_POINT('Origin',(71.75,15.875,0.));
#10287=CARTESIAN_POINT('',(65.75,15.875,6.));
#10288=CARTESIAN_POINT('Origin',(71.75,15.875,6.));
#10289=CARTESIAN_POINT('',(65.75,15.875,0.));
#10290=CARTESIAN_POINT('',(65.75,15.875,0.));
#10291=CARTESIAN_POINT('Origin',(71.75,15.875,0.));
#10292=CARTESIAN_POINT('Origin',(87.625,1.77635683940025E-14,0.));
#10293=CARTESIAN_POINT('',(87.625,31.75,0.));
#10294=CARTESIAN_POINT('',(87.625,1.64561913635426E-14,0.));
#10295=CARTESIAN_POINT('',(87.625,31.75,0.));
#10296=CARTESIAN_POINT('',(87.625,31.75,6.));
#10297=CARTESIAN_POINT('',(87.625,31.75,0.));
#10298=CARTESIAN_POINT('',(87.625,1.64561913635426E-14,6.));
#10299=CARTESIAN_POINT('',(87.625,31.75,6.));
#10300=CARTESIAN_POINT('',(87.625,1.64561913635426E-14,0.));
#10301=CARTESIAN_POINT('Origin',(59.6875,15.875,6.));
#10302=CARTESIAN_POINT('',(31.75,0.,6.));
#10303=CARTESIAN_POINT('',(87.625,1.64561913635426E-14,6.));
#10304=CARTESIAN_POINT('',(31.75,31.75,6.));
#10305=CARTESIAN_POINT('',(-55.875,31.75,6.));
#10306=CARTESIAN_POINT('',(31.75,7.93749999999999,6.));
#10307=CARTESIAN_POINT('Origin',(-40.,15.875,0.));
#10308=CARTESIAN_POINT('',(-46.,15.875,6.));
#10309=CARTESIAN_POINT('Origin',(-40.,15.875,6.));
#10310=CARTESIAN_POINT('',(-46.,15.875,0.));
#10311=CARTESIAN_POINT('',(-46.,15.875,0.));
#10312=CARTESIAN_POINT('Origin',(-40.,15.875,0.));
#10313=CARTESIAN_POINT('Origin',(-55.875,31.75,0.));
#10314=CARTESIAN_POINT('',(-55.875,-1.36854279804717E-14,0.));
#10315=CARTESIAN_POINT('',(-55.875,31.75,0.));
#10316=CARTESIAN_POINT('',(-55.875,-1.33226762955019E-14,0.));
#10317=CARTESIAN_POINT('',(-55.875,-1.33226762955019E-14,6.));
#10318=CARTESIAN_POINT('',(-55.875,-1.36854279804717E-14,0.));
#10319=CARTESIAN_POINT('',(-55.875,31.75,6.));
#10320=CARTESIAN_POINT('',(-55.875,-1.33226762955019E-14,6.));
#10321=CARTESIAN_POINT('',(-55.875,31.75,0.));
#10322=CARTESIAN_POINT('Origin',(-27.9375,15.875,6.));
#10323=CARTESIAN_POINT('',(0.,31.75,6.));
#10324=CARTESIAN_POINT('',(-55.875,31.75,6.));
#10325=CARTESIAN_POINT('',(0.,0.,6.));
#10326=CARTESIAN_POINT('',(87.625,1.64561913635426E-14,6.));
#10327=CARTESIAN_POINT('',(0.,23.8125,6.));
#10328=CARTESIAN_POINT('Origin',(31.75,0.,0.));
#10329=CARTESIAN_POINT('',(31.75,31.75,1644.));
#10330=CARTESIAN_POINT('',(31.75,31.75,0.));
#10331=CARTESIAN_POINT('',(31.75,0.,1644.));
#10332=CARTESIAN_POINT('',(31.75,7.9375,1644.));
#10333=CARTESIAN_POINT('',(31.75,0.,0.));
#10334=CARTESIAN_POINT('Origin',(-40.,15.875,1650.));
#10335=CARTESIAN_POINT('',(-34.,15.875,1644.));
#10336=CARTESIAN_POINT('Origin',(-40.,15.875,1644.));
#10337=CARTESIAN_POINT('',(-34.,15.875,1650.));
#10338=CARTESIAN_POINT('',(-34.,15.875,1650.));
#10339=CARTESIAN_POINT('Origin',(-40.,15.875,1650.));
#10340=CARTESIAN_POINT('Origin',(-55.875,-1.33226762955019E-14,1650.));
#10341=CARTESIAN_POINT('',(-55.875,31.75,1650.));
#10342=CARTESIAN_POINT('',(-55.875,-1.36854279804717E-14,1650.));
#10343=CARTESIAN_POINT('',(-55.875,31.75,1650.));
#10344=CARTESIAN_POINT('',(-55.875,31.75,1644.));
#10345=CARTESIAN_POINT('',(-55.875,31.75,1650.));
#10346=CARTESIAN_POINT('',(-55.875,-1.36854279804717E-14,1644.));
#10347=CARTESIAN_POINT('',(-55.875,31.75,1644.));
#10348=CARTESIAN_POINT('',(-55.875,-1.36854279804717E-14,1650.));
#10349=CARTESIAN_POINT('Origin',(-27.9375,15.875,1644.));
#10350=CARTESIAN_POINT('',(0.,0.,1644.));
#10351=CARTESIAN_POINT('',(-55.875,-1.36854279804717E-14,1644.));
#10352=CARTESIAN_POINT('',(0.,31.75,1644.));
#10353=CARTESIAN_POINT('',(0.,31.75,1644.));
#10354=CARTESIAN_POINT('',(0.,23.8125,1644.));
#10355=CARTESIAN_POINT('Origin',(71.75,15.875,1650.));
#10356=CARTESIAN_POINT('',(77.75,15.875,1644.));
#10357=CARTESIAN_POINT('Origin',(71.75,15.875,1644.));
#10358=CARTESIAN_POINT('',(77.75,15.875,1650.));
#10359=CARTESIAN_POINT('',(77.75,15.875,1650.));
#10360=CARTESIAN_POINT('Origin',(71.75,15.875,1650.));
#10361=CARTESIAN_POINT('Origin',(87.625,31.75,1650.));
#10362=CARTESIAN_POINT('',(87.625,1.64561913635426E-14,1650.));
#10363=CARTESIAN_POINT('',(87.625,31.75,1650.));
#10364=CARTESIAN_POINT('',(87.625,1.77635683940025E-14,1650.));
#10365=CARTESIAN_POINT('',(87.625,1.64561913635426E-14,1644.));
#10366=CARTESIAN_POINT('',(87.625,1.64561913635426E-14,1650.));
#10367=CARTESIAN_POINT('',(87.625,31.75,1644.));
#10368=CARTESIAN_POINT('',(87.625,1.77635683940025E-14,1644.));
#10369=CARTESIAN_POINT('',(87.625,31.75,1650.));
#10370=CARTESIAN_POINT('Origin',(59.6875,15.875,1644.));
#10371=CARTESIAN_POINT('',(31.75,0.,1644.));
#10372=CARTESIAN_POINT('',(87.625,31.75,1644.));
#10373=CARTESIAN_POINT('Origin',(0.,31.75,0.));
#10374=CARTESIAN_POINT('',(0.,0.,0.));
#10375=CARTESIAN_POINT('',(0.,31.75,0.));
#10376=CARTESIAN_POINT('Origin',(1.99999999998545,1.99999999998545,0.));
#10377=CARTESIAN_POINT('',(1.99999999998545,1.99999999998545,0.));
#10378=CARTESIAN_POINT('',(1.99999999998545,29.7500000000291,0.));
#10379=CARTESIAN_POINT('',(1.99999999998545,1.99999999998545,0.));
#10380=CARTESIAN_POINT('',(1.99999999998545,29.7500000000291,1650.));
#10381=CARTESIAN_POINT('',(1.99999999998545,29.7500000000291,0.));
#10382=CARTESIAN_POINT('',(1.99999999998545,1.99999999998545,1650.));
#10383=CARTESIAN_POINT('',(1.99999999998545,1.99999999998545,1650.));
#10384=CARTESIAN_POINT('',(1.99999999998545,1.99999999998545,0.));
#10385=CARTESIAN_POINT('Origin',(29.7500000000291,1.99999999998545,0.));
#10386=CARTESIAN_POINT('',(29.7500000000291,1.99999999998545,0.));
#10387=CARTESIAN_POINT('',(29.7500000000291,1.99999999998545,0.));
#10388=CARTESIAN_POINT('',(29.7500000000291,1.99999999998545,1650.));
#10389=CARTESIAN_POINT('',(29.7500000000291,1.99999999998545,1650.));
#10390=CARTESIAN_POINT('',(29.7500000000291,1.99999999998545,0.));
#10391=CARTESIAN_POINT('Origin',(29.7500000000291,29.7500000000291,0.));
#10392=CARTESIAN_POINT('',(29.7500000000291,29.7500000000291,0.));
#10393=CARTESIAN_POINT('',(29.7500000000291,29.7500000000291,0.));
#10394=CARTESIAN_POINT('',(29.7500000000291,29.7500000000291,1650.));
#10395=CARTESIAN_POINT('',(29.7500000000291,29.7500000000291,1650.));
#10396=CARTESIAN_POINT('',(29.7500000000291,29.7500000000291,0.));
#10397=CARTESIAN_POINT('Origin',(1.99999999998545,29.7500000000291,0.));
#10398=CARTESIAN_POINT('',(1.99999999998545,29.7500000000291,0.));
#10399=CARTESIAN_POINT('',(1.99999999998545,29.7500000000291,1650.));
#10400=CARTESIAN_POINT('Origin',(0.,0.,0.));
#10401=CARTESIAN_POINT('',(87.625,1.64561913635426E-14,0.));
#10402=CARTESIAN_POINT('',(-55.875,-1.36854279804717E-14,1650.));
#10403=CARTESIAN_POINT('Origin',(31.75,31.75,0.));
#10404=CARTESIAN_POINT('',(-55.875,31.75,0.));
#10405=CARTESIAN_POINT('',(87.625,31.75,1650.));
#10406=CARTESIAN_POINT('Origin',(15.875,15.875,1650.));
#10407=CARTESIAN_POINT('Origin',(15.875,15.875,0.));
#10408=CARTESIAN_POINT('',(0.,0.,0.));
#10409=CARTESIAN_POINT('Origin',(-8.4,8.4,1650.));
#10410=CARTESIAN_POINT('',(-10.,4.84999999999999,1650.));
#10411=CARTESIAN_POINT('',(-8.37071067811865,3.22071067811867,1650.));
#10412=CARTESIAN_POINT('',(-10.,4.84999999999999,1650.));
#10413=CARTESIAN_POINT('',(-8.2,3.29142135623732,1650.));
#10414=CARTESIAN_POINT('Origin',(-8.3,3.29142135623732,1650.));
#10415=CARTESIAN_POINT('',(-8.2,5.40000000000002,1650.));
#10416=CARTESIAN_POINT('',(-8.2,3.29142135623732,1650.));
#10417=CARTESIAN_POINT('',(-8.1,5.50000000000002,1650.));
#10418=CARTESIAN_POINT('Origin',(-8.1,5.40000000000002,1650.));
#10419=CARTESIAN_POINT('',(-6.41923881554251,5.50000000000002,1650.));
#10420=CARTESIAN_POINT('',(-8.1,5.50000000000002,1650.));
#10421=CARTESIAN_POINT('',(-3.9,2.9807611844575,1650.));
#10422=CARTESIAN_POINT('',(-6.41923881554251,5.50000000000002,1650.));
#10423=CARTESIAN_POINT('',(-3.9,0.200000000000009,1650.));
#10424=CARTESIAN_POINT('',(-3.9,2.9807611844575,1650.));
#10425=CARTESIAN_POINT('',(-3.7,1.06798748963329E-14,1650.));
#10426=CARTESIAN_POINT('',(-3.9,0.200000000000009,1650.));
#10427=CARTESIAN_POINT('',(-3.9,-0.199999999999993,1650.));
#10428=CARTESIAN_POINT('',(-3.7,1.06251812903579E-14,1650.));
#10429=CARTESIAN_POINT('',(-3.9,-2.98076118445747,1650.));
#10430=CARTESIAN_POINT('',(-3.9,-0.199999999999993,1650.));
#10431=CARTESIAN_POINT('',(-6.41923881554251,-5.49999999999999,1650.));
#10432=CARTESIAN_POINT('',(-3.9,-2.98076118445747,1650.));
#10433=CARTESIAN_POINT('',(-8.1,-5.49999999999999,1650.));
#10434=CARTESIAN_POINT('',(-6.41923881554251,-5.49999999999999,1650.));
#10435=CARTESIAN_POINT('',(-8.2,-5.39999999999999,1650.));
#10436=CARTESIAN_POINT('Origin',(-8.1,-5.39999999999999,1650.));
#10437=CARTESIAN_POINT('',(-8.2,-3.29142135623729,1650.));
#10438=CARTESIAN_POINT('',(-8.2,-5.39999999999999,1650.));
#10439=CARTESIAN_POINT('',(-8.37071067811865,-3.22071067811864,1650.));
#10440=CARTESIAN_POINT('Origin',(-8.3,-3.29142135623729,1650.));
#10441=CARTESIAN_POINT('',(-10.,-4.84999999999997,1650.));
#10442=CARTESIAN_POINT('',(-8.37071067811865,-3.22071067811864,1650.));
#10443=CARTESIAN_POINT('',(-10.,-8.4,1650.));
#10444=CARTESIAN_POINT('',(-10.,-4.84999999999997,1650.));
#10445=CARTESIAN_POINT('',(-8.39999999999998,-10.,1650.));
#10446=CARTESIAN_POINT('Origin',(-8.4,-8.4,1650.));
#10447=CARTESIAN_POINT('',(-4.84999999999999,-9.99999999999998,1650.));
#10448=CARTESIAN_POINT('',(-8.39999999999998,-10.,1650.));
#10449=CARTESIAN_POINT('',(-3.22071067811866,-8.37071067811864,1650.));
#10450=CARTESIAN_POINT('',(-4.84999999999999,-9.99999999999998,1650.));
#10451=CARTESIAN_POINT('',(-3.29142135623731,-8.19999999999998,1650.));
#10452=CARTESIAN_POINT('Origin',(-3.29142135623731,-8.29999999999998,1650.));
#10453=CARTESIAN_POINT('',(-5.40000000000001,-8.19999999999998,1650.));
#10454=CARTESIAN_POINT('',(-3.29142135623731,-8.19999999999998,1650.));
#10455=CARTESIAN_POINT('',(-5.50000000000001,-8.09999999999998,1650.));
#10456=CARTESIAN_POINT('Origin',(-5.40000000000001,-8.09999999999998,1650.));
#10457=CARTESIAN_POINT('',(-5.50000000000001,-6.41923881554249,1650.));
#10458=CARTESIAN_POINT('',(-5.50000000000001,-8.09999999999998,1650.));
#10459=CARTESIAN_POINT('',(-2.9807611844575,-3.89999999999998,1650.));
#10460=CARTESIAN_POINT('',(-5.50000000000001,-6.41923881554249,1650.));
#10461=CARTESIAN_POINT('',(-0.2,-3.89999999999999,1650.));
#10462=CARTESIAN_POINT('',(-2.9807611844575,-3.89999999999998,1650.));
#10463=CARTESIAN_POINT('',(-2.02874311261526E-15,-3.69999999999999,1650.));
#10464=CARTESIAN_POINT('',(-0.2,-3.89999999999999,1650.));
#10465=CARTESIAN_POINT('',(0.200000000000001,-3.89999999999999,1650.));
#10466=CARTESIAN_POINT('',(-1.97866896478605E-15,-3.69999999999999,1650.));
#10467=CARTESIAN_POINT('',(2.98076118445748,-3.89999999999998,1650.));
#10468=CARTESIAN_POINT('',(0.200000000000001,-3.89999999999999,1650.));
#10469=CARTESIAN_POINT('',(5.49999999999999,-6.41923881554249,1650.));
#10470=CARTESIAN_POINT('',(2.98076118445748,-3.89999999999998,1650.));
#10471=CARTESIAN_POINT('',(5.49999999999999,-8.09999999999998,1650.));
#10472=CARTESIAN_POINT('',(5.49999999999999,-6.41923881554249,1650.));
#10473=CARTESIAN_POINT('',(5.39999999999999,-8.19999999999998,1650.));
#10474=CARTESIAN_POINT('Origin',(5.39999999999999,-8.09999999999998,1650.));
#10475=CARTESIAN_POINT('',(3.2914213562373,-8.19999999999998,1650.));
#10476=CARTESIAN_POINT('',(5.39999999999999,-8.19999999999998,1650.));
#10477=CARTESIAN_POINT('',(3.22071067811864,-8.37071067811864,1650.));
#10478=CARTESIAN_POINT('Origin',(3.2914213562373,-8.29999999999998,1650.));
#10479=CARTESIAN_POINT('',(4.84999999999997,-9.99999999999998,1650.));
#10480=CARTESIAN_POINT('',(3.22071067811864,-8.37071067811864,1650.));
#10481=CARTESIAN_POINT('',(8.39999999999998,-9.99999999999999,1650.));
#10482=CARTESIAN_POINT('',(4.84999999999997,-9.99999999999998,1650.));
#10483=CARTESIAN_POINT('',(10.,-8.39999999999998,1650.));
#10484=CARTESIAN_POINT('Origin',(8.4,-8.39999999999999,1650.));
#10485=CARTESIAN_POINT('',(9.99999999999999,-4.84999999999997,1650.));
#10486=CARTESIAN_POINT('',(10.,-8.39999999999998,1650.));
#10487=CARTESIAN_POINT('',(8.37071067811864,-3.22071067811865,1650.));
#10488=CARTESIAN_POINT('',(9.99999999999999,-4.84999999999997,1650.));
#10489=CARTESIAN_POINT('',(8.19999999999999,-3.2914213562373,1650.));
#10490=CARTESIAN_POINT('Origin',(8.29999999999999,-3.2914213562373,1650.));
#10491=CARTESIAN_POINT('',(8.19999999999999,-5.4,1650.));
#10492=CARTESIAN_POINT('',(8.19999999999999,-3.2914213562373,1650.));
#10493=CARTESIAN_POINT('',(8.09999999999999,-5.5,1650.));
#10494=CARTESIAN_POINT('Origin',(8.09999999999999,-5.4,1650.));
#10495=CARTESIAN_POINT('',(6.4192388155425,-5.5,1650.));
#10496=CARTESIAN_POINT('',(8.09999999999999,-5.5,1650.));
#10497=CARTESIAN_POINT('',(3.89999999999999,-2.98076118445748,1650.));
#10498=CARTESIAN_POINT('',(6.4192388155425,-5.5,1650.));
#10499=CARTESIAN_POINT('',(3.89999999999999,-0.199999999999988,1650.));
#10500=CARTESIAN_POINT('',(3.89999999999999,-2.98076118445748,1650.));
#10501=CARTESIAN_POINT('',(3.69999999999999,1.01173683686984E-14,1650.));
#10502=CARTESIAN_POINT('',(3.89999999999999,-0.199999999999988,1650.));
#10503=CARTESIAN_POINT('',(3.89999999999999,0.200000000000014,1650.));
#10504=CARTESIAN_POINT('',(3.69999999999999,1.01643953670516E-14,1650.));
#10505=CARTESIAN_POINT('',(3.89999999999999,2.9807611844575,1650.));
#10506=CARTESIAN_POINT('',(3.89999999999999,0.200000000000014,1650.));
#10507=CARTESIAN_POINT('',(6.4192388155425,5.50000000000001,1650.));
#10508=CARTESIAN_POINT('',(3.89999999999999,2.9807611844575,1650.));
#10509=CARTESIAN_POINT('',(8.09999999999999,5.50000000000001,1650.));
#10510=CARTESIAN_POINT('',(6.4192388155425,5.50000000000001,1650.));
#10511=CARTESIAN_POINT('',(8.19999999999999,5.40000000000001,1650.));
#10512=CARTESIAN_POINT('Origin',(8.09999999999999,5.40000000000001,1650.));
#10513=CARTESIAN_POINT('',(8.19999999999999,3.29142135623731,1650.));
#10514=CARTESIAN_POINT('',(8.19999999999999,5.40000000000001,1650.));
#10515=CARTESIAN_POINT('',(8.37071067811864,3.22071067811866,1650.));
#10516=CARTESIAN_POINT('Origin',(8.29999999999999,3.29142135623731,1650.));
#10517=CARTESIAN_POINT('',(9.99999999999999,4.84999999999999,1650.));
#10518=CARTESIAN_POINT('',(8.37071067811864,3.22071067811866,1650.));
#10519=CARTESIAN_POINT('',(10.,8.40000000000001,1650.));
#10520=CARTESIAN_POINT('',(9.99999999999999,4.84999999999999,1650.));
#10521=CARTESIAN_POINT('',(8.4,10.,1650.));
#10522=CARTESIAN_POINT('Origin',(8.4,8.4,1650.));
#10523=CARTESIAN_POINT('',(4.84999999999998,10.,1650.));
#10524=CARTESIAN_POINT('',(8.4,10.,1650.));
#10525=CARTESIAN_POINT('',(3.22071067811865,8.37071067811866,1650.));
#10526=CARTESIAN_POINT('',(4.84999999999998,10.,1650.));
#10527=CARTESIAN_POINT('',(3.29142135623731,8.2,1650.));
#10528=CARTESIAN_POINT('Origin',(3.29142135623731,8.3,1650.));
#10529=CARTESIAN_POINT('',(5.4,8.2,1650.));
#10530=CARTESIAN_POINT('',(3.29142135623731,8.2,1650.));
#10531=CARTESIAN_POINT('',(5.5,8.1,1650.));
#10532=CARTESIAN_POINT('Origin',(5.4,8.1,1650.));
#10533=CARTESIAN_POINT('',(5.50000000000001,6.41923881554252,1650.));
#10534=CARTESIAN_POINT('',(5.5,8.1,1650.));
#10535=CARTESIAN_POINT('',(2.98076118445749,3.9,1650.));
#10536=CARTESIAN_POINT('',(5.50000000000001,6.41923881554252,1650.));
#10537=CARTESIAN_POINT('',(0.199999999999999,3.90000000000001,1650.));
#10538=CARTESIAN_POINT('',(2.98076118445749,3.9,1650.));
#10539=CARTESIAN_POINT('',(2.60208521396521E-15,3.70000000000001,1650.));
#10540=CARTESIAN_POINT('',(0.199999999999999,3.90000000000001,1650.));
#10541=CARTESIAN_POINT('',(-0.2,3.90000000000001,1650.));
#10542=CARTESIAN_POINT('',(2.60208521396521E-15,3.70000000000001,1650.));
#10543=CARTESIAN_POINT('',(-2.98076118445749,3.9,1650.));
#10544=CARTESIAN_POINT('',(-0.2,3.90000000000001,1650.));
#10545=CARTESIAN_POINT('',(-5.50000000000001,6.41923881554252,1650.));
#10546=CARTESIAN_POINT('',(-2.98076118445749,3.9,1650.));
#10547=CARTESIAN_POINT('',(-5.5,8.1,1650.));
#10548=CARTESIAN_POINT('',(-5.50000000000001,6.41923881554252,1650.));
#10549=CARTESIAN_POINT('',(-5.4,8.2,1650.));
#10550=CARTESIAN_POINT('Origin',(-5.4,8.1,1650.));
#10551=CARTESIAN_POINT('',(-3.29142135623731,8.2,1650.));
#10552=CARTESIAN_POINT('',(-5.4,8.2,1650.));
#10553=CARTESIAN_POINT('',(-3.22071067811865,8.37071067811866,1650.));
#10554=CARTESIAN_POINT('Origin',(-3.29142135623731,8.3,1650.));
#10555=CARTESIAN_POINT('',(-4.84999999999998,10.,1650.));
#10556=CARTESIAN_POINT('',(-3.22071067811865,8.37071067811866,1650.));
#10557=CARTESIAN_POINT('',(-8.39999999999999,10.,1650.));
#10558=CARTESIAN_POINT('',(-4.84999999999998,10.,1650.));
#10559=CARTESIAN_POINT('',(-10.,8.39999999999999,1650.));
#10560=CARTESIAN_POINT('Origin',(-8.4,8.4,1650.));
#10561=CARTESIAN_POINT('',(-10.,8.39999999999999,1650.));
#10562=CARTESIAN_POINT('',(2.1,0.,1650.));
#10563=CARTESIAN_POINT('Origin',(0.,0.,1650.));
#10564=CARTESIAN_POINT('Origin',(-8.4,8.4,0.));
#10565=CARTESIAN_POINT('',(-8.2,3.29142135623732,0.));
#10566=CARTESIAN_POINT('',(-8.2,5.40000000000002,0.));
#10567=CARTESIAN_POINT('',(-8.2,3.29142135623732,0.));
#10568=CARTESIAN_POINT('',(-8.37071067811865,3.22071067811867,0.));
#10569=CARTESIAN_POINT('Origin',(-8.3,3.29142135623732,0.));
#10570=CARTESIAN_POINT('',(-10.,4.84999999999999,0.));
#10571=CARTESIAN_POINT('',(-10.,4.84999999999999,0.));
#10572=CARTESIAN_POINT('',(-10.,8.39999999999999,0.));
#10573=CARTESIAN_POINT('',(-10.,8.39999999999999,0.));
#10574=CARTESIAN_POINT('',(-8.39999999999999,10.,0.));
#10575=CARTESIAN_POINT('Origin',(-8.4,8.4,0.));
#10576=CARTESIAN_POINT('',(-4.84999999999998,10.,0.));
#10577=CARTESIAN_POINT('',(-4.84999999999998,10.,0.));
#10578=CARTESIAN_POINT('',(-3.22071067811865,8.37071067811866,0.));
#10579=CARTESIAN_POINT('',(-3.22071067811865,8.37071067811866,0.));
#10580=CARTESIAN_POINT('',(-3.29142135623731,8.2,0.));
#10581=CARTESIAN_POINT('Origin',(-3.29142135623731,8.3,0.));
#10582=CARTESIAN_POINT('',(-5.4,8.2,0.));
#10583=CARTESIAN_POINT('',(-5.4,8.2,0.));
#10584=CARTESIAN_POINT('',(-5.5,8.1,0.));
#10585=CARTESIAN_POINT('Origin',(-5.4,8.1,0.));
#10586=CARTESIAN_POINT('',(-5.50000000000001,6.41923881554252,0.));
#10587=CARTESIAN_POINT('',(-5.50000000000001,6.41923881554252,0.));
#10588=CARTESIAN_POINT('',(-2.98076118445749,3.9,0.));
#10589=CARTESIAN_POINT('',(-2.98076118445749,3.9,0.));
#10590=CARTESIAN_POINT('',(-0.2,3.90000000000001,0.));
#10591=CARTESIAN_POINT('',(-0.2,3.90000000000001,0.));
#10592=CARTESIAN_POINT('',(2.60208521396521E-15,3.70000000000001,0.));
#10593=CARTESIAN_POINT('',(2.60208521396521E-15,3.70000000000001,0.));
#10594=CARTESIAN_POINT('',(0.199999999999999,3.90000000000001,0.));
#10595=CARTESIAN_POINT('',(0.199999999999999,3.90000000000001,0.));
#10596=CARTESIAN_POINT('',(2.98076118445749,3.9,0.));
#10597=CARTESIAN_POINT('',(2.98076118445749,3.9,0.));
#10598=CARTESIAN_POINT('',(5.50000000000001,6.41923881554252,0.));
#10599=CARTESIAN_POINT('',(5.50000000000001,6.41923881554252,0.));
#10600=CARTESIAN_POINT('',(5.5,8.1,0.));
#10601=CARTESIAN_POINT('',(5.5,8.1,0.));
#10602=CARTESIAN_POINT('',(5.4,8.2,0.));
#10603=CARTESIAN_POINT('Origin',(5.4,8.1,0.));
#10604=CARTESIAN_POINT('',(3.29142135623731,8.2,0.));
#10605=CARTESIAN_POINT('',(3.29142135623731,8.2,0.));
#10606=CARTESIAN_POINT('',(3.22071067811865,8.37071067811866,0.));
#10607=CARTESIAN_POINT('Origin',(3.29142135623731,8.3,0.));
#10608=CARTESIAN_POINT('',(4.84999999999998,10.,0.));
#10609=CARTESIAN_POINT('',(4.84999999999998,10.,0.));
#10610=CARTESIAN_POINT('',(8.4,10.,0.));
#10611=CARTESIAN_POINT('',(8.4,10.,0.));
#10612=CARTESIAN_POINT('',(10.,8.40000000000001,0.));
#10613=CARTESIAN_POINT('Origin',(8.4,8.4,0.));
#10614=CARTESIAN_POINT('',(9.99999999999999,4.84999999999999,0.));
#10615=CARTESIAN_POINT('',(9.99999999999999,4.84999999999999,0.));
#10616=CARTESIAN_POINT('',(8.37071067811864,3.22071067811866,0.));
#10617=CARTESIAN_POINT('',(8.37071067811864,3.22071067811866,0.));
#10618=CARTESIAN_POINT('',(8.19999999999999,3.29142135623731,0.));
#10619=CARTESIAN_POINT('Origin',(8.29999999999999,3.29142135623731,0.));
#10620=CARTESIAN_POINT('',(8.19999999999999,5.40000000000001,0.));
#10621=CARTESIAN_POINT('',(8.19999999999999,5.40000000000001,0.));
#10622=CARTESIAN_POINT('',(8.09999999999999,5.50000000000001,0.));
#10623=CARTESIAN_POINT('Origin',(8.09999999999999,5.40000000000001,0.));
#10624=CARTESIAN_POINT('',(6.4192388155425,5.50000000000001,0.));
#10625=CARTESIAN_POINT('',(6.4192388155425,5.50000000000001,0.));
#10626=CARTESIAN_POINT('',(3.89999999999999,2.9807611844575,0.));
#10627=CARTESIAN_POINT('',(3.89999999999999,2.9807611844575,0.));
#10628=CARTESIAN_POINT('',(3.89999999999999,0.200000000000014,0.));
#10629=CARTESIAN_POINT('',(3.89999999999999,0.200000000000014,0.));
#10630=CARTESIAN_POINT('',(3.69999999999999,1.01173683686984E-14,0.));
#10631=CARTESIAN_POINT('',(3.69999999999999,1.01643953670516E-14,0.));
#10632=CARTESIAN_POINT('',(3.89999999999999,-0.199999999999988,0.));
#10633=CARTESIAN_POINT('',(3.89999999999999,-0.199999999999988,0.));
#10634=CARTESIAN_POINT('',(3.89999999999999,-2.98076118445748,0.));
#10635=CARTESIAN_POINT('',(3.89999999999999,-2.98076118445748,0.));
#10636=CARTESIAN_POINT('',(6.4192388155425,-5.5,0.));
#10637=CARTESIAN_POINT('',(6.4192388155425,-5.5,0.));
#10638=CARTESIAN_POINT('',(8.09999999999999,-5.5,0.));
#10639=CARTESIAN_POINT('',(8.09999999999999,-5.5,0.));
#10640=CARTESIAN_POINT('',(8.19999999999999,-5.4,0.));
#10641=CARTESIAN_POINT('Origin',(8.09999999999999,-5.4,0.));
#10642=CARTESIAN_POINT('',(8.19999999999999,-3.2914213562373,0.));
#10643=CARTESIAN_POINT('',(8.19999999999999,-3.2914213562373,0.));
#10644=CARTESIAN_POINT('',(8.37071067811864,-3.22071067811865,0.));
#10645=CARTESIAN_POINT('Origin',(8.29999999999999,-3.2914213562373,0.));
#10646=CARTESIAN_POINT('',(9.99999999999999,-4.84999999999997,0.));
#10647=CARTESIAN_POINT('',(9.99999999999999,-4.84999999999997,0.));
#10648=CARTESIAN_POINT('',(10.,-8.39999999999998,0.));
#10649=CARTESIAN_POINT('',(10.,-8.39999999999998,0.));
#10650=CARTESIAN_POINT('',(8.39999999999998,-9.99999999999999,0.));
#10651=CARTESIAN_POINT('Origin',(8.4,-8.39999999999999,0.));
#10652=CARTESIAN_POINT('',(4.84999999999997,-9.99999999999998,0.));
#10653=CARTESIAN_POINT('',(4.84999999999997,-9.99999999999998,0.));
#10654=CARTESIAN_POINT('',(3.22071067811864,-8.37071067811864,0.));
#10655=CARTESIAN_POINT('',(3.22071067811864,-8.37071067811864,0.));
#10656=CARTESIAN_POINT('',(3.2914213562373,-8.19999999999998,0.));
#10657=CARTESIAN_POINT('Origin',(3.2914213562373,-8.29999999999998,0.));
#10658=CARTESIAN_POINT('',(5.39999999999999,-8.19999999999998,0.));
#10659=CARTESIAN_POINT('',(5.39999999999999,-8.19999999999998,0.));
#10660=CARTESIAN_POINT('',(5.49999999999999,-8.09999999999998,0.));
#10661=CARTESIAN_POINT('Origin',(5.39999999999999,-8.09999999999998,0.));
#10662=CARTESIAN_POINT('',(5.49999999999999,-6.41923881554249,0.));
#10663=CARTESIAN_POINT('',(5.49999999999999,-6.41923881554249,0.));
#10664=CARTESIAN_POINT('',(2.98076118445748,-3.89999999999998,0.));
#10665=CARTESIAN_POINT('',(2.98076118445748,-3.89999999999998,0.));
#10666=CARTESIAN_POINT('',(0.200000000000001,-3.89999999999999,0.));
#10667=CARTESIAN_POINT('',(0.200000000000001,-3.89999999999999,0.));
#10668=CARTESIAN_POINT('',(-2.02874311261526E-15,-3.69999999999999,0.));
#10669=CARTESIAN_POINT('',(-1.97866896478605E-15,-3.69999999999999,0.));
#10670=CARTESIAN_POINT('',(-0.2,-3.89999999999999,0.));
#10671=CARTESIAN_POINT('',(-0.2,-3.89999999999999,0.));
#10672=CARTESIAN_POINT('',(-2.9807611844575,-3.89999999999998,0.));
#10673=CARTESIAN_POINT('',(-2.9807611844575,-3.89999999999998,0.));
#10674=CARTESIAN_POINT('',(-5.50000000000001,-6.41923881554249,0.));
#10675=CARTESIAN_POINT('',(-5.50000000000001,-6.41923881554249,0.));
#10676=CARTESIAN_POINT('',(-5.50000000000001,-8.09999999999998,0.));
#10677=CARTESIAN_POINT('',(-5.50000000000001,-8.09999999999998,0.));
#10678=CARTESIAN_POINT('',(-5.40000000000001,-8.19999999999998,0.));
#10679=CARTESIAN_POINT('Origin',(-5.40000000000001,-8.09999999999998,0.));
#10680=CARTESIAN_POINT('',(-3.29142135623731,-8.19999999999998,0.));
#10681=CARTESIAN_POINT('',(-3.29142135623731,-8.19999999999998,0.));
#10682=CARTESIAN_POINT('',(-3.22071067811866,-8.37071067811864,0.));
#10683=CARTESIAN_POINT('Origin',(-3.29142135623731,-8.29999999999998,0.));
#10684=CARTESIAN_POINT('',(-4.84999999999999,-9.99999999999998,0.));
#10685=CARTESIAN_POINT('',(-4.84999999999999,-9.99999999999998,0.));
#10686=CARTESIAN_POINT('',(-8.39999999999998,-10.,0.));
#10687=CARTESIAN_POINT('',(-8.39999999999998,-10.,0.));
#10688=CARTESIAN_POINT('',(-10.,-8.4,0.));
#10689=CARTESIAN_POINT('Origin',(-8.4,-8.4,0.));
#10690=CARTESIAN_POINT('',(-10.,-4.84999999999997,0.));
#10691=CARTESIAN_POINT('',(-10.,-4.84999999999997,0.));
#10692=CARTESIAN_POINT('',(-8.37071067811865,-3.22071067811864,0.));
#10693=CARTESIAN_POINT('',(-8.37071067811865,-3.22071067811864,0.));
#10694=CARTESIAN_POINT('',(-8.2,-3.29142135623729,0.));
#10695=CARTESIAN_POINT('Origin',(-8.3,-3.29142135623729,0.));
#10696=CARTESIAN_POINT('',(-8.2,-5.39999999999999,0.));
#10697=CARTESIAN_POINT('',(-8.2,-5.39999999999999,0.));
#10698=CARTESIAN_POINT('',(-8.1,-5.49999999999999,0.));
#10699=CARTESIAN_POINT('Origin',(-8.1,-5.39999999999999,0.));
#10700=CARTESIAN_POINT('',(-6.41923881554251,-5.49999999999999,0.));
#10701=CARTESIAN_POINT('',(-6.41923881554251,-5.49999999999999,0.));
#10702=CARTESIAN_POINT('',(-3.9,-2.98076118445747,0.));
#10703=CARTESIAN_POINT('',(-3.9,-2.98076118445747,0.));
#10704=CARTESIAN_POINT('',(-3.9,-0.199999999999993,0.));
#10705=CARTESIAN_POINT('',(-3.9,-0.199999999999993,0.));
#10706=CARTESIAN_POINT('',(-3.7,1.06798748963329E-14,0.));
#10707=CARTESIAN_POINT('',(-3.7,1.06251812903579E-14,0.));
#10708=CARTESIAN_POINT('',(-3.9,0.200000000000009,0.));
#10709=CARTESIAN_POINT('',(-3.9,0.200000000000009,0.));
#10710=CARTESIAN_POINT('',(-3.9,2.9807611844575,0.));
#10711=CARTESIAN_POINT('',(-3.9,2.9807611844575,0.));
#10712=CARTESIAN_POINT('',(-6.41923881554251,5.50000000000002,0.));
#10713=CARTESIAN_POINT('',(-6.41923881554251,5.50000000000002,0.));
#10714=CARTESIAN_POINT('',(-8.1,5.50000000000002,0.));
#10715=CARTESIAN_POINT('',(-8.1,5.50000000000002,0.));
#10716=CARTESIAN_POINT('Origin',(-8.1,5.40000000000002,0.));
#10717=CARTESIAN_POINT('',(2.1,0.,0.));
#10718=CARTESIAN_POINT('Origin',(0.,0.,0.));
#10719=CARTESIAN_POINT('Origin',(-4.84999999999998,10.,100.));
#10720=CARTESIAN_POINT('',(-8.39999999999999,10.,100.));
#10721=CARTESIAN_POINT('',(-4.84999999999998,10.,100.));
#10722=CARTESIAN_POINT('Origin',(-8.4,8.4,100.));
#10723=CARTESIAN_POINT('',(-10.,8.39999999999999,100.));
#10724=CARTESIAN_POINT('Origin',(-10.,4.84999999999999,100.));
#10725=CARTESIAN_POINT('',(-10.,4.84999999999999,100.));
#10726=CARTESIAN_POINT('Origin',(-10.,4.84999999999999,100.));
#10727=CARTESIAN_POINT('',(-8.37071067811865,3.22071067811867,100.));
#10728=CARTESIAN_POINT('Origin',(-8.2,3.05000000000001,100.));
#10729=CARTESIAN_POINT('',(-8.2,3.29142135623732,100.));
#10730=CARTESIAN_POINT('',(-8.2,5.40000000000002,100.));
#10731=CARTESIAN_POINT('Origin',(-8.2,5.50000000000002,100.));
#10732=CARTESIAN_POINT('',(-8.1,5.50000000000002,100.));
#10733=CARTESIAN_POINT('',(-6.41923881554251,5.50000000000002,100.));
#10734=CARTESIAN_POINT('Origin',(-6.41923881554251,5.50000000000002,100.));
#10735=CARTESIAN_POINT('',(-3.9,2.9807611844575,100.));
#10736=CARTESIAN_POINT('Origin',(-3.9,0.200000000000009,100.));
#10737=CARTESIAN_POINT('',(-3.9,0.200000000000009,100.));
#10738=CARTESIAN_POINT('Origin',(-3.7,1.06798748963329E-14,100.));
#10739=CARTESIAN_POINT('',(-3.7,1.06798748963329E-14,100.));
#10740=CARTESIAN_POINT('Origin',(-3.9,-0.199999999999993,100.));
#10741=CARTESIAN_POINT('',(-3.9,-0.199999999999993,100.));
#10742=CARTESIAN_POINT('Origin',(-3.9,-2.98076118445747,100.));
#10743=CARTESIAN_POINT('',(-3.9,-2.98076118445747,100.));
#10744=CARTESIAN_POINT('Origin',(-6.41923881554251,-5.49999999999999,100.));
#10745=CARTESIAN_POINT('',(-6.41923881554251,-5.49999999999999,100.));
#10746=CARTESIAN_POINT('Origin',(-8.2,-5.49999999999999,100.));
#10747=CARTESIAN_POINT('',(-8.1,-5.49999999999999,100.));
#10748=CARTESIAN_POINT('Origin',(-8.2,-3.04999999999999,100.));
#10749=CARTESIAN_POINT('',(-8.2,-3.29142135623729,100.));
#10750=CARTESIAN_POINT('',(-8.2,-5.39999999999999,100.));
#10751=CARTESIAN_POINT('Origin',(-10.,-4.84999999999997,100.));
#10752=CARTESIAN_POINT('',(-8.37071067811865,-3.22071067811864,100.));
#10753=CARTESIAN_POINT('',(-10.,-4.84999999999997,100.));
#10754=CARTESIAN_POINT('Origin',(-10.,-8.39999999999998,100.));
#10755=CARTESIAN_POINT('',(-10.,-8.4,100.));
#10756=CARTESIAN_POINT('Origin',(-8.4,-8.4,100.));
#10757=CARTESIAN_POINT('',(-8.39999999999998,-10.,100.));
#10758=CARTESIAN_POINT('Origin',(-4.84999999999999,-9.99999999999998,100.));
#10759=CARTESIAN_POINT('',(-4.84999999999999,-9.99999999999998,100.));
#10760=CARTESIAN_POINT('Origin',(-4.84999999999999,-9.99999999999998,100.));
#10761=CARTESIAN_POINT('',(-3.22071067811866,-8.37071067811864,100.));
#10762=CARTESIAN_POINT('Origin',(-3.05000000000001,-8.19999999999998,100.));
#10763=CARTESIAN_POINT('',(-3.29142135623731,-8.19999999999998,100.));
#10764=CARTESIAN_POINT('',(-5.40000000000001,-8.19999999999998,100.));
#10765=CARTESIAN_POINT('Origin',(-5.50000000000001,-8.19999999999998,100.));
#10766=CARTESIAN_POINT('',(-5.50000000000001,-8.09999999999998,100.));
#10767=CARTESIAN_POINT('',(-5.50000000000001,-6.41923881554249,100.));
#10768=CARTESIAN_POINT('Origin',(-5.50000000000001,-6.41923881554249,100.));
#10769=CARTESIAN_POINT('',(-2.9807611844575,-3.89999999999998,100.));
#10770=CARTESIAN_POINT('Origin',(-0.2,-3.89999999999999,100.));
#10771=CARTESIAN_POINT('',(-0.2,-3.89999999999999,100.));
#10772=CARTESIAN_POINT('Origin',(-2.02874311261526E-15,-3.69999999999999,
100.));
#10773=CARTESIAN_POINT('',(-2.02874311261526E-15,-3.69999999999999,100.));
#10774=CARTESIAN_POINT('Origin',(0.200000000000001,-3.89999999999999,100.));
#10775=CARTESIAN_POINT('',(0.200000000000001,-3.89999999999999,100.));
#10776=CARTESIAN_POINT('Origin',(2.98076118445748,-3.89999999999998,100.));
#10777=CARTESIAN_POINT('',(2.98076118445748,-3.89999999999998,100.));
#10778=CARTESIAN_POINT('Origin',(5.49999999999999,-6.41923881554249,100.));
#10779=CARTESIAN_POINT('',(5.49999999999999,-6.41923881554249,100.));
#10780=CARTESIAN_POINT('Origin',(5.49999999999999,-8.19999999999998,100.));
#10781=CARTESIAN_POINT('',(5.49999999999999,-8.09999999999998,100.));
#10782=CARTESIAN_POINT('Origin',(3.04999999999999,-8.19999999999998,100.));
#10783=CARTESIAN_POINT('',(3.2914213562373,-8.19999999999998,100.));
#10784=CARTESIAN_POINT('',(5.39999999999999,-8.19999999999998,100.));
#10785=CARTESIAN_POINT('Origin',(4.84999999999997,-9.99999999999998,100.));
#10786=CARTESIAN_POINT('',(3.22071067811864,-8.37071067811864,100.));
#10787=CARTESIAN_POINT('',(4.84999999999997,-9.99999999999998,100.));
#10788=CARTESIAN_POINT('Origin',(8.39999999999998,-9.99999999999999,100.));
#10789=CARTESIAN_POINT('',(8.39999999999998,-9.99999999999999,100.));
#10790=CARTESIAN_POINT('Origin',(8.4,-8.39999999999999,100.));
#10791=CARTESIAN_POINT('',(10.,-8.39999999999998,100.));
#10792=CARTESIAN_POINT('Origin',(10.,-8.39999999999998,100.));
#10793=CARTESIAN_POINT('',(9.99999999999999,-4.84999999999997,100.));
#10794=CARTESIAN_POINT('Origin',(9.99999999999999,-4.84999999999997,100.));
#10795=CARTESIAN_POINT('',(8.37071067811864,-3.22071067811865,100.));
#10796=CARTESIAN_POINT('Origin',(8.19999999999999,-3.04999999999999,100.));
#10797=CARTESIAN_POINT('',(8.19999999999999,-3.2914213562373,100.));
#10798=CARTESIAN_POINT('',(8.19999999999999,-5.4,100.));
#10799=CARTESIAN_POINT('Origin',(8.19999999999999,-5.5,100.));
#10800=CARTESIAN_POINT('',(8.09999999999999,-5.5,100.));
#10801=CARTESIAN_POINT('',(6.4192388155425,-5.5,100.));
#10802=CARTESIAN_POINT('Origin',(6.4192388155425,-5.5,100.));
#10803=CARTESIAN_POINT('',(3.89999999999999,-2.98076118445748,100.));
#10804=CARTESIAN_POINT('Origin',(3.89999999999999,-0.199999999999988,100.));
#10805=CARTESIAN_POINT('',(3.89999999999999,-0.199999999999988,100.));
#10806=CARTESIAN_POINT('Origin',(3.69999999999999,1.01173683686984E-14,
100.));
#10807=CARTESIAN_POINT('',(3.69999999999999,1.01173683686984E-14,100.));
#10808=CARTESIAN_POINT('Origin',(3.89999999999999,0.200000000000014,100.));
#10809=CARTESIAN_POINT('',(3.89999999999999,0.200000000000014,100.));
#10810=CARTESIAN_POINT('Origin',(3.89999999999999,2.9807611844575,100.));
#10811=CARTESIAN_POINT('',(3.89999999999999,2.9807611844575,100.));
#10812=CARTESIAN_POINT('Origin',(6.4192388155425,5.50000000000001,100.));
#10813=CARTESIAN_POINT('',(6.4192388155425,5.50000000000001,100.));
#10814=CARTESIAN_POINT('Origin',(8.19999999999999,5.50000000000001,100.));
#10815=CARTESIAN_POINT('',(8.09999999999999,5.50000000000001,100.));
#10816=CARTESIAN_POINT('Origin',(8.19999999999999,3.05000000000001,100.));
#10817=CARTESIAN_POINT('',(8.19999999999999,3.29142135623731,100.));
#10818=CARTESIAN_POINT('',(8.19999999999999,5.40000000000001,100.));
#10819=CARTESIAN_POINT('Origin',(9.99999999999999,4.84999999999999,100.));
#10820=CARTESIAN_POINT('',(8.37071067811864,3.22071067811866,100.));
#10821=CARTESIAN_POINT('',(9.99999999999999,4.84999999999999,100.));
#10822=CARTESIAN_POINT('Origin',(9.99999999999999,4.84999999999999,100.));
#10823=CARTESIAN_POINT('',(10.,8.40000000000001,100.));
#10824=CARTESIAN_POINT('Origin',(8.4,8.4,100.));
#10825=CARTESIAN_POINT('',(8.4,10.,100.));
#10826=CARTESIAN_POINT('Origin',(8.4,10.,100.));
#10827=CARTESIAN_POINT('',(4.84999999999998,10.,100.));
#10828=CARTESIAN_POINT('Origin',(4.84999999999998,10.,100.));
#10829=CARTESIAN_POINT('',(3.22071067811865,8.37071067811866,100.));
#10830=CARTESIAN_POINT('Origin',(3.05,8.2,100.));
#10831=CARTESIAN_POINT('',(5.4,8.2,100.));
#10832=CARTESIAN_POINT('',(3.29142135623731,8.2,100.));
#10833=CARTESIAN_POINT('Origin',(5.5,8.2,100.));
#10834=CARTESIAN_POINT('',(5.5,8.1,100.));
#10835=CARTESIAN_POINT('',(5.50000000000001,6.41923881554252,100.));
#10836=CARTESIAN_POINT('Origin',(5.50000000000001,6.41923881554252,100.));
#10837=CARTESIAN_POINT('',(2.98076118445749,3.9,100.));
#10838=CARTESIAN_POINT('Origin',(0.199999999999999,3.90000000000001,100.));
#10839=CARTESIAN_POINT('',(0.199999999999999,3.90000000000001,100.));
#10840=CARTESIAN_POINT('Origin',(2.60208521396521E-15,3.70000000000001,
100.));
#10841=CARTESIAN_POINT('',(2.60208521396521E-15,3.70000000000001,100.));
#10842=CARTESIAN_POINT('Origin',(-0.2,3.90000000000001,100.));
#10843=CARTESIAN_POINT('',(-0.2,3.90000000000001,100.));
#10844=CARTESIAN_POINT('Origin',(-2.98076118445749,3.9,100.));
#10845=CARTESIAN_POINT('',(-2.98076118445749,3.9,100.));
#10846=CARTESIAN_POINT('Origin',(-5.50000000000001,6.41923881554252,100.));
#10847=CARTESIAN_POINT('',(-5.50000000000001,6.41923881554252,100.));
#10848=CARTESIAN_POINT('Origin',(-5.5,8.2,100.));
#10849=CARTESIAN_POINT('',(-5.5,8.1,100.));
#10850=CARTESIAN_POINT('Origin',(-3.05,8.2,100.));
#10851=CARTESIAN_POINT('',(-3.29142135623731,8.2,100.));
#10852=CARTESIAN_POINT('',(-5.4,8.2,100.));
#10853=CARTESIAN_POINT('Origin',(-4.84999999999998,10.,100.));
#10854=CARTESIAN_POINT('',(-3.22071067811865,8.37071067811866,100.));
#10855=CARTESIAN_POINT('Origin',(0.,0.,100.));
#10856=CARTESIAN_POINT('',(2.1,-2.57175827820944E-16,100.));
#10857=CARTESIAN_POINT('Origin',(-8.3,3.29142135623732,100.));
#10858=CARTESIAN_POINT('Origin',(-8.1,5.40000000000002,100.));
#10859=CARTESIAN_POINT('Origin',(-8.3,-3.29142135623729,100.));
#10860=CARTESIAN_POINT('Origin',(-8.1,-5.39999999999999,100.));
#10861=CARTESIAN_POINT('Origin',(-3.29142135623731,-8.29999999999998,100.));
#10862=CARTESIAN_POINT('Origin',(-5.40000000000001,-8.09999999999998,100.));
#10863=CARTESIAN_POINT('Origin',(3.2914213562373,-8.29999999999998,100.));
#10864=CARTESIAN_POINT('Origin',(5.39999999999999,-8.09999999999998,100.));
#10865=CARTESIAN_POINT('Origin',(8.29999999999999,-3.2914213562373,100.));
#10866=CARTESIAN_POINT('Origin',(8.09999999999999,-5.4,100.));
#10867=CARTESIAN_POINT('Origin',(8.29999999999999,3.29142135623731,100.));
#10868=CARTESIAN_POINT('Origin',(8.09999999999999,5.40000000000001,100.));
#10869=CARTESIAN_POINT('Origin',(5.4,8.1,100.));
#10870=CARTESIAN_POINT('Origin',(3.29142135623731,8.3,100.));
#10871=CARTESIAN_POINT('Origin',(-3.29142135623731,8.3,100.));
#10872=CARTESIAN_POINT('Origin',(-5.4,8.1,100.));
#10873=CARTESIAN_POINT('',(1839.10733489797,1261.9140220229,-66.4786519908035));
#10874=CARTESIAN_POINT('',(1846.10733489797,1561.91402202289,-66.4786519908715));
#10875=CARTESIAN_POINT('',(1846.10733489797,1717.91402202288,-66.4786519908978));
#10876=CARTESIAN_POINT('',(1846.10733489797,1873.91402202287,-66.4786519909241));
#10877=CARTESIAN_POINT('',(1846.10733489797,2029.91402202287,-66.4786519909506));
#10878=CARTESIAN_POINT('',(1846.10733489797,2185.91402202286,-66.478651990977));
#10879=CARTESIAN_POINT('',(1846.10733489796,2341.91402202285,-66.4786519910032));
#10880=CARTESIAN_POINT('',(3028.64516711146,1216.65959740712,-904.796055750771));
#10881=CARTESIAN_POINT('',(3520.85733489763,1261.91402202289,-178.228651994981));
#10882=CARTESIAN_POINT('',(3482.10733489771,1561.91402202288,-146.478651994936));
#10883=CARTESIAN_POINT('',(3482.10733489771,1717.91402202287,-146.478651994961));
#10884=CARTESIAN_POINT('',(3482.10733489771,1873.91402202286,-146.478651994987));
#10885=CARTESIAN_POINT('',(3482.10733489771,2029.91402202286,-146.478651995012));
#10886=CARTESIAN_POINT('',(3482.10733489771,2185.91402202285,-146.478651995038));
#10887=CARTESIAN_POINT('',(3482.10733489771,2341.91402202284,-146.478651995064));
#10888=CARTESIAN_POINT('',(3482.10733489825,1561.91402202291,73.52134800506));
#10889=CARTESIAN_POINT('',(3482.10733489826,1717.91402202291,73.5213480050352));
#10890=CARTESIAN_POINT('',(3482.10733489826,2029.9140220229,73.5213480049834));
#10891=CARTESIAN_POINT('',(3482.10733489826,2185.9140220229,73.5213480049584));
#10892=CARTESIAN_POINT('',(3482.10733489826,1873.9140220229,73.52134800501));
#10893=CARTESIAN_POINT('',(3520.85733489791,1261.9140220229,-66.4786519949839));
#10894=CARTESIAN_POINT('',(3482.10733489826,2341.91402202289,73.521348004933));
#10895=CARTESIAN_POINT('',(1839.1073348977,1261.91402202285,-178.228651990827));
#10896=CARTESIAN_POINT('',(1846.10733489743,1717.91402202283,-286.478651990915));
#10897=CARTESIAN_POINT('',(1846.10733489743,1873.91402202282,-286.47865199094));
#10898=CARTESIAN_POINT('',(1846.10733489743,2185.91402202282,-286.47865199099));
#10899=CARTESIAN_POINT('',(1846.10733489742,2341.91402202282,-286.478651991016));
#10900=CARTESIAN_POINT('',(1846.10733489742,1561.91402202284,-286.478651990877));
#10901=CARTESIAN_POINT('',(1846.10733489743,2029.91402202282,-286.478651990966));
#10902=CARTESIAN_POINT('',(1807.35733489739,1230.16402202286,-306.478651990731));
#10903=CARTESIAN_POINT('',(3489.10733489732,1230.16402202286,-306.478651994898));
#10904=CARTESIAN_POINT('',(1807.35733489737,2571.91402202281,-306.478651990942));
#10905=CARTESIAN_POINT('',(3489.10733489731,2571.91402202282,-306.478651995116));
#10906=CARTESIAN_POINT('',(1839.10733489867,2571.91402202289,228.521348008971));
#10907=CARTESIAN_POINT('',(1839.10733489861,1292.78902202294,197.646348009175));
#10908=CARTESIAN_POINT('',(1839.10733489793,2489.16402202285,-66.4786519910112));
#10909=CARTESIAN_POINT('',(1839.10733489767,2489.16402202283,-178.228651991026));
#10910=CARTESIAN_POINT('',(1839.10733489791,1491.03902202288,-90.6036519908398));
#10911=CARTESIAN_POINT('',(1839.1073348985,1282.78902202293,150.896348009178));
#10912=UNCERTAINTY_MEASURE_WITH_UNIT(LENGTH_MEASURE(0.01),#10938,
'DISTANCE_ACCURACY_VALUE',
'Maximum model space distance between geometric entities at asserted c
onnectivities');
#10913=UNCERTAINTY_MEASURE_WITH_UNIT(LENGTH_MEASURE(0.01),#10938,
'DISTANCE_ACCURACY_VALUE',
'Maximum model space distance between geometric entities at asserted c
onnectivities');
#10914=UNCERTAINTY_MEASURE_WITH_UNIT(LENGTH_MEASURE(0.01),#10938,
'DISTANCE_ACCURACY_VALUE',
'Maximum model space distance between geometric entities at asserted c
onnectivities');
#10915=UNCERTAINTY_MEASURE_WITH_UNIT(LENGTH_MEASURE(0.01),#10938,
'DISTANCE_ACCURACY_VALUE',
'Maximum model space distance between geometric entities at asserted c
onnectivities');
#10916=UNCERTAINTY_MEASURE_WITH_UNIT(LENGTH_MEASURE(0.01),#10938,
'DISTANCE_ACCURACY_VALUE',
'Maximum model space distance between geometric entities at asserted c
onnectivities');
#10917=UNCERTAINTY_MEASURE_WITH_UNIT(LENGTH_MEASURE(0.01),#10938,
'DISTANCE_ACCURACY_VALUE',
'Maximum model space distance between geometric entities at asserted c
onnectivities');
#10918=UNCERTAINTY_MEASURE_WITH_UNIT(LENGTH_MEASURE(0.01),#10938,
'DISTANCE_ACCURACY_VALUE',
'Maximum model space distance between geometric entities at asserted c
onnectivities');
#10919=UNCERTAINTY_MEASURE_WITH_UNIT(LENGTH_MEASURE(0.01),#10938,
'DISTANCE_ACCURACY_VALUE',
'Maximum model space distance between geometric entities at asserted c
onnectivities');
#10920=UNCERTAINTY_MEASURE_WITH_UNIT(LENGTH_MEASURE(0.01),#10938,
'DISTANCE_ACCURACY_VALUE',
'Maximum model space distance between geometric entities at asserted c
onnectivities');
#10921=UNCERTAINTY_MEASURE_WITH_UNIT(LENGTH_MEASURE(0.01),#10938,
'DISTANCE_ACCURACY_VALUE',
'Maximum model space distance between geometric entities at asserted c
onnectivities');
#10922=UNCERTAINTY_MEASURE_WITH_UNIT(LENGTH_MEASURE(0.01),#10938,
'DISTANCE_ACCURACY_VALUE',
'Maximum model space distance between geometric entities at asserted c
onnectivities');
#10923=UNCERTAINTY_MEASURE_WITH_UNIT(LENGTH_MEASURE(0.01),#10938,
'DISTANCE_ACCURACY_VALUE',
'Maximum model space distance between geometric entities at asserted c
onnectivities');
#10924=UNCERTAINTY_MEASURE_WITH_UNIT(LENGTH_MEASURE(0.01),#10938,
'DISTANCE_ACCURACY_VALUE',
'Maximum model space distance between geometric entities at asserted c
onnectivities');
#10925=(
GEOMETRIC_REPRESENTATION_CONTEXT(3)
GLOBAL_UNCERTAINTY_ASSIGNED_CONTEXT((#10912))
GLOBAL_UNIT_ASSIGNED_CONTEXT((#10938,#10940,#10941))
REPRESENTATION_CONTEXT('','3D')
);
#10926=(
GEOMETRIC_REPRESENTATION_CONTEXT(3)
GLOBAL_UNCERTAINTY_ASSIGNED_CONTEXT((#10913))
GLOBAL_UNIT_ASSIGNED_CONTEXT((#10938,#10940,#10941))
REPRESENTATION_CONTEXT('','3D')
);
#10927=(
GEOMETRIC_REPRESENTATION_CONTEXT(3)
GLOBAL_UNCERTAINTY_ASSIGNED_CONTEXT((#10914))
GLOBAL_UNIT_ASSIGNED_CONTEXT((#10938,#10940,#10941))
REPRESENTATION_CONTEXT('','3D')
);
#10928=(
GEOMETRIC_REPRESENTATION_CONTEXT(3)
GLOBAL_UNCERTAINTY_ASSIGNED_CONTEXT((#10915))
GLOBAL_UNIT_ASSIGNED_CONTEXT((#10938,#10940,#10941))
REPRESENTATION_CONTEXT('','3D')
);
#10929=(
GEOMETRIC_REPRESENTATION_CONTEXT(3)
GLOBAL_UNCERTAINTY_ASSIGNED_CONTEXT((#10916))
GLOBAL_UNIT_ASSIGNED_CONTEXT((#10938,#10940,#10941))
REPRESENTATION_CONTEXT('','3D')
);
#10930=(
GEOMETRIC_REPRESENTATION_CONTEXT(3)
GLOBAL_UNCERTAINTY_ASSIGNED_CONTEXT((#10917))
GLOBAL_UNIT_ASSIGNED_CONTEXT((#10938,#10940,#10941))
REPRESENTATION_CONTEXT('','3D')
);
#10931=(
GEOMETRIC_REPRESENTATION_CONTEXT(3)
GLOBAL_UNCERTAINTY_ASSIGNED_CONTEXT((#10918))
GLOBAL_UNIT_ASSIGNED_CONTEXT((#10938,#10940,#10941))
REPRESENTATION_CONTEXT('','3D')
);
#10932=(
GEOMETRIC_REPRESENTATION_CONTEXT(3)
GLOBAL_UNCERTAINTY_ASSIGNED_CONTEXT((#10919))
GLOBAL_UNIT_ASSIGNED_CONTEXT((#10938,#10940,#10941))
REPRESENTATION_CONTEXT('','3D')
);
#10933=(
GEOMETRIC_REPRESENTATION_CONTEXT(3)
GLOBAL_UNCERTAINTY_ASSIGNED_CONTEXT((#10920))
GLOBAL_UNIT_ASSIGNED_CONTEXT((#10938,#10940,#10941))
REPRESENTATION_CONTEXT('','3D')
);
#10934=(
GEOMETRIC_REPRESENTATION_CONTEXT(3)
GLOBAL_UNCERTAINTY_ASSIGNED_CONTEXT((#10921))
GLOBAL_UNIT_ASSIGNED_CONTEXT((#10938,#10940,#10941))
REPRESENTATION_CONTEXT('','3D')
);
#10935=(
GEOMETRIC_REPRESENTATION_CONTEXT(3)
GLOBAL_UNCERTAINTY_ASSIGNED_CONTEXT((#10922))
GLOBAL_UNIT_ASSIGNED_CONTEXT((#10938,#10940,#10941))
REPRESENTATION_CONTEXT('','3D')
);
#10936=(
GEOMETRIC_REPRESENTATION_CONTEXT(3)
GLOBAL_UNCERTAINTY_ASSIGNED_CONTEXT((#10923))
GLOBAL_UNIT_ASSIGNED_CONTEXT((#10938,#10940,#10941))
REPRESENTATION_CONTEXT('','3D')
);
#10937=(
GEOMETRIC_REPRESENTATION_CONTEXT(3)
GLOBAL_UNCERTAINTY_ASSIGNED_CONTEXT((#10924))
GLOBAL_UNIT_ASSIGNED_CONTEXT((#10938,#10940,#10941))
REPRESENTATION_CONTEXT('','3D')
);
#10938=(
LENGTH_UNIT()
NAMED_UNIT(*)
SI_UNIT(.MILLI.,.METRE.)
);
#10939=(
LENGTH_UNIT()
NAMED_UNIT(*)
SI_UNIT(.CENTI.,.METRE.)
);
#10940=(
NAMED_UNIT(*)
PLANE_ANGLE_UNIT()
SI_UNIT($,.RADIAN.)
);
#10941=(
NAMED_UNIT(*)
SI_UNIT($,.STERADIAN.)
SOLID_ANGLE_UNIT()
);
#10942=SHAPE_DEFINITION_REPRESENTATION(#10954,#11020);
#10943=SHAPE_DEFINITION_REPRESENTATION(#10955,#11021);
#10944=SHAPE_DEFINITION_REPRESENTATION(#10956,#11022);
#10945=SHAPE_DEFINITION_REPRESENTATION(#10957,#11023);
#10946=SHAPE_DEFINITION_REPRESENTATION(#10958,#11024);
#10947=SHAPE_DEFINITION_REPRESENTATION(#10974,#11025);
#10948=SHAPE_DEFINITION_REPRESENTATION(#10975,#11026);
#10949=SHAPE_DEFINITION_REPRESENTATION(#10976,#11027);
#10950=SHAPE_DEFINITION_REPRESENTATION(#10977,#11028);
#10951=SHAPE_DEFINITION_REPRESENTATION(#10978,#11029);
#10952=SHAPE_DEFINITION_REPRESENTATION(#10979,#11030);
#10953=SHAPE_DEFINITION_REPRESENTATION(#10980,#11031);
#10954=PRODUCT_DEFINITION_SHAPE('',$,#11033);
#10955=PRODUCT_DEFINITION_SHAPE('',$,#11034);
#10956=PRODUCT_DEFINITION_SHAPE('',$,#11035);
#10957=PRODUCT_DEFINITION_SHAPE('',$,#11036);
#10958=PRODUCT_DEFINITION_SHAPE('',$,#11037);
#10959=PRODUCT_DEFINITION_SHAPE($,$,#540);
#10960=PRODUCT_DEFINITION_SHAPE($,$,#541);
#10961=PRODUCT_DEFINITION_SHAPE($,$,#542);
#10962=PRODUCT_DEFINITION_SHAPE($,$,#543);
#10963=PRODUCT_DEFINITION_SHAPE($,$,#544);
#10964=PRODUCT_DEFINITION_SHAPE($,$,#545);
#10965=PRODUCT_DEFINITION_SHAPE($,$,#546);
#10966=PRODUCT_DEFINITION_SHAPE($,$,#547);
#10967=PRODUCT_DEFINITION_SHAPE($,$,#548);
#10968=PRODUCT_DEFINITION_SHAPE($,$,#549);
#10969=PRODUCT_DEFINITION_SHAPE($,$,#550);
#10970=PRODUCT_DEFINITION_SHAPE($,$,#551);
#10971=PRODUCT_DEFINITION_SHAPE($,$,#552);
#10972=PRODUCT_DEFINITION_SHAPE($,$,#553);
#10973=PRODUCT_DEFINITION_SHAPE($,$,#554);
#10974=PRODUCT_DEFINITION_SHAPE('',$,#11038);
#10975=PRODUCT_DEFINITION_SHAPE('',$,#11039);
#10976=PRODUCT_DEFINITION_SHAPE('',$,#11040);
#10977=PRODUCT_DEFINITION_SHAPE('',$,#11041);
#10978=PRODUCT_DEFINITION_SHAPE('',$,#11042);
#10979=PRODUCT_DEFINITION_SHAPE('',$,#11043);
#10980=PRODUCT_DEFINITION_SHAPE('',$,#11044);
#10981=PRODUCT_DEFINITION_SHAPE($,$,#555);
#10982=PRODUCT_DEFINITION_SHAPE($,$,#556);
#10983=PRODUCT_DEFINITION_SHAPE($,$,#557);
#10984=PRODUCT_DEFINITION_SHAPE($,$,#558);
#10985=PRODUCT_DEFINITION_SHAPE($,$,#559);
#10986=PRODUCT_DEFINITION_SHAPE($,$,#560);
#10987=PRODUCT_DEFINITION_SHAPE($,$,#561);
#10988=PRODUCT_DEFINITION_SHAPE($,$,#562);
#10989=PRODUCT_DEFINITION_SHAPE($,$,#563);
#10990=PRODUCT_DEFINITION_SHAPE($,$,#564);
#10991=PRODUCT_DEFINITION_SHAPE($,$,#565);
#10992=PRODUCT_DEFINITION_SHAPE($,$,#566);
#10993=PRODUCT_DEFINITION_SHAPE($,$,#567);
#10994=PRODUCT_DEFINITION_SHAPE($,$,#568);
#10995=PRODUCT_DEFINITION_SHAPE($,$,#569);
#10996=PRODUCT_DEFINITION_SHAPE($,$,#570);
#10997=PRODUCT_DEFINITION_SHAPE($,$,#571);
#10998=PRODUCT_DEFINITION_SHAPE($,$,#572);
#10999=PRODUCT_DEFINITION_SHAPE($,$,#573);
#11000=PRODUCT_DEFINITION_SHAPE($,$,#574);
#11001=PRODUCT_DEFINITION_SHAPE($,$,#575);
#11002=PRODUCT_DEFINITION_SHAPE($,$,#576);
#11003=PRODUCT_DEFINITION_SHAPE($,$,#577);
#11004=PRODUCT_DEFINITION_SHAPE($,$,#578);
#11005=PRODUCT_DEFINITION_SHAPE($,$,#579);
#11006=PRODUCT_DEFINITION_SHAPE($,$,#580);
#11007=PRODUCT_DEFINITION_SHAPE($,$,#581);
#11008=PRODUCT_DEFINITION_SHAPE($,$,#582);
#11009=PRODUCT_DEFINITION_SHAPE($,$,#583);
#11010=PRODUCT_DEFINITION_SHAPE($,$,#584);
#11011=PRODUCT_DEFINITION_SHAPE($,$,#585);
#11012=PRODUCT_DEFINITION_SHAPE($,$,#586);
#11013=PRODUCT_DEFINITION_SHAPE($,$,#587);
#11014=PRODUCT_DEFINITION_SHAPE($,$,#588);
#11015=PRODUCT_DEFINITION_SHAPE($,$,#589);
#11016=PRODUCT_DEFINITION_SHAPE($,$,#590);
#11017=PRODUCT_DEFINITION_SHAPE($,$,#591);
#11018=PRODUCT_DEFINITION_SHAPE($,$,#592);
#11019=PRODUCT_DEFINITION_SHAPE($,$,#593);
#11020=SHAPE_REPRESENTATION('',(#6681,#7187,#7188,#7189,#7190,#7191,#7192,
#7193,#7194,#7195,#7196,#7197,#7198,#7199,#7200,#7201,#7202,#7203,#7204,
#7205,#7206,#7207,#7208,#7209,#7210,#7211,#7212,#7213,#7214,#7215,#7216,
#7217,#7218,#7219,#7220,#7221,#7222,#7223,#7224,#7225),#10925);
#11021=SHAPE_REPRESENTATION('',(#6682,#6756,#6757,#6758,#6759,#6760,#6761,
#6762,#6763,#6764,#6765,#6766,#6767,#6768,#6769,#6770),#10926);
#11022=SHAPE_REPRESENTATION('',(#6683),#10927);
#11023=SHAPE_REPRESENTATION('',(#6726),#10928);
#11024=SHAPE_REPRESENTATION('',(#6749),#10929);
#11025=SHAPE_REPRESENTATION('',(#6771),#10930);
#11026=SHAPE_REPRESENTATION('',(#6815),#10931);
#11027=SHAPE_REPRESENTATION('',(#6900),#10932);
#11028=SHAPE_REPRESENTATION('',(#6944),#10933);
#11029=SHAPE_REPRESENTATION('',(#7003),#10934);
#11030=SHAPE_REPRESENTATION('',(#7034),#10935);
#11031=SHAPE_REPRESENTATION('',(#7065),#10936);
#11032=PRODUCT_DEFINITION_CONTEXT('part definition',#11070,'design');
#11033=PRODUCT_DEFINITION('Ensamble_Final','Ensamble_Final',#11045,#11032);
#11034=PRODUCT_DEFINITION('Subensamble estaciones',
'Subensamble estaciones',#11046,#11032);
#11035=PRODUCT_DEFINITION('Base','Base',#11047,#11032);
#11036=PRODUCT_DEFINITION('Separador','Separador',#11048,#11032);
#11037=PRODUCT_DEFINITION('Base_Entera','Base_Entera',#11049,#11032);
#11038=PRODUCT_DEFINITION('Sujetadores','Sujetadores',#11050,#11032);
#11039=PRODUCT_DEFINITION('Perfil_Vertical_Acero',
'Perfil_Vertical_Acero',#11051,#11032);
#11040=PRODUCT_DEFINITION('Sujetador_Mirror','Sujetador_Mirror',#11052,
#11032);
#11041=PRODUCT_DEFINITION('Base_Fija_Acero','Base_Fija_Acero',#11053,#11032);
#11042=PRODUCT_DEFINITION('Bases_Perfiles_Acero','Bases_Perfiles_Acero',
#11054,#11032);
#11043=PRODUCT_DEFINITION('Bases_MDF_Acero','Bases_MDF_Acero',#11055,#11032);
#11044=PRODUCT_DEFINITION('Aluminio estructural 20x 20_ eje x',
'Aluminio estructural 20x 20_ eje x',#11056,#11032);
#11045=PRODUCT_DEFINITION_FORMATION('',$,#11072);
#11046=PRODUCT_DEFINITION_FORMATION('',$,#11073);
#11047=PRODUCT_DEFINITION_FORMATION('',$,#11074);
#11048=PRODUCT_DEFINITION_FORMATION('',$,#11075);
#11049=PRODUCT_DEFINITION_FORMATION('',$,#11076);
#11050=PRODUCT_DEFINITION_FORMATION('',$,#11077);
#11051=PRODUCT_DEFINITION_FORMATION('',$,#11078);
#11052=PRODUCT_DEFINITION_FORMATION('',$,#11079);
#11053=PRODUCT_DEFINITION_FORMATION('',$,#11080);
#11054=PRODUCT_DEFINITION_FORMATION('',$,#11081);
#11055=PRODUCT_DEFINITION_FORMATION('',$,#11082);
#11056=PRODUCT_DEFINITION_FORMATION('',$,#11083);
#11057=PRODUCT_RELATED_PRODUCT_CATEGORY('Ensamble_Final',
'Ensamble_Final',(#11072));
#11058=PRODUCT_RELATED_PRODUCT_CATEGORY('Subensamble estaciones',
'Subensamble estaciones',(#11073));
#11059=PRODUCT_RELATED_PRODUCT_CATEGORY('Base','Base',(#11074));
#11060=PRODUCT_RELATED_PRODUCT_CATEGORY('Separador','Separador',(#11075));
#11061=PRODUCT_RELATED_PRODUCT_CATEGORY('Base_Entera','Base_Entera',(#11076));
#11062=PRODUCT_RELATED_PRODUCT_CATEGORY('Sujetadores','Sujetadores',(#11077));
#11063=PRODUCT_RELATED_PRODUCT_CATEGORY('Perfil_Vertical_Acero',
'Perfil_Vertical_Acero',(#11078));
#11064=PRODUCT_RELATED_PRODUCT_CATEGORY('Sujetador_Mirror',
'Sujetador_Mirror',(#11079));
#11065=PRODUCT_RELATED_PRODUCT_CATEGORY('Base_Fija_Acero',
'Base_Fija_Acero',(#11080));
#11066=PRODUCT_RELATED_PRODUCT_CATEGORY('Bases_Perfiles_Acero',
'Bases_Perfiles_Acero',(#11081));
#11067=PRODUCT_RELATED_PRODUCT_CATEGORY('Bases_MDF_Acero',
'Bases_MDF_Acero',(#11082));
#11068=PRODUCT_RELATED_PRODUCT_CATEGORY(
'Aluminio estructural 20x 20_ eje x',
'Aluminio estructural 20x 20_ eje x',(#11083));
#11069=APPLICATION_PROTOCOL_DEFINITION('international standard',
'automotive_design',2009,#11070);
#11070=APPLICATION_CONTEXT(
'Core Data for Automotive Mechanical Design Process');
#11071=PRODUCT_CONTEXT('part definition',#11070,'mechanical');
#11072=PRODUCT('Ensamble_Final','Ensamble_Final',$,(#11071));
#11073=PRODUCT('Subensamble estaciones','Subensamble estaciones',$,(#11071));
#11074=PRODUCT('Base','Base',$,(#11071));
#11075=PRODUCT('Separador','Separador',$,(#11071));
#11076=PRODUCT('Base_Entera','Base_Entera',$,(#11071));
#11077=PRODUCT('Sujetadores','Sujetadores',$,(#11071));
#11078=PRODUCT('Perfil_Vertical_Acero','Perfil_Vertical_Acero',$,(#11071));
#11079=PRODUCT('Sujetador_Mirror','Sujetador_Mirror',$,(#11071));
#11080=PRODUCT('Base_Fija_Acero','Base_Fija_Acero',$,(#11071));
#11081=PRODUCT('Bases_Perfiles_Acero','Bases_Perfiles_Acero',$,(#11071));
#11082=PRODUCT('Bases_MDF_Acero','Bases_MDF_Acero',$,(#11071));
#11083=PRODUCT('Aluminio estructural 20x 20_ eje x',
'Aluminio estructural 20x 20_ eje x',$,(#11071));
ENDSEC;
END-ISO-10303-21;
