ISO-10303-21;
HEADER;
FILE_DESCRIPTION (( 'STEP AP214' ),
    '1' );
FILE_NAME ('Fitec FS90R Micro Servo NoConnector.STEP',
    '2025-01-03T17:52:40',
    ( '' ),
    ( '' ),
    'SwSTEP 2.0',
    'SolidWorks 2022',
    '' );
FILE_SCHEMA (( 'AUTOMOTIVE_DESIGN' ));
ENDSEC;

DATA;
#1 =( LENGTH_UNIT ( ) NAMED_UNIT ( * ) SI_UNIT ( .MILLI., .METRE. ) );
#2 = UNCERTAINTY_MEASURE_WITH_UNIT (LENGTH_MEASURE( 1.000000000000000082E-05 ), #2458, 'distance_accuracy_value', 'NONE');
#3 = AXIS2_PLACEMENT_3D ( 'NONE', #806, #3817, #2241 ) ;
#4 = EDGE_LOOP ( 'NONE', ( #8098 ) ) ;
#5 = CARTESIAN_POINT ( 'NONE',  ( -5.549999999999998934, 5.500000000000000888, -11.25000000000000178 ) ) ;
#6 = PRESENTATION_LAYER_ASSIGNMENT (  '', '', ( #7998 ) ) ;
#7 = EDGE_LOOP ( 'NONE', ( #1361, #2397, #1991, #704 ) ) ;
#8 =( NAMED_UNIT ( * ) SI_UNIT ( $, .STERADIAN. ) SOLID_ANGLE_UNIT ( ) );
#9 = SURFACE_SIDE_STYLE ('',( #9057 ) ) ;
#10 = ORIENTED_EDGE ( 'NONE', *, *, #6186, .F. ) ;
#11 = CARTESIAN_POINT ( 'NONE',  ( -6.049999999999999822, 8.000000000000000000, -16.14999999999999503 ) ) ;
#12 = ADVANCED_FACE ( 'NONE', ( #9661 ), #1531, .T. ) ;
#13 = FILL_AREA_STYLE_COLOUR ( '', #869 ) ;
#14 = LINE ( 'NONE', #1494, #1295 ) ;
#15 = DIRECTION ( 'NONE',  ( -0.000000000000000000, 0.000000000000000000, 1.000000000000000000 ) ) ;
#16 = VERTEX_POINT ( 'NONE', #5505 ) ;
#17 = DIRECTION ( 'NONE',  ( 1.642476599057395862E-16, 0.000000000000000000, 1.000000000000000000 ) ) ;
#18 = LINE ( 'NONE', #2964, #6525 ) ;
#19 = AXIS2_PLACEMENT_3D ( 'NONE', #8593, #9445, #4731 ) ;
#20 = FACE_OUTER_BOUND ( 'NONE', #8105, .T. ) ;
#21 = UNCERTAINTY_MEASURE_WITH_UNIT (LENGTH_MEASURE( 1.000000000000000082E-05 ), #4144, 'distance_accuracy_value', 'NONE');
#22 = CARTESIAN_POINT ( 'NONE',  ( -7.296957046373735484E-16, 15.49999999999999467, -5.150000000000000355 ) ) ;
#23 = EDGE_CURVE ( 'NONE', #3132, #7933, #8511, .T. ) ;
#24 = DIRECTION ( 'NONE',  ( 0.000000000000000000, 1.000000000000000000, 0.000000000000000000 ) ) ;
#25 = LINE ( 'NONE', #120, #6074 ) ;
#26 = MECHANICAL_DESIGN_GEOMETRIC_PRESENTATION_REPRESENTATION (  '', ( #3648 ), #179 ) ;
#27 = DIRECTION ( 'NONE',  ( 0.000000000000000000, 0.000000000000000000, -1.000000000000000000 ) ) ;
#28 = ORIENTED_EDGE ( 'NONE', *, *, #8696, .F. ) ;
#29 = ORIENTED_EDGE ( 'NONE', *, *, #2784, .F. ) ;
#30 = EDGE_CURVE ( 'NONE', #3001, #6015, #3904, .T. ) ;
#31 = CARTESIAN_POINT ( 'NONE',  ( 6.049999999999999822, 10.71950899118800216, -3.152553914548107628 ) ) ;
#32 = DIRECTION ( 'NONE',  ( 1.000000000000000000, 0.000000000000000000, 0.000000000000000000 ) ) ;
#33 = PRESENTATION_LAYER_ASSIGNMENT (  '', '', ( #660 ) ) ;
#34 =( NAMED_UNIT ( * ) SI_UNIT ( $, .STERADIAN. ) SOLID_ANGLE_UNIT ( ) );
#35 = ORIENTED_EDGE ( 'NONE', *, *, #7852, .T. ) ;
#36 = CARTESIAN_POINT ( 'NONE',  ( 6.049999999999999822, -10.69999999999999929, 10.74999999999999645 ) ) ;
#37 = CIRCLE ( 'NONE', #4290, 0.8400000000000000799 ) ;
#38 = ORIENTED_EDGE ( 'NONE', *, *, #9501, .T. ) ;
#39 = UNCERTAINTY_MEASURE_WITH_UNIT (LENGTH_MEASURE( 1.000000000000000082E-05 ), #1644, 'distance_accuracy_value', 'NONE');
#40 = SURFACE_STYLE_USAGE ( .BOTH. , #3134 ) ;
#41 = EDGE_CURVE ( 'NONE', #9361, #2829, #4686, .T. ) ;
#42 = AXIS2_PLACEMENT_3D ( 'NONE', #9614, #8113, #8062 ) ;
#43 = STYLED_ITEM ( 'NONE', ( #6222 ), #4898 ) ;
#44 = CARTESIAN_POINT ( 'NONE',  ( -0.8902177050524316959, 15.49999999999999467, -7.270733938430555376 ) ) ;
#45 = CIRCLE ( 'NONE', #2554, 0.8399999999999996358 ) ;
#46 = CYLINDRICAL_SURFACE ( 'NONE', #4766, 0.8400000000000000799 ) ;
#47 = SURFACE_STYLE_USAGE ( .BOTH. , #6815 ) ;
#48 = MECHANICAL_DESIGN_GEOMETRIC_PRESENTATION_REPRESENTATION (  '', ( #1780 ), #7273 ) ;
#49 = DIRECTION ( 'NONE',  ( 0.000000000000000000, 1.000000000000000000, 0.000000000000000000 ) ) ;
#50 = CARTESIAN_POINT ( 'NONE',  ( -0.8383069948730195176, 15.49999999999999467, -3.501958015599429430 ) ) ;
#51 = SURFACE_STYLE_FILL_AREA ( #7613 ) ;
#52 = EDGE_LOOP ( 'NONE', ( #5804, #4299, #2650, #6800, #2691, #2575, #8825, #689 ) ) ;
#53 =( NAMED_UNIT ( * ) SI_UNIT ( $, .STERADIAN. ) SOLID_ANGLE_UNIT ( ) );
#55 = ORIENTED_EDGE ( 'NONE', *, *, #3135, .T. ) ;
#54 = COLOUR_RGB ( '',0.7921568627450980005, 0.8196078431372548767, 0.9333333333333333481 ) ;
#56 = CIRCLE ( 'NONE', #9161, 1.849000000000000199 ) ;
#57 = DIRECTION ( 'NONE',  ( -0.000000000000000000, 1.000000000000000000, -0.000000000000000000 ) ) ;
#58 = PRESENTATION_LAYER_ASSIGNMENT (  '', '', ( #691 ) ) ;
#59 = FACE_OUTER_BOUND ( 'NONE', #2915, .T. ) ;
#60 = AXIS2_PLACEMENT_3D ( 'NONE', #8488, #3216, #961 ) ;
#61 = FILL_AREA_STYLE_COLOUR ( '', #4483 ) ;
#62 = EDGE_CURVE ( 'NONE', #2976, #4216, #743, .T. ) ;
#63 = ORIENTED_EDGE ( 'NONE', *, *, #7246, .F. ) ;
#64 = SURFACE_STYLE_USAGE ( .BOTH. , #6831 ) ;
#65 = PRESENTATION_LAYER_ASSIGNMENT (  '', '', ( #5261 ) ) ;
#66 = DIRECTION ( 'NONE',  ( 0.000000000000000000, 1.000000000000000000, -0.000000000000000000 ) ) ;
#67 = DIRECTION ( 'NONE',  ( -0.000000000000000000, 1.000000000000000000, -0.000000000000000000 ) ) ;
#68 = SURFACE_STYLE_FILL_AREA ( #710 ) ;
#69 = SURFACE_SIDE_STYLE ('',( #8234 ) ) ;
#70 = VECTOR ( 'NONE', #8748, 1000.000000000000000 ) ;
#71 = CARTESIAN_POINT ( 'NONE',  ( 0.5000000000000000000, 8.000000000000000000, -15.64999999999999325 ) ) ;
#72 = STYLED_ITEM ( 'NONE', ( #969 ), #5479 ) ;
#73 = EDGE_CURVE ( 'NONE', #2774, #4856, #5155, .T. ) ;
#74 = DIRECTION ( 'NONE',  ( 0.000000000000000000, 0.000000000000000000, 1.000000000000000000 ) ) ;
#75 = COLOUR_RGB ( '',0.1058823529411764691, 0.6352941176470587870, 0.9411764705882352811 ) ;
#76 = LINE ( 'NONE', #6175, #1616 ) ;
#77 = SURFACE_STYLE_USAGE ( .BOTH. , #8933 ) ;
#78 = VERTEX_POINT ( 'NONE', #6099 ) ;
#79 = ORIENTED_EDGE ( 'NONE', *, *, #6487, .F. ) ;
#80 = AXIS2_PLACEMENT_3D ( 'NONE', #1294, #4312, #3573 ) ;
#81 =( NAMED_UNIT ( * ) PLANE_ANGLE_UNIT ( ) SI_UNIT ( $, .RADIAN. ) );
#82 = AXIS2_PLACEMENT_3D ( 'NONE', #4795, #9413, #5420 ) ;
#83 = DIRECTION ( 'NONE',  ( 0.000000000000000000, 0.000000000000000000, 1.000000000000000000 ) ) ;
#84 = VECTOR ( 'NONE', #2227, 1000.000000000000000 ) ;
#85 = MECHANICAL_DESIGN_GEOMETRIC_PRESENTATION_REPRESENTATION (  '', ( #9689 ), #8719 ) ;
#86 = EDGE_CURVE ( 'NONE', #5036, #5303, #6244, .T. ) ;
#87 = FACE_OUTER_BOUND ( 'NONE', #2235, .T. ) ;
#88 = DIRECTION ( 'NONE',  ( 0.000000000000000000, 0.000000000000000000, 1.000000000000000000 ) ) ;
#89 = ORIENTED_EDGE ( 'NONE', *, *, #818, .F. ) ;
#90 = CARTESIAN_POINT ( 'NONE',  ( 0.9526779103289634287, 10.86267939483614953, -11.25000000000000178 ) ) ;
#91 = VERTEX_POINT ( 'NONE', #6196 ) ;
#92 = DIRECTION ( 'NONE',  ( 0.000000000000000000, 0.000000000000000000, 1.000000000000000000 ) ) ;
#93 = DIRECTION ( 'NONE',  ( 0.000000000000000000, -8.673617379883998001E-16, -1.000000000000000000 ) ) ;
#94 = MECHANICAL_DESIGN_GEOMETRIC_PRESENTATION_REPRESENTATION (  '', ( #4820 ), #5589 ) ;
#95 = UNCERTAINTY_MEASURE_WITH_UNIT (LENGTH_MEASURE( 1.000000000000000082E-05 ), #9562, 'distance_accuracy_value', 'NONE');
#96 = ADVANCED_FACE ( 'NONE', ( #3285 ), #7657, .T. ) ;
#97 = DIRECTION ( 'NONE',  ( 0.000000000000000000, 0.000000000000000000, 1.000000000000000000 ) ) ;
#98 = FILL_AREA_STYLE ('',( #6865 ) ) ;
#99 = CARTESIAN_POINT ( 'NONE',  ( 6.049999999999997158, 11.05015568774842372, -6.802365630660076157 ) ) ;
#100 = AXIS2_PLACEMENT_3D ( 'NONE', #5292, #3968, #3211 ) ;
#101 =( NAMED_UNIT ( * ) PLANE_ANGLE_UNIT ( ) SI_UNIT ( $, .RADIAN. ) );
#102 = ORIENTED_EDGE ( 'NONE', *, *, #9436, .F. ) ;
#103 = CARTESIAN_POINT ( 'NONE',  ( 2.048277883803077071, 15.49999999999999467, -4.103788878512956373 ) ) ;
#104 = CYLINDRICAL_SURFACE ( 'NONE', #765, 0.8400000000000000799 ) ;
#105 = COLOUR_RGB ( '',0.1058823529411764691, 0.6352941176470587870, 0.9411764705882352811 ) ;
#106 = ORIENTED_EDGE ( 'NONE', *, *, #5938, .T. ) ;
#107 = AXIS2_PLACEMENT_3D ( 'NONE', #2075, #5096, #605 ) ;
#108 = EDGE_CURVE ( 'NONE', #1572, #4491, #980, .T. ) ;
#109 = CARTESIAN_POINT ( 'NONE',  ( -1.581581488407344915, 15.49999999999999467, -6.330138972212687953 ) ) ;
#110 =( NAMED_UNIT ( * ) SI_UNIT ( $, .STERADIAN. ) SOLID_ANGLE_UNIT ( ) );
#111 = VERTEX_POINT ( 'NONE', #1671 ) ;
#112 =( NAMED_UNIT ( * ) SI_UNIT ( $, .STERADIAN. ) SOLID_ANGLE_UNIT ( ) );
#113 = COLOUR_RGB ( '',0.7764705882352941346, 0.7568627450980391913, 0.7372549019607843590 ) ;
#114 = DIRECTION ( 'NONE',  ( 0.000000000000000000, 1.000000000000000000, 0.000000000000000000 ) ) ;
#115 = UNCERTAINTY_MEASURE_WITH_UNIT (LENGTH_MEASURE( 1.000000000000000082E-05 ), #5078, 'distance_accuracy_value', 'NONE');
#116 = VECTOR ( 'NONE', #7754, 1000.000000000000000 ) ;
#117 = CARTESIAN_POINT ( 'NONE',  ( -6.150000000000000355, -7.749999999999999112, -8.000000000000001776 ) ) ;
#118 = CARTESIAN_POINT ( 'NONE',  ( 0.04022988571096710458, 15.49999999999999467, -3.301437705595053007 ) ) ;
#119 = CARTESIAN_POINT ( 'NONE',  ( 2.281718317874902091, 16.99999999999999289, -4.860584178258831933 ) ) ;
#120 = CARTESIAN_POINT ( 'NONE',  ( 6.049999999999999822, 10.69999999999999929, -11.25000000000000178 ) ) ;
#121 = DIRECTION ( 'NONE',  ( 3.469446951953610639E-15, 0.000000000000000000, -1.000000000000000000 ) ) ;
#122 = PRESENTATION_STYLE_ASSIGNMENT (( #9075 ) ) ;
#123 = STYLED_ITEM ( 'NONE', ( #9194 ), #470 ) ;
#124 = LINE ( 'NONE', #2571, #1635 ) ;
#125 =( NAMED_UNIT ( * ) PLANE_ANGLE_UNIT ( ) SI_UNIT ( $, .RADIAN. ) );
#126 = ORIENTED_EDGE ( 'NONE', *, *, #6186, .T. ) ;
#127 = STYLED_ITEM ( 'NONE', ( #6307 ), #1796 ) ;
#128 = ORIENTED_EDGE ( 'NONE', *, *, #956, .F. ) ;
#129 = SURFACE_SIDE_STYLE ('',( #6893 ) ) ;
#130 = DIRECTION ( 'NONE',  ( -0.000000000000000000, 1.000000000000000000, -0.000000000000000000 ) ) ;
#131 = COLOUR_RGB ( '',0.1058823529411764691, 0.6352941176470587870, 0.9411764705882352811 ) ;
#132 = AXIS2_PLACEMENT_3D ( 'NONE', #4788, #3239, #6251 ) ;
#133 = SURFACE_STYLE_FILL_AREA ( #8941 ) ;
#134 = SURFACE_STYLE_USAGE ( .BOTH. , #3034 ) ;
#135 = ORIENTED_EDGE ( 'NONE', *, *, #8714, .T. ) ;
#136 = LINE ( 'NONE', #6710, #9752 ) ;
#137 = ORIENTED_EDGE ( 'NONE', *, *, #9387, .T. ) ;
#138 = UNCERTAINTY_MEASURE_WITH_UNIT (LENGTH_MEASURE( 1.000000000000000082E-05 ), #9327, 'distance_accuracy_value', 'NONE');
#139 = CARTESIAN_POINT ( 'NONE',  ( -6.049999999999999822, 7.500000000000000000, 11.24999999999999822 ) ) ;
#140 = DIRECTION ( 'NONE',  ( 0.000000000000000000, 1.000000000000000000, -0.000000000000000000 ) ) ;
#141 = EDGE_CURVE ( 'NONE', #3053, #6227, #933, .T. ) ;
#142 = MECHANICAL_DESIGN_GEOMETRIC_PRESENTATION_REPRESENTATION (  '', ( #4397 ), #4552 ) ;
#143 = DIRECTION ( 'NONE',  ( 0.000000000000000000, -1.000000000000000000, 0.000000000000000000 ) ) ;
#144 =( GEOMETRIC_REPRESENTATION_CONTEXT ( 3 ) GLOBAL_UNCERTAINTY_ASSIGNED_CONTEXT ( ( #4911 ) ) GLOBAL_UNIT_ASSIGNED_CONTEXT ( ( #4567, #4283, #8003 ) ) REPRESENTATION_CONTEXT ( 'NONE', 'WORKASPACE' ) );
#145 =( BOUNDED_CURVE ( )  B_SPLINE_CURVE ( 3, ( #4573, #8984, #7546, #3740 ),
 .UNSPECIFIED., .F., .T. ) 
 B_SPLINE_CURVE_WITH_KNOTS ( ( 4, 4 ),
 ( 1.570796326794896558, 3.141592653589793116 ),
 .UNSPECIFIED. ) 
 CURVE ( )  GEOMETRIC_REPRESENTATION_ITEM ( )  RATIONAL_B_SPLINE_CURVE ( ( 1.000000000000000000, 0.8047378541243649375, 0.8047378541243649375, 1.000000000000000000 ) ) 
 REPRESENTATION_ITEM ( '' )  );
#146 = VERTEX_POINT ( 'NONE', #2367 ) ;
#147 = CARTESIAN_POINT ( 'NONE',  ( -2.289650628371055596, 10.69999999999999929, -11.25000000000000178 ) ) ;
#148 = EDGE_LOOP ( 'NONE', ( #2998 ) ) ;
#149 = EDGE_CURVE ( 'NONE', #5076, #4760, #6864, .T. ) ;
#150 = CIRCLE ( 'NONE', #3453, 2.299999999999998490 ) ;
#151 = CARTESIAN_POINT ( 'NONE',  ( -6.150000000000000355, -5.749999999999999112, 7.999999999999998224 ) ) ;
#152 = AXIS2_PLACEMENT_3D ( 'NONE', #4531, #9563, #2942 ) ;
#153 = PRESENTATION_LAYER_ASSIGNMENT (  '', '', ( #4409 ) ) ;
#154 = DIRECTION ( 'NONE',  ( -1.000000000000000000, 0.000000000000000000, 0.000000000000000000 ) ) ;
#155 = CARTESIAN_POINT ( 'NONE',  ( -7.296957046373735484E-16, 28.49999999999999645, -5.150000000000000355 ) ) ;
#156 = DIRECTION ( 'NONE',  ( -1.000000000000000000, 0.000000000000000000, 0.000000000000000000 ) ) ;
#157 = AXIS2_PLACEMENT_3D ( 'NONE', #22, #2920, #3870 ) ;
#158 = ORIENTED_EDGE ( 'NONE', *, *, #5730, .T. ) ;
#159 = FILL_AREA_STYLE ('',( #6924 ) ) ;
#160 = SURFACE_STYLE_USAGE ( .BOTH. , #4657 ) ;
#161 = DIRECTION ( 'NONE',  ( 0.000000000000000000, 0.000000000000000000, 1.000000000000000000 ) ) ;
#162 = FACE_OUTER_BOUND ( 'NONE', #8190, .T. ) ;
#163 = ADVANCED_FACE ( 'NONE', ( #8353 ), #7003, .F. ) ;
#164 = CARTESIAN_POINT ( 'NONE',  ( 6.049999999999999822, 10.69999999999999929, 11.24999999999999645 ) ) ;
#165 = CARTESIAN_POINT ( 'NONE',  ( 1.388025943102811466, 15.49999999999999467, -3.747319715871946233 ) ) ;
#166 = DIRECTION ( 'NONE',  ( 0.000000000000000000, 0.000000000000000000, -1.000000000000000000 ) ) ;
#167 = DIRECTION ( 'NONE',  ( 0.2947551744109048188, 0.000000000000000000, -0.9555728057861404556 ) ) ;
#168 = CARTESIAN_POINT ( 'NONE',  ( -5.549999999999998934, -10.69999999999999929, 10.74999999999999822 ) ) ;
#169 =( NAMED_UNIT ( * ) PLANE_ANGLE_UNIT ( ) SI_UNIT ( $, .RADIAN. ) );
#170 = DIRECTION ( 'NONE',  ( 0.000000000000000000, -1.000000000000000000, 7.744301232039317914E-17 ) ) ;
#171 = CARTESIAN_POINT ( 'NONE',  ( -5.549999999999998934, 5.500000000000000888, 11.24999999999999645 ) ) ;
#172 = ORIENTED_EDGE ( 'NONE', *, *, #9568, .T. ) ;
#173 = ORIENTED_EDGE ( 'NONE', *, *, #5348, .T. ) ;
#174 = DIRECTION ( 'NONE',  ( 0.000000000000000000, 1.000000000000000000, 0.000000000000000000 ) ) ;
#175 =( GEOMETRIC_REPRESENTATION_CONTEXT ( 3 ) GLOBAL_UNCERTAINTY_ASSIGNED_CONTEXT ( ( #138 ) ) GLOBAL_UNIT_ASSIGNED_CONTEXT ( ( #9327, #965, #273 ) ) REPRESENTATION_CONTEXT ( 'NONE', 'WORKASPACE' ) );
#176 =( NAMED_UNIT ( * ) SI_UNIT ( $, .STERADIAN. ) SOLID_ANGLE_UNIT ( ) );
#177 = UNCERTAINTY_MEASURE_WITH_UNIT (LENGTH_MEASURE( 1.000000000000000082E-05 ), #7925, 'distance_accuracy_value', 'NONE');
#178 = PRESENTATION_STYLE_ASSIGNMENT (( #2403 ) ) ;
#179 =( GEOMETRIC_REPRESENTATION_CONTEXT ( 3 ) GLOBAL_UNCERTAINTY_ASSIGNED_CONTEXT ( ( #1711 ) ) GLOBAL_UNIT_ASSIGNED_CONTEXT ( ( #5455, #1715, #3235 ) ) REPRESENTATION_CONTEXT ( 'NONE', 'WORKASPACE' ) );
#180 = VERTEX_POINT ( 'NONE', #5749 ) ;
#181 = ADVANCED_FACE ( 'NONE', ( #5690 ), #336, .T. ) ;
#182 = ORIENTED_EDGE ( 'NONE', *, *, #7330, .T. ) ;
#183 = SURFACE_STYLE_USAGE ( .BOTH. , #2497 ) ;
#184 = DIRECTION ( 'NONE',  ( -0.000000000000000000, 0.000000000000000000, 1.000000000000000000 ) ) ;
#185 = SURFACE_STYLE_USAGE ( .BOTH. , #6246 ) ;
#186 = SURFACE_SIDE_STYLE ('',( #9288 ) ) ;
#187 = CARTESIAN_POINT ( 'NONE',  ( 5.549999999999998934, 0.000000000000000000, -10.75000000000000000 ) ) ;
#188 =( LENGTH_UNIT ( ) NAMED_UNIT ( * ) SI_UNIT ( .MILLI., .METRE. ) );
#189 =( LENGTH_UNIT ( ) NAMED_UNIT ( * ) SI_UNIT ( .MILLI., .METRE. ) );
#190 = ORIENTED_EDGE ( 'NONE', *, *, #7783, .F. ) ;
#191 = EDGE_CURVE ( 'NONE', #972, #9715, #1222, .T. ) ;
#192 = CARTESIAN_POINT ( 'NONE',  ( -0.2255705282762262565, 15.49999999999999467, -7.438911954788383518 ) ) ;
#193 = CARTESIAN_POINT ( 'NONE',  ( 0.5641957166668334356, 18.49999999999999645, -2.920272843306879640 ) ) ;
#194 = VERTEX_POINT ( 'NONE', #443 ) ;
#195 = FILL_AREA_STYLE_COLOUR ( '', #4848 ) ;
#196 = AXIS2_PLACEMENT_3D ( 'NONE', #9223, #861, #9168 ) ;
#197 = STYLED_ITEM ( 'NONE', ( #3658 ), #3595 ) ;
#198 = AXIS2_PLACEMENT_3D ( 'NONE', #5482, #3824, #2485 ) ;
#199 = DIRECTION ( 'NONE',  ( -1.000000000000000000, 0.000000000000000000, 0.000000000000000000 ) ) ;
#200 = AXIS2_PLACEMENT_3D ( 'NONE', #1221, #6652, #4229 ) ;
#201 = DIRECTION ( 'NONE',  ( 0.000000000000000000, 1.000000000000000000, -0.000000000000000000 ) ) ;
#202 = ORIENTED_EDGE ( 'NONE', *, *, #4263, .F. ) ;
#203 = ADVANCED_FACE ( 'NONE', ( #3336 ), #6403, .F. ) ;
#204 = DIRECTION ( 'NONE',  ( 0.000000000000000000, 1.000000000000000000, 0.000000000000000000 ) ) ;
#205 = CARTESIAN_POINT ( 'NONE',  ( 0.6875000000000006661, -11.20000000000000107, -14.70868722477978174 ) ) ;
#206 = VECTOR ( 'NONE', #944, 1000.000000000000000 ) ;
#207 = LINE ( 'NONE', #2341, #7244 ) ;
#208 = CIRCLE ( 'NONE', #6028, 0.8399999999999998579 ) ;
#209 =( NAMED_UNIT ( * ) SI_UNIT ( $, .STERADIAN. ) SOLID_ANGLE_UNIT ( ) );
#210 = CYLINDRICAL_SURFACE ( 'NONE', #3337, 0.8400000000000000799 ) ;
#211 = PLANE ( 'NONE',  #1041 ) ;
#212 = MECHANICAL_DESIGN_GEOMETRIC_PRESENTATION_REPRESENTATION (  '', ( #9167 ), #6691 ) ;
#213 = DIRECTION ( 'NONE',  ( 1.000000000000000000, 0.000000000000000000, 0.000000000000000000 ) ) ;
#214 = FILL_AREA_STYLE ('',( #479 ) ) ;
#215 = EDGE_CURVE ( 'NONE', #2408, #4758, #5610, .T. ) ;
#216 = PRESENTATION_STYLE_ASSIGNMENT (( #1844 ) ) ;
#217 = CARTESIAN_POINT ( 'NONE',  ( 6.049999999999999822, -10.69999999999999929, -11.25000000000000178 ) ) ;
#218 = ORIENTED_EDGE ( 'NONE', *, *, #3627, .F. ) ;
#219 = PRESENTATION_LAYER_ASSIGNMENT (  '', '', ( #6854 ) ) ;
#220 = ORIENTED_EDGE ( 'NONE', *, *, #9179, .T. ) ;
#221 = DIRECTION ( 'NONE',  ( 1.642476599057395862E-16, 0.000000000000000000, 1.000000000000000000 ) ) ;
#222 = CARTESIAN_POINT ( 'NONE',  ( 6.049999999999999822, 11.19999999999999751, -2.741681084241545996 ) ) ;
#223 = FACE_OUTER_BOUND ( 'NONE', #382, .T. ) ;
#224 = PRESENTATION_LAYER_ASSIGNMENT (  '', '', ( #9678 ) ) ;
#225 = CIRCLE ( 'NONE', #2116, 0.8400000000000003020 ) ;
#226 = ADVANCED_FACE ( 'NONE', ( #7357 ), #6706, .T. ) ;
#227 = ORIENTED_EDGE ( 'NONE', *, *, #8280, .F. ) ;
#228 = MECHANICAL_DESIGN_GEOMETRIC_PRESENTATION_REPRESENTATION (  '', ( #8408 ), #4328 ) ;
#229 = CARTESIAN_POINT ( 'NONE',  ( -2.803180875801798866, 15.00000000000000000, 0.2114062499999997957 ) ) ;
#230 = VERTEX_POINT ( 'NONE', #6935 ) ;
#231 = UNCERTAINTY_MEASURE_WITH_UNIT (LENGTH_MEASURE( 1.000000000000000082E-05 ), #5782, 'distance_accuracy_value', 'NONE');
#232 =( LENGTH_UNIT ( ) NAMED_UNIT ( * ) SI_UNIT ( .MILLI., .METRE. ) );
#233 = AXIS2_PLACEMENT_3D ( 'NONE', #1432, #6002, #9054 ) ;
#234 = DIRECTION ( 'NONE',  ( 0.000000000000000000, 0.000000000000000000, -1.000000000000000000 ) ) ;
#235 = DIRECTION ( 'NONE',  ( -1.000000000000000000, 0.000000000000000000, 0.000000000000000000 ) ) ;
#236 = VECTOR ( 'NONE', #3055, 1000.000000000000000 ) ;
#237 = COLOUR_RGB ( '',0.1058823529411764691, 0.6352941176470587870, 0.9411764705882352811 ) ;
#238 = UNCERTAINTY_MEASURE_WITH_UNIT (LENGTH_MEASURE( 1.000000000000000082E-05 ), #3201, 'distance_accuracy_value', 'NONE');
#239 = DIRECTION ( 'NONE',  ( 0.000000000000000000, 0.000000000000000000, -1.000000000000000000 ) ) ;
#240 = FACE_OUTER_BOUND ( 'NONE', #1689, .T. ) ;
#241 = SURFACE_SIDE_STYLE ('',( #5643 ) ) ;
#242 =( NAMED_UNIT ( * ) SI_UNIT ( $, .STERADIAN. ) SOLID_ANGLE_UNIT ( ) );
#243 = ORIENTED_EDGE ( 'NONE', *, *, #8063, .T. ) ;
#244 = DIRECTION ( 'NONE',  ( 0.000000000000000000, 1.000000000000000000, 0.000000000000000000 ) ) ;
#245 = ORIENTED_EDGE ( 'NONE', *, *, #7193, .T. ) ;
#246 = CIRCLE ( 'NONE', #5745, 2.299999999999998046 ) ;
#247 = CARTESIAN_POINT ( 'NONE',  ( -7.296957046373735484E-16, 15.49999999999999467, -5.150000000000000355 ) ) ;
#248 = MECHANICAL_DESIGN_GEOMETRIC_PRESENTATION_REPRESENTATION (  '', ( #8570 ), #5746 ) ;
#249 = DIRECTION ( 'NONE',  ( 0.000000000000000000, 0.000000000000000000, 1.000000000000000000 ) ) ;
#250 = EDGE_CURVE ( 'NONE', #2994, #8805, #9560, .T. ) ;
#251 = COLOUR_RGB ( '',0.7764705882352941346, 0.7568627450980391913, 0.7372549019607843590 ) ;
#252 =( LENGTH_UNIT ( ) NAMED_UNIT ( * ) SI_UNIT ( .MILLI., .METRE. ) );
#253 = CIRCLE ( 'NONE', #1360, 2.299999999999998046 ) ;
#254 = ORIENTED_EDGE ( 'NONE', *, *, #8426, .F. ) ;
#255 = LINE ( 'NONE', #8522, #1514 ) ;
#256 = SURFACE_STYLE_FILL_AREA ( #7016 ) ;
#257 = UNCERTAINTY_MEASURE_WITH_UNIT (LENGTH_MEASURE( 1.000000000000000082E-05 ), #1098, 'distance_accuracy_value', 'NONE');
#258 = SURFACE_STYLE_FILL_AREA ( #8427 ) ;
#259 =( NAMED_UNIT ( * ) PLANE_ANGLE_UNIT ( ) SI_UNIT ( $, .RADIAN. ) );
#260 = CIRCLE ( 'NONE', #6080, 0.5000000000000004441 ) ;
#261 = CARTESIAN_POINT ( 'NONE',  ( -5.049999999999998934, -9.199999999999999289, 10.24999999999999822 ) ) ;
#262 = ADVANCED_FACE ( 'NONE', ( #3071 ), #3926, .T. ) ;
#263 = COLOUR_RGB ( '',0.7764705882352941346, 0.7568627450980391913, 0.7372549019607843590 ) ;
#264 = CARTESIAN_POINT ( 'NONE',  ( 0.4591195798372466608, 16.99999999999999289, -2.896289900761399583 ) ) ;
#265 = AXIS2_PLACEMENT_3D ( 'NONE', #7970, #7017, #3353 ) ;
#266 = CARTESIAN_POINT ( 'NONE',  ( 6.049999999999998934, 11.08214193187250096, -5.542667672005414659 ) ) ;
#267 = SURFACE_STYLE_FILL_AREA ( #3882 ) ;
#268 = MECHANICAL_DESIGN_GEOMETRIC_PRESENTATION_REPRESENTATION (  '', ( #3248 ), #7965 ) ;
#269 = DIRECTION ( 'NONE',  ( 0.000000000000000000, 1.000000000000000000, 0.000000000000000000 ) ) ;
#270 = ORIENTED_EDGE ( 'NONE', *, *, #5157, .F. ) ;
#271 = STYLED_ITEM ( 'NONE', ( #6146 ), #375 ) ;
#272 = ORIENTED_EDGE ( 'NONE', *, *, #9459, .T. ) ;
#273 =( NAMED_UNIT ( * ) SI_UNIT ( $, .STERADIAN. ) SOLID_ANGLE_UNIT ( ) );
#274 = LINE ( 'NONE', #2780, #3568 ) ;
#275 = SURFACE_SIDE_STYLE ('',( #1659 ) ) ;
#276 = EDGE_CURVE ( 'NONE', #2994, #5776, #8354, .T. ) ;
#277 =( NAMED_UNIT ( * ) SI_UNIT ( $, .STERADIAN. ) SOLID_ANGLE_UNIT ( ) );
#278 = UNCERTAINTY_MEASURE_WITH_UNIT (LENGTH_MEASURE( 1.000000000000000082E-05 ), #2653, 'distance_accuracy_value', 'NONE');
#279 = UNCERTAINTY_MEASURE_WITH_UNIT (LENGTH_MEASURE( 1.000000000000000082E-05 ), #3329, 'distance_accuracy_value', 'NONE');
#280 = AXIS2_PLACEMENT_3D ( 'NONE', #4589, #3749, #2948 ) ;
#281 =( GEOMETRIC_REPRESENTATION_CONTEXT ( 3 ) GLOBAL_UNCERTAINTY_ASSIGNED_CONTEXT ( ( #3452 ) ) GLOBAL_UNIT_ASSIGNED_CONTEXT ( ( #8518, #8468, #3344 ) ) REPRESENTATION_CONTEXT ( 'NONE', 'WORKASPACE' ) );
#282 = DIRECTION ( 'NONE',  ( 0.000000000000000000, 0.000000000000000000, -1.000000000000000000 ) ) ;
#283 = ORIENTED_EDGE ( 'NONE', *, *, #7424, .F. ) ;
#284 = CYLINDRICAL_SURFACE ( 'NONE', #8943, 2.000000000000000000 ) ;
#285 = ORIENTED_EDGE ( 'NONE', *, *, #4373, .F. ) ;
#286 = FILL_AREA_STYLE_COLOUR ( '', #3810 ) ;
#287 = CARTESIAN_POINT ( 'NONE',  ( 5.549999999999998934, 10.69999999999999751, -2.741681084241544220 ) ) ;
#288 = FILL_AREA_STYLE_COLOUR ( '', #6635 ) ;
#289 = MECHANICAL_DESIGN_GEOMETRIC_PRESENTATION_REPRESENTATION (  '', ( #5630 ), #8759 ) ;
#290 = SURFACE_SIDE_STYLE ('',( #7082 ) ) ;
#291 = DIRECTION ( 'NONE',  ( 0.000000000000000000, 0.000000000000000000, 1.000000000000000000 ) ) ;
#292 = FACE_OUTER_BOUND ( 'NONE', #5811, .T. ) ;
#293 = CARTESIAN_POINT ( 'NONE',  ( -33.59650613054222390, 9.199999999999999289, 10.24999999999999822 ) ) ;
#294 = ORIENTED_EDGE ( 'NONE', *, *, #6951, .F. ) ;
#295 =( LENGTH_UNIT ( ) NAMED_UNIT ( * ) SI_UNIT ( .MILLI., .METRE. ) );
#296 = PRESENTATION_LAYER_ASSIGNMENT (  '', '', ( #7060 ) ) ;
#297 = PRESENTATION_STYLE_ASSIGNMENT (( #8649 ) ) ;
#298 = EDGE_LOOP ( 'NONE', ( #5082, #8344, #516, #2159 ) ) ;
#299 = SURFACE_STYLE_USAGE ( .BOTH. , #7052 ) ;
#300 = SURFACE_STYLE_FILL_AREA ( #7810 ) ;
#301 = AXIS2_PLACEMENT_3D ( 'NONE', #5802, #2891, #1227 ) ;
#302 = CARTESIAN_POINT ( 'NONE',  ( 6.049999999999999822, 11.19999999999999929, 11.24999999999999645 ) ) ;
#303 = CARTESIAN_POINT ( 'NONE',  ( 2.265654786039946522, 16.99999999999999289, -4.754009608078336946 ) ) ;
#304 = ORIENTED_EDGE ( 'NONE', *, *, #6804, .F. ) ;
#305 = DIRECTION ( 'NONE',  ( 0.000000000000000000, 1.000000000000000000, 0.000000000000000000 ) ) ;
#306 = SURFACE_SIDE_STYLE ('',( #9308 ) ) ;
#307 = EDGE_CURVE ( 'NONE', #1860, #9059, #5771, .T. ) ;
#308 = PRESENTATION_LAYER_ASSIGNMENT (  '', '', ( #2817 ) ) ;
#309 = PRESENTATION_LAYER_ASSIGNMENT (  '', '', ( #8782 ) ) ;
#310 = FACE_OUTER_BOUND ( 'NONE', #8848, .T. ) ;
#311 = MECHANICAL_DESIGN_GEOMETRIC_PRESENTATION_REPRESENTATION (  '', ( #804 ), #8158 ) ;
#312 = PRESENTATION_LAYER_ASSIGNMENT (  '', '', ( #4566 ) ) ;
#313 = FACE_OUTER_BOUND ( 'NONE', #9619, .T. ) ;
#314 = FACE_OUTER_BOUND ( 'NONE', #4147, .T. ) ;
#315 = PRESENTATION_LAYER_ASSIGNMENT (  '', '', ( #4571 ) ) ;
#316 = CARTESIAN_POINT ( 'NONE',  ( 6.049999999999999822, 10.96254110240174384, -5.939524167171835956 ) ) ;
#317 = DIRECTION ( 'NONE',  ( 0.000000000000000000, 0.000000000000000000, -1.000000000000000000 ) ) ;
#318 = CARTESIAN_POINT ( 'NONE',  ( -0.6874999999999987788, -11.20000000000000107, -14.70868722477977819 ) ) ;
#319 = ORIENTED_EDGE ( 'NONE', *, *, #1917, .T. ) ;
#320 = EDGE_CURVE ( 'NONE', #2057, #5731, #6100, .T. ) ;
#321 = ORIENTED_EDGE ( 'NONE', *, *, #108, .F. ) ;
#322 =( NAMED_UNIT ( * ) SI_UNIT ( $, .STERADIAN. ) SOLID_ANGLE_UNIT ( ) );
#323 = SURFACE_STYLE_FILL_AREA ( #5634 ) ;
#324 = PRESENTATION_STYLE_ASSIGNMENT (( #4082 ) ) ;
#325 = AXIS2_PLACEMENT_3D ( 'NONE', #3016, #6121, #911 ) ;
#326 = ORIENTED_EDGE ( 'NONE', *, *, #2121, .F. ) ;
#327 = ADVANCED_FACE ( 'NONE', ( #4535 ), #736, .T. ) ;
#328 = ORIENTED_EDGE ( 'NONE', *, *, #9711, .T. ) ;
#329 = AXIS2_PLACEMENT_3D ( 'NONE', #9709, #2176, #1367 ) ;
#330 = FILL_AREA_STYLE_COLOUR ( '', #9302 ) ;
#331 = SURFACE_STYLE_FILL_AREA ( #9393 ) ;
#332 = CARTESIAN_POINT ( 'NONE',  ( 0.4591195798372463277, 15.49999999999999467, -2.896289900761399583 ) ) ;
#333 = DIRECTION ( 'NONE',  ( 0.000000000000000000, 0.000000000000000000, 1.000000000000000000 ) ) ;
#334 = DIRECTION ( 'NONE',  ( 0.000000000000000000, 0.000000000000000000, -1.000000000000000000 ) ) ;
#335 = FILL_AREA_STYLE_COLOUR ( '', #2875 ) ;
#336 = CYLINDRICAL_SURFACE ( 'NONE', #3745, 0.5000000000000004441 ) ;
#337 = CARTESIAN_POINT ( 'NONE',  ( 6.049999999997322853, 11.14082833661598571, -5.562044973313955865 ) ) ;
#338 = ORIENTED_EDGE ( 'NONE', *, *, #1190, .F. ) ;
#339 = EDGE_CURVE ( 'NONE', #7562, #9440, #7499, .T. ) ;
#340 = SURFACE_SIDE_STYLE ('',( #2692 ) ) ;
#341 = EDGE_LOOP ( 'NONE', ( #5673, #102, #5546, #8423 ) ) ;
#342 = SURFACE_STYLE_FILL_AREA ( #9253 ) ;
#343 =( GEOMETRIC_REPRESENTATION_CONTEXT ( 3 ) GLOBAL_UNCERTAINTY_ASSIGNED_CONTEXT ( ( #1490 ) ) GLOBAL_UNIT_ASSIGNED_CONTEXT ( ( #5404, #3845, #2940 ) ) REPRESENTATION_CONTEXT ( 'NONE', 'WORKASPACE' ) );
#344 = DIRECTION ( 'NONE',  ( 0.000000000000000000, 1.000000000000000000, 0.000000000000000000 ) ) ;
#345 = FILL_AREA_STYLE ('',( #8431 ) ) ;
#346 = FILL_AREA_STYLE ('',( #5566 ) ) ;
#347 =( NAMED_UNIT ( * ) SI_UNIT ( $, .STERADIAN. ) SOLID_ANGLE_UNIT ( ) );
#348 = ORIENTED_EDGE ( 'NONE', *, *, #5169, .T. ) ;
#349 = PLANE ( 'NONE',  #5017 ) ;
#350 = DIRECTION ( 'NONE',  ( 0.000000000000000000, 0.000000000000000000, 1.000000000000000000 ) ) ;
#351 = UNCERTAINTY_MEASURE_WITH_UNIT (LENGTH_MEASURE( 1.000000000000000082E-05 ), #6294, 'distance_accuracy_value', 'NONE');
#352 = CIRCLE ( 'NONE', #7718, 1.849000000000000199 ) ;
#353 = STYLED_ITEM ( 'NONE', ( #4095 ), #8469 ) ;
#354 = SURFACE_STYLE_FILL_AREA ( #8615 ) ;
#355 =( NAMED_UNIT ( * ) SI_UNIT ( $, .STERADIAN. ) SOLID_ANGLE_UNIT ( ) );
#356 = FILL_AREA_STYLE ('',( #7777 ) ) ;
#357 = VECTOR ( 'NONE', #5146, 1000.000000000000000 ) ;
#358 = EDGE_CURVE ( 'NONE', #5036, #9755, #6001, .T. ) ;
#359 = AXIS2_PLACEMENT_3D ( 'NONE', #7479, #9151, #899 ) ;
#360 = DIRECTION ( 'NONE',  ( -0.000000000000000000, -0.000000000000000000, -1.000000000000000000 ) ) ;
#361 = FILL_AREA_STYLE ('',( #7201 ) ) ;
#362 = AXIS2_PLACEMENT_3D ( 'NONE', #1627, #2417, #6910 ) ;
#363 = LINE ( 'NONE', #8030, #3709 ) ;
#364 = CARTESIAN_POINT ( 'NONE',  ( 6.049999999999998046, 11.19999999999999929, -5.150000000000000355 ) ) ;
#365 = DIRECTION ( 'NONE',  ( 0.000000000000000000, 0.000000000000000000, 1.000000000000000000 ) ) ;
#366 =( LENGTH_UNIT ( ) NAMED_UNIT ( * ) SI_UNIT ( .MILLI., .METRE. ) );
#367 = ORIENTED_EDGE ( 'NONE', *, *, #6487, .T. ) ;
#368 = ORIENTED_EDGE ( 'NONE', *, *, #3050, .T. ) ;
#369 = PRESENTATION_LAYER_ASSIGNMENT (  '', '', ( #2092 ) ) ;
#370 = MECHANICAL_DESIGN_GEOMETRIC_PRESENTATION_REPRESENTATION (  '', ( #3513 ), #3197 ) ;
#371 = MECHANICAL_DESIGN_GEOMETRIC_PRESENTATION_REPRESENTATION (  '', ( #4632 ), #5099 ) ;
#372 = LINE ( 'NONE', #4959, #7427 ) ;
#373 = MECHANICAL_DESIGN_GEOMETRIC_PRESENTATION_REPRESENTATION (  '', ( #1743 ), #8846 ) ;
#374 = UNCERTAINTY_MEASURE_WITH_UNIT (LENGTH_MEASURE( 1.000000000000000082E-05 ), #9603, 'distance_accuracy_value', 'NONE');
#375 = ADVANCED_FACE ( 'NONE', ( #6816 ), #8998, .T. ) ;
#376 = STYLED_ITEM ( 'NONE', ( #5021 ), #4773 ) ;
#377 = FILL_AREA_STYLE ('',( #6283 ) ) ;
#378 = VECTOR ( 'NONE', #1202, 1000.000000000000000 ) ;
#379 = ORIENTED_EDGE ( 'NONE', *, *, #7577, .F. ) ;
#380 = SURFACE_STYLE_USAGE ( .BOTH. , #3276 ) ;
#381 = CIRCLE ( 'NONE', #1018, 0.5000000000000004441 ) ;
#382 = EDGE_LOOP ( 'NONE', ( #338 ) ) ;
#383 =( NAMED_UNIT ( * ) SI_UNIT ( $, .STERADIAN. ) SOLID_ANGLE_UNIT ( ) );
#384 =( NAMED_UNIT ( * ) PLANE_ANGLE_UNIT ( ) SI_UNIT ( $, .RADIAN. ) );
#385 = CARTESIAN_POINT ( 'NONE',  ( -2.299368599416795167, 16.99999999999999289, -5.203889182736836538 ) ) ;
#386 = EDGE_CURVE ( 'NONE', #8692, #3173, #7652, .T. ) ;
#387 = PRESENTATION_LAYER_ASSIGNMENT (  '', '', ( #476 ) ) ;
#388 = CARTESIAN_POINT ( 'NONE',  ( 5.549999999999998934, 6.000000000000000000, 0.000000000000000000 ) ) ;
#389 =( NAMED_UNIT ( * ) PLANE_ANGLE_UNIT ( ) SI_UNIT ( $, .RADIAN. ) );
#390 = CARTESIAN_POINT ( 'NONE',  ( -7.296957046373735484E-16, 15.49999999999999467, -5.150000000000000355 ) ) ;
#391 = CARTESIAN_POINT ( 'NONE',  ( -0.7855206094817970275, 11.06694422734219430, -11.25000000000000000 ) ) ;
#392 = EDGE_LOOP ( 'NONE', ( #1060, #2266, #751, #1574 ) ) ;
#393 = DIRECTION ( 'NONE',  ( 0.000000000000000000, 1.000000000000000000, -0.000000000000000000 ) ) ;
#394 =( NAMED_UNIT ( * ) PLANE_ANGLE_UNIT ( ) SI_UNIT ( $, .RADIAN. ) );
#395 = ORIENTED_EDGE ( 'NONE', *, *, #1053, .T. ) ;
#396 = COLOUR_RGB ( '',0.7764705882352941346, 0.7568627450980391913, 0.7372549019607843590 ) ;
#397 =( GEOMETRIC_REPRESENTATION_CONTEXT ( 3 ) GLOBAL_UNCERTAINTY_ASSIGNED_CONTEXT ( ( #1063 ) ) GLOBAL_UNIT_ASSIGNED_CONTEXT ( ( #2666, #705, #8176 ) ) REPRESENTATION_CONTEXT ( 'NONE', 'WORKASPACE' ) );
#398 = DIRECTION ( 'NONE',  ( -0.000000000000000000, 1.000000000000000000, -0.000000000000000000 ) ) ;
#399 = DIRECTION ( 'NONE',  ( 0.000000000000000000, 1.000000000000000000, -7.744301232039317914E-17 ) ) ;
#400 = STYLED_ITEM ( 'NONE', ( #2593 ), #8450 ) ;
#401 = ORIENTED_EDGE ( 'NONE', *, *, #4020, .F. ) ;
#402 = PRESENTATION_LAYER_ASSIGNMENT (  '', '', ( #5431 ) ) ;
#403 = LINE ( 'NONE', #3398, #2750 ) ;
#404 = AXIS2_PLACEMENT_3D ( 'NONE', #1833, #1238, #3562 ) ;
#405 = ORIENTED_EDGE ( 'NONE', *, *, #7512, .F. ) ;
#406 = FACE_OUTER_BOUND ( 'NONE', #6875, .T. ) ;
#407 = UNCERTAINTY_MEASURE_WITH_UNIT (LENGTH_MEASURE( 1.000000000000000082E-05 ), #2376, 'distance_accuracy_value', 'NONE');
#408 = CARTESIAN_POINT ( 'NONE',  ( -6.150000000000000355, 3.500000000000000444, 8.000000000000000000 ) ) ;
#409 = FILL_AREA_STYLE_COLOUR ( '', #3978 ) ;
#410 =( GEOMETRIC_REPRESENTATION_CONTEXT ( 3 ) GLOBAL_UNCERTAINTY_ASSIGNED_CONTEXT ( ( #4032 ) ) GLOBAL_UNIT_ASSIGNED_CONTEXT ( ( #1403, #9687, #2296 ) ) REPRESENTATION_CONTEXT ( 'NONE', 'WORKASPACE' ) );
#411 = EDGE_CURVE ( 'NONE', #5583, #7345, #7050, .T. ) ;
#412 = DIRECTION ( 'NONE',  ( 0.000000000000000000, -1.000000000000000000, 0.000000000000000000 ) ) ;
#413 = CIRCLE ( 'NONE', #3725, 0.8400000000000003020 ) ;
#414 = SURFACE_STYLE_USAGE ( .BOTH. , #8711 ) ;
#415 = CARTESIAN_POINT ( 'NONE',  ( -7.296957046373735484E-16, 28.49999999999999645, -5.150000000000000355 ) ) ;
#416 = PRESENTATION_STYLE_ASSIGNMENT (( #1148 ) ) ;
#417 = FILL_AREA_STYLE_COLOUR ( '', #1488 ) ;
#418 =( GEOMETRIC_REPRESENTATION_CONTEXT ( 3 ) GLOBAL_UNCERTAINTY_ASSIGNED_CONTEXT ( ( #5493 ) ) GLOBAL_UNIT_ASSIGNED_CONTEXT ( ( #5474, #3357, #7059 ) ) REPRESENTATION_CONTEXT ( 'NONE', 'WORKASPACE' ) );
#419 = AXIS2_PLACEMENT_3D ( 'NONE', #3847, #93, #2455 ) ;
#420 = ORIENTED_EDGE ( 'NONE', *, *, #3650, .F. ) ;
#421 = DIRECTION ( 'NONE',  ( 0.000000000000000000, 1.000000000000000000, 0.000000000000000000 ) ) ;
#422 = COLOUR_RGB ( '',0.1058823529411764691, 0.6352941176470587870, 0.9411764705882352811 ) ;
#423 = DIRECTION ( 'NONE',  ( 0.000000000000000000, 1.000000000000000000, 0.000000000000000000 ) ) ;
#424 = SURFACE_STYLE_USAGE ( .BOTH. , #5734 ) ;
#425 = DIRECTION ( 'NONE',  ( -0.000000000000000000, -0.000000000000000000, -1.000000000000000000 ) ) ;
#426 = DIRECTION ( 'NONE',  ( 0.000000000000000000, 1.000000000000000000, 0.000000000000000000 ) ) ;
#427 = DIRECTION ( 'NONE',  ( 1.642476599057391178E-16, 0.000000000000000000, -1.000000000000000000 ) ) ;
#428 = COLOUR_RGB ( '',1.000000000000000000, 1.000000000000000000, 1.000000000000000000 ) ;
#429 = ORIENTED_EDGE ( 'NONE', *, *, #6066, .F. ) ;
#430 = DIRECTION ( 'NONE',  ( 0.000000000000000000, -1.000000000000000000, 0.000000000000000000 ) ) ;
#431 = AXIS2_PLACEMENT_3D ( 'NONE', #8613, #1789, #9261 ) ;
#432 = UNCERTAINTY_MEASURE_WITH_UNIT (LENGTH_MEASURE( 1.000000000000000082E-05 ), #553, 'distance_accuracy_value', 'NONE');
#433 = ORIENTED_EDGE ( 'NONE', *, *, #3818, .T. ) ;
#434 = DIRECTION ( 'NONE',  ( 0.000000000000000000, 0.000000000000000000, 1.000000000000000000 ) ) ;
#435 = EDGE_CURVE ( 'NONE', #5288, #6441, #5947, .T. ) ;
#436 = DIRECTION ( 'NONE',  ( 0.8660254037844361541, 0.000000000000000000, 0.5000000000000042188 ) ) ;
#437 = VECTOR ( 'NONE', #7083, 1000.000000000000000 ) ;
#438 = CARTESIAN_POINT ( 'NONE',  ( 6.049999999999998046, 11.19999999999999929, -5.150000000000000355 ) ) ;
#439 = COLOUR_RGB ( '',0.1058823529411764691, 0.6352941176470587870, 0.9411764705882352811 ) ;
#440 =( NAMED_UNIT ( * ) SI_UNIT ( $, .STERADIAN. ) SOLID_ANGLE_UNIT ( ) );
#441 = DIRECTION ( 'NONE',  ( -0.000000000000000000, 1.000000000000000000, 0.000000000000000000 ) ) ;
#442 = FILL_AREA_STYLE_COLOUR ( '', #3836 ) ;
#443 = CARTESIAN_POINT ( 'NONE',  ( 1.196353700947688337, 15.49999999999999467, -7.114367028390763181 ) ) ;
#444 = CARTESIAN_POINT ( 'NONE',  ( -1.902382452881893338, 10.71572324271940779, -11.25000000000000178 ) ) ;
#445 = ORIENTED_EDGE ( 'NONE', *, *, #6535, .T. ) ;
#446 = CARTESIAN_POINT ( 'NONE',  ( -6.049999999996074074, 11.14082833661799299, -5.562044973321834007 ) ) ;
#447 = AXIS2_PLACEMENT_3D ( 'NONE', #4419, #717, #7392 ) ;
#448 = DIRECTION ( 'NONE',  ( 0.000000000000000000, 1.000000000000000000, 0.000000000000000000 ) ) ;
#449 = ORIENTED_EDGE ( 'NONE', *, *, #672, .F. ) ;
#450 = EDGE_CURVE ( 'NONE', #2549, #1253, #6297, .T. ) ;
#451 = PRESENTATION_LAYER_ASSIGNMENT (  '', '', ( #5172 ) ) ;
#452 = ORIENTED_EDGE ( 'NONE', *, *, #5787, .T. ) ;
#453 = SURFACE_STYLE_FILL_AREA ( #7234 ) ;
#454 = ORIENTED_EDGE ( 'NONE', *, *, #6377, .T. ) ;
#455 = LINE ( 'NONE', #6367, #6104 ) ;
#456 = CYLINDRICAL_SURFACE ( 'NONE', #265, 1.848999999999999977 ) ;
#457 = EDGE_CURVE ( 'NONE', #6575, #2027, #2484, .T. ) ;
#458 = MECHANICAL_DESIGN_GEOMETRIC_PRESENTATION_REPRESENTATION (  '', ( #8303 ), #9420 ) ;
#459 = DIRECTION ( 'NONE',  ( -0.000000000000000000, 1.000000000000000000, -0.000000000000000000 ) ) ;
#460 = LINE ( 'NONE', #6425, #1615 ) ;
#461 = DIRECTION ( 'NONE',  ( 0.000000000000000000, 1.000000000000000000, 0.000000000000000000 ) ) ;
#462 = CARTESIAN_POINT ( 'NONE',  ( 2.095041164010773116, 16.99999999999999289, -6.099106169561854252 ) ) ;
#463 = FACE_OUTER_BOUND ( 'NONE', #7031, .T. ) ;
#464 = ORIENTED_EDGE ( 'NONE', *, *, #9468, .T. ) ;
#465 =( GEOMETRIC_REPRESENTATION_CONTEXT ( 3 ) GLOBAL_UNCERTAINTY_ASSIGNED_CONTEXT ( ( #2469 ) ) GLOBAL_UNIT_ASSIGNED_CONTEXT ( ( #9339, #6945, #5497 ) ) REPRESENTATION_CONTEXT ( 'NONE', 'WORKASPACE' ) );
#466 = CARTESIAN_POINT ( 'NONE',  ( 6.050000000000001599, 10.70000000000000462, -7.350914134221882001 ) ) ;
#467 =( NAMED_UNIT ( * ) PLANE_ANGLE_UNIT ( ) SI_UNIT ( $, .RADIAN. ) );
#468 = AXIS2_PLACEMENT_3D ( 'NONE', #5346, #1606, #8792 ) ;
#469 = LINE ( 'NONE', #2033, #3030 ) ;
#470 = ADVANCED_FACE ( 'NONE', ( #240 ), #4045, .F. ) ;
#471 = EDGE_LOOP ( 'NONE', ( #1225, #5213, #8198, #841 ) ) ;
#472 =( NAMED_UNIT ( * ) SI_UNIT ( $, .STERADIAN. ) SOLID_ANGLE_UNIT ( ) );
#473 = SURFACE_SIDE_STYLE ('',( #1207 ) ) ;
#474 = ADVANCED_FACE ( 'NONE', ( #292 ), #2547, .F. ) ;
#475 = DIRECTION ( 'NONE',  ( -1.000000000000000000, 0.000000000000000000, 0.000000000000000000 ) ) ;
#476 = STYLED_ITEM ( 'NONE', ( #7675 ), #7313 ) ;
#477 =( GEOMETRIC_REPRESENTATION_CONTEXT ( 3 ) GLOBAL_UNCERTAINTY_ASSIGNED_CONTEXT ( ( #1504 ) ) GLOBAL_UNIT_ASSIGNED_CONTEXT ( ( #5189, #4445, #6779 ) ) REPRESENTATION_CONTEXT ( 'NONE', 'WORKASPACE' ) );
#478 = COLOUR_RGB ( '',0.1058823529411764691, 0.6352941176470587870, 0.9411764705882352811 ) ;
#479 = FILL_AREA_STYLE_COLOUR ( '', #75 ) ;
#480 = DIRECTION ( 'NONE',  ( 0.5633200580636232857, 0.000000000000000000, -0.8262387743159941289 ) ) ;
#481 = ORIENTED_EDGE ( 'NONE', *, *, #5824, .F. ) ;
#482 = PRESENTATION_LAYER_ASSIGNMENT (  '', '', ( #4732 ) ) ;
#483 = CARTESIAN_POINT ( 'NONE',  ( 6.049999999999999822, 11.19999999999999929, 11.24999999999999645 ) ) ;
#484 = ORIENTED_EDGE ( 'NONE', *, *, #9668, .F. ) ;
#485 = DIRECTION ( 'NONE',  ( 0.000000000000000000, -1.000000000000000000, 0.000000000000000000 ) ) ;
#486 = FILL_AREA_STYLE_COLOUR ( '', #2884 ) ;
#487 =( NAMED_UNIT ( * ) PLANE_ANGLE_UNIT ( ) SI_UNIT ( $, .RADIAN. ) );
#488 = CYLINDRICAL_SURFACE ( 'NONE', #6128, 1.848999999999999977 ) ;
#489 = FILL_AREA_STYLE ('',( #4183 ) ) ;
#490 =( NAMED_UNIT ( * ) PLANE_ANGLE_UNIT ( ) SI_UNIT ( $, .RADIAN. ) );
#491 = MECHANICAL_DESIGN_GEOMETRIC_PRESENTATION_REPRESENTATION (  '', ( #2378 ), #5663 ) ;
#492 = PRESENTATION_STYLE_ASSIGNMENT (( #7221 ) ) ;
#493 = ORIENTED_EDGE ( 'NONE', *, *, #6041, .T. ) ;
#494 = CARTESIAN_POINT ( 'NONE',  ( -6.049999999999999822, -2.124999999999999112, -1.734723475976807094E-15 ) ) ;
#495 = VERTEX_POINT ( 'NONE', #5884 ) ;
#496 = FILL_AREA_STYLE ('',( #8796 ) ) ;
#497 =( GEOMETRIC_REPRESENTATION_CONTEXT ( 3 ) GLOBAL_UNCERTAINTY_ASSIGNED_CONTEXT ( ( #4681 ) ) GLOBAL_UNIT_ASSIGNED_CONTEXT ( ( #3441, #7715, #907 ) ) REPRESENTATION_CONTEXT ( 'NONE', 'WORKASPACE' ) );
#498 = DIRECTION ( 'NONE',  ( 0.000000000000000000, 0.000000000000000000, 1.000000000000000000 ) ) ;
#499 = EDGE_CURVE ( 'NONE', #4621, #9102, #5837, .T. ) ;
#500 = ORIENTED_EDGE ( 'NONE', *, *, #86, .T. ) ;
#501 = CARTESIAN_POINT ( 'NONE',  ( 0.7658152457033085003, 18.49999999999999645, -6.832952170873665132 ) ) ;
#502 = EDGE_LOOP ( 'NONE', ( #5038, #1586, #7269, #2602 ) ) ;
#503 = DIRECTION ( 'NONE',  ( 0.000000000000000000, 1.000000000000000000, 0.000000000000000000 ) ) ;
#504 = LINE ( 'NONE', #9671, #6169 ) ;
#505 = MECHANICAL_DESIGN_GEOMETRIC_PRESENTATION_REPRESENTATION (  '', ( #8349 ), #6156 ) ;
#506 =( NAMED_UNIT ( * ) SI_UNIT ( $, .STERADIAN. ) SOLID_ANGLE_UNIT ( ) );
#507 = EDGE_CURVE ( 'NONE', #3781, #2797, #8824, .T. ) ;
#508 = DIRECTION ( 'NONE',  ( 0.000000000000000000, 0.000000000000000000, 1.000000000000000000 ) ) ;
#509 = FILL_AREA_STYLE ('',( #1392 ) ) ;
#510 = ORIENTED_EDGE ( 'NONE', *, *, #8528, .T. ) ;
#511 = CARTESIAN_POINT ( 'NONE',  ( 6.049999999999999822, 6.000000000000000000, -10.75000000000000000 ) ) ;
#512 = VECTOR ( 'NONE', #2957, 1000.000000000000000 ) ;
#513 =( NAMED_UNIT ( * ) SI_UNIT ( $, .STERADIAN. ) SOLID_ANGLE_UNIT ( ) );
#514 = SURFACE_STYLE_FILL_AREA ( #5629 ) ;
#515 = CIRCLE ( 'NONE', #5685, 2.299999999999998490 ) ;
#516 = ORIENTED_EDGE ( 'NONE', *, *, #7424, .T. ) ;
#517 = SURFACE_SIDE_STYLE ('',( #7158 ) ) ;
#518 = SURFACE_STYLE_FILL_AREA ( #6745 ) ;
#519 = VECTOR ( 'NONE', #2232, 1000.000000000000000 ) ;
#520 = DIRECTION ( 'NONE',  ( 0.000000000000000000, 0.000000000000000000, 1.000000000000000000 ) ) ;
#521 = FACE_OUTER_BOUND ( 'NONE', #878, .T. ) ;
#522 = VECTOR ( 'NONE', #6207, 1000.000000000000000 ) ;
#523 = EDGE_CURVE ( 'NONE', #6575, #8298, #5789, .T. ) ;
#524 = AXIS2_PLACEMENT_3D ( 'NONE', #1503, #9731, #9682 ) ;
#525 =( BOUNDED_SURFACE ( )  B_SPLINE_SURFACE ( 3, 2, ( 
 ( #2154, #2974, #3679 ),
 ( #1904, #6695, #9504 ),
 ( #2639, #3730, #4420 ),
 ( #2200, #8647, #8186 ),
 ( #8884, #4927, #6753 ),
 ( #5211, #2251, #3435 ),
 ( #2873, #7907, #1172 ),
 ( #3483, #9741, #4135 ),
 ( #5941, #5254, #5162 ),
 ( #8239, #5983, #8977 ),
 ( #5885, #6450, #7129 ),
 ( #1409, #391, #3387 ),
 ( #7445, #6404, #718 ),
 ( #6503, #8137, #9400 ),
 ( #7393, #5645, #4186 ),
 ( #444, #7176, #9450 ),
 ( #2690, #8932, #5692 ),
 ( #7955, #665, #4232 ) ),
 .UNSPECIFIED., .F., .F., .T. ) 
 B_SPLINE_SURFACE_WITH_KNOTS ( ( 4, 2, 2, 2, 2, 2, 2, 2, 4 ),
 ( 3, 3 ),
 ( 0.001322541653054753715, 0.001905752168903029290, 0.002488962684751304649, 0.003072173200599580441, 0.003655383716447855799, 0.004238594232296131158, 0.004821804748144406516, 0.005405015263992682742, 0.005988225779840958100 ),
 ( 0.000000000000000000, 1.000000000000000000 ),
 .UNSPECIFIED. ) 
 GEOMETRIC_REPRESENTATION_ITEM ( )  RATIONAL_B_SPLINE_SURFACE ( (
 ( 1.000000000000000000, 0.7071067811865487940, 1.000000000000000000),
 ( 1.000000000000000000, 0.7547290032336702037, 1.000000000000000000),
 ( 1.000000000000000000, 0.7941207866305768359, 1.000000000000000000),
 ( 1.000000000000000000, 0.8606172085971146579, 1.000000000000000000),
 ( 1.000000000000000000, 0.8876836181523944935, 1.000000000000000000),
 ( 1.000000000000000000, 0.9309455724260978782, 1.000000000000000000),
 ( 1.000000000000000000, 0.9471129797429056474, 1.000000000000000000),
 ( 1.000000000000000000, 0.9688714285933572867, 1.000000000000000000),
 ( 1.000000000000000000, 0.9744534164323149783, 1.000000000000000000),
 ( 1.000000000000000000, 0.9748920381461582130, 1.000000000000000000),
 ( 1.000000000000000000, 0.9697278705880401084, 1.000000000000000000),
 ( 1.000000000000000000, 0.9484038032569095389, 1.000000000000000000),
 ( 1.000000000000000000, 0.9323612663642599774, 1.000000000000000000),
 ( 1.000000000000000000, 0.8891264107977017161, 1.000000000000000000),
 ( 1.000000000000000000, 0.8619100215489786665, 1.000000000000000000),
 ( 1.000000000000000000, 0.7948889486151906603, 1.000000000000000000),
 ( 1.000000000000000000, 0.7551364872158164987, 1.000000000000000000),
 ( 1.000000000000000000, 0.7071067811865487940, 1.000000000000000000) ) ) 
 REPRESENTATION_ITEM ( '' )  SURFACE ( )  );
#526 = CARTESIAN_POINT ( 'NONE',  ( -0.4999999999999973910, -11.20000000000000107, -8.212382995286913982E-17 ) ) ;
#527 = ORIENTED_EDGE ( 'NONE', *, *, #2844, .T. ) ;
#528 = DIRECTION ( 'NONE',  ( -0.1490422661761819367, 0.000000000000000000, 0.9888308262251274128 ) ) ;
#529 = AXIS2_PLACEMENT_3D ( 'NONE', #614, #3673, #571 ) ;
#530 =( GEOMETRIC_REPRESENTATION_CONTEXT ( 3 ) GLOBAL_UNCERTAINTY_ASSIGNED_CONTEXT ( ( #825 ) ) GLOBAL_UNIT_ASSIGNED_CONTEXT ( ( #4046, #3339, #6502 ) ) REPRESENTATION_CONTEXT ( 'NONE', 'WORKASPACE' ) );
#531 = ORIENTED_EDGE ( 'NONE', *, *, #6951, .T. ) ;
#532 = SURFACE_STYLE_USAGE ( .BOTH. , #2045 ) ;
#533 = FACE_OUTER_BOUND ( 'NONE', #1955, .T. ) ;
#534 = FILL_AREA_STYLE ('',( #2161 ) ) ;
#535 = DIRECTION ( 'NONE',  ( 0.000000000000000000, 0.000000000000000000, -1.000000000000000000 ) ) ;
#536 = PRESENTATION_LAYER_ASSIGNMENT (  '', '', ( #2271 ) ) ;
#537 = STYLED_ITEM ( 'NONE', ( #3073 ), #7656 ) ;
#538 = ORIENTED_EDGE ( 'NONE', *, *, #4168, .T. ) ;
#539 = CARTESIAN_POINT ( 'NONE',  ( 5.549999999999998934, 8.000000000000000000, 16.15000000000000213 ) ) ;
#540 = DIRECTION ( 'NONE',  ( 0.000000000000000000, 0.000000000000000000, -1.000000000000000000 ) ) ;
#541 = DIRECTION ( 'NONE',  ( -0.000000000000000000, -0.000000000000000000, 1.000000000000000000 ) ) ;
#542 = ORIENTED_EDGE ( 'NONE', *, *, #1386, .F. ) ;
#543 = FACE_OUTER_BOUND ( 'NONE', #7759, .T. ) ;
#544 = PRESENTATION_LAYER_ASSIGNMENT (  '', '', ( #1015 ) ) ;
#545 = PRESENTATION_LAYER_ASSIGNMENT (  '', '', ( #4642 ) ) ;
#546 = TOROIDAL_SURFACE ( 'NONE', #1804, 2.375000000000000444, 0.5000000000000000000 ) ;
#547 = CARTESIAN_POINT ( 'NONE',  ( -0.5000000000000019984, -11.20000000000000107, 14.82979589711326263 ) ) ;
#548 = ORIENTED_EDGE ( 'NONE', *, *, #1565, .T. ) ;
#549 =( GEOMETRIC_REPRESENTATION_CONTEXT ( 3 ) GLOBAL_UNCERTAINTY_ASSIGNED_CONTEXT ( ( #4802 ) ) GLOBAL_UNIT_ASSIGNED_CONTEXT ( ( #5775, #2815, #7381 ) ) REPRESENTATION_CONTEXT ( 'NONE', 'WORKASPACE' ) );
#550 = DIRECTION ( 'NONE',  ( -0.000000000000000000, -1.000000000000000000, -0.000000000000000000 ) ) ;
#551 = EDGE_LOOP ( 'NONE', ( #4323, #9698, #2172, #2849 ) ) ;
#552 =( NAMED_UNIT ( * ) PLANE_ANGLE_UNIT ( ) SI_UNIT ( $, .RADIAN. ) );
#553 =( LENGTH_UNIT ( ) NAMED_UNIT ( * ) SI_UNIT ( .MILLI., .METRE. ) );
#554 = ORIENTED_EDGE ( 'NONE', *, *, #8379, .T. ) ;
#555 =( NAMED_UNIT ( * ) PLANE_ANGLE_UNIT ( ) SI_UNIT ( $, .RADIAN. ) );
#556 = COLOUR_RGB ( '',0.7764705882352941346, 0.7568627450980391913, 0.7372549019607843590 ) ;
#557 = EDGE_CURVE ( 'NONE', #7693, #8987, #2157, .T. ) ;
#558 = CARTESIAN_POINT ( 'NONE',  ( -7.296957046373735484E-16, 18.49999999999999645, -5.650000000000000355 ) ) ;
#559 = FILL_AREA_STYLE ('',( #9623 ) ) ;
#560 = DIRECTION ( 'NONE',  ( 0.000000000000000000, 0.000000000000000000, 1.000000000000000000 ) ) ;
#561 = CARTESIAN_POINT ( 'NONE',  ( 6.049999999999999822, 7.792893218813452094, 11.04289321881344854 ) ) ;
#562 =( NAMED_UNIT ( * ) PLANE_ANGLE_UNIT ( ) SI_UNIT ( $, .RADIAN. ) );
#563 = DIRECTION ( 'NONE',  ( -0.9749279121818260618, 0.000000000000000000, 0.2225209339563038458 ) ) ;
#564 = ORIENTED_EDGE ( 'NONE', *, *, #570, .F. ) ;
#565 = CYLINDRICAL_SURFACE ( 'NONE', #8565, 2.299999999999998046 ) ;
#566 = DIRECTION ( 'NONE',  ( -1.000000000000000000, 0.000000000000000000, 0.000000000000000000 ) ) ;
#567 = SURFACE_STYLE_FILL_AREA ( #7155 ) ;
#568 = ORIENTED_EDGE ( 'NONE', *, *, #8285, .T. ) ;
#569 = DIRECTION ( 'NONE',  ( -0.5633200580636115173, 0.000000000000000000, -0.8262387743160021225 ) ) ;
#570 = EDGE_CURVE ( 'NONE', #9390, #6130, #8455, .T. ) ;
#571 = DIRECTION ( 'NONE',  ( 0.9972037971811804624, 0.000000000000000000, -0.07473009358642071498 ) ) ;
#572 = SURFACE_STYLE_USAGE ( .BOTH. , #4413 ) ;
#573 = DIRECTION ( 'NONE',  ( 0.000000000000000000, -0.000000000000000000, 1.000000000000000000 ) ) ;
#574 = DIRECTION ( 'NONE',  ( 0.000000000000000000, 1.000000000000000000, 0.000000000000000000 ) ) ;
#575 = AXIS2_PLACEMENT_3D ( 'NONE', #1650, #9265, #7722 ) ;
#576 = ORIENTED_EDGE ( 'NONE', *, *, #4721, .T. ) ;
#577 = DIRECTION ( 'NONE',  ( 0.000000000000000000, 1.000000000000000000, -0.000000000000000000 ) ) ;
#578 = ORIENTED_EDGE ( 'NONE', *, *, #6431, .F. ) ;
#579 = SURFACE_STYLE_FILL_AREA ( #2830 ) ;
#580 = EDGE_CURVE ( 'NONE', #6003, #824, #5922, .T. ) ;
#581 = CYLINDRICAL_SURFACE ( 'NONE', #3559, 0.8399999999999996358 ) ;
#582 = COLOUR_RGB ( '',0.7764705882352941346, 0.7568627450980391913, 0.7372549019607843590 ) ;
#583 = CYLINDRICAL_SURFACE ( 'NONE', #4882, 2.000000000000000000 ) ;
#584 = MECHANICAL_DESIGN_GEOMETRIC_PRESENTATION_REPRESENTATION (  '', ( #5302 ), #3089 ) ;
#585 = PRESENTATION_STYLE_ASSIGNMENT (( #7904 ) ) ;
#586 = FACE_OUTER_BOUND ( 'NONE', #5962, .T. ) ;
#587 = ORIENTED_EDGE ( 'NONE', *, *, #86, .F. ) ;
#588 = PRESENTATION_STYLE_ASSIGNMENT (( #9030 ) ) ;
#589 = CARTESIAN_POINT ( 'NONE',  ( -33.59650613054222390, -9.199999999999999289, -10.25000000000000178 ) ) ;
#590 = AXIS2_PLACEMENT_3D ( 'NONE', #780, #5957, #6812 ) ;
#591 = EDGE_LOOP ( 'NONE', ( #2628, #245, #2808 ) ) ;
#592 = FILL_AREA_STYLE_COLOUR ( '', #5369 ) ;
#593 = EDGE_CURVE ( 'NONE', #6441, #3053, #8037, .T. ) ;
#594 = SURFACE_SIDE_STYLE ('',( #8946 ) ) ;
#595 = MECHANICAL_DESIGN_GEOMETRIC_PRESENTATION_REPRESENTATION (  '', ( #5940 ), #7042 ) ;
#596 = ORIENTED_EDGE ( 'NONE', *, *, #8888, .T. ) ;
#597 = ORIENTED_EDGE ( 'NONE', *, *, #6586, .F. ) ;
#598 = CARTESIAN_POINT ( 'NONE',  ( -5.549999999999998934, 5.500000000000000888, -11.25000000000000178 ) ) ;
#599 = CARTESIAN_POINT ( 'NONE',  ( 1.812821074135920085, 15.49999999999999467, -5.929620261009611148 ) ) ;
#600 = EDGE_LOOP ( 'NONE', ( #1654 ) ) ;
#601 = CARTESIAN_POINT ( 'NONE',  ( -6.049999999999999822, 7.500000000000000000, -10.75000000000000000 ) ) ;
#602 = SURFACE_STYLE_USAGE ( .BOTH. , #8861 ) ;
#603 =( GEOMETRIC_REPRESENTATION_CONTEXT ( 3 ) GLOBAL_UNCERTAINTY_ASSIGNED_CONTEXT ( ( #2097 ) ) GLOBAL_UNIT_ASSIGNED_CONTEXT ( ( #6421, #2561, #7868 ) ) REPRESENTATION_CONTEXT ( 'NONE', 'WORKASPACE' ) );
#604 = CIRCLE ( 'NONE', #132, 0.8400000000000003020 ) ;
#605 = DIRECTION ( 'NONE',  ( -0.9749279121818260618, 0.000000000000000000, 0.2225209339563038458 ) ) ;
#606 =( NAMED_UNIT ( * ) SI_UNIT ( $, .STERADIAN. ) SOLID_ANGLE_UNIT ( ) );
#607 = CARTESIAN_POINT ( 'NONE',  ( -0.2255705282762591191, 16.99999999999999289, -2.861088045211620301 ) ) ;
#608 = ORIENTED_EDGE ( 'NONE', *, *, #4660, .F. ) ;
#609 = DIRECTION ( 'NONE',  ( 0.000000000000000000, 0.000000000000000000, -1.000000000000000000 ) ) ;
#610 = CARTESIAN_POINT ( 'NONE',  ( -5.549999999999998934, 7.500000000000000000, -15.64999999999999325 ) ) ;
#611 = VECTOR ( 'NONE', #8561, 1000.000000000000000 ) ;
#612 = ORIENTED_EDGE ( 'NONE', *, *, #4280, .F. ) ;
#613 = FILL_AREA_STYLE_COLOUR ( '', #5207 ) ;
#614 = CARTESIAN_POINT ( 'NONE',  ( -0.7986154343352918072, 15.49999999999999467, -3.345466435266591265 ) ) ;
#615 = CARTESIAN_POINT ( 'NONE',  ( -6.150000000000000355, -5.749999999999995559, 9.999999999999998224 ) ) ;
#616 = LINE ( 'NONE', #3626, #1099 ) ;
#617 = COLOUR_RGB ( '',1.000000000000000000, 1.000000000000000000, 1.000000000000000000 ) ;
#618 = PRESENTATION_STYLE_ASSIGNMENT (( #5939 ) ) ;
#619 = STYLED_ITEM ( 'NONE', ( #588 ), #6137 ) ;
#620 = EDGE_CURVE ( 'NONE', #2551, #2585, #5467, .T. ) ;
#621 = LINE ( 'NONE', #5982, #1377 ) ;
#622 = ORIENTED_EDGE ( 'NONE', *, *, #73, .F. ) ;
#623 = PRESENTATION_STYLE_ASSIGNMENT (( #8679 ) ) ;
#624 = VERTEX_POINT ( 'NONE', #8238 ) ;
#625 =( LENGTH_UNIT ( ) NAMED_UNIT ( * ) SI_UNIT ( .MILLI., .METRE. ) );
#626 = PRESENTATION_LAYER_ASSIGNMENT (  '', '', ( #2838 ) ) ;
#627 = PRESENTATION_STYLE_ASSIGNMENT (( #8733 ) ) ;
#628 = MECHANICAL_DESIGN_GEOMETRIC_PRESENTATION_REPRESENTATION (  '', ( #4566 ), #8489 ) ;
#629 = EDGE_CURVE ( 'NONE', #3472, #3109, #4320, .T. ) ;
#630 = FILL_AREA_STYLE ('',( #9600 ) ) ;
#631 = ORIENTED_EDGE ( 'NONE', *, *, #2105, .F. ) ;
#632 = FILL_AREA_STYLE ('',( #8838 ) ) ;
#633 = SURFACE_SIDE_STYLE ('',( #1373 ) ) ;
#634 = VERTEX_POINT ( 'NONE', #9740 ) ;
#635 = MECHANICAL_DESIGN_GEOMETRIC_PRESENTATION_REPRESENTATION (  '', ( #9116 ), #7377 ) ;
#636 =( LENGTH_UNIT ( ) NAMED_UNIT ( * ) SI_UNIT ( .MILLI., .METRE. ) );
#637 = CARTESIAN_POINT ( 'NONE',  ( -1.908769730993870928, 18.49999999999999645, -5.650725585774879711 ) ) ;
#638 = FILL_AREA_STYLE ('',( #8949 ) ) ;
#639 = CARTESIAN_POINT ( 'NONE',  ( -6.049999999999999822, -10.69999999999999929, 0.000000000000000000 ) ) ;
#640 = MECHANICAL_DESIGN_GEOMETRIC_PRESENTATION_REPRESENTATION (  '', ( #6802 ), #8800 ) ;
#641 = EDGE_CURVE ( 'NONE', #8934, #1204, #621, .T. ) ;
#642 =( NAMED_UNIT ( * ) SI_UNIT ( $, .STERADIAN. ) SOLID_ANGLE_UNIT ( ) );
#643 = DIRECTION ( 'NONE',  ( 0.000000000000000000, 0.000000000000000000, 1.000000000000000000 ) ) ;
#644 = VERTEX_POINT ( 'NONE', #3583 ) ;
#645 = DIRECTION ( 'NONE',  ( -0.000000000000000000, -1.000000000000000000, -0.000000000000000000 ) ) ;
#646 = EDGE_LOOP ( 'NONE', ( #8057, #2734, #9494, #5659 ) ) ;
#647 =( NAMED_UNIT ( * ) SI_UNIT ( $, .STERADIAN. ) SOLID_ANGLE_UNIT ( ) );
#648 = DIRECTION ( 'NONE',  ( 0.000000000000000000, 1.000000000000000000, 0.000000000000000000 ) ) ;
#649 = SHAPE_DEFINITION_REPRESENTATION ( #4685, #4694 ) ;
#650 = COLOUR_RGB ( '',0.1058823529411764691, 0.6352941176470587870, 0.9411764705882352811 ) ;
#651 = DIRECTION ( 'NONE',  ( 0.000000000000000000, 1.000000000000000000, 0.000000000000000000 ) ) ;
#652 = SURFACE_SIDE_STYLE ('',( #4399 ) ) ;
#653 = CIRCLE ( 'NONE', #7702, 0.5000000000000004441 ) ;
#654 = ORIENTED_EDGE ( 'NONE', *, *, #2854, .T. ) ;
#655 =( LENGTH_UNIT ( ) NAMED_UNIT ( * ) SI_UNIT ( .MILLI., .METRE. ) );
#656 = CARTESIAN_POINT ( 'NONE',  ( -0.2255705282762262565, 18.49999999999999645, -7.438911954788383518 ) ) ;
#657 = FILL_AREA_STYLE_COLOUR ( '', #8552 ) ;
#658 = CARTESIAN_POINT ( 'NONE',  ( 0.2357333623994096461, 18.49999999999999645, -3.316088665760563714 ) ) ;
#659 = ORIENTED_EDGE ( 'NONE', *, *, #5088, .T. ) ;
#660 = STYLED_ITEM ( 'NONE', ( #7651 ), #1893 ) ;
#661 = DIRECTION ( 'NONE',  ( 0.000000000000000000, -1.000000000000000000, 0.000000000000000000 ) ) ;
#662 = EDGE_CURVE ( 'NONE', #5890, #7471, #1699, .T. ) ;
#663 = DIRECTION ( 'NONE',  ( -0.000000000000000000, 1.000000000000000000, 0.000000000000000000 ) ) ;
#664 = CARTESIAN_POINT ( 'NONE',  ( 2.196564625987929453, 15.50000000000000000, -0.05317708333333471399 ) ) ;
#665 = CARTESIAN_POINT ( 'NONE',  ( -2.289650628371055152, 11.19999999999999751, -11.25000000000000178 ) ) ;
#666 = CARTESIAN_POINT ( 'NONE',  ( 1.058647331648755019, 18.49999999999999645, -6.815350961629703441 ) ) ;
#667 = VERTEX_POINT ( 'NONE', #5383 ) ;
#668 = CARTESIAN_POINT ( 'NONE',  ( -7.296957046373735484E-16, 15.49999999999999467, -5.150000000000000355 ) ) ;
#669 = EDGE_LOOP ( 'NONE', ( #6769, #5164, #1384, #1748 ) ) ;
#670 = AXIS2_PLACEMENT_3D ( 'NONE', #4901, #2717, #7876 ) ;
#671 = STYLED_ITEM ( 'NONE', ( #492 ), #8481 ) ;
#672 = EDGE_CURVE ( 'NONE', #1016, #2375, #7586, .T. ) ;
#673 = DIRECTION ( 'NONE',  ( -0.000000000000000000, 0.000000000000000000, 1.000000000000000000 ) ) ;
#674 = ADVANCED_FACE ( 'NONE', ( #1562 ), #5436, .T. ) ;
#675 = CIRCLE ( 'NONE', #4460, 0.8400000000000003020 ) ;
#676 = CIRCLE ( 'NONE', #6342, 0.8399999999999996358 ) ;
#677 = SURFACE_STYLE_FILL_AREA ( #9702 ) ;
#678 = SURFACE_STYLE_FILL_AREA ( #3880 ) ;
#679 = PRESENTATION_LAYER_ASSIGNMENT (  '', '', ( #2088 ) ) ;
#680 = STYLED_ITEM ( 'NONE', ( #7547 ), #7564 ) ;
#681 = EDGE_LOOP ( 'NONE', ( #9451, #2951, #1641, #5853 ) ) ;
#682 = CARTESIAN_POINT ( 'NONE',  ( 0.3828690754399587948, 10.96004009854865657, -11.25000000000000178 ) ) ;
#683 = ORIENTED_EDGE ( 'NONE', *, *, #8929, .F. ) ;
#684 = EDGE_CURVE ( 'NONE', #8750, #2829, #3618, .T. ) ;
#685 = AXIS2_PLACEMENT_3D ( 'NONE', #2577, #7108, #7985 ) ;
#686 = COLOUR_RGB ( '',0.7764705882352941346, 0.7568627450980391913, 0.7372549019607843590 ) ;
#687 = DIRECTION ( 'NONE',  ( 0.000000000000000000, 1.000000000000000000, 0.000000000000000000 ) ) ;
#688 =( NAMED_UNIT ( * ) PLANE_ANGLE_UNIT ( ) SI_UNIT ( $, .RADIAN. ) );
#689 = ORIENTED_EDGE ( 'NONE', *, *, #3188, .T. ) ;
#690 = DIRECTION ( 'NONE',  ( 0.000000000000000000, 1.000000000000000000, 0.000000000000000000 ) ) ;
#691 = STYLED_ITEM ( 'NONE', ( #618 ), #4852 ) ;
#692 = ORIENTED_EDGE ( 'NONE', *, *, #8197, .T. ) ;
#693 = FILL_AREA_STYLE_COLOUR ( '', #5635 ) ;
#694 = COLOUR_RGB ( '',0.1058823529411764691, 0.6352941176470587870, 0.9411764705882352811 ) ;
#695 = ORIENTED_EDGE ( 'NONE', *, *, #6965, .F. ) ;
#696 = DIRECTION ( 'NONE',  ( -1.000000000000000000, 0.000000000000000000, 0.000000000000000000 ) ) ;
#697 = EDGE_CURVE ( 'NONE', #4491, #1212, #7296, .T. ) ;
#698 =( NAMED_UNIT ( * ) PLANE_ANGLE_UNIT ( ) SI_UNIT ( $, .RADIAN. ) );
#699 = VECTOR ( 'NONE', #9157, 1000.000000000000000 ) ;
#700 = COLOUR_RGB ( '',0.1058823529411764691, 0.6352941176470587870, 0.9411764705882352811 ) ;
#701 = CARTESIAN_POINT ( 'NONE',  ( -0.2255705282762593133, 18.49999999999999645, -2.861088045211620301 ) ) ;
#702 = DIRECTION ( 'NONE',  ( -0.9972037971811793522, 0.000000000000000000, -0.07473009358643517563 ) ) ;
#703 = AXIS2_PLACEMENT_3D ( 'NONE', #9041, #6900, #7598 ) ;
#704 = ORIENTED_EDGE ( 'NONE', *, *, #62, .T. ) ;
#705 =( NAMED_UNIT ( * ) PLANE_ANGLE_UNIT ( ) SI_UNIT ( $, .RADIAN. ) );
#706 = FILL_AREA_STYLE_COLOUR ( '', #4198 ) ;
#707 = DIRECTION ( 'NONE',  ( 0.000000000000000000, 1.000000000000000000, 0.000000000000000000 ) ) ;
#708 = DIRECTION ( 'NONE',  ( 0.000000000000000000, 1.000000000000000000, 0.000000000000000000 ) ) ;
#709 = AXIS2_PLACEMENT_3D ( 'NONE', #2950, #4536, #2370 ) ;
#710 = FILL_AREA_STYLE ('',( #4605 ) ) ;
#711 = ADVANCED_FACE ( 'NONE', ( #4455 ), #8765, .T. ) ;
#712 =( GEOMETRIC_REPRESENTATION_CONTEXT ( 3 ) GLOBAL_UNCERTAINTY_ASSIGNED_CONTEXT ( ( #6185 ) ) GLOBAL_UNIT_ASSIGNED_CONTEXT ( ( #8044, #487, #2048 ) ) REPRESENTATION_CONTEXT ( 'NONE', 'WORKASPACE' ) );
#713 = AXIS2_PLACEMENT_3D ( 'NONE', #7247, #7825, #1885 ) ;
#714 = CARTESIAN_POINT ( 'NONE',  ( -1.859168329040483902, 15.49999999999999467, -5.811529381434284325 ) ) ;
#715 = CARTESIAN_POINT ( 'NONE',  ( -7.296957046373735484E-16, 18.49999999999999645, -5.150000000000000355 ) ) ;
#716 = VECTOR ( 'NONE', #5320, 1000.000000000000000 ) ;
#717 = DIRECTION ( 'NONE',  ( -0.000000000000000000, 1.000000000000000000, -0.000000000000000000 ) ) ;
#718 = CARTESIAN_POINT ( 'NONE',  ( -1.007405055122072568, 11.20000000051174105, -11.11883021613636835 ) ) ;
#719 = EDGE_LOOP ( 'NONE', ( #7590, #5463, #7920, #8356 ) ) ;
#720 = VECTOR ( 'NONE', #305, 1000.000000000000000 ) ;
#721 = PRESENTATION_STYLE_ASSIGNMENT (( #1461 ) ) ;
#722 = ORIENTED_EDGE ( 'NONE', *, *, #7260, .F. ) ;
#723 = FILL_AREA_STYLE ('',( #8339 ) ) ;
#724 = AXIS2_PLACEMENT_3D ( 'NONE', #5429, #8428, #1090 ) ;
#725 = AXIS2_PLACEMENT_3D ( 'NONE', #715, #5937, #8931 ) ;
#726 = DIRECTION ( 'NONE',  ( 0.000000000000000000, 1.000000000000000000, 0.000000000000000000 ) ) ;
#727 = VERTEX_POINT ( 'NONE', #5778 ) ;
#728 = ADVANCED_FACE ( 'NONE', ( #4358 ), #7432, .T. ) ;
#729 = PRESENTATION_STYLE_ASSIGNMENT (( #5354 ) ) ;
#730 = ORIENTED_EDGE ( 'NONE', *, *, #7690, .T. ) ;
#731 =( LENGTH_UNIT ( ) NAMED_UNIT ( * ) SI_UNIT ( .MILLI., .METRE. ) );
#732 = CARTESIAN_POINT ( 'NONE',  ( -6.049999999999999822, -7.749999999999999112, -8.000000000000001776 ) ) ;
#733 =( LENGTH_UNIT ( ) NAMED_UNIT ( * ) SI_UNIT ( .MILLI., .METRE. ) );
#734 = FACE_OUTER_BOUND ( 'NONE', #6799, .T. ) ;
#735 = VERTEX_POINT ( 'NONE', #4506 ) ;
#736 = SPHERICAL_SURFACE ( 'NONE', #280, 0.5000000000000000000 ) ;
#737 = PRESENTATION_LAYER_ASSIGNMENT (  '', '', ( #1684 ) ) ;
#738 = FACE_OUTER_BOUND ( 'NONE', #646, .T. ) ;
#739 = ORIENTED_EDGE ( 'NONE', *, *, #3081, .F. ) ;
#740 = ADVANCED_FACE ( 'NONE', ( #4603 ), #5424, .F. ) ;
#741 = CARTESIAN_POINT ( 'NONE',  ( 1.100000000000000089, -7.074999999999999289, -10.25000000000000178 ) ) ;
#742 = CARTESIAN_POINT ( 'NONE',  ( -5.549999999999998934, 6.000000000000000000, -15.64999999999999325 ) ) ;
#743 = CIRCLE ( 'NONE', #7328, 0.8399999999999996358 ) ;
#744 = ORIENTED_EDGE ( 'NONE', *, *, #3309, .T. ) ;
#745 = DIRECTION ( 'NONE',  ( -0.000000000000000000, 1.000000000000000000, 0.000000000000000000 ) ) ;
#746 = DIRECTION ( 'NONE',  ( 0.000000000000000000, 0.000000000000000000, -1.000000000000000000 ) ) ;
#747 =( LENGTH_UNIT ( ) NAMED_UNIT ( * ) SI_UNIT ( .MILLI., .METRE. ) );
#748 = FILL_AREA_STYLE_COLOUR ( '', #54 ) ;
#749 = DIRECTION ( 'NONE',  ( -0.000000000000000000, 1.000000000000000000, -0.000000000000000000 ) ) ;
#750 = DIRECTION ( 'NONE',  ( 0.000000000000000000, 0.000000000000000000, -1.000000000000000000 ) ) ;
#751 = ORIENTED_EDGE ( 'NONE', *, *, #8426, .T. ) ;
#752 = EDGE_CURVE ( 'NONE', #5838, #2763, #7671, .T. ) ;
#753 = LINE ( 'NONE', #6739, #9033 ) ;
#754 = FILL_AREA_STYLE_COLOUR ( '', #131 ) ;
#755 = DIRECTION ( 'NONE',  ( 0.000000000000000000, 1.000000000000000000, 0.000000000000000000 ) ) ;
#756 = PRESENTATION_STYLE_ASSIGNMENT (( #1396 ) ) ;
#757 = CARTESIAN_POINT ( 'NONE',  ( 5.549999999999998934, 7.500000000000000000, 16.15000000000000213 ) ) ;
#758 = DIRECTION ( 'NONE',  ( 0.000000000000000000, -1.000000000000000000, 0.000000000000000000 ) ) ;
#759 = SURFACE_STYLE_USAGE ( .BOTH. , #9019 ) ;
#760 = PRESENTATION_LAYER_ASSIGNMENT (  '', '', ( #5475 ) ) ;
#761 = CARTESIAN_POINT ( 'NONE',  ( -33.59650613054222390, 9.199999999999999289, 10.24999999999999822 ) ) ;
#762 = DIRECTION ( 'NONE',  ( 0.000000000000000000, 0.000000000000000000, 1.000000000000000000 ) ) ;
#763 = DIRECTION ( 'NONE',  ( 0.000000000000000000, 0.000000000000000000, 1.000000000000000000 ) ) ;
#764 = ADVANCED_FACE ( 'NONE', ( #6213 ), #9212, .T. ) ;
#765 = AXIS2_PLACEMENT_3D ( 'NONE', #7520, #9003, #5364 ) ;
#766 =( NAMED_UNIT ( * ) SI_UNIT ( $, .STERADIAN. ) SOLID_ANGLE_UNIT ( ) );
#767 =( LENGTH_UNIT ( ) NAMED_UNIT ( * ) SI_UNIT ( .MILLI., .METRE. ) );
#768 = DIRECTION ( 'NONE',  ( 0.000000000000000000, 0.000000000000000000, 1.000000000000000000 ) ) ;
#769 = ORIENTED_EDGE ( 'NONE', *, *, #5730, .F. ) ;
#770 = EDGE_LOOP ( 'NONE', ( #8754, #3075, #2350, #6712 ) ) ;
#771 = LINE ( 'NONE', #5892, #2910 ) ;
#772 = STYLED_ITEM ( 'NONE', ( #729 ), #1232 ) ;
#773 = CARTESIAN_POINT ( 'NONE',  ( 3.469446951953614189E-15, -11.20000000000000107, 13.84999999999999964 ) ) ;
#774 = CYLINDRICAL_SURFACE ( 'NONE', #2726, 0.5000000000000004441 ) ;
#775 = FILL_AREA_STYLE_COLOUR ( '', #7144 ) ;
#776 = VERTEX_POINT ( 'NONE', #4892 ) ;
#777 =( GEOMETRIC_REPRESENTATION_CONTEXT ( 3 ) GLOBAL_UNCERTAINTY_ASSIGNED_CONTEXT ( ( #374 ) ) GLOBAL_UNIT_ASSIGNED_CONTEXT ( ( #9603, #125, #3022 ) ) REPRESENTATION_CONTEXT ( 'NONE', 'WORKASPACE' ) );
#778 = VERTEX_POINT ( 'NONE', #998 ) ;
#779 =( BOUNDED_CURVE ( )  B_SPLINE_CURVE ( 3, ( #7394, #7540, #3778, #6798 ),
 .UNSPECIFIED., .F., .T. ) 
 B_SPLINE_CURVE_WITH_KNOTS ( ( 4, 4 ),
 ( 4.712388980384689674, 6.283185307179586232 ),
 .UNSPECIFIED. ) 
 CURVE ( )  GEOMETRIC_REPRESENTATION_ITEM ( )  RATIONAL_B_SPLINE_CURVE ( ( 1.000000000000000000, 0.8047378541243649375, 0.8047378541243649375, 1.000000000000000000 ) ) 
 REPRESENTATION_ITEM ( '' )  );
#780 = CARTESIAN_POINT ( 'NONE',  ( -7.296957046373735484E-16, 18.49999999999999645, -5.150000000000000355 ) ) ;
#781 = EDGE_CURVE ( 'NONE', #6708, #3425, #8295, .T. ) ;
#782 = SURFACE_STYLE_FILL_AREA ( #1481 ) ;
#783 = UNCERTAINTY_MEASURE_WITH_UNIT (LENGTH_MEASURE( 1.000000000000000082E-05 ), #7582, 'distance_accuracy_value', 'NONE');
#784 = CIRCLE ( 'NONE', #1725, 0.8400000000000000799 ) ;
#785 = ORIENTED_EDGE ( 'NONE', *, *, #2794, .F. ) ;
#786 = CARTESIAN_POINT ( 'NONE',  ( -0.8902177050524614499, 16.99999999999999289, -3.029266061569456880 ) ) ;
#787 = CARTESIAN_POINT ( 'NONE',  ( 5.817996659536256665, 11.20000000050164068, -6.821346045371248223 ) ) ;
#788 = VECTOR ( 'NONE', #5307, 1000.000000000000000 ) ;
#789 = ORIENTED_EDGE ( 'NONE', *, *, #2676, .F. ) ;
#790 = CYLINDRICAL_SURFACE ( 'NONE', #6106, 2.299999999999998046 ) ;
#791 = FILL_AREA_STYLE ('',( #6058 ) ) ;
#792 = EDGE_LOOP ( 'NONE', ( #8942, #2143, #3181, #5050 ) ) ;
#793 =( NAMED_UNIT ( * ) SI_UNIT ( $, .STERADIAN. ) SOLID_ANGLE_UNIT ( ) );
#794 = PRESENTATION_STYLE_ASSIGNMENT (( #7700 ) ) ;
#795 = CIRCLE ( 'NONE', #6299, 0.8400000000000005240 ) ;
#796 = CARTESIAN_POINT ( 'NONE',  ( 5.049999999999998934, -9.199999999999999289, 10.24999999999999822 ) ) ;
#797 = VECTOR ( 'NONE', #24, 1000.000000000000000 ) ;
#798 = EDGE_CURVE ( 'NONE', #5543, #2573, #7714, .T. ) ;
#799 =( LENGTH_UNIT ( ) NAMED_UNIT ( * ) SI_UNIT ( .MILLI., .METRE. ) );
#800 = ORIENTED_EDGE ( 'NONE', *, *, #8783, .F. ) ;
#801 = DIRECTION ( 'NONE',  ( -0.2947551744108911076, 0.000000000000000000, -0.9555728057861447855 ) ) ;
#802 = FILL_AREA_STYLE ('',( #5241 ) ) ;
#803 = CARTESIAN_POINT ( 'NONE',  ( -1.840386956182414879, 15.49999999999999467, -5.328260628052380099 ) ) ;
#804 = STYLED_ITEM ( 'NONE', ( #8845 ), #9402 ) ;
#805 = DIRECTION ( 'NONE',  ( -0.000000000000000000, -1.000000000000000000, -0.000000000000000000 ) ) ;
#806 = CARTESIAN_POINT ( 'NONE',  ( -7.296957046373735484E-16, 28.49999999999999645, -5.150000000000000355 ) ) ;
#807 =( LENGTH_UNIT ( ) NAMED_UNIT ( * ) SI_UNIT ( .MILLI., .METRE. ) );
#808 = ADVANCED_FACE ( 'NONE', ( #8612 ), #349, .F. ) ;
#809 = DIRECTION ( 'NONE',  ( 0.8660254037844361541, 0.000000000000000000, 0.5000000000000042188 ) ) ;
#810 = COLOUR_RGB ( '',0.9607843137254902244, 0.03529411764705882304, 0.000000000000000000 ) ;
#811 = SURFACE_STYLE_FILL_AREA ( #6844 ) ;
#812 = CYLINDRICAL_SURFACE ( 'NONE', #7125, 0.8399999999999996358 ) ;
#813 = FILL_AREA_STYLE_COLOUR ( '', #7837 ) ;
#814 = EDGE_LOOP ( 'NONE', ( #9252, #6004, #8549, #7475 ) ) ;
#815 = MECHANICAL_DESIGN_GEOMETRIC_PRESENTATION_REPRESENTATION (  '', ( #1128 ), #1608 ) ;
#816 = ORIENTED_EDGE ( 'NONE', *, *, #3967, .T. ) ;
#817 = LINE ( 'NONE', #4715, #9046 ) ;
#818 = EDGE_CURVE ( 'NONE', #7051, #4758, #455, .T. ) ;
#819 = DIRECTION ( 'NONE',  ( 0.000000000000000000, 0.000000000000000000, 1.000000000000000000 ) ) ;
#820 = PRESENTATION_STYLE_ASSIGNMENT (( #6090 ) ) ;
#821 = EDGE_LOOP ( 'NONE', ( #6489, #2253, #4356, #126 ) ) ;
#822 = MECHANICAL_DESIGN_GEOMETRIC_PRESENTATION_REPRESENTATION (  '', ( #2546 ), #6500 ) ;
#823 = PRESENTATION_LAYER_ASSIGNMENT (  '', '', ( #671 ) ) ;
#824 = VERTEX_POINT ( 'NONE', #9260 ) ;
#825 = UNCERTAINTY_MEASURE_WITH_UNIT (LENGTH_MEASURE( 1.000000000000000082E-05 ), #4046, 'distance_accuracy_value', 'NONE');
#826 =( NAMED_UNIT ( * ) PLANE_ANGLE_UNIT ( ) SI_UNIT ( $, .RADIAN. ) );
#827 = CIRCLE ( 'NONE', #2082, 0.8399999999999996358 ) ;
#828 = EDGE_CURVE ( 'NONE', #5400, #644, #4077, .T. ) ;
#829 = PRESENTATION_LAYER_ASSIGNMENT (  '', '', ( #4141 ) ) ;
#830 = CARTESIAN_POINT ( 'NONE',  ( -7.296957046373735484E-16, 18.49999999999999645, -5.150000000000000355 ) ) ;
#831 = STYLED_ITEM ( 'NONE', ( #6309 ), #3947 ) ;
#832 = SURFACE_STYLE_FILL_AREA ( #7555 ) ;
#833 = AXIS2_PLACEMENT_3D ( 'NONE', #3639, #6653, #2109 ) ;
#834 = STYLED_ITEM ( 'NONE', ( #1740 ), #2059 ) ;
#835 = CIRCLE ( 'NONE', #995, 1.848999999999999977 ) ;
#836 = DIRECTION ( 'NONE',  ( 1.000000000000000000, 0.000000000000000000, 0.000000000000000000 ) ) ;
#837 = CARTESIAN_POINT ( 'NONE',  ( -6.049999999999997158, 5.707106781186547018, -11.04289321881345387 ) ) ;
#838 = EDGE_LOOP ( 'NONE', ( #1131, #2905, #6551, #8815 ) ) ;
#839 = LINE ( 'NONE', #3955, #5631 ) ;
#840 = FILL_AREA_STYLE ('',( #1631 ) ) ;
#841 = ORIENTED_EDGE ( 'NONE', *, *, #8528, .F. ) ;
#842 = SURFACE_SIDE_STYLE ('',( #942 ) ) ;
#843 =( GEOMETRIC_REPRESENTATION_CONTEXT ( 3 ) GLOBAL_UNCERTAINTY_ASSIGNED_CONTEXT ( ( #2450 ) ) GLOBAL_UNIT_ASSIGNED_CONTEXT ( ( #9220, #9072, #8378 ) ) REPRESENTATION_CONTEXT ( 'NONE', 'WORKASPACE' ) );
#844 = AXIS2_PLACEMENT_3D ( 'NONE', #666, #4618, #27 ) ;
#845 = PRESENTATION_LAYER_ASSIGNMENT (  '', '', ( #5873 ) ) ;
#846 = CARTESIAN_POINT ( 'NONE',  ( -5.049999999999998934, 9.199999999999999289, -10.24999999999999822 ) ) ;
#847 =( GEOMETRIC_REPRESENTATION_CONTEXT ( 3 ) GLOBAL_UNCERTAINTY_ASSIGNED_CONTEXT ( ( #6908 ) ) GLOBAL_UNIT_ASSIGNED_CONTEXT ( ( #3378, #1263, #7798 ) ) REPRESENTATION_CONTEXT ( 'NONE', 'WORKASPACE' ) );
#848 = COLOUR_RGB ( '',0.1058823529411764691, 0.6352941176470587870, 0.9411764705882352811 ) ;
#849 = ORIENTED_EDGE ( 'NONE', *, *, #4832, .T. ) ;
#850 =( LENGTH_UNIT ( ) NAMED_UNIT ( * ) SI_UNIT ( .MILLI., .METRE. ) );
#851 = CARTESIAN_POINT ( 'NONE',  ( -1.625000000000000000, -6.450000000000000178, 16.15099999999999980 ) ) ;
#852 =( GEOMETRIC_REPRESENTATION_CONTEXT ( 3 ) GLOBAL_UNCERTAINTY_ASSIGNED_CONTEXT ( ( #5662 ) ) GLOBAL_UNIT_ASSIGNED_CONTEXT ( ( #8577, #7978, #9472 ) ) REPRESENTATION_CONTEXT ( 'NONE', 'WORKASPACE' ) );
#853 = DIRECTION ( 'NONE',  ( -0.5633200580636117394, 0.000000000000000000, -0.8262387743160019005 ) ) ;
#854 = ADVANCED_FACE ( 'NONE', ( #3451 ), #7774, .T. ) ;
#855 = CARTESIAN_POINT ( 'NONE',  ( -6.049999999999999822, 5.500000000000000888, -15.64999999999999325 ) ) ;
#856 = DIRECTION ( 'NONE',  ( 0.000000000000000000, 1.000000000000000000, 0.000000000000000000 ) ) ;
#857 = LINE ( 'NONE', #1600, #6035 ) ;
#858 = CARTESIAN_POINT ( 'NONE',  ( 1.470347122539870544, 15.49999999999999467, -6.271106747477118049 ) ) ;
#859 = COLOUR_RGB ( '',0.9607843137254902244, 0.03529411764705882304, 0.000000000000000000 ) ;
#860 = DIRECTION ( 'NONE',  ( 0.000000000000000000, 0.000000000000000000, 1.000000000000000000 ) ) ;
#861 = DIRECTION ( 'NONE',  ( 0.000000000000000000, 1.000000000000000000, 0.000000000000000000 ) ) ;
#862 = CARTESIAN_POINT ( 'NONE',  ( 6.049999999999999822, 11.19999999999999929, 11.24999999999999645 ) ) ;
#863 = AXIS2_PLACEMENT_3D ( 'NONE', #4507, #8968, #5973 ) ;
#864 = CARTESIAN_POINT ( 'NONE',  ( -6.049999999999999822, 7.500000000000000000, -16.14999999999999503 ) ) ;
#865 = FILL_AREA_STYLE ('',( #6846 ) ) ;
#866 = EDGE_LOOP ( 'NONE', ( #964, #1159, #6662, #7946 ) ) ;
#867 = ADVANCED_FACE ( 'NONE', ( #8018 ), #2067, .T. ) ;
#868 = ORIENTED_EDGE ( 'NONE', *, *, #5339, .F. ) ;
#869 = COLOUR_RGB ( '',0.7764705882352941346, 0.7568627450980391913, 0.7372549019607843590 ) ;
#870 = FACE_OUTER_BOUND ( 'NONE', #5534, .T. ) ;
#871 = CARTESIAN_POINT ( 'NONE',  ( 5.871576869474059990, 11.19999999950114500, -3.676697394916032646 ) ) ;
#872 = PRESENTATION_STYLE_ASSIGNMENT (( #3224 ) ) ;
#873 = AXIS2_PLACEMENT_3D ( 'NONE', #6418, #3962, #2518 ) ;
#874 = DIRECTION ( 'NONE',  ( -0.000000000000000000, 1.000000000000000000, -0.000000000000000000 ) ) ;
#875 = UNCERTAINTY_MEASURE_WITH_UNIT (LENGTH_MEASURE( 1.000000000000000082E-05 ), #625, 'distance_accuracy_value', 'NONE');
#876 = CIRCLE ( 'NONE', #8416, 6.049999999999999822 ) ;
#877 = CARTESIAN_POINT ( 'NONE',  ( -7.296957046373735484E-16, 15.49999999999999467, -5.150000000000000355 ) ) ;
#878 = EDGE_LOOP ( 'NONE', ( #9325, #7881, #5590, #6630 ) ) ;
#879 = EDGE_CURVE ( 'NONE', #5912, #5184, #4225, .T. ) ;
#880 = CARTESIAN_POINT ( 'NONE',  ( 0.5000000000000000000, 8.000000000000000000, -15.09899959967968286 ) ) ;
#881 = ORIENTED_EDGE ( 'NONE', *, *, #1636, .T. ) ;
#882 = SURFACE_SIDE_STYLE ('',( #7604 ) ) ;
#883 = DIRECTION ( 'NONE',  ( 0.000000000000000000, -1.000000000000000000, 0.000000000000000000 ) ) ;
#884 = COLOUR_RGB ( '',0.1058823529411764691, 0.6352941176470587870, 0.9411764705882352811 ) ;
#885 = CARTESIAN_POINT ( 'NONE',  ( -7.296957046373735484E-16, 18.49999999999999645, -5.150000000000000355 ) ) ;
#886 = CARTESIAN_POINT ( 'NONE',  ( -5.817996659536346371, 11.20000000050164068, -3.478653954629013612 ) ) ;
#887 = UNCERTAINTY_MEASURE_WITH_UNIT (LENGTH_MEASURE( 1.000000000000000082E-05 ), #6703, 'distance_accuracy_value', 'NONE');
#888 =( NAMED_UNIT ( * ) PLANE_ANGLE_UNIT ( ) SI_UNIT ( $, .RADIAN. ) );
#889 = CIRCLE ( 'NONE', #5143, 0.5000000000000004441 ) ;
#890 = CYLINDRICAL_SURFACE ( 'NONE', #6711, 1.848999999999999977 ) ;
#891 = ORIENTED_EDGE ( 'NONE', *, *, #5515, .T. ) ;
#892 = EDGE_CURVE ( 'NONE', #6590, #5510, #6768, .T. ) ;
#893 = CARTESIAN_POINT ( 'NONE',  ( 0.5641957166668640777, 15.49999999999999467, -7.379727156693113521 ) ) ;
#894 = DIRECTION ( 'NONE',  ( 0.000000000000000000, 1.000000000000000000, 0.000000000000000000 ) ) ;
#895 = PRESENTATION_LAYER_ASSIGNMENT (  '', '', ( #8892 ) ) ;
#896 = ORIENTED_EDGE ( 'NONE', *, *, #6120, .F. ) ;
#897 =( NAMED_UNIT ( * ) SI_UNIT ( $, .STERADIAN. ) SOLID_ANGLE_UNIT ( ) );
#898 =( GEOMETRIC_REPRESENTATION_CONTEXT ( 3 ) GLOBAL_UNCERTAINTY_ASSIGNED_CONTEXT ( ( #7309 ) ) GLOBAL_UNIT_ASSIGNED_CONTEXT ( ( #188, #4785, #7256 ) ) REPRESENTATION_CONTEXT ( 'NONE', 'WORKASPACE' ) );
#899 = DIRECTION ( 'NONE',  ( 0.000000000000000000, 0.000000000000000000, -1.000000000000000000 ) ) ;
#900 = AXIS2_PLACEMENT_3D ( 'NONE', #9672, #4447, #5825 ) ;
#901 = VECTOR ( 'NONE', #7557, 1000.000000000000000 ) ;
#902 = DIRECTION ( 'NONE',  ( 0.1490422661761676149, 0.000000000000000000, 0.9888308262251295222 ) ) ;
#903 = CYLINDRICAL_SURFACE ( 'NONE', #2432, 0.8400000000000005240 ) ;
#904 = ORIENTED_EDGE ( 'NONE', *, *, #580, .F. ) ;
#905 =( NAMED_UNIT ( * ) SI_UNIT ( $, .STERADIAN. ) SOLID_ANGLE_UNIT ( ) );
#906 = CIRCLE ( 'NONE', #5305, 2.000000000000000000 ) ;
#907 =( NAMED_UNIT ( * ) SI_UNIT ( $, .STERADIAN. ) SOLID_ANGLE_UNIT ( ) );
#908 = UNCERTAINTY_MEASURE_WITH_UNIT (LENGTH_MEASURE( 1.000000000000000082E-05 ), #4765, 'distance_accuracy_value', 'NONE');
#909 = FACE_OUTER_BOUND ( 'NONE', #3633, .T. ) ;
#910 = DIRECTION ( 'NONE',  ( -0.7818314824680222541, 0.000000000000000000, -0.6234898018587431423 ) ) ;
#911 = DIRECTION ( 'NONE',  ( -1.000000000000000000, 0.000000000000000000, 0.000000000000000000 ) ) ;
#912 =( NAMED_UNIT ( * ) SI_UNIT ( $, .STERADIAN. ) SOLID_ANGLE_UNIT ( ) );
#913 = EDGE_CURVE ( 'NONE', #5583, #5931, #1871, .T. ) ;
#914 = LINE ( 'NONE', #9266, #1143 ) ;
#915 = CARTESIAN_POINT ( 'NONE',  ( -6.049999999999999822, 7.792893218813452094, 11.04289321881344854 ) ) ;
#916 = DIRECTION ( 'NONE',  ( 0.000000000000000000, -1.000000000000000000, 0.000000000000000000 ) ) ;
#917 = CYLINDRICAL_SURFACE ( 'NONE', #1251, 1.848999999999999977 ) ;
#918 = VERTEX_POINT ( 'NONE', #1436 ) ;
#919 = STYLED_ITEM ( 'NONE', ( #6777 ), #1707 ) ;
#920 = ORIENTED_EDGE ( 'NONE', *, *, #6396, .T. ) ;
#921 = FACE_OUTER_BOUND ( 'NONE', #8215, .T. ) ;
#922 =( NAMED_UNIT ( * ) SI_UNIT ( $, .STERADIAN. ) SOLID_ANGLE_UNIT ( ) );
#923 = CARTESIAN_POINT ( 'NONE',  ( 0.2357333623994096738, 15.49999999999999467, -3.316088665760563714 ) ) ;
#924 = ADVANCED_FACE ( 'NONE', ( #5917 ), #1383, .T. ) ;
#925 = AXIS2_PLACEMENT_3D ( 'NONE', #851, #3866, #6786 ) ;
#926 = DIRECTION ( 'NONE',  ( 0.000000000000000000, 1.000000000000000000, 0.000000000000000000 ) ) ;
#927 = ORIENTED_EDGE ( 'NONE', *, *, #1242, .F. ) ;
#928 = ORIENTED_EDGE ( 'NONE', *, *, #4791, .T. ) ;
#929 = UNCERTAINTY_MEASURE_WITH_UNIT (LENGTH_MEASURE( 1.000000000000000082E-05 ), #1410, 'distance_accuracy_value', 'NONE');
#930 = COLOUR_RGB ( '',0.1058823529411764691, 0.6352941176470587870, 0.9411764705882352811 ) ;
#931 = FACE_BOUND ( 'NONE', #3461, .T. ) ;
#932 = MECHANICAL_DESIGN_GEOMETRIC_PRESENTATION_REPRESENTATION (  '', ( #772 ), #7987 ) ;
#933 = LINE ( 'NONE', #1033, #3409 ) ;
#934 = DIRECTION ( 'NONE',  ( 1.000000000000000000, 0.000000000000000000, 0.000000000000000000 ) ) ;
#935 =( NAMED_UNIT ( * ) SI_UNIT ( $, .STERADIAN. ) SOLID_ANGLE_UNIT ( ) );
#936 = PRESENTATION_LAYER_ASSIGNMENT (  '', '', ( #2820 ) ) ;
#937 =( NAMED_UNIT ( * ) SI_UNIT ( $, .STERADIAN. ) SOLID_ANGLE_UNIT ( ) );
#938 = ORIENTED_EDGE ( 'NONE', *, *, #3863, .F. ) ;
#939 = CARTESIAN_POINT ( 'NONE',  ( 6.049999999999999822, 6.000000000000000000, -15.64999999999999325 ) ) ;
#940 = PRESENTATION_STYLE_ASSIGNMENT (( #3000 ) ) ;
#941 = VERTEX_POINT ( 'NONE', #3855 ) ;
#942 = SURFACE_STYLE_FILL_AREA ( #3911 ) ;
#943 = COLOUR_RGB ( '',0.1058823529411764691, 0.6352941176470587870, 0.9411764705882352811 ) ;
#944 = DIRECTION ( 'NONE',  ( 0.000000000000000000, 1.000000000000000000, 0.000000000000000000 ) ) ;
#945 = ADVANCED_FACE ( 'NONE', ( #6775 ), #104, .T. ) ;
#946 = CIRCLE ( 'NONE', #152, 0.8400000000000000799 ) ;
#947 = CARTESIAN_POINT ( 'NONE',  ( 2.048277883803091726, 16.99999999999999289, -6.196211121487015028 ) ) ;
#948 = DIRECTION ( 'NONE',  ( 0.000000000000000000, 7.744301232039301890E-17, 1.000000000000000000 ) ) ;
#949 = AXIS2_PLACEMENT_3D ( 'NONE', #5246, #5291, #9686 ) ;
#950 = ORIENTED_EDGE ( 'NONE', *, *, #2318, .T. ) ;
#951 = SURFACE_STYLE_FILL_AREA ( #9636 ) ;
#952 = AXIS2_PLACEMENT_3D ( 'NONE', #2228, #1388, #3808 ) ;
#953 = STYLED_ITEM ( 'NONE', ( #6435 ), #8947 ) ;
#954 = SURFACE_SIDE_STYLE ('',( #6266 ) ) ;
#955 = DIRECTION ( 'NONE',  ( 1.000000000000000000, -0.000000000000000000, -0.000000000000000000 ) ) ;
#956 = EDGE_CURVE ( 'NONE', #5583, #6003, #3099, .T. ) ;
#957 = DIRECTION ( 'NONE',  ( -0.000000000000000000, -1.000000000000000000, -0.000000000000000000 ) ) ;
#958 = FILL_AREA_STYLE ('',( #5435 ) ) ;
#959 = CIRCLE ( 'NONE', #2219, 0.5000000000000004441 ) ;
#960 = PRESENTATION_STYLE_ASSIGNMENT (( #7681 ) ) ;
#961 = DIRECTION ( 'NONE',  ( 0.000000000000000000, 0.000000000000000000, 1.000000000000000000 ) ) ;
#962 = DIRECTION ( 'NONE',  ( 0.000000000000000000, 0.000000000000000000, -1.000000000000000000 ) ) ;
#963 = ORIENTED_EDGE ( 'NONE', *, *, #2543, .F. ) ;
#964 = ORIENTED_EDGE ( 'NONE', *, *, #5948, .T. ) ;
#965 =( NAMED_UNIT ( * ) PLANE_ANGLE_UNIT ( ) SI_UNIT ( $, .RADIAN. ) );
#966 = CARTESIAN_POINT ( 'NONE',  ( 0.9129125731638052521, 15.49999999999999467, -3.400509036328724921 ) ) ;
#967 = UNCERTAINTY_MEASURE_WITH_UNIT (LENGTH_MEASURE( 1.000000000000000082E-05 ), #4847, 'distance_accuracy_value', 'NONE');
#968 = UNCERTAINTY_MEASURE_WITH_UNIT (LENGTH_MEASURE( 1.000000000000000082E-05 ), #3934, 'distance_accuracy_value', 'NONE');
#969 = PRESENTATION_STYLE_ASSIGNMENT (( #7072 ) ) ;
#970 = ORIENTED_EDGE ( 'NONE', *, *, #8332, .T. ) ;
#971 = DIRECTION ( 'NONE',  ( -1.000000000000000000, 0.000000000000000000, 0.000000000000000000 ) ) ;
#972 = VERTEX_POINT ( 'NONE', #8414 ) ;
#973 = EDGE_CURVE ( 'NONE', #194, #667, #6105, .T. ) ;
#974 = FILL_AREA_STYLE_COLOUR ( '', #1368 ) ;
#975 = SURFACE_STYLE_USAGE ( .BOTH. , #4040 ) ;
#976 = CARTESIAN_POINT ( 'NONE',  ( 1.735475740250862486, 15.49999999999999467, -5.787906697723670391 ) ) ;
#977 = AXIS2_PLACEMENT_3D ( 'NONE', #9609, #3646, #3488 ) ;
#978 = CARTESIAN_POINT ( 'NONE',  ( -1.420181275598394466, 15.49999999999999467, -3.965987270153010780 ) ) ;
#979 = SURFACE_SIDE_STYLE ('',( #8595 ) ) ;
#980 = LINE ( 'NONE', #2545, #3250 ) ;
#981 = VECTOR ( 'NONE', #1194, 1000.000000000000000 ) ;
#982 = DIRECTION ( 'NONE',  ( 0.000000000000000000, 1.000000000000000000, 0.000000000000000000 ) ) ;
#983 = DIRECTION ( 'NONE',  ( 0.000000000000000000, 1.000000000000000000, 0.000000000000000000 ) ) ;
#984 =( NAMED_UNIT ( * ) PLANE_ANGLE_UNIT ( ) SI_UNIT ( $, .RADIAN. ) );
#985 = ORIENTED_EDGE ( 'NONE', *, *, #3069, .T. ) ;
#986 = DIRECTION ( 'NONE',  ( 0.000000000000000000, 1.000000000000000000, 0.000000000000000000 ) ) ;
#987 = COLOUR_RGB ( '',0.7764705882352941346, 0.7568627450980391913, 0.7372549019607843590 ) ;
#988 = ORIENTED_EDGE ( 'NONE', *, *, #7343, .T. ) ;
#989 = CYLINDRICAL_SURFACE ( 'NONE', #6756, 2.000000000000000000 ) ;
#990 = EDGE_CURVE ( 'NONE', #3894, #4322, #4709, .T. ) ;
#991 = COLOUR_RGB ( '',1.000000000000000000, 1.000000000000000000, 1.000000000000000000 ) ;
#992 = PRESENTATION_LAYER_ASSIGNMENT (  '', '', ( #5242 ) ) ;
#993 = COLOUR_RGB ( '',0.7764705882352941346, 0.7568627450980391913, 0.7372549019607843590 ) ;
#994 = CARTESIAN_POINT ( 'NONE',  ( 1.846399722430719592, 15.49999999999999467, -5.248025838470068649 ) ) ;
#995 = AXIS2_PLACEMENT_3D ( 'NONE', #6834, #2864, #1449 ) ;
#996 =( GEOMETRIC_REPRESENTATION_CONTEXT ( 3 ) GLOBAL_UNCERTAINTY_ASSIGNED_CONTEXT ( ( #4122 ) ) GLOBAL_UNIT_ASSIGNED_CONTEXT ( ( #2912, #6067, #6111 ) ) REPRESENTATION_CONTEXT ( 'NONE', 'WORKASPACE' ) );
#997 = PRESENTATION_STYLE_ASSIGNMENT (( #7712 ) ) ;
#998 = CARTESIAN_POINT ( 'NONE',  ( 1.074571710479121256, 15.49999999999999467, -3.645308457178689565 ) ) ;
#999 = FILL_AREA_STYLE_COLOUR ( '', #6154 ) ;
#1000 = AXIS2_PLACEMENT_3D ( 'NONE', #390, #983, #2548 ) ;
#1001 =( LENGTH_UNIT ( ) NAMED_UNIT ( * ) SI_UNIT ( .MILLI., .METRE. ) );
#1002 = EDGE_CURVE ( 'NONE', #9356, #634, #5332, .T. ) ;
#1003 = STYLED_ITEM ( 'NONE', ( #2686 ), #4801 ) ;
#1004 = SURFACE_STYLE_FILL_AREA ( #8381 ) ;
#1005 = COLOUR_RGB ( '',0.7764705882352941346, 0.7568627450980391913, 0.7372549019607843590 ) ;
#1006 =( GEOMETRIC_REPRESENTATION_CONTEXT ( 3 ) GLOBAL_UNCERTAINTY_ASSIGNED_CONTEXT ( ( #9417 ) ) GLOBAL_UNIT_ASSIGNED_CONTEXT ( ( #2612, #8531, #8622 ) ) REPRESENTATION_CONTEXT ( 'NONE', 'WORKASPACE' ) );
#1007 = DIRECTION ( 'NONE',  ( 0.000000000000000000, 0.000000000000000000, -1.000000000000000000 ) ) ;
#1008 = CYLINDRICAL_SURFACE ( 'NONE', #8219, 2.299999999999998046 ) ;
#1009 = ORIENTED_EDGE ( 'NONE', *, *, #523, .F. ) ;
#1010 = FILL_AREA_STYLE_COLOUR ( '', #5500 ) ;
#1011 = CARTESIAN_POINT ( 'NONE',  ( -2.181329988624807648, 15.49999999999999467, -4.420754169894614449 ) ) ;
#1012 = CARTESIAN_POINT ( 'NONE',  ( -1.930184350831115392, 18.49999999999999645, -6.400755120639792572 ) ) ;
#1013 = ORIENTED_EDGE ( 'NONE', *, *, #3091, .T. ) ;
#1014 = EDGE_CURVE ( 'NONE', #6708, #2110, #1677, .T. ) ;
#1015 = STYLED_ITEM ( 'NONE', ( #6634 ), #7963 ) ;
#1016 = VERTEX_POINT ( 'NONE', #7561 ) ;
#1017 = LINE ( 'NONE', #4026, #1752 ) ;
#1018 = AXIS2_PLACEMENT_3D ( 'NONE', #4246, #5856, #7233 ) ;
#1019 = CARTESIAN_POINT ( 'NONE',  ( -7.296957046373735484E-16, 15.49999999999999467, -5.150000000000000355 ) ) ;
#1020 = AXIS2_PLACEMENT_3D ( 'NONE', #5723, #6477, #563 ) ;
#1021 = EDGE_LOOP ( 'NONE', ( #1378, #6335, #7089, #2758 ) ) ;
#1022 = MECHANICAL_DESIGN_GEOMETRIC_PRESENTATION_REPRESENTATION (  '', ( #2583 ), #3541 ) ;
#1023 = SURFACE_SIDE_STYLE ('',( #6189 ) ) ;
#1024 = ORIENTED_EDGE ( 'NONE', *, *, #4080, .F. ) ;
#1025 = PRESENTATION_STYLE_ASSIGNMENT (( #6996 ) ) ;
#1026 = FACE_OUTER_BOUND ( 'NONE', #5260, .T. ) ;
#1027 = CARTESIAN_POINT ( 'NONE',  ( -5.549999999999998934, 5.500000000000000888, 11.24999999999999822 ) ) ;
#1028 = DIRECTION ( 'NONE',  ( 0.4338837391175526248, 0.000000000000000000, 0.9009688679024218105 ) ) ;
#1029 = CARTESIAN_POINT ( 'NONE',  ( -7.296957046373735484E-16, 15.49999999999999467, -5.150000000000000355 ) ) ;
#1030 = SURFACE_STYLE_FILL_AREA ( #1901 ) ;
#1031 = DIRECTION ( 'NONE',  ( 1.000000000000000000, -0.000000000000000000, -0.000000000000000000 ) ) ;
#1032 = EDGE_CURVE ( 'NONE', #9390, #5584, #4695, .T. ) ;
#1033 = CARTESIAN_POINT ( 'NONE',  ( 1.000000000000000000, 5.500000000000001776, 16.15000000000000213 ) ) ;
#1034 = PRESENTATION_STYLE_ASSIGNMENT (( #3288 ) ) ;
#1035 = ORIENTED_EDGE ( 'NONE', *, *, #1516, .T. ) ;
#1036 = SURFACE_STYLE_FILL_AREA ( #9354 ) ;
#1037 = ORIENTED_EDGE ( 'NONE', *, *, #4223, .T. ) ;
#1038 = CARTESIAN_POINT ( 'NONE',  ( 0.7658152457032851856, 18.49999999999999645, -3.467047829126324920 ) ) ;
#1039 = LINE ( 'NONE', #994, #1471 ) ;
#1040 = ADVANCED_FACE ( 'NONE', ( #8358 ), #8213, .T. ) ;
#1041 = AXIS2_PLACEMENT_3D ( 'NONE', #4757, #412, #2568 ) ;
#1042 =( LENGTH_UNIT ( ) NAMED_UNIT ( * ) SI_UNIT ( .MILLI., .METRE. ) );
#1043 = VERTEX_POINT ( 'NONE', #193 ) ;
#1044 = CYLINDRICAL_SURFACE ( 'NONE', #5587, 0.5000000000000004441 ) ;
#1045 = FILL_AREA_STYLE ('',( #7142 ) ) ;
#1046 =( NAMED_UNIT ( * ) PLANE_ANGLE_UNIT ( ) SI_UNIT ( $, .RADIAN. ) );
#1047 = UNCERTAINTY_MEASURE_WITH_UNIT (LENGTH_MEASURE( 1.000000000000000082E-05 ), #8066, 'distance_accuracy_value', 'NONE');
#1048 = CARTESIAN_POINT ( 'NONE',  ( 1.625000000000000000, -6.450000000000000178, 16.15099999999999980 ) ) ;
#1049 = VECTOR ( 'NONE', #184, 1000.000000000000000 ) ;
#1050 =( LENGTH_UNIT ( ) NAMED_UNIT ( * ) SI_UNIT ( .MILLI., .METRE. ) );
#1051 = COLOUR_RGB ( '',0.1058823529411764691, 0.6352941176470587870, 0.9411764705882352811 ) ;
#1052 =( NAMED_UNIT ( * ) PLANE_ANGLE_UNIT ( ) SI_UNIT ( $, .RADIAN. ) );
#1053 = EDGE_CURVE ( 'NONE', #4648, #8805, #7088, .T. ) ;
#1054 = SURFACE_SIDE_STYLE ('',( #4666 ) ) ;
#1055 = SURFACE_SIDE_STYLE ('',( #9374 ) ) ;
#1056 =( NAMED_UNIT ( * ) PLANE_ANGLE_UNIT ( ) SI_UNIT ( $, .RADIAN. ) );
#1057 = MECHANICAL_DESIGN_GEOMETRIC_PRESENTATION_REPRESENTATION (  '', ( #5242 ), #6569 ) ;
#1058 = CARTESIAN_POINT ( 'NONE',  ( -7.296957046373735484E-16, 15.49999999999999467, -5.150000000000000355 ) ) ;
#1059 = ORIENTED_EDGE ( 'NONE', *, *, #1386, .T. ) ;
#1060 = ORIENTED_EDGE ( 'NONE', *, *, #3846, .T. ) ;
#1061 =( LENGTH_UNIT ( ) NAMED_UNIT ( * ) SI_UNIT ( .MILLI., .METRE. ) );
#1062 = SURFACE_STYLE_FILL_AREA ( #8497 ) ;
#1063 = UNCERTAINTY_MEASURE_WITH_UNIT (LENGTH_MEASURE( 1.000000000000000082E-05 ), #2666, 'distance_accuracy_value', 'NONE');
#1064 = EDGE_CURVE ( 'NONE', #9066, #9440, #4002, .T. ) ;
#1065 = MECHANICAL_DESIGN_GEOMETRIC_PRESENTATION_REPRESENTATION (  '', ( #271 ), #1681 ) ;
#1066 = VERTEX_POINT ( 'NONE', #3390 ) ;
#1067 = CARTESIAN_POINT ( 'NONE',  ( 5.549999999999998934, 8.000000000000000000, -11.25000000000000178 ) ) ;
#1068 = EDGE_LOOP ( 'NONE', ( #9281, #254, #2225, #542 ) ) ;
#1069 = FACE_OUTER_BOUND ( 'NONE', #7306, .T. ) ;
#1070 = CARTESIAN_POINT ( 'NONE',  ( -6.663561837205168577E-16, 11.19999999999999929, -5.150000000000000355 ) ) ;
#1071 = MECHANICAL_DESIGN_GEOMETRIC_PRESENTATION_REPRESENTATION (  '', ( #5788 ), #603 ) ;
#1072 = DIRECTION ( 'NONE',  ( -0.000000000000000000, 1.000000000000000000, -0.000000000000000000 ) ) ;
#1073 = SURFACE_STYLE_USAGE ( .BOTH. , #979 ) ;
#1074 = DIRECTION ( 'NONE',  ( 0.000000000000000000, -1.000000000000000000, 0.000000000000000000 ) ) ;
#1075 = CARTESIAN_POINT ( 'NONE',  ( 6.049999999999999822, 11.19999999999928519, -5.580386853302773176 ) ) ;
#1076 = VERTEX_POINT ( 'NONE', #6962 ) ;
#1077 = AXIS2_PLACEMENT_3D ( 'NONE', #742, #9101, #4493 ) ;
#1078 = CARTESIAN_POINT ( 'NONE',  ( 1.735475740250862486, 15.49999999999999467, -5.787906697723670391 ) ) ;
#1079 = ORIENTED_EDGE ( 'NONE', *, *, #5074, .F. ) ;
#1080 = EDGE_CURVE ( 'NONE', #4815, #8298, #9296, .T. ) ;
#1081 = CARTESIAN_POINT ( 'NONE',  ( 6.049999999999999822, 11.19999999999999929, -11.25000000000000178 ) ) ;
#1082 = DIRECTION ( 'NONE',  ( 1.000000000000000000, 0.000000000000000000, 0.000000000000000000 ) ) ;
#1083 = EDGE_LOOP ( 'NONE', ( #9401, #6533, #8979, #1297, #4636, #9380 ) ) ;
#1084 =( NAMED_UNIT ( * ) PLANE_ANGLE_UNIT ( ) SI_UNIT ( $, .RADIAN. ) );
#1085 = FILL_AREA_STYLE ('',( #1786 ) ) ;
#1086 = DIRECTION ( 'NONE',  ( -0.000000000000000000, 1.000000000000000000, 0.000000000000000000 ) ) ;
#1087 = CIRCLE ( 'NONE', #2361, 0.8400000000000003020 ) ;
#1088 = ADVANCED_FACE ( 'NONE', ( #1823 ), #5604, .T. ) ;
#1089 = ADVANCED_FACE ( 'NONE', ( #6407 ), #6355, .F. ) ;
#1090 = DIRECTION ( 'NONE',  ( 0.000000000000000000, 0.000000000000000000, 1.000000000000000000 ) ) ;
#1091 = CIRCLE ( 'NONE', #2363, 0.8399999999999996358 ) ;
#1092 = CYLINDRICAL_SURFACE ( 'NONE', #8671, 0.5000000000000004441 ) ;
#1093 = CARTESIAN_POINT ( 'NONE',  ( -2.213098219537712019, 15.49999999999999467, -4.523744244993306296 ) ) ;
#1094 = CARTESIAN_POINT ( 'NONE',  ( -0.6874999999999985567, 5.500000000000001776, -14.70868722477977819 ) ) ;
#1095 = FILL_AREA_STYLE_COLOUR ( '', #556 ) ;
#1096 = PRESENTATION_LAYER_ASSIGNMENT (  '', '', ( #2825 ) ) ;
#1097 = SURFACE_SIDE_STYLE ('',( #9475 ) ) ;
#1098 =( LENGTH_UNIT ( ) NAMED_UNIT ( * ) SI_UNIT ( .MILLI., .METRE. ) );
#1099 = VECTOR ( 'NONE', #6641, 1000.000000000000000 ) ;
#1100 = CARTESIAN_POINT ( 'NONE',  ( -1.840386956182417766, 18.49999999999999645, -4.971739371947647257 ) ) ;
#1101 = EDGE_LOOP ( 'NONE', ( #5484, #4956, #7746, #9745 ) ) ;
#1102 = VERTEX_POINT ( 'NONE', #2464 ) ;
#1103 = PRESENTATION_STYLE_ASSIGNMENT (( #7735 ) ) ;
#1104 = EDGE_CURVE ( 'NONE', #3447, #5543, #5903, .T. ) ;
#1105 = SURFACE_STYLE_USAGE ( .BOTH. , #8670 ) ;
#1106 = CYLINDRICAL_SURFACE ( 'NONE', #9272, 0.8399999999999996358 ) ;
#1107 = COLOUR_RGB ( '',0.7764705882352941346, 0.7568627450980391913, 0.7372549019607843590 ) ;
#1108 = SURFACE_STYLE_FILL_AREA ( #4722 ) ;
#1109 = ORIENTED_EDGE ( 'NONE', *, *, #2121, .T. ) ;
#1110 = ORIENTED_EDGE ( 'NONE', *, *, #2618, .F. ) ;
#1111 = PRESENTATION_LAYER_ASSIGNMENT (  '', '', ( #5062 ) ) ;
#1112 = FACE_OUTER_BOUND ( 'NONE', #5568, .T. ) ;
#1113 = ADVANCED_FACE ( 'NONE', ( #6603 ), #2799, .F. ) ;
#1114 = SURFACE_STYLE_USAGE ( .BOTH. , #4868 ) ;
#1115 =( GEOMETRIC_REPRESENTATION_CONTEXT ( 3 ) GLOBAL_UNCERTAINTY_ASSIGNED_CONTEXT ( ( #3897 ) ) GLOBAL_UNIT_ASSIGNED_CONTEXT ( ( #4894, #7924, #6372 ) ) REPRESENTATION_CONTEXT ( 'NONE', 'WORKASPACE' ) );
#1116 = CARTESIAN_POINT ( 'NONE',  ( 6.049999999999998934, 10.71960397700498824, -3.153459327847177196 ) ) ;
#1117 = CARTESIAN_POINT ( 'NONE',  ( 1.470347122539855000, 15.49999999999999467, -4.028893252522862234 ) ) ;
#1118 = DIRECTION ( 'NONE',  ( 0.000000000000000000, -1.000000000000000000, 7.744301232039317914E-17 ) ) ;
#1119 = CARTESIAN_POINT ( 'NONE',  ( -0.7898896539612674239, 15.49999999999999467, -2.989890203122781198 ) ) ;
#1120 = FILL_AREA_STYLE ('',( #8737 ) ) ;
#1121 = CARTESIAN_POINT ( 'NONE',  ( -7.296957046373735484E-16, 18.49999999999999645, -5.150000000000000355 ) ) ;
#1122 = ORIENTED_EDGE ( 'NONE', *, *, #6464, .T. ) ;
#1123 = CARTESIAN_POINT ( 'NONE',  ( -6.049999999999999822, 10.70000002574450804, -7.351562036992844718 ) ) ;
#1124 = PRESENTATION_STYLE_ASSIGNMENT (( #8600 ) ) ;
#1125 = ORIENTED_EDGE ( 'NONE', *, *, #5550, .F. ) ;
#1126 = SURFACE_SIDE_STYLE ('',( #342 ) ) ;
#1127 = EDGE_CURVE ( 'NONE', #2065, #7208, #3125, .T. ) ;
#1128 = STYLED_ITEM ( 'NONE', ( #1025 ), #1933 ) ;
#1129 = PLANE ( 'NONE',  #3345 ) ;
#1130 = SURFACE_SIDE_STYLE ('',( #5757 ) ) ;
#1131 = ORIENTED_EDGE ( 'NONE', *, *, #9668, .T. ) ;
#1132 = DIRECTION ( 'NONE',  ( 0.9308737486442052456, 0.000000000000000000, -0.3653410243663926527 ) ) ;
#1133 = SURFACE_STYLE_USAGE ( .BOTH. , #1784 ) ;
#1134 = VERTEX_POINT ( 'NONE', #4284 ) ;
#1135 = FACE_OUTER_BOUND ( 'NONE', #4211, .T. ) ;
#1136 = PRESENTATION_STYLE_ASSIGNMENT (( #7870 ) ) ;
#1137 = UNCERTAINTY_MEASURE_WITH_UNIT (LENGTH_MEASURE( 1.000000000000000082E-05 ), #8173, 'distance_accuracy_value', 'NONE');
#1138 = STYLED_ITEM ( 'NONE', ( #4204 ), #3528 ) ;
#1139 = AXIS2_PLACEMENT_3D ( 'NONE', #7205, #2527, #9427 ) ;
#1140 = CARTESIAN_POINT ( 'NONE',  ( -0.5000000000000001110, 8.000000000000000000, 15.94289321881345245 ) ) ;
#1141 = COLOUR_RGB ( '',0.7764705882352941346, 0.7568627450980391913, 0.7372549019607843590 ) ;
#1142 = FILL_AREA_STYLE_COLOUR ( '', #2309 ) ;
#1143 = VECTOR ( 'NONE', #8482, 1000.000000000000000 ) ;
#1144 = LINE ( 'NONE', #4158, #6979 ) ;
#1145 = CYLINDRICAL_SURFACE ( 'NONE', #2729, 0.8400000000000005240 ) ;
#1146 = VECTOR ( 'NONE', #1421, 1000.000000000000000 ) ;
#1147 = EDGE_CURVE ( 'NONE', #6191, #8226, #2056, .T. ) ;
#1148 = SURFACE_STYLE_USAGE ( .BOTH. , #5627 ) ;
#1149 = DIRECTION ( 'NONE',  ( 0.000000000000000000, 0.000000000000000000, 1.000000000000000000 ) ) ;
#1150 =( BOUNDED_CURVE ( )  B_SPLINE_CURVE ( 3, ( #1648, #2387, #4558, #4609 ),
 .UNSPECIFIED., .F., .T. ) 
 B_SPLINE_CURVE_WITH_KNOTS ( ( 4, 4 ),
 ( 1.570796326794895670, 3.141592653589793116 ),
 .UNSPECIFIED. ) 
 CURVE ( )  GEOMETRIC_REPRESENTATION_ITEM ( )  RATIONAL_B_SPLINE_CURVE ( ( 1.000000000000000000, 0.8047378541243648264, 0.8047378541243648264, 1.000000000000000000 ) ) 
 REPRESENTATION_ITEM ( '' )  );
#1151 = ORIENTED_EDGE ( 'NONE', *, *, #4327, .T. ) ;
#1152 = AXIS2_PLACEMENT_3D ( 'NONE', #7439, #8823, #5934 ) ;
#1153 = MECHANICAL_DESIGN_GEOMETRIC_PRESENTATION_REPRESENTATION (  '', ( #8060 ), #5711 ) ;
#1154 = FILL_AREA_STYLE ('',( #7253 ) ) ;
#1155 = DIRECTION ( 'NONE',  ( -0.9308737486442002496, 0.000000000000000000, -0.3653410243664052537 ) ) ;
#1156 =( GEOMETRIC_REPRESENTATION_CONTEXT ( 3 ) GLOBAL_UNCERTAINTY_ASSIGNED_CONTEXT ( ( #2274 ) ) GLOBAL_UNIT_ASSIGNED_CONTEXT ( ( #9634, #5159, #3628 ) ) REPRESENTATION_CONTEXT ( 'NONE', 'WORKASPACE' ) );
#1157 = ADVANCED_FACE ( 'NONE', ( #8693 ), #3440, .T. ) ;
#1158 =( GEOMETRIC_REPRESENTATION_CONTEXT ( 3 ) GLOBAL_UNCERTAINTY_ASSIGNED_CONTEXT ( ( #8614 ) ) GLOBAL_UNIT_ASSIGNED_CONTEXT ( ( #8922, #3666, #513 ) ) REPRESENTATION_CONTEXT ( 'NONE', 'WORKASPACE' ) );
#1159 = ORIENTED_EDGE ( 'NONE', *, *, #30, .T. ) ;
#1160 = DIRECTION ( 'NONE',  ( -1.000000000000000000, -0.000000000000000000, -0.000000000000000000 ) ) ;
#1161 =( GEOMETRIC_REPRESENTATION_CONTEXT ( 3 ) GLOBAL_UNCERTAINTY_ASSIGNED_CONTEXT ( ( #238 ) ) GLOBAL_UNIT_ASSIGNED_CONTEXT ( ( #3201, #8115, #8702 ) ) REPRESENTATION_CONTEXT ( 'NONE', 'WORKASPACE' ) );
#1162 = ORIENTED_EDGE ( 'NONE', *, *, #9301, .F. ) ;
#1163 = SURFACE_STYLE_FILL_AREA ( #1813 ) ;
#1164 = DIRECTION ( 'NONE',  ( 0.000000000000000000, 1.000000000000000000, 0.000000000000000000 ) ) ;
#1165 = DIRECTION ( 'NONE',  ( -0.000000000000000000, 1.000000000000000000, -0.000000000000000000 ) ) ;
#1166 = MECHANICAL_DESIGN_GEOMETRIC_PRESENTATION_REPRESENTATION (  '', ( #4803 ), #9180 ) ;
#1167 = FACE_OUTER_BOUND ( 'NONE', #1262, .T. ) ;
#1168 = FILL_AREA_STYLE ('',( #7902 ) ) ;
#1169 = EDGE_CURVE ( 'NONE', #5931, #8053, #7790, .T. ) ;
#1170 = DIRECTION ( 'NONE',  ( 1.000000000000000000, 0.000000000000000000, 0.000000000000000000 ) ) ;
#1171 = PRESENTATION_STYLE_ASSIGNMENT (( #4926 ) ) ;
#1172 = CARTESIAN_POINT ( 'NONE',  ( 0.8249224007464546204, 11.19999999966373672, -11.14690463940644705 ) ) ;
#1173 = ORIENTED_EDGE ( 'NONE', *, *, #2635, .T. ) ;
#1174 = CARTESIAN_POINT ( 'NONE',  ( -5.871576869473980942, 11.19999999950115033, -6.623302605084323780 ) ) ;
#1175 = SURFACE_STYLE_USAGE ( .BOTH. , #5075 ) ;
#1176 = DIRECTION ( 'NONE',  ( 1.000000000000000000, 0.000000000000000000, 0.000000000000000000 ) ) ;
#1177 = ORIENTED_EDGE ( 'NONE', *, *, #4679, .F. ) ;
#1178 =( NAMED_UNIT ( * ) SI_UNIT ( $, .STERADIAN. ) SOLID_ANGLE_UNIT ( ) );
#1179 = AXIS2_PLACEMENT_3D ( 'NONE', #3537, #4224, #1216 ) ;
#1180 = CYLINDRICAL_SURFACE ( 'NONE', #6470, 2.299999999999998046 ) ;
#1181 = DIRECTION ( 'NONE',  ( -0.000000000000000000, 1.000000000000000000, -0.000000000000000000 ) ) ;
#1182 = EDGE_CURVE ( 'NONE', #1609, #8067, #6602, .T. ) ;
#1183 = VERTEX_POINT ( 'NONE', #36 ) ;
#1184 = CARTESIAN_POINT ( 'NONE',  ( -7.296957046373735484E-16, 15.49999999999999467, -5.150000000000000355 ) ) ;
#1185 = AXIS2_PLACEMENT_3D ( 'NONE', #7505, #9641, #6592 ) ;
#1186 = LINE ( 'NONE', #8851, #4334 ) ;
#1187 = AXIS2_PLACEMENT_3D ( 'NONE', #1334, #8803, #8162 ) ;
#1188 = ORIENTED_EDGE ( 'NONE', *, *, #4951, .F. ) ;
#1189 = CARTESIAN_POINT ( 'NONE',  ( -6.049999999999999822, 5.500000000000000888, 16.15000000000000213 ) ) ;
#1190 = EDGE_CURVE ( 'NONE', #5043, #5043, #8774, .T. ) ;
#1191 = UNCERTAINTY_MEASURE_WITH_UNIT (LENGTH_MEASURE( 1.000000000000000082E-05 ), #636, 'distance_accuracy_value', 'NONE');
#1192 = DIRECTION ( 'NONE',  ( -1.000000000000000000, 0.000000000000000000, 0.000000000000000000 ) ) ;
#1193 = DIRECTION ( 'NONE',  ( 1.000000000000000000, 0.000000000000000000, 0.000000000000000000 ) ) ;
#1194 = DIRECTION ( 'NONE',  ( 0.000000000000000000, 0.000000000000000000, 1.000000000000000000 ) ) ;
#1195 = AXIS2_PLACEMENT_3D ( 'NONE', #5524, #1192, #6374 ) ;
#1196 = MECHANICAL_DESIGN_GEOMETRIC_PRESENTATION_REPRESENTATION (  '', ( #8892 ), #5596 ) ;
#1197 = DIRECTION ( 'NONE',  ( 0.000000000000000000, 1.000000000000000000, 0.000000000000000000 ) ) ;
#1198 = LINE ( 'NONE', #4210, #7139 ) ;
#1199 = ORIENTED_EDGE ( 'NONE', *, *, #4118, .F. ) ;
#1200 = CARTESIAN_POINT ( 'NONE',  ( -5.549999999999998934, -10.69999999999999929, -10.75000000000000000 ) ) ;
#1201 =( LENGTH_UNIT ( ) NAMED_UNIT ( * ) SI_UNIT ( .MILLI., .METRE. ) );
#1202 = DIRECTION ( 'NONE',  ( 0.000000000000000000, 1.000000000000000000, 0.000000000000000000 ) ) ;
#1203 = AXIS2_PLACEMENT_3D ( 'NONE', #2498, #5405, #6193 ) ;
#1204 = VERTEX_POINT ( 'NONE', #8249 ) ;
#1205 =( NAMED_UNIT ( * ) PLANE_ANGLE_UNIT ( ) SI_UNIT ( $, .RADIAN. ) );
#1206 = PRESENTATION_LAYER_ASSIGNMENT (  '', '', ( #7951 ) ) ;
#1207 = SURFACE_STYLE_FILL_AREA ( #7940 ) ;
#1208 = EDGE_CURVE ( 'NONE', #8462, #1016, #136, .T. ) ;
#1209 = PLANE ( 'NONE',  #2981 ) ;
#1210 =( GEOMETRIC_REPRESENTATION_CONTEXT ( 3 ) GLOBAL_UNCERTAINTY_ASSIGNED_CONTEXT ( ( #8352 ) ) GLOBAL_UNIT_ASSIGNED_CONTEXT ( ( #8594, #8457, #4831 ) ) REPRESENTATION_CONTEXT ( 'NONE', 'WORKASPACE' ) );
#1211 =( BOUNDED_CURVE ( )  B_SPLINE_CURVE ( 3, ( #7539, #3120, #915, #2347 ),
 .UNSPECIFIED., .F., .T. ) 
 B_SPLINE_CURVE_WITH_KNOTS ( ( 4, 4 ),
 ( 3.141592653589793116, 4.712388980384689674 ),
 .UNSPECIFIED. ) 
 CURVE ( )  GEOMETRIC_REPRESENTATION_ITEM ( )  RATIONAL_B_SPLINE_CURVE ( ( 1.000000000000000000, 0.8047378541243649375, 0.8047378541243649375, 1.000000000000000000 ) ) 
 REPRESENTATION_ITEM ( '' )  );
#1212 = VERTEX_POINT ( 'NONE', #880 ) ;
#1213 = FACE_OUTER_BOUND ( 'NONE', #3252, .T. ) ;
#1214 = ORIENTED_EDGE ( 'NONE', *, *, #5274, .T. ) ;
#1215 = DIRECTION ( 'NONE',  ( 0.2947551744109047633, 0.000000000000000000, -0.9555728057861405667 ) ) ;
#1216 = DIRECTION ( 'NONE',  ( 0.000000000000000000, 0.000000000000000000, 1.000000000000000000 ) ) ;
#1217 = EDGE_CURVE ( 'NONE', #1310, #5776, #3937, .T. ) ;
#1218 = STYLED_ITEM ( 'NONE', ( #8954 ), #327 ) ;
#1219 = DIRECTION ( 'NONE',  ( 0.9749279121818227312, 0.000000000000000000, 0.2225209339563182787 ) ) ;
#1220 =( GEOMETRIC_REPRESENTATION_CONTEXT ( 3 ) GLOBAL_UNCERTAINTY_ASSIGNED_CONTEXT ( ( #1191 ) ) GLOBAL_UNIT_ASSIGNED_CONTEXT ( ( #636, #4336, #4435 ) ) REPRESENTATION_CONTEXT ( 'NONE', 'WORKASPACE' ) );
#1221 = CARTESIAN_POINT ( 'NONE',  ( 1.000000000000000000, 5.500000000000001776, -15.09899959967968286 ) ) ;
#1222 = LINE ( 'NONE', #3385, #5607 ) ;
#1223 = CYLINDRICAL_SURFACE ( 'NONE', #833, 0.5000000000000002220 ) ;
#1224 = SURFACE_SIDE_STYLE ('',( #2925 ) ) ;
#1225 = ORIENTED_EDGE ( 'NONE', *, *, #7634, .T. ) ;
#1226 = DIRECTION ( 'NONE',  ( 0.000000000000000000, 0.000000000000000000, 1.000000000000000000 ) ) ;
#1227 = DIRECTION ( 'NONE',  ( 0.000000000000000000, 0.000000000000000000, 1.000000000000000000 ) ) ;
#1228 = PRESENTATION_LAYER_ASSIGNMENT (  '', '', ( #9405 ) ) ;
#1229 = ORIENTED_EDGE ( 'NONE', *, *, #7890, .F. ) ;
#1230 = SURFACE_STYLE_USAGE ( .BOTH. , #2007 ) ;
#1231 = AXIS2_PLACEMENT_3D ( 'NONE', #7015, #4011, #5570 ) ;
#1232 = ADVANCED_FACE ( 'NONE', ( #3037 ), #9753, .T. ) ;
#1233 =( NAMED_UNIT ( * ) PLANE_ANGLE_UNIT ( ) SI_UNIT ( $, .RADIAN. ) );
#1234 = VECTOR ( 'NONE', #2374, 1000.000000000000000 ) ;
#1235 = EDGE_LOOP ( 'NONE', ( #8064, #6723, #2487, #2620 ) ) ;
#1236 = FILL_AREA_STYLE_COLOUR ( '', #9036 ) ;
#1237 = ORIENTED_EDGE ( 'NONE', *, *, #781, .F. ) ;
#1238 = DIRECTION ( 'NONE',  ( -1.000000000000000000, 0.000000000000000000, 0.000000000000000000 ) ) ;
#1239 =( NAMED_UNIT ( * ) SI_UNIT ( $, .STERADIAN. ) SOLID_ANGLE_UNIT ( ) );
#1240 = FILL_AREA_STYLE ('',( #6316 ) ) ;
#1241 = CYLINDRICAL_SURFACE ( 'NONE', #7864, 0.5000000000000004441 ) ;
#1242 = EDGE_CURVE ( 'NONE', #2640, #7468, #5311, .T. ) ;
#1243 = CARTESIAN_POINT ( 'NONE',  ( -1.869470635734518993, 15.49999999999999467, -3.810194214773511945 ) ) ;
#1244 = DIRECTION ( 'NONE',  ( 0.000000000000000000, 1.000000000000000000, 0.000000000000000000 ) ) ;
#1245 =( NAMED_UNIT ( * ) SI_UNIT ( $, .STERADIAN. ) SOLID_ANGLE_UNIT ( ) );
#1246 = EDGE_LOOP ( 'NONE', ( #1489, #7095, #3682, #9305 ) ) ;
#1247 = VECTOR ( 'NONE', #1573, 1000.000000000000000 ) ;
#1248 = CARTESIAN_POINT ( 'NONE',  ( -2.289650628371056484, 11.19999999999999929, -10.75000000000000178 ) ) ;
#1249 = SURFACE_SIDE_STYLE ('',( #6577 ) ) ;
#1250 = FILL_AREA_STYLE ('',( #6578 ) ) ;
#1251 = AXIS2_PLACEMENT_3D ( 'NONE', #1058, #6384, #6939 ) ;
#1252 = SURFACE_SIDE_STYLE ('',( #4215 ) ) ;
#1253 = VERTEX_POINT ( 'NONE', #1424 ) ;
#1254 = CIRCLE ( 'NONE', #8633, 2.299999999999998490 ) ;
#1255 = EDGE_CURVE ( 'NONE', #111, #5817, #4480, .T. ) ;
#1256 = CYLINDRICAL_SURFACE ( 'NONE', #1634, 0.8400000000000000799 ) ;
#1257 = COLOUR_RGB ( '',0.1058823529411764691, 0.6352941176470587870, 0.9411764705882352811 ) ;
#1258 = COLOUR_RGB ( '',0.7764705882352941346, 0.7568627450980391913, 0.7372549019607843590 ) ;
#1259 = VECTOR ( 'NONE', #2683, 1000.000000000000000 ) ;
#1260 = CARTESIAN_POINT ( 'NONE',  ( -6.150000000000000355, 3.500000000000000444, -10.00000000000000178 ) ) ;
#1261 = ORIENTED_EDGE ( 'NONE', *, *, #8441, .F. ) ;
#1262 = EDGE_LOOP ( 'NONE', ( #8139, #7054, #2303, #6903 ) ) ;
#1263 =( NAMED_UNIT ( * ) PLANE_ANGLE_UNIT ( ) SI_UNIT ( $, .RADIAN. ) );
#1264 = CIRCLE ( 'NONE', #6626, 0.5000000000000004441 ) ;
#1265 = DIRECTION ( 'NONE',  ( 0.000000000000000000, -1.000000000000000000, 0.000000000000000000 ) ) ;
#1266 = CARTESIAN_POINT ( 'NONE',  ( -6.049999999999999822, 6.000000000000000000, -11.25000000000000000 ) ) ;
#1267 =( NAMED_UNIT ( * ) SI_UNIT ( $, .STERADIAN. ) SOLID_ANGLE_UNIT ( ) );
#1268 = FILL_AREA_STYLE_COLOUR ( '', #105 ) ;
#1269 = PRESENTATION_STYLE_ASSIGNMENT (( #8894 ) ) ;
#1270 = AXIS2_PLACEMENT_3D ( 'NONE', #9344, #7751, #1028 ) ;
#1271 = EDGE_LOOP ( 'NONE', ( #9478, #3238, #8301 ) ) ;
#1272 = EDGE_CURVE ( 'NONE', #5664, #5664, #1717, .T. ) ;
#1273 = CYLINDRICAL_SURFACE ( 'NONE', #468, 1.848999999999999977 ) ;
#1274 = FILL_AREA_STYLE_COLOUR ( '', #1406 ) ;
#1275 = CARTESIAN_POINT ( 'NONE',  ( -7.296957046373735484E-16, 15.49999999999999467, -5.150000000000000355 ) ) ;
#1276 = VERTEX_POINT ( 'NONE', #5953 ) ;
#1277 = SURFACE_STYLE_FILL_AREA ( #5077 ) ;
#1278 = CARTESIAN_POINT ( 'NONE',  ( 1.502485414192142432, 18.49999999999999645, -6.429322312143376017 ) ) ;
#1279 = VERTEX_POINT ( 'NONE', #4577 ) ;
#1280 = ORIENTED_EDGE ( 'NONE', *, *, #6856, .T. ) ;
#1281 = EDGE_CURVE ( 'NONE', #4322, #6083, #1569, .T. ) ;
#1282 = SURFACE_STYLE_USAGE ( .BOTH. , #4993 ) ;
#1283 = PRESENTATION_LAYER_ASSIGNMENT (  '', '', ( #8349 ) ) ;
#1284 = ORIENTED_EDGE ( 'NONE', *, *, #7452, .T. ) ;
#1285 = CARTESIAN_POINT ( 'NONE',  ( -7.296957046373735484E-16, 15.49999999999999467, -5.150000000000000355 ) ) ;
#1286 = CYLINDRICAL_SURFACE ( 'NONE', #3066, 0.8400000000000005240 ) ;
#1287 = CARTESIAN_POINT ( 'NONE',  ( -7.296957046373735484E-16, 28.49999999999999645, -5.150000000000000355 ) ) ;
#1288 = DIRECTION ( 'NONE',  ( 0.9749279121818227312, 0.000000000000000000, 0.2225209339563182787 ) ) ;
#1289 = FILL_AREA_STYLE ('',( #5046 ) ) ;
#1290 = FILL_AREA_STYLE ('',( #7977 ) ) ;
#1291 = FILL_AREA_STYLE ('',( #2026 ) ) ;
#1292 = EDGE_LOOP ( 'NONE', ( #5056, #6188, #7418, #2014, #1820, #9378, #4697, #8875, #7048, #3270, #1280, #4578 ) ) ;
#1293 = EDGE_CURVE ( 'NONE', #6003, #16, #6117, .T. ) ;
#1294 = CARTESIAN_POINT ( 'NONE',  ( 0.3566829148483540157, 15.49999999999999467, -3.209148306422335395 ) ) ;
#1295 = VECTOR ( 'NONE', #1637, 1000.000000000000000 ) ;
#1296 = DIRECTION ( 'NONE',  ( 1.000000000000000000, 0.000000000000000000, 0.000000000000000000 ) ) ;
#1297 = ORIENTED_EDGE ( 'NONE', *, *, #1169, .T. ) ;
#1298 = PRESENTATION_STYLE_ASSIGNMENT (( #6484 ) ) ;
#1299 = CIRCLE ( 'NONE', #3672, 0.8399999999999997469 ) ;
#1300 = SURFACE_STYLE_USAGE ( .BOTH. , #8233 ) ;
#1301 = FILL_AREA_STYLE ('',( #2151 ) ) ;
#1302 = AXIS2_PLACEMENT_3D ( 'NONE', #6256, #4935, #8519 ) ;
#1303 = VECTOR ( 'NONE', #7488, 1000.000000000000000 ) ;
#1304 = EDGE_CURVE ( 'NONE', #4981, #5879, #5448, .T. ) ;
#1305 = DIRECTION ( 'NONE',  ( 0.9972037971811804624, 0.000000000000000000, -0.07473009358642071498 ) ) ;
#1306 = DIRECTION ( 'NONE',  ( 0.000000000000000000, 1.000000000000000000, -3.469446951953611033E-15 ) ) ;
#1307 = ORIENTED_EDGE ( 'NONE', *, *, #4080, .T. ) ;
#1308 = AXIS2_PLACEMENT_3D ( 'NONE', #165, #8479, #6881 ) ;
#1309 = AXIS2_PLACEMENT_3D ( 'NONE', #293, #8513, #6197 ) ;
#1310 = VERTEX_POINT ( 'NONE', #1758 ) ;
#1311 = CARTESIAN_POINT ( 'NONE',  ( -7.296957046373735484E-16, 15.49999999999999467, -5.150000000000000355 ) ) ;
#1312 = EDGE_CURVE ( 'NONE', #8484, #4673, #7843, .T. ) ;
#1313 = CIRCLE ( 'NONE', #7584, 0.8399999999999998579 ) ;
#1314 =( NAMED_UNIT ( * ) SI_UNIT ( $, .STERADIAN. ) SOLID_ANGLE_UNIT ( ) );
#1315 = SURFACE_SIDE_STYLE ('',( #2209 ) ) ;
#1316 = CIRCLE ( 'NONE', #2563, 2.299999999999998490 ) ;
#1317 = DIRECTION ( 'NONE',  ( 0.000000000000000000, 1.000000000000000000, 0.000000000000000000 ) ) ;
#1318 =( GEOMETRIC_REPRESENTATION_CONTEXT ( 3 ) GLOBAL_UNCERTAINTY_ASSIGNED_CONTEXT ( ( #1918 ) ) GLOBAL_UNIT_ASSIGNED_CONTEXT ( ( #4354, #7428, #5004 ) ) REPRESENTATION_CONTEXT ( 'NONE', 'WORKASPACE' ) );
#1319 = EDGE_LOOP ( 'NONE', ( #5301, #8802, #4311, #6807 ) ) ;
#1320 = FILL_AREA_STYLE_COLOUR ( '', #2354 ) ;
#1321 = CARTESIAN_POINT ( 'NONE',  ( -1.286832269749423885, 18.49999999999999645, -6.477728778603351500 ) ) ;
#1322 = VERTEX_POINT ( 'NONE', #4086 ) ;
#1323 = COLOUR_RGB ( '',0.1058823529411764691, 0.6352941176470587870, 0.9411764705882352811 ) ;
#1324 =( GEOMETRIC_REPRESENTATION_CONTEXT ( 3 ) GLOBAL_UNCERTAINTY_ASSIGNED_CONTEXT ( ( #3994 ) ) GLOBAL_UNIT_ASSIGNED_CONTEXT ( ( #252, #1782, #9258 ) ) REPRESENTATION_CONTEXT ( 'NONE', 'WORKASPACE' ) );
#1325 = SURFACE_STYLE_USAGE ( .BOTH. , #7412 ) ;
#1326 = SURFACE_SIDE_STYLE ('',( #9612 ) ) ;
#1327 =( GEOMETRIC_REPRESENTATION_CONTEXT ( 3 ) GLOBAL_UNCERTAINTY_ASSIGNED_CONTEXT ( ( #7741 ) ) GLOBAL_UNIT_ASSIGNED_CONTEXT ( ( #2310, #4630, #5174 ) ) REPRESENTATION_CONTEXT ( 'NONE', 'WORKASPACE' ) );
#1328 = ADVANCED_FACE ( 'NONE', ( #4824 ), #284, .T. ) ;
#1329 =( NAMED_UNIT ( * ) SI_UNIT ( $, .STERADIAN. ) SOLID_ANGLE_UNIT ( ) );
#1330 = ORIENTED_EDGE ( 'NONE', *, *, #7592, .T. ) ;
#1331 = FACE_OUTER_BOUND ( 'NONE', #4813, .T. ) ;
#1332 =( NAMED_UNIT ( * ) SI_UNIT ( $, .STERADIAN. ) SOLID_ANGLE_UNIT ( ) );
#1333 = ORIENTED_EDGE ( 'NONE', *, *, #5328, .T. ) ;
#1334 = CARTESIAN_POINT ( 'NONE',  ( -5.549999999999998934, -10.69999999999999929, -10.75000000000000000 ) ) ;
#1335 = ORIENTED_EDGE ( 'NONE', *, *, #4107, .F. ) ;
#1336 = AXIS2_PLACEMENT_3D ( 'NONE', #5864, #9242, #8505 ) ;
#1337 = SURFACE_STYLE_FILL_AREA ( #2956 ) ;
#1338 = CARTESIAN_POINT ( 'NONE',  ( 0.5000000000000001110, 5.500000000000000888, -15.94289321881344534 ) ) ;
#1339 = STYLED_ITEM ( 'NONE', ( #8319 ), #8222 ) ;
#1340 = CARTESIAN_POINT ( 'NONE',  ( 1.812821074135908983, 18.49999999999999645, -4.370379738990362917 ) ) ;
#1341 = ADVANCED_FACE ( 'NONE', ( #8400 ), #3179, .T. ) ;
#1342 = CIRCLE ( 'NONE', #6060, 0.5000000000000004441 ) ;
#1343 = AXIS2_PLACEMENT_3D ( 'NONE', #4105, #8751, #9306 ) ;
#1344 = DIRECTION ( 'NONE',  ( 1.000000000000000000, 0.000000000000000000, 0.000000000000000000 ) ) ;
#1345 = ORIENTED_EDGE ( 'NONE', *, *, #8853, .T. ) ;
#1346 = SURFACE_STYLE_FILL_AREA ( #3009 ) ;
#1347 =( NAMED_UNIT ( * ) PLANE_ANGLE_UNIT ( ) SI_UNIT ( $, .RADIAN. ) );
#1348 = FILL_AREA_STYLE_COLOUR ( '', #694 ) ;
#1349 = SURFACE_STYLE_USAGE ( .BOTH. , #5244 ) ;
#1350 = FILL_AREA_STYLE_COLOUR ( '', #7523 ) ;
#1351 = ORIENTED_EDGE ( 'NONE', *, *, #8520, .T. ) ;
#1352 = STYLED_ITEM ( 'NONE', ( #872 ), #3227 ) ;
#1353 = CARTESIAN_POINT ( 'NONE',  ( -0.2255705282762592023, 15.49999999999999467, -2.861088045211620301 ) ) ;
#1354 = CYLINDRICAL_SURFACE ( 'NONE', #9207, 0.5000000000000004441 ) ;
#1355 =( LENGTH_UNIT ( ) NAMED_UNIT ( * ) SI_UNIT ( .MILLI., .METRE. ) );
#1356 = EDGE_CURVE ( 'NONE', #6036, #2901, #4093, .T. ) ;
#1357 = SURFACE_SIDE_STYLE ('',( #6690 ) ) ;
#1358 = CARTESIAN_POINT ( 'NONE',  ( -7.296957046373735484E-16, 28.49999999999999645, -5.150000000000000355 ) ) ;
#1359 = COLOUR_RGB ( '',0.1058823529411764691, 0.6352941176470587870, 0.9411764705882352811 ) ;
#1360 = AXIS2_PLACEMENT_3D ( 'NONE', #8976, #7442, #762 ) ;
#1361 = ORIENTED_EDGE ( 'NONE', *, *, #7512, .T. ) ;
#1362 = DIRECTION ( 'NONE',  ( 0.000000000000000000, 0.000000000000000000, 1.000000000000000000 ) ) ;
#1363 = ORIENTED_EDGE ( 'NONE', *, *, #5219, .F. ) ;
#1364 =( NAMED_UNIT ( * ) PLANE_ANGLE_UNIT ( ) SI_UNIT ( $, .RADIAN. ) );
#1365 = SURFACE_STYLE_USAGE ( .BOTH. , #8827 ) ;
#1366 = PRESENTATION_STYLE_ASSIGNMENT (( #7453 ) ) ;
#1367 = DIRECTION ( 'NONE',  ( 0.000000000000000000, 0.000000000000000000, 1.000000000000000000 ) ) ;
#1368 = COLOUR_RGB ( '',0.1058823529411764691, 0.6352941176470587870, 0.9411764705882352811 ) ;
#1369 = PRESENTATION_LAYER_ASSIGNMENT (  '', '', ( #5454 ) ) ;
#1370 =( GEOMETRIC_REPRESENTATION_CONTEXT ( 3 ) GLOBAL_UNCERTAINTY_ASSIGNED_CONTEXT ( ( #4059 ) ) GLOBAL_UNIT_ASSIGNED_CONTEXT ( ( #1001, #6755, #5425 ) ) REPRESENTATION_CONTEXT ( 'NONE', 'WORKASPACE' ) );
#1371 = LINE ( 'NONE', #3637, #1469 ) ;
#1372 = ORIENTED_EDGE ( 'NONE', *, *, #5348, .F. ) ;
#1373 = SURFACE_STYLE_FILL_AREA ( #8108 ) ;
#1374 = ORIENTED_EDGE ( 'NONE', *, *, #8142, .F. ) ;
#1375 = FACE_OUTER_BOUND ( 'NONE', #1724, .T. ) ;
#1376 = AXIS2_PLACEMENT_3D ( 'NONE', #4646, #49, #5227 ) ;
#1377 = VECTOR ( 'NONE', #573, 1000.000000000000000 ) ;
#1378 = ORIENTED_EDGE ( 'NONE', *, *, #9683, .T. ) ;
#1379 = SURFACE_SIDE_STYLE ('',( #5913 ) ) ;
#1380 = EDGE_LOOP ( 'NONE', ( #5986, #2800, #452, #6819 ) ) ;
#1381 = DIRECTION ( 'NONE',  ( 0.000000000000000000, 0.000000000000000000, -1.000000000000000000 ) ) ;
#1382 = COLOUR_RGB ( '',0.7764705882352941346, 0.7568627450980391913, 0.7372549019607843590 ) ;
#1383 = CYLINDRICAL_SURFACE ( 'NONE', #6268, 6.049999999999999822 ) ;
#1384 = ORIENTED_EDGE ( 'NONE', *, *, #892, .F. ) ;
#1385 = CARTESIAN_POINT ( 'NONE',  ( -6.049999999999998046, 11.19999999999999929, -5.150000000000000355 ) ) ;
#1386 = EDGE_CURVE ( 'NONE', #4594, #4395, #4724, .T. ) ;
#1387 = CARTESIAN_POINT ( 'NONE',  ( -0.7071067811865479058, 5.707106781186547906, -16.14999999999999858 ) ) ;
#1388 = DIRECTION ( 'NONE',  ( 0.000000000000000000, 0.000000000000000000, 1.000000000000000000 ) ) ;
#1389 = STYLED_ITEM ( 'NONE', ( #4001 ), #6086 ) ;
#1390 = DIRECTION ( 'NONE',  ( -0.000000000000000000, -1.000000000000000000, -0.000000000000000000 ) ) ;
#1391 = DIRECTION ( 'NONE',  ( 1.000000000000000000, 0.000000000000000000, 0.000000000000000000 ) ) ;
#1392 = FILL_AREA_STYLE_COLOUR ( '', #7444 ) ;
#1393 = ORIENTED_EDGE ( 'NONE', *, *, #2391, .F. ) ;
#1394 = PLANE ( 'NONE',  #5578 ) ;
#1395 = DIRECTION ( 'NONE',  ( -0.2947551744108911076, 0.000000000000000000, -0.9555728057861447855 ) ) ;
#1396 = SURFACE_STYLE_USAGE ( .BOTH. , #2292 ) ;
#1397 = ADVANCED_FACE ( 'NONE', ( #1213 ), #7213, .F. ) ;
#1398 = CARTESIAN_POINT ( 'NONE',  ( -6.049999999999999822, 10.71960397700498824, -7.146540672152825735 ) ) ;
#1399 = EDGE_CURVE ( 'NONE', #4430, #5800, #3284, .T. ) ;
#1400 = MECHANICAL_DESIGN_GEOMETRIC_PRESENTATION_REPRESENTATION (  '', ( #7060 ), #8938 ) ;
#1401 = ORIENTED_EDGE ( 'NONE', *, *, #5675, .T. ) ;
#1402 = DIRECTION ( 'NONE',  ( 0.000000000000000000, 0.000000000000000000, 1.000000000000000000 ) ) ;
#1403 =( LENGTH_UNIT ( ) NAMED_UNIT ( * ) SI_UNIT ( .MILLI., .METRE. ) );
#1404 = FILL_AREA_STYLE_COLOUR ( '', #2878 ) ;
#1405 = LINE ( 'NONE', #5735, #5351 ) ;
#1406 = COLOUR_RGB ( '',1.000000000000000000, 1.000000000000000000, 1.000000000000000000 ) ;
#1407 = LINE ( 'NONE', #4415, #7426 ) ;
#1408 = DIRECTION ( 'NONE',  ( -1.642476599057395862E-16, 0.000000000000000000, -1.000000000000000000 ) ) ;
#1409 = CARTESIAN_POINT ( 'NONE',  ( -0.7531980446225340353, 10.90162470728858857, -11.25000000000000178 ) ) ;
#1410 =( LENGTH_UNIT ( ) NAMED_UNIT ( * ) SI_UNIT ( .MILLI., .METRE. ) );
#1411 = ORIENTED_EDGE ( 'NONE', *, *, #5636, .F. ) ;
#1412 = ADVANCED_FACE ( 'NONE', ( #2678 ), #9544, .T. ) ;
#1413 = ORIENTED_EDGE ( 'NONE', *, *, #7291, .T. ) ;
#1414 = VECTOR ( 'NONE', #6406, 1000.000000000000000 ) ;
#1415 = CARTESIAN_POINT ( 'NONE',  ( -6.150000000000000355, 1.500000000000000444, -10.00000000000000178 ) ) ;
#1416 = FILL_AREA_STYLE_COLOUR ( '', #7525 ) ;
#1417 = AXIS2_PLACEMENT_3D ( 'NONE', #4193, #6460, #2697 ) ;
#1418 = DIRECTION ( 'NONE',  ( -0.000000000000000000, 1.000000000000000000, -0.000000000000000000 ) ) ;
#1419 = PRESENTATION_LAYER_ASSIGNMENT (  '', '', ( #8812 ) ) ;
#1420 = STYLED_ITEM ( 'NONE', ( #8132 ), #7136 ) ;
#1421 = DIRECTION ( 'NONE',  ( 0.000000000000000000, -1.000000000000000000, -0.000000000000000000 ) ) ;
#1422 = ORIENTED_EDGE ( 'NONE', *, *, #8988, .F. ) ;
#1423 = EDGE_CURVE ( 'NONE', #4856, #8067, #5791, .T. ) ;
#1424 = CARTESIAN_POINT ( 'NONE',  ( -1.621016850288226063, 18.49999999999999645, -4.260558955814584436 ) ) ;
#1425 = DIRECTION ( 'NONE',  ( 0.000000000000000000, 1.000000000000000000, 0.000000000000000000 ) ) ;
#1426 = VERTEX_POINT ( 'NONE', #4914 ) ;
#1427 = CARTESIAN_POINT ( 'NONE',  ( -1.971559904812547170, 18.49999999999999645, -5.065859997958455985 ) ) ;
#1428 = LINE ( 'NONE', #5131, #5221 ) ;
#1429 = DIRECTION ( 'NONE',  ( -0.6801727377709255729, 0.000000000000000000, 0.7330518718298205672 ) ) ;
#1430 = AXIS2_PLACEMENT_3D ( 'NONE', #9243, #3330, #1862 ) ;
#1431 =( NAMED_UNIT ( * ) SI_UNIT ( $, .STERADIAN. ) SOLID_ANGLE_UNIT ( ) );
#1432 = CARTESIAN_POINT ( 'NONE',  ( -7.296957046373735484E-16, 18.49999999999999645, -5.150000000000000355 ) ) ;
#1433 = ORIENTED_EDGE ( 'NONE', *, *, #2205, .T. ) ;
#1434 = EDGE_CURVE ( 'NONE', #8081, #8728, #9389, .T. ) ;
#1435 = SURFACE_SIDE_STYLE ('',( #5916 ) ) ;
#1436 = CARTESIAN_POINT ( 'NONE',  ( -5.549999999999998934, -10.69999999999999929, -11.25000000000000178 ) ) ;
#1437 = ORIENTED_EDGE ( 'NONE', *, *, #5752, .F. ) ;
#1438 = CYLINDRICAL_SURFACE ( 'NONE', #2627, 0.8400000000000000799 ) ;
#1439 = DIRECTION ( 'NONE',  ( 0.000000000000000000, -1.000000000000000000, 0.000000000000000000 ) ) ;
#1440 = DIRECTION ( 'NONE',  ( -0.000000000000000000, -1.000000000000000000, -0.000000000000000000 ) ) ;
#1441 = FILL_AREA_STYLE_COLOUR ( '', #1916 ) ;
#1442 = FILL_AREA_STYLE ('',( #5722 ) ) ;
#1443 = CIRCLE ( 'NONE', #5223, 2.299999999999998046 ) ;
#1444 = SURFACE_STYLE_USAGE ( .BOTH. , #3812 ) ;
#1445 = EDGE_LOOP ( 'NONE', ( #4846, #4342, #7771, #4518 ) ) ;
#1446 = CARTESIAN_POINT ( 'NONE',  ( 0.4591195798372786352, 15.49999999999999467, -7.403710099238593578 ) ) ;
#1447 = FILL_AREA_STYLE_COLOUR ( '', #2467 ) ;
#1448 = CARTESIAN_POINT ( 'NONE',  ( 1.227851083701571921, 15.49999999999999467, -3.767544678388167867 ) ) ;
#1449 = DIRECTION ( 'NONE',  ( -0.6801727377709259059, 0.000000000000000000, 0.7330518718298204561 ) ) ;
#1450 = EDGE_LOOP ( 'NONE', ( #5362, #4423, #4941, #3663 ) ) ;
#1451 = CARTESIAN_POINT ( 'NONE',  ( -6.049999999999999822, 6.000000000000000000, -16.14999999999999503 ) ) ;
#1452 = AXIS2_PLACEMENT_3D ( 'NONE', #7698, #7119, #3278 ) ;
#1453 = CARTESIAN_POINT ( 'NONE',  ( 5.549999999999998934, 11.19999999999999929, -10.75000000000000178 ) ) ;
#1454 = CARTESIAN_POINT ( 'NONE',  ( -0.7898896539612676460, 16.99999999999999289, -2.989890203122780754 ) ) ;
#1455 = CARTESIAN_POINT ( 'NONE',  ( 1.648902502870886355, 18.49999999999999645, -6.753471401686390152 ) ) ;
#1456 = EDGE_CURVE ( 'NONE', #4648, #8515, #906, .T. ) ;
#1457 = CARTESIAN_POINT ( 'NONE',  ( 5.549999999999998934, -10.69999999999999929, -10.75000000000000000 ) ) ;
#1458 = AXIS2_PLACEMENT_3D ( 'NONE', #7964, #6660, #5035 ) ;
#1459 = DIRECTION ( 'NONE',  ( 1.000000000000000000, 0.000000000000000000, 0.000000000000000000 ) ) ;
#1460 = VERTEX_POINT ( 'NONE', #4422 ) ;
#1461 = SURFACE_STYLE_USAGE ( .BOTH. , #5944 ) ;
#1462 = ORIENTED_EDGE ( 'NONE', *, *, #1053, .F. ) ;
#1463 = COLOUR_RGB ( '',0.1058823529411764691, 0.6352941176470587870, 0.9411764705882352811 ) ;
#1464 = CARTESIAN_POINT ( 'NONE',  ( -6.663561837205168577E-16, 15.50000000000000000, -5.150000000000000355 ) ) ;
#1465 = CYLINDRICAL_SURFACE ( 'NONE', #9130, 0.5000000000000004441 ) ;
#1466 = AXIS2_PLACEMENT_3D ( 'NONE', #7311, #485, #7354 ) ;
#1467 = CARTESIAN_POINT ( 'NONE',  ( -6.049999999999998046, 11.19999999999999929, -5.150000000000000355 ) ) ;
#1468 = EDGE_CURVE ( 'NONE', #3896, #3132, #2877, .T. ) ;
#1469 = VECTOR ( 'NONE', #9502, 1000.000000000000000 ) ;
#1470 = DIRECTION ( 'NONE',  ( 0.000000000000000000, 1.000000000000000000, -0.000000000000000000 ) ) ;
#1471 = VECTOR ( 'NONE', #344, 1000.000000000000000 ) ;
#1472 = ORIENTED_EDGE ( 'NONE', *, *, #3103, .F. ) ;
#1473 = EDGE_LOOP ( 'NONE', ( #7960, #5182, #3178, #3129 ) ) ;
#1474 =( BOUNDED_CURVE ( )  B_SPLINE_CURVE ( 3, ( #5, #3799, #837, #8411 ),
 .UNSPECIFIED., .F., .T. ) 
 B_SPLINE_CURVE_WITH_KNOTS ( ( 4, 4 ),
 ( 3.141592653589793116, 4.712388980384687898 ),
 .UNSPECIFIED. ) 
 CURVE ( )  GEOMETRIC_REPRESENTATION_ITEM ( )  RATIONAL_B_SPLINE_CURVE ( ( 1.000000000000000000, 0.8047378541243654926, 0.8047378541243654926, 1.000000000000000000 ) ) 
 REPRESENTATION_ITEM ( '' )  );
#1475 = CYLINDRICAL_SURFACE ( 'NONE', #8822, 0.5000000000000004441 ) ;
#1476 = PRESENTATION_LAYER_ASSIGNMENT (  '', '', ( #3040 ) ) ;
#1477 = PRESENTATION_LAYER_ASSIGNMENT (  '', '', ( #4631 ) ) ;
#1478 =( GEOMETRIC_REPRESENTATION_CONTEXT ( 3 ) GLOBAL_UNCERTAINTY_ASSIGNED_CONTEXT ( ( #929 ) ) GLOBAL_UNIT_ASSIGNED_CONTEXT ( ( #1410, #6642, #4565 ) ) REPRESENTATION_CONTEXT ( 'NONE', 'WORKASPACE' ) );
#1479 =( NAMED_UNIT ( * ) SI_UNIT ( $, .STERADIAN. ) SOLID_ANGLE_UNIT ( ) );
#1480 = EDGE_CURVE ( 'NONE', #7024, #6226, #4469, .T. ) ;
#1481 = FILL_AREA_STYLE ('',( #5275 ) ) ;
#1482 = UNCERTAINTY_MEASURE_WITH_UNIT (LENGTH_MEASURE( 1.000000000000000082E-05 ), #1576, 'distance_accuracy_value', 'NONE');
#1483 = ORIENTED_EDGE ( 'NONE', *, *, #6422, .F. ) ;
#1484 = CARTESIAN_POINT ( 'NONE',  ( 5.549999999999998934, 8.000000000000000000, 11.24999999999999645 ) ) ;
#1485 = VERTEX_POINT ( 'NONE', #5165 ) ;
#1486 = DIRECTION ( 'NONE',  ( 1.000000000000000000, -0.000000000000000000, -0.000000000000000000 ) ) ;
#1487 = CARTESIAN_POINT ( 'NONE',  ( 6.049999999999999822, 11.19999999999999929, -10.75000000000000178 ) ) ;
#1488 = COLOUR_RGB ( '',0.7764705882352941346, 0.7568627450980391913, 0.7372549019607843590 ) ;
#1489 = ORIENTED_EDGE ( 'NONE', *, *, #620, .F. ) ;
#1490 = UNCERTAINTY_MEASURE_WITH_UNIT (LENGTH_MEASURE( 1.000000000000000082E-05 ), #5404, 'distance_accuracy_value', 'NONE');
#1491 = PLANE ( 'NONE',  #8752 ) ;
#1492 = CIRCLE ( 'NONE', #2281, 2.299999999999998490 ) ;
#1493 = LINE ( 'NONE', #1027, #9358 ) ;
#1494 = CARTESIAN_POINT ( 'NONE',  ( 1.580786964577256759, 15.49999999999999467, -6.109121250219502031 ) ) ;
#1495 = EDGE_CURVE ( 'NONE', #1212, #5838, #6235, .T. ) ;
#1496 =( GEOMETRIC_REPRESENTATION_CONTEXT ( 3 ) GLOBAL_UNCERTAINTY_ASSIGNED_CONTEXT ( ( #4014 ) ) GLOBAL_UNIT_ASSIGNED_CONTEXT ( ( #5005, #7337, #1245 ) ) REPRESENTATION_CONTEXT ( 'NONE', 'WORKASPACE' ) );
#1497 = LINE ( 'NONE', #5238, #7569 ) ;
#1498 = SURFACE_SIDE_STYLE ('',( #6922 ) ) ;
#1499 = CIRCLE ( 'NONE', #2743, 0.8399999999999996358 ) ;
#1500 = VERTEX_POINT ( 'NONE', #2977 ) ;
#1501 = DIRECTION ( 'NONE',  ( 1.000000000000000000, 0.000000000000000000, 0.000000000000000000 ) ) ;
#1502 = DIRECTION ( 'NONE',  ( -1.000000000000000000, 0.000000000000000000, 0.000000000000000000 ) ) ;
#1503 = CARTESIAN_POINT ( 'NONE',  ( 0.000000000000000000, -7.074999999999997513, -10.25000000000000178 ) ) ;
#1504 = UNCERTAINTY_MEASURE_WITH_UNIT (LENGTH_MEASURE( 1.000000000000000082E-05 ), #5189, 'distance_accuracy_value', 'NONE');
#1505 = COLOUR_RGB ( '',0.7764705882352941346, 0.7568627450980391913, 0.7372549019607843590 ) ;
#1506 = DIRECTION ( 'NONE',  ( -0.000000000000000000, -1.000000000000000000, 0.000000000000000000 ) ) ;
#1507 = DIRECTION ( 'NONE',  ( -0.6801727377709259059, 0.000000000000000000, 0.7330518718298204561 ) ) ;
#1508 = PRESENTATION_LAYER_ASSIGNMENT (  '', '', ( #4816 ) ) ;
#1509 = CIRCLE ( 'NONE', #8246, 0.8399999999999999689 ) ;
#1510 = CARTESIAN_POINT ( 'NONE',  ( 2.289650628371054708, 11.19999999999999929, -10.75000000000000178 ) ) ;
#1511 = DIRECTION ( 'NONE',  ( -0.000000000000000000, 1.000000000000000000, -0.000000000000000000 ) ) ;
#1512 = AXIS2_PLACEMENT_3D ( 'NONE', #966, #3977, #6991 ) ;
#1513 = ORIENTED_EDGE ( 'NONE', *, *, #956, .T. ) ;
#1514 = VECTOR ( 'NONE', #2383, 1000.000000000000000 ) ;
#1515 = ORIENTED_EDGE ( 'NONE', *, *, #5787, .F. ) ;
#1516 = EDGE_CURVE ( 'NONE', #6362, #1102, #2610, .T. ) ;
#1517 = CARTESIAN_POINT ( 'NONE',  ( -7.296957046373735484E-16, 18.49999999999999645, -5.150000000000000355 ) ) ;
#1518 = DIRECTION ( 'NONE',  ( 0.000000000000000000, 0.000000000000000000, 1.000000000000000000 ) ) ;
#1519 = STYLED_ITEM ( 'NONE', ( #1792 ), #2709 ) ;
#1520 = STYLED_ITEM ( 'NONE', ( #9024 ), #4205 ) ;
#1521 = PRESENTATION_STYLE_ASSIGNMENT (( #5264 ) ) ;
#1522 = VERTEX_POINT ( 'NONE', #4753 ) ;
#1523 = SURFACE_STYLE_FILL_AREA ( #9043 ) ;
#1524 = VERTEX_POINT ( 'NONE', #2158 ) ;
#1525 = FILL_AREA_STYLE ('',( #2216 ) ) ;
#1526 = EDGE_CURVE ( 'NONE', #4964, #1524, #3736, .T. ) ;
#1527 =( GEOMETRIC_REPRESENTATION_CONTEXT ( 3 ) GLOBAL_UNCERTAINTY_ASSIGNED_CONTEXT ( ( #1482 ) ) GLOBAL_UNIT_ASSIGNED_CONTEXT ( ( #1576, #8504, #6238 ) ) REPRESENTATION_CONTEXT ( 'NONE', 'WORKASPACE' ) );
#1528 =( GEOMETRIC_REPRESENTATION_CONTEXT ( 3 ) GLOBAL_UNCERTAINTY_ASSIGNED_CONTEXT ( ( #4174 ) ) GLOBAL_UNIT_ASSIGNED_CONTEXT ( ( #4875, #7854, #2745 ) ) REPRESENTATION_CONTEXT ( 'NONE', 'WORKASPACE' ) );
#1529 = PRESENTATION_LAYER_ASSIGNMENT (  '', '', ( #3901 ) ) ;
#1530 = CARTESIAN_POINT ( 'NONE',  ( -5.549999999999999822, 11.19999999999999929, -2.741681084241540667 ) ) ;
#1531 = CYLINDRICAL_SURFACE ( 'NONE', #5001, 0.5000000000000004441 ) ;
#1532 = AXIS2_PLACEMENT_3D ( 'NONE', #5317, #7554, #5407 ) ;
#1533 = CARTESIAN_POINT ( 'NONE',  ( 1.648902502870886133, 15.49999999999999467, -6.753471401686390152 ) ) ;
#1534 = CARTESIAN_POINT ( 'NONE',  ( 6.049999999999999822, 7.500000000000000000, 10.74999999999999645 ) ) ;
#1535 = ORIENTED_EDGE ( 'NONE', *, *, #9436, .T. ) ;
#1536 =( NAMED_UNIT ( * ) PLANE_ANGLE_UNIT ( ) SI_UNIT ( $, .RADIAN. ) );
#1537 = ORIENTED_EDGE ( 'NONE', *, *, #1014, .F. ) ;
#1538 = FACE_OUTER_BOUND ( 'NONE', #6045, .T. ) ;
#1539 = ADVANCED_FACE ( 'NONE', ( #7672 ), #7396, .T. ) ;
#1540 = AXIS2_PLACEMENT_3D ( 'NONE', #2185, #6565, #8165 ) ;
#1541 = FILL_AREA_STYLE ('',( #8265 ) ) ;
#1542 = LINE ( 'NONE', #4653, #206 ) ;
#1543 = VECTOR ( 'NONE', #9680, 1000.000000000000000 ) ;
#1544 = STYLED_ITEM ( 'NONE', ( #3243 ), #1777 ) ;
#1545 = CARTESIAN_POINT ( 'NONE',  ( 0.5641957166668334356, 15.49999999999999467, -2.920272843306879196 ) ) ;
#1546 = SURFACE_STYLE_FILL_AREA ( #8270 ) ;
#1547 =( LENGTH_UNIT ( ) NAMED_UNIT ( * ) SI_UNIT ( .MILLI., .METRE. ) );
#1548 = VERTEX_POINT ( 'NONE', #9214 ) ;
#1549 = SURFACE_SIDE_STYLE ('',( #8273 ) ) ;
#1550 =( NAMED_UNIT ( * ) SI_UNIT ( $, .STERADIAN. ) SOLID_ANGLE_UNIT ( ) );
#1551 = DIRECTION ( 'NONE',  ( 0.000000000000000000, 1.000000000000000000, 0.000000000000000000 ) ) ;
#1552 = DIRECTION ( 'NONE',  ( 0.000000000000000000, 0.000000000000000000, 1.000000000000000000 ) ) ;
#1553 = ADVANCED_FACE ( 'NONE', ( #9697 ), #1733, .F. ) ;
#1554 = CARTESIAN_POINT ( 'NONE',  ( 1.735475740250853383, 15.49999999999999467, -4.512093302276304563 ) ) ;
#1555 = CARTESIAN_POINT ( 'NONE',  ( -6.150000000000000355, 3.500000000000000444, -8.000000000000001776 ) ) ;
#1556 = PRESENTATION_LAYER_ASSIGNMENT (  '', '', ( #6587 ) ) ;
#1557 = FILL_AREA_STYLE ('',( #1737 ) ) ;
#1558 = LINE ( 'NONE', #8380, #8331 ) ;
#1559 = DIRECTION ( 'NONE',  ( 1.000000000000000000, 0.000000000000000000, 0.000000000000000000 ) ) ;
#1560 = SURFACE_SIDE_STYLE ('',( #5883 ) ) ;
#1561 = PRESENTATION_LAYER_ASSIGNMENT (  '', '', ( #6919 ) ) ;
#1562 = FACE_OUTER_BOUND ( 'NONE', #9055, .T. ) ;
#1563 = CARTESIAN_POINT ( 'NONE',  ( -7.296957046373735484E-16, 18.49999999999999645, -5.150000000000000355 ) ) ;
#1564 = EDGE_LOOP ( 'NONE', ( #7029, #7086, #9004 ) ) ;
#1565 = EDGE_CURVE ( 'NONE', #9715, #4096, #1691, .T. ) ;
#1566 = ORIENTED_EDGE ( 'NONE', *, *, #3404, .F. ) ;
#1567 = CARTESIAN_POINT ( 'NONE',  ( 5.817996659520658476, 11.20000000050162647, -3.478653954574584706 ) ) ;
#1568 =( LENGTH_UNIT ( ) NAMED_UNIT ( * ) SI_UNIT ( .MILLI., .METRE. ) );
#1569 = CIRCLE ( 'NONE', #6927, 2.299999999999998490 ) ;
#1570 = DIRECTION ( 'NONE',  ( 0.000000000000000000, 1.000000000000000000, -0.000000000000000000 ) ) ;
#1571 = CYLINDRICAL_SURFACE ( 'NONE', #3536, 0.8400000000000005240 ) ;
#1572 = VERTEX_POINT ( 'NONE', #2706 ) ;
#1573 = DIRECTION ( 'NONE',  ( 0.000000000000000000, 1.000000000000000000, -0.000000000000000000 ) ) ;
#1574 = ORIENTED_EDGE ( 'NONE', *, *, #1255, .T. ) ;
#1575 = FACE_OUTER_BOUND ( 'NONE', #5759, .T. ) ;
#1576 =( LENGTH_UNIT ( ) NAMED_UNIT ( * ) SI_UNIT ( .MILLI., .METRE. ) );
#1577 = MECHANICAL_DESIGN_GEOMETRIC_PRESENTATION_REPRESENTATION (  '', ( #7998 ), #5345 ) ;
#1578 = FILL_AREA_STYLE_COLOUR ( '', #2324 ) ;
#1579 = FILL_AREA_STYLE_COLOUR ( '', #1141 ) ;
#1580 = UNCERTAINTY_MEASURE_WITH_UNIT (LENGTH_MEASURE( 1.000000000000000082E-05 ), #2992, 'distance_accuracy_value', 'NONE');
#1581 = ADVANCED_FACE ( 'NONE', ( #1878 ), #2564, .T. ) ;
#1582 = ORIENTED_EDGE ( 'NONE', *, *, #1242, .T. ) ;
#1583 = PRODUCT_DEFINITION_FORMATION_WITH_SPECIFIED_SOURCE ( 'ANY', '', #4058, .NOT_KNOWN. ) ;
#1584 = CARTESIAN_POINT ( 'NONE',  ( 6.049999999999999822, 11.19999999999999929, -7.558318915758454715 ) ) ;
#1585 =( NAMED_UNIT ( * ) SI_UNIT ( $, .STERADIAN. ) SOLID_ANGLE_UNIT ( ) );
#1586 = ORIENTED_EDGE ( 'NONE', *, *, #2122, .F. ) ;
#1587 = DIRECTION ( 'NONE',  ( 0.000000000000000000, 0.000000000000000000, 1.000000000000000000 ) ) ;
#1588 = ORIENTED_EDGE ( 'NONE', *, *, #2372, .F. ) ;
#1589 = CYLINDRICAL_SURFACE ( 'NONE', #4530, 0.8399999999999996358 ) ;
#1590 = CARTESIAN_POINT ( 'NONE',  ( 2.803180875801798422, 11.19999999999999929, 0.2114062499999989075 ) ) ;
#1591 = VECTOR ( 'NONE', #7848, 1000.000000000000000 ) ;
#1592 = EDGE_CURVE ( 'NONE', #3349, #8868, #2320, .T. ) ;
#1593 = LINE ( 'NONE', #2636, #7579 ) ;
#1594 = ORIENTED_EDGE ( 'NONE', *, *, #7834, .T. ) ;
#1595 = DIRECTION ( 'NONE',  ( -1.000000000000000000, 0.000000000000000000, 0.000000000000000000 ) ) ;
#1596 = CARTESIAN_POINT ( 'NONE',  ( -1.625000000000000000, -6.450000000000000178, -10.25000000000000178 ) ) ;
#1597 = UNCERTAINTY_MEASURE_WITH_UNIT (LENGTH_MEASURE( 1.000000000000000082E-05 ), #7836, 'distance_accuracy_value', 'NONE');
#1598 = CARTESIAN_POINT ( 'NONE',  ( -5.549999999999998934, 10.69999999999999929, 10.74999999999999645 ) ) ;
#1599 = CARTESIAN_POINT ( 'NONE',  ( -6.049999999999999822, 3.500000000000000444, -10.00000000000000178 ) ) ;
#1600 = CARTESIAN_POINT ( 'NONE',  ( 1.625000000000000000, -6.450000000000000178, -10.25000000000000178 ) ) ;
#1601 = FACE_OUTER_BOUND ( 'NONE', #6986, .T. ) ;
#1602 = ADVANCED_FACE ( 'NONE', ( #8523 ), #456, .T. ) ;
#1603 = CYLINDRICAL_SURFACE ( 'NONE', #3177, 2.299999999999998046 ) ;
#1604 =( LENGTH_UNIT ( ) NAMED_UNIT ( * ) SI_UNIT ( .MILLI., .METRE. ) );
#1605 = DIRECTION ( 'NONE',  ( 1.000000000000000000, 0.000000000000000000, 0.000000000000000000 ) ) ;
#1606 = DIRECTION ( 'NONE',  ( 0.000000000000000000, 1.000000000000000000, 0.000000000000000000 ) ) ;
#1607 = EDGE_LOOP ( 'NONE', ( #4370, #6618, #2929, #3656 ) ) ;
#1608 =( GEOMETRIC_REPRESENTATION_CONTEXT ( 3 ) GLOBAL_UNCERTAINTY_ASSIGNED_CONTEXT ( ( #7476 ) ) GLOBAL_UNIT_ASSIGNED_CONTEXT ( ( #232, #4727, #6237 ) ) REPRESENTATION_CONTEXT ( 'NONE', 'WORKASPACE' ) );
#1609 = VERTEX_POINT ( 'NONE', #8572 ) ;
#1610 = CARTESIAN_POINT ( 'NONE',  ( 1.936998793047777889, 15.49999999999999467, -4.772954016147290091 ) ) ;
#1611 = EDGE_CURVE ( 'NONE', #8934, #5347, #5768, .T. ) ;
#1612 = EDGE_CURVE ( 'NONE', #6419, #2423, #1846, .T. ) ;
#1613 = ORIENTED_EDGE ( 'NONE', *, *, #4364, .F. ) ;
#1614 = CARTESIAN_POINT ( 'NONE',  ( -7.296957046373735484E-16, 15.49999999999999467, -5.150000000000000355 ) ) ;
#1615 = VECTOR ( 'NONE', #1839, 1000.000000000000000 ) ;
#1616 = VECTOR ( 'NONE', #3072, 1000.000000000000000 ) ;
#1617 = VERTEX_POINT ( 'NONE', #1385 ) ;
#1618 = UNCERTAINTY_MEASURE_WITH_UNIT (LENGTH_MEASURE( 1.000000000000000082E-05 ), #7576, 'distance_accuracy_value', 'NONE');
#1619 = DIRECTION ( 'NONE',  ( 0.000000000000000000, 0.000000000000000000, 1.000000000000000000 ) ) ;
#1620 = COLOUR_RGB ( '',0.1058823529411764691, 0.6352941176470587870, 0.9411764705882352811 ) ;
#1621 = CIRCLE ( 'NONE', #7114, 0.5000000000000004441 ) ;
#1622 = COLOUR_RGB ( '',0.7764705882352941346, 0.7568627450980391913, 0.7372549019607843590 ) ;
#1623 = CARTESIAN_POINT ( 'NONE',  ( -6.049999999999999822, 10.71950899119402223, -3.152553914602210128 ) ) ;
#1624 = STYLED_ITEM ( 'NONE', ( #1171 ), #7536 ) ;
#1625 = DIRECTION ( 'NONE',  ( -0.000000000000000000, -0.000000000000000000, -1.000000000000000000 ) ) ;
#1626 = SURFACE_STYLE_USAGE ( .BOTH. , #2179 ) ;
#1627 = CARTESIAN_POINT ( 'NONE',  ( -7.296957046373735484E-16, 15.49999999999999467, -5.150000000000000355 ) ) ;
#1628 = FILL_AREA_STYLE_COLOUR ( '', #5426 ) ;
#1629 = EDGE_LOOP ( 'NONE', ( #2652, #5485, #4271, #9627 ) ) ;
#1630 = CARTESIAN_POINT ( 'NONE',  ( 1.625000000000000000, -6.450000000000000178, -10.25000000000000178 ) ) ;
#1631 = FILL_AREA_STYLE_COLOUR ( '', #4083 ) ;
#1632 = VERTEX_POINT ( 'NONE', #3708 ) ;
#1633 = FILL_AREA_STYLE_COLOUR ( '', #2181 ) ;
#1634 = AXIS2_PLACEMENT_3D ( 'NONE', #4266, #2623, #520 ) ;
#1635 = VECTOR ( 'NONE', #170, 1000.000000000000000 ) ;
#1636 = EDGE_CURVE ( 'NONE', #4395, #8776, #2783, .T. ) ;
#1637 = DIRECTION ( 'NONE',  ( 0.000000000000000000, 1.000000000000000000, 0.000000000000000000 ) ) ;
#1638 = VECTOR ( 'NONE', #8244, 1000.000000000000000 ) ;
#1639 = CIRCLE ( 'NONE', #2428, 0.8400000000000000799 ) ;
#1640 =( LENGTH_UNIT ( ) NAMED_UNIT ( * ) SI_UNIT ( .MILLI., .METRE. ) );
#1641 = ORIENTED_EDGE ( 'NONE', *, *, #5995, .T. ) ;
#1642 = DIRECTION ( 'NONE',  ( 1.000000000000000000, 0.000000000000000000, 0.000000000000000000 ) ) ;
#1643 = DIRECTION ( 'NONE',  ( 0.000000000000000000, 0.000000000000000000, 1.000000000000000000 ) ) ;
#1644 =( LENGTH_UNIT ( ) NAMED_UNIT ( * ) SI_UNIT ( .MILLI., .METRE. ) );
#1645 = EDGE_CURVE ( 'NONE', #7968, #2054, #3254, .T. ) ;
#1646 = DIRECTION ( 'NONE',  ( 1.000000000000000000, -0.000000000000000000, -0.000000000000000000 ) ) ;
#1647 = CARTESIAN_POINT ( 'NONE',  ( -5.049999999999998934, -9.199999999999999289, -10.24999999999999822 ) ) ;
#1648 = CARTESIAN_POINT ( 'NONE',  ( 1.000000000000000000, 6.000000000000000000, 16.15000000000000213 ) ) ;
#1649 = STYLED_ITEM ( 'NONE', ( #3782 ), #2449 ) ;
#1650 = CARTESIAN_POINT ( 'NONE',  ( -7.296957046373735484E-16, 15.49999999999999467, -5.150000000000000355 ) ) ;
#1651 = FILL_AREA_STYLE ('',( #4071 ) ) ;
#1652 = MECHANICAL_DESIGN_GEOMETRIC_PRESENTATION_REPRESENTATION (  '', ( #1339 ), #6866 ) ;
#1653 = CARTESIAN_POINT ( 'NONE',  ( 5.549999999999998934, 6.000000000000000000, -15.64999999999999325 ) ) ;
#1654 = ORIENTED_EDGE ( 'NONE', *, *, #1272, .T. ) ;
#1655 = ORIENTED_EDGE ( 'NONE', *, *, #5200, .F. ) ;
#1656 = CIRCLE ( 'NONE', #7609, 1.848999999999999977 ) ;
#1657 = ADVANCED_FACE ( 'NONE', ( #2767 ), #2070, .T. ) ;
#1658 = SURFACE_STYLE_FILL_AREA ( #4764 ) ;
#1659 = SURFACE_STYLE_FILL_AREA ( #7032 ) ;
#1660 = MECHANICAL_DESIGN_GEOMETRIC_PRESENTATION_REPRESENTATION (  '', ( #2294 ), #7460 ) ;
#1661 = FACE_OUTER_BOUND ( 'NONE', #770, .T. ) ;
#1662 = UNCERTAINTY_MEASURE_WITH_UNIT (LENGTH_MEASURE( 1.000000000000000082E-05 ), #5536, 'distance_accuracy_value', 'NONE');
#1663 = MECHANICAL_DESIGN_GEOMETRIC_PRESENTATION_REPRESENTATION (  '', ( #2451 ), #4343 ) ;
#1664 = ORIENTED_EDGE ( 'NONE', *, *, #6947, .F. ) ;
#1665 =( NAMED_UNIT ( * ) PLANE_ANGLE_UNIT ( ) SI_UNIT ( $, .RADIAN. ) );
#1666 = VERTEX_POINT ( 'NONE', #9620 ) ;
#1667 = EDGE_CURVE ( 'NONE', #5925, #5648, #5617, .T. ) ;
#1668 = CIRCLE ( 'NONE', #9539, 1.848999999999999977 ) ;
#1669 = COLOUR_RGB ( '',0.7764705882352941346, 0.7568627450980391913, 0.7372549019607843590 ) ;
#1670 = LINE ( 'NONE', #4641, #4057 ) ;
#1671 = CARTESIAN_POINT ( 'NONE',  ( -1.000000000000000000, 6.000000000000000000, 16.15000000000000213 ) ) ;
#1672 = CARTESIAN_POINT ( 'NONE',  ( -6.663561837205168577E-16, 11.19999999999999929, -5.150000000000000355 ) ) ;
#1673 = CARTESIAN_POINT ( 'NONE',  ( 5.549999999999998934, 10.69999999999999929, -10.75000000000000000 ) ) ;
#1674 = AXIS2_PLACEMENT_3D ( 'NONE', #6267, #9419, #1736 ) ;
#1675 = ORIENTED_EDGE ( 'NONE', *, *, #5360, .T. ) ;
#1676 = CARTESIAN_POINT ( 'NONE',  ( 2.656941091230291097, 15.33848956044505663, 0.1445659967286409553 ) ) ;
#1677 = LINE ( 'NONE', #2224, #1234 ) ;
#1678 = AXIS2_PLACEMENT_3D ( 'NONE', #7928, #2660, #4900 ) ;
#1679 = ORIENTED_EDGE ( 'NONE', *, *, #3492, .F. ) ;
#1680 = CARTESIAN_POINT ( 'NONE',  ( -0.3152944646524749595, 15.49999999999999467, -3.328080572429310102 ) ) ;
#1681 =( GEOMETRIC_REPRESENTATION_CONTEXT ( 3 ) GLOBAL_UNCERTAINTY_ASSIGNED_CONTEXT ( ( #1990 ) ) GLOBAL_UNIT_ASSIGNED_CONTEXT ( ( #3094, #2368, #5737 ) ) REPRESENTATION_CONTEXT ( 'NONE', 'WORKASPACE' ) );
#1682 = COLOUR_RGB ( '',0.7764705882352941346, 0.7568627450980391913, 0.7372549019607843590 ) ;
#1683 = CARTESIAN_POINT ( 'NONE',  ( -1.625000000000000000, -7.700000000000000178, -10.25000000000000178 ) ) ;
#1684 = STYLED_ITEM ( 'NONE', ( #8553 ), #4125 ) ;
#1685 =( GEOMETRIC_REPRESENTATION_CONTEXT ( 3 ) GLOBAL_UNCERTAINTY_ASSIGNED_CONTEXT ( ( #1897 ) ) GLOBAL_UNIT_ASSIGNED_CONTEXT ( ( #6052, #8308, #1431 ) ) REPRESENTATION_CONTEXT ( 'NONE', 'WORKASPACE' ) );
#1686 = CARTESIAN_POINT ( 'NONE',  ( -1.581581488407362013, 18.49999999999999645, -3.969861027787334962 ) ) ;
#1687 = PRESENTATION_STYLE_ASSIGNMENT (( #7568 ) ) ;
#1688 = FACE_OUTER_BOUND ( 'NONE', #2766, .T. ) ;
#1689 = EDGE_LOOP ( 'NONE', ( #8029, #4403, #3963, #55 ) ) ;
#1690 = SURFACE_STYLE_USAGE ( .BOTH. , #7670 ) ;
#1691 = CIRCLE ( 'NONE', #3092, 0.8399999999999998579 ) ;
#1692 = SURFACE_STYLE_USAGE ( .BOTH. , #2433 ) ;
#1693 = DIRECTION ( 'NONE',  ( -1.000000000000000000, -0.000000000000000000, -0.000000000000000000 ) ) ;
#1694 = SURFACE_STYLE_USAGE ( .BOTH. , #7018 ) ;
#1695 = DIRECTION ( 'NONE',  ( 0.000000000000000000, 1.000000000000000000, 0.000000000000000000 ) ) ;
#1696 = LINE ( 'NONE', #7726, #5091 ) ;
#1697 = ADVANCED_FACE ( 'NONE', ( #9573 ), #1438, .T. ) ;
#1698 = ADVANCED_FACE ( 'NONE', ( #2130 ), #5142, .T. ) ;
#1699 = CIRCLE ( 'NONE', #2946, 2.299999999999998490 ) ;
#1700 = DIRECTION ( 'NONE',  ( 0.9308737486442053566, 0.000000000000000000, -0.3653410243663923196 ) ) ;
#1701 = FACE_OUTER_BOUND ( 'NONE', #2846, .T. ) ;
#1702 = ORIENTED_EDGE ( 'NONE', *, *, #3091, .F. ) ;
#1703 = ORIENTED_EDGE ( 'NONE', *, *, #3271, .T. ) ;
#1704 = CARTESIAN_POINT ( 'NONE',  ( 6.049999999999999822, 0.000000000000000000, -15.64999999999999325 ) ) ;
#1705 = FACE_OUTER_BOUND ( 'NONE', #3645, .T. ) ;
#1706 = FILL_AREA_STYLE_COLOUR ( '', #478 ) ;
#1707 = ADVANCED_FACE ( 'NONE', ( #8263, #6153 ), #1491, .F. ) ;
#1708 = FILL_AREA_STYLE_COLOUR ( '', #5891 ) ;
#1709 = VERTEX_POINT ( 'NONE', #3757 ) ;
#1710 = ORIENTED_EDGE ( 'NONE', *, *, #697, .T. ) ;
#1711 = UNCERTAINTY_MEASURE_WITH_UNIT (LENGTH_MEASURE( 1.000000000000000082E-05 ), #5455, 'distance_accuracy_value', 'NONE');
#1712 = CARTESIAN_POINT ( 'NONE',  ( 0.000000000000000000, 15.50000000000000000, 0.000000000000000000 ) ) ;
#1713 = DIRECTION ( 'NONE',  ( 1.000000000000000000, 0.000000000000000000, 0.000000000000000000 ) ) ;
#1714 =( NAMED_UNIT ( * ) PLANE_ANGLE_UNIT ( ) SI_UNIT ( $, .RADIAN. ) );
#1715 =( NAMED_UNIT ( * ) PLANE_ANGLE_UNIT ( ) SI_UNIT ( $, .RADIAN. ) );
#1716 = EDGE_CURVE ( 'NONE', #6564, #6385, #7618, .T. ) ;
#1717 = CIRCLE ( 'NONE', #9426, 0.5000000000000002220 ) ;
#1718 = DIRECTION ( 'NONE',  ( 0.000000000000000000, -1.000000000000000000, 0.000000000000000000 ) ) ;
#1719 = FILL_AREA_STYLE ('',( #5600 ) ) ;
#1720 = VECTOR ( 'NONE', #7207, 1000.000000000000000 ) ;
#1721 = SURFACE_STYLE_USAGE ( .BOTH. , #5458 ) ;
#1722 = VERTEX_POINT ( 'NONE', #4698 ) ;
#1723 = DIRECTION ( 'NONE',  ( -0.000000000000000000, 1.000000000000000000, -0.000000000000000000 ) ) ;
#1724 = EDGE_LOOP ( 'NONE', ( #1483, #3780, #2595, #7508 ) ) ;
#1725 = AXIS2_PLACEMENT_3D ( 'NONE', #7492, #758, #6072 ) ;
#1726 = MECHANICAL_DESIGN_GEOMETRIC_PRESENTATION_REPRESENTATION (  '', ( #7375 ), #9606 ) ;
#1727 = ADVANCED_FACE ( 'NONE', ( #1538 ), #1589, .T. ) ;
#1728 = SURFACE_STYLE_FILL_AREA ( #5517 ) ;
#1729 = VECTOR ( 'NONE', #3723, 1000.000000000000000 ) ;
#1730 = ORIENTED_EDGE ( 'NONE', *, *, #2924, .F. ) ;
#1731 = CARTESIAN_POINT ( 'NONE',  ( -0.8383069948729963139, 15.49999999999999467, -6.798041984400581939 ) ) ;
#1732 = SURFACE_STYLE_FILL_AREA ( #1085 ) ;
#1733 = PLANE ( 'NONE',  #431 ) ;
#1734 = UNCERTAINTY_MEASURE_WITH_UNIT (LENGTH_MEASURE( 1.000000000000000082E-05 ), #1745, 'distance_accuracy_value', 'NONE');
#1735 =( NAMED_UNIT ( * ) SI_UNIT ( $, .STERADIAN. ) SOLID_ANGLE_UNIT ( ) );
#1736 = DIRECTION ( 'NONE',  ( 0.000000000000000000, 0.000000000000000000, 1.000000000000000000 ) ) ;
#1737 = FILL_AREA_STYLE_COLOUR ( '', #7285 ) ;
#1738 = DIRECTION ( 'NONE',  ( 1.000000000000000000, -0.000000000000000000, 0.000000000000000000 ) ) ;
#1739 = SURFACE_STYLE_USAGE ( .BOTH. , #1054 ) ;
#1740 = PRESENTATION_STYLE_ASSIGNMENT (( #1842 ) ) ;
#1741 = AXIS2_PLACEMENT_3D ( 'NONE', #8731, #1949, #6593 ) ;
#1742 = ORIENTED_EDGE ( 'NONE', *, *, #3188, .F. ) ;
#1743 = STYLED_ITEM ( 'NONE', ( #1103 ), #7077 ) ;
#1744 = PRESENTATION_STYLE_ASSIGNMENT (( #3364 ) ) ;
#1745 =( LENGTH_UNIT ( ) NAMED_UNIT ( * ) SI_UNIT ( .MILLI., .METRE. ) );
#1746 = SURFACE_STYLE_USAGE ( .BOTH. , #9323 ) ;
#1747 = VERTEX_POINT ( 'NONE', #7709 ) ;
#1748 = ORIENTED_EDGE ( 'NONE', *, *, #4168, .F. ) ;
#1749 = AXIS2_PLACEMENT_3D ( 'NONE', #9138, #2544, #334 ) ;
#1750 = EDGE_CURVE ( 'NONE', #4245, #7371, #7090, .T. ) ;
#1751 = CARTESIAN_POINT ( 'NONE',  ( -5.549999999999998934, -10.69999999999999929, 11.24999999999999822 ) ) ;
#1752 = VECTOR ( 'NONE', #221, 1000.000000000000000 ) ;
#1753 = FILL_AREA_STYLE_COLOUR ( '', #7533 ) ;
#1754 = UNCERTAINTY_MEASURE_WITH_UNIT (LENGTH_MEASURE( 1.000000000000000082E-05 ), #8395, 'distance_accuracy_value', 'NONE');
#1755 = UNCERTAINTY_MEASURE_WITH_UNIT (LENGTH_MEASURE( 1.000000000000000082E-05 ), #807, 'distance_accuracy_value', 'NONE');
#1756 = SURFACE_STYLE_FILL_AREA ( #377 ) ;
#1757 = ORIENTED_EDGE ( 'NONE', *, *, #7647, .T. ) ;
#1758 = CARTESIAN_POINT ( 'NONE',  ( -6.049999999999999822, 1.500000000000001332, -10.00000000000000178 ) ) ;
#1759 = ORIENTED_EDGE ( 'NONE', *, *, #5550, .T. ) ;
#1760 = FACE_OUTER_BOUND ( 'NONE', #1848, .T. ) ;
#1761 = CARTESIAN_POINT ( 'NONE',  ( -5.549999999999998934, 6.000000000000000000, 15.65000000000000036 ) ) ;
#1762 = EDGE_CURVE ( 'NONE', #6149, #8611, #7009, .T. ) ;
#1763 = COLOUR_RGB ( '',0.7921568627450980005, 0.8196078431372548767, 0.9333333333333333481 ) ;
#1764 = LINE ( 'NONE', #385, #437 ) ;
#1765 = CARTESIAN_POINT ( 'NONE',  ( 6.049999999999999822, 6.000000000000000000, 15.65000000000000036 ) ) ;
#1766 = PRESENTATION_STYLE_ASSIGNMENT (( #4690 ) ) ;
#1767 = CIRCLE ( 'NONE', #7261, 1.849000000000000643 ) ;
#1768 = SURFACE_STYLE_FILL_AREA ( #8512 ) ;
#1769 =( LENGTH_UNIT ( ) NAMED_UNIT ( * ) SI_UNIT ( .MILLI., .METRE. ) );
#1770 = VERTEX_POINT ( 'NONE', #1038 ) ;
#1771 = CARTESIAN_POINT ( 'NONE',  ( -1.624999999999999778, -6.449999999999999289, -11.25000000000000178 ) ) ;
#1772 = DIRECTION ( 'NONE',  ( 0.000000000000000000, 0.000000000000000000, 1.000000000000000000 ) ) ;
#1773 = ORIENTED_EDGE ( 'NONE', *, *, #5494, .T. ) ;
#1774 = APPLICATION_CONTEXT ( 'automotive_design' ) ;
#1775 = CARTESIAN_POINT ( 'NONE',  ( -5.549999999999998934, 11.19999999999999929, 10.74999999999999645 ) ) ;
#1776 = AXIS2_PLACEMENT_3D ( 'NONE', #8223, #1390, #4501 ) ;
#1777 = ADVANCED_FACE ( 'NONE', ( #2645 ), #4743, .T. ) ;
#1778 = COLOUR_RGB ( '',0.1058823529411764691, 0.6352941176470587870, 0.9411764705882352811 ) ;
#1779 = SURFACE_SIDE_STYLE ('',( #9409 ) ) ;
#1780 = STYLED_ITEM ( 'NONE', ( #5729 ), #6331 ) ;
#1781 = UNCERTAINTY_MEASURE_WITH_UNIT (LENGTH_MEASURE( 1.000000000000000082E-05 ), #5113, 'distance_accuracy_value', 'NONE');
#1782 =( NAMED_UNIT ( * ) PLANE_ANGLE_UNIT ( ) SI_UNIT ( $, .RADIAN. ) );
#1783 = STYLED_ITEM ( 'NONE', ( #1999 ), #5380 ) ;
#1784 = SURFACE_SIDE_STYLE ('',( #6210 ) ) ;
#1785 = ORIENTED_EDGE ( 'NONE', *, *, #6918, .T. ) ;
#1786 = FILL_AREA_STYLE_COLOUR ( '', #2802 ) ;
#1787 =( GEOMETRIC_REPRESENTATION_CONTEXT ( 3 ) GLOBAL_UNCERTAINTY_ASSIGNED_CONTEXT ( ( #3226 ) ) GLOBAL_UNIT_ASSIGNED_CONTEXT ( ( #6638, #4513, #8282 ) ) REPRESENTATION_CONTEXT ( 'NONE', 'WORKASPACE' ) );
#1788 = COLOUR_RGB ( '',0.4941176470588235503, 0.3058823529411764941, 0.000000000000000000 ) ;
#1789 = DIRECTION ( 'NONE',  ( 0.000000000000000000, -1.000000000000000000, 0.000000000000000000 ) ) ;
#1790 = AXIS2_PLACEMENT_3D ( 'NONE', #9431, #8770, #4316 ) ;
#1791 = EDGE_CURVE ( 'NONE', #7450, #7956, #5783, .T. ) ;
#1792 = PRESENTATION_STYLE_ASSIGNMENT (( #3305 ) ) ;
#1793 = SURFACE_STYLE_USAGE ( .BOTH. , #9372 ) ;
#1794 = CIRCLE ( 'NONE', #9010, 0.5000000000000004441 ) ;
#1795 = AXIS2_PLACEMENT_3D ( 'NONE', #7636, #916, #317 ) ;
#1796 = ADVANCED_FACE ( 'NONE', ( #4140 ), #989, .T. ) ;
#1797 = FILL_AREA_STYLE_COLOUR ( '', #9340 ) ;
#1798 = FILL_AREA_STYLE_COLOUR ( '', #7727 ) ;
#1799 =( NAMED_UNIT ( * ) SI_UNIT ( $, .STERADIAN. ) SOLID_ANGLE_UNIT ( ) );
#1800 = ORIENTED_EDGE ( 'NONE', *, *, #3914, .F. ) ;
#1801 =( GEOMETRIC_REPRESENTATION_CONTEXT ( 3 ) GLOBAL_UNCERTAINTY_ASSIGNED_CONTEXT ( ( #9310 ) ) GLOBAL_UNIT_ASSIGNED_CONTEXT ( ( #8084, #3010, #7340 ) ) REPRESENTATION_CONTEXT ( 'NONE', 'WORKASPACE' ) );
#1802 = ORIENTED_EDGE ( 'NONE', *, *, #3158, .F. ) ;
#1803 =( LENGTH_UNIT ( ) NAMED_UNIT ( * ) SI_UNIT ( .MILLI., .METRE. ) );
#1804 = AXIS2_PLACEMENT_3D ( 'NONE', #5542, #5397, #4677 ) ;
#1805 = PRESENTATION_STYLE_ASSIGNMENT (( #1105 ) ) ;
#1806 = CARTESIAN_POINT ( 'NONE',  ( -6.049999999999999822, 7.500000000000000000, -15.64999999999999325 ) ) ;
#1807 = FILL_AREA_STYLE ('',( #9181 ) ) ;
#1808 = EDGE_LOOP ( 'NONE', ( #9558, #9147, #9632, #683 ) ) ;
#1809 = AXIS2_PLACEMENT_3D ( 'NONE', #7531, #2962, #7431 ) ;
#1810 = ADVANCED_FACE ( 'NONE', ( #1375 ), #2801, .T. ) ;
#1811 = CARTESIAN_POINT ( 'NONE',  ( -2.480765508296047361, 15.46483953380541010, 0.06608525094564736413 ) ) ;
#1812 = EDGE_LOOP ( 'NONE', ( #4678, #2362, #5781, #3231 ) ) ;
#1813 = FILL_AREA_STYLE ('',( #7896 ) ) ;
#1814 = CIRCLE ( 'NONE', #873, 0.5000000000000004441 ) ;
#1815 = LINE ( 'NONE', #9007, #1817 ) ;
#1816 = DIRECTION ( 'NONE',  ( 0.000000000000000000, 0.000000000000000000, 1.000000000000000000 ) ) ;
#1817 = VECTOR ( 'NONE', #2283, 1000.000000000000000 ) ;
#1818 = AXIS2_PLACEMENT_3D ( 'NONE', #5373, #4656, #7626 ) ;
#1819 = ADVANCED_FACE ( 'NONE', ( #7228, #7321 ), #8111, .F. ) ;
#1820 = ORIENTED_EDGE ( 'NONE', *, *, #8913, .T. ) ;
#1821 = EDGE_CURVE ( 'NONE', #2006, #2774, #7402, .T. ) ;
#1822 = FILL_AREA_STYLE ('',( #1870 ) ) ;
#1823 = FACE_OUTER_BOUND ( 'NONE', #2842, .T. ) ;
#1824 = ORIENTED_EDGE ( 'NONE', *, *, #7747, .F. ) ;
#1825 = AXIS2_PLACEMENT_3D ( 'NONE', #1610, #8338, #2532 ) ;
#1826 = DIRECTION ( 'NONE',  ( 0.000000000000000000, 0.000000000000000000, -1.000000000000000000 ) ) ;
#1827 =( NAMED_UNIT ( * ) SI_UNIT ( $, .STERADIAN. ) SOLID_ANGLE_UNIT ( ) );
#1828 = AXIS2_PLACEMENT_3D ( 'NONE', #9369, #4202, #8574 ) ;
#1829 = SURFACE_STYLE_USAGE ( .BOTH. , #8569 ) ;
#1830 = STYLED_ITEM ( 'NONE', ( #3306 ), #4484 ) ;
#1831 = ORIENTED_EDGE ( 'NONE', *, *, #5655, .T. ) ;
#1832 = EDGE_CURVE ( 'NONE', #8750, #5879, #5233, .T. ) ;
#1833 = CARTESIAN_POINT ( 'NONE',  ( 6.049999999999999822, -10.69999999999999929, 10.74999999999999822 ) ) ;
#1834 = DIRECTION ( 'NONE',  ( -0.9972037971811793522, 0.000000000000000000, -0.07473009358643513400 ) ) ;
#1835 = CARTESIAN_POINT ( 'NONE',  ( -1.908769730993877811, 15.49999999999999467, -4.649274414225147645 ) ) ;
#1836 = UNCERTAINTY_MEASURE_WITH_UNIT (LENGTH_MEASURE( 1.000000000000000082E-05 ), #1201, 'distance_accuracy_value', 'NONE');
#1837 = FILL_AREA_STYLE ('',( #5575 ) ) ;
#1838 =( GEOMETRIC_REPRESENTATION_CONTEXT ( 3 ) GLOBAL_UNCERTAINTY_ASSIGNED_CONTEXT ( ( #3746 ) ) GLOBAL_UNIT_ASSIGNED_CONTEXT ( ( #7552, #826, #8454 ) ) REPRESENTATION_CONTEXT ( 'NONE', 'WORKASPACE' ) );
#1839 = DIRECTION ( 'NONE',  ( 0.000000000000000000, -1.000000000000000000, 0.000000000000000000 ) ) ;
#1840 = FACE_OUTER_BOUND ( 'NONE', #9635, .T. ) ;
#1841 = AXIS2_PLACEMENT_3D ( 'NONE', #5888, #2475, #8140 ) ;
#1842 = SURFACE_STYLE_USAGE ( .BOTH. , #1055 ) ;
#1843 = EDGE_CURVE ( 'NONE', #2573, #5943, #8008, .T. ) ;
#1844 = SURFACE_STYLE_USAGE ( .BOTH. , #8578 ) ;
#1845 = MECHANICAL_DESIGN_GEOMETRIC_PRESENTATION_REPRESENTATION (  '', ( #9557 ), #2616 ) ;
#1846 =( BOUNDED_CURVE ( )  B_SPLINE_CURVE ( 3, ( #8857, #9667, #5767, #601 ),
 .UNSPECIFIED., .F., .T. ) 
 B_SPLINE_CURVE_WITH_KNOTS ( ( 4, 4 ),
 ( 0.000000000000000000, 1.570796326794895670 ),
 .UNSPECIFIED. ) 
 CURVE ( )  GEOMETRIC_REPRESENTATION_ITEM ( )  RATIONAL_B_SPLINE_CURVE ( ( 1.000000000000000000, 0.8047378541243652705, 0.8047378541243652705, 1.000000000000000000 ) ) 
 REPRESENTATION_ITEM ( '' )  );
#1847 = FILL_AREA_STYLE_COLOUR ( '', #2032 ) ;
#1848 = EDGE_LOOP ( 'NONE', ( #2954, #8726, #9044, #5512 ) ) ;
#1849 = EDGE_LOOP ( 'NONE', ( #5704 ) ) ;
#1850 = CARTESIAN_POINT ( 'NONE',  ( 1.793262986480893773, 15.49999999999999467, -4.699434953289069128 ) ) ;
#1851 = CARTESIAN_POINT ( 'NONE',  ( 5.549999999999998934, 6.000000000000000000, 15.65000000000000036 ) ) ;
#1852 = SURFACE_STYLE_FILL_AREA ( #1154 ) ;
#1853 = FILL_AREA_STYLE_COLOUR ( '', #9106 ) ;
#1854 = DIRECTION ( 'NONE',  ( 0.000000000000000000, 0.000000000000000000, -1.000000000000000000 ) ) ;
#1855 = UNCERTAINTY_MEASURE_WITH_UNIT (LENGTH_MEASURE( 1.000000000000000082E-05 ), #9002, 'distance_accuracy_value', 'NONE');
#1856 = MECHANICAL_DESIGN_GEOMETRIC_PRESENTATION_REPRESENTATION (  '', ( #6095 ), #5316 ) ;
#1857 = ADVANCED_FACE ( 'NONE', ( #543 ), #3551, .T. ) ;
#1858 = ORIENTED_EDGE ( 'NONE', *, *, #7665, .F. ) ;
#1859 = SURFACE_STYLE_FILL_AREA ( #8589 ) ;
#1860 = VERTEX_POINT ( 'NONE', #4637 ) ;
#1861 =( NAMED_UNIT ( * ) SI_UNIT ( $, .STERADIAN. ) SOLID_ANGLE_UNIT ( ) );
#1862 = DIRECTION ( 'NONE',  ( 0.000000000000000000, 0.000000000000000000, -1.000000000000000000 ) ) ;
#1863 = COLOUR_RGB ( '',0.7764705882352941346, 0.7568627450980391913, 0.7372549019607843590 ) ;
#1864 = PRESENTATION_LAYER_ASSIGNMENT (  '', '', ( #1389 ) ) ;
#1865 = CARTESIAN_POINT ( 'NONE',  ( -0.2312395857285372003, 15.49999999999999467, -7.109759233222311181 ) ) ;
#1866 = FILL_AREA_STYLE_COLOUR ( '', #5541 ) ;
#1867 = PRESENTATION_STYLE_ASSIGNMENT (( #2590 ) ) ;
#1868 = SURFACE_SIDE_STYLE ('',( #2508 ) ) ;
#1869 = ORIENTED_EDGE ( 'NONE', *, *, #8564, .T. ) ;
#1870 = FILL_AREA_STYLE_COLOUR ( '', #3131 ) ;
#1871 = CIRCLE ( 'NONE', #4390, 0.5000000000000004441 ) ;
#1872 = ORIENTED_EDGE ( 'NONE', *, *, #5574, .F. ) ;
#1873 = SURFACE_STYLE_FILL_AREA ( #8603 ) ;
#1874 = FILL_AREA_STYLE_COLOUR ( '', #1778 ) ;
#1875 = DIRECTION ( 'NONE',  ( 0.9749279121818227312, 0.000000000000000000, 0.2225209339563181399 ) ) ;
#1876 = ORIENTED_EDGE ( 'NONE', *, *, #8264, .T. ) ;
#1877 = ORIENTED_EDGE ( 'NONE', *, *, #1592, .F. ) ;
#1878 = FACE_OUTER_BOUND ( 'NONE', #4937, .T. ) ;
#1879 = CYLINDRICAL_SURFACE ( 'NONE', #4253, 2.299999999999998046 ) ;
#1880 = MECHANICAL_DESIGN_GEOMETRIC_PRESENTATION_REPRESENTATION (  '', ( #5062 ), #8808 ) ;
#1881 = COLOUR_RGB ( '',0.1058823529411764691, 0.6352941176470587870, 0.9411764705882352811 ) ;
#1882 = EDGE_CURVE ( 'NONE', #8248, #3300, #5270, .T. ) ;
#1883 = DIRECTION ( 'NONE',  ( 0.000000000000000000, 1.000000000000000000, 0.000000000000000000 ) ) ;
#1884 = PLANE ( 'NONE',  #670 ) ;
#1885 = DIRECTION ( 'NONE',  ( -0.8660254037844432595, 0.000000000000000000, 0.4999999999999921174 ) ) ;
#1886 = FILL_AREA_STYLE ('',( #1010 ) ) ;
#1887 = CARTESIAN_POINT ( 'NONE',  ( 5.549999999999998934, 7.500000000000000000, -15.64999999999999325 ) ) ;
#1888 = PRESENTATION_LAYER_ASSIGNMENT (  '', '', ( #5977 ) ) ;
#1889 = DIRECTION ( 'NONE',  ( 1.000000000000000000, 0.000000000000000000, 0.000000000000000000 ) ) ;
#1890 = EDGE_LOOP ( 'NONE', ( #7638, #1730, #564, #8291 ) ) ;
#1891 = FILL_AREA_STYLE ('',( #8627 ) ) ;
#1892 = PRESENTATION_STYLE_ASSIGNMENT (( #424 ) ) ;
#1893 = ADVANCED_FACE ( 'NONE', ( #6764, #1575 ), #1475, .F. ) ;
#1894 = DIRECTION ( 'NONE',  ( 0.000000000000000000, 0.000000000000000000, -1.000000000000000000 ) ) ;
#1895 = FILL_AREA_STYLE_COLOUR ( '', #5823 ) ;
#1896 = EDGE_LOOP ( 'NONE', ( #2083, #1401, #8467, #3632, #5592, #1710, #7008, #7408, #8996, #3597 ) ) ;
#1897 = UNCERTAINTY_MEASURE_WITH_UNIT (LENGTH_MEASURE( 1.000000000000000082E-05 ), #6052, 'distance_accuracy_value', 'NONE');
#1898 = ORIENTED_EDGE ( 'NONE', *, *, #6431, .T. ) ;
#1899 = VECTOR ( 'NONE', #3174, 1000.000000000000000 ) ;
#1900 = CARTESIAN_POINT ( 'NONE',  ( -0.9999999999999997780, 8.000000000000000000, -15.09899959967967575 ) ) ;
#1901 = FILL_AREA_STYLE ('',( #2542 ) ) ;
#1902 = DIRECTION ( 'NONE',  ( 0.000000000000000000, 1.000000000000000000, -0.000000000000000000 ) ) ;
#1903 = CARTESIAN_POINT ( 'NONE',  ( 6.050000000000169464, 11.07922383682646128, -5.996508199077194234 ) ) ;
#1904 = CARTESIAN_POINT ( 'NONE',  ( 2.097050961233610789, 10.70000002229046032, -11.25000000000000178 ) ) ;
#1905 = ORIENTED_EDGE ( 'NONE', *, *, #4917, .F. ) ;
#1906 = CARTESIAN_POINT ( 'NONE',  ( -6.049999999999999822, 10.77957578592357635, -6.742215450298337132 ) ) ;
#1907 = DIRECTION ( 'NONE',  ( 1.000000000000000000, 0.000000000000000000, 0.000000000000000000 ) ) ;
#1908 = FILL_AREA_STYLE_COLOUR ( '', #7398 ) ;
#1909 = EDGE_LOOP ( 'NONE', ( #4348 ) ) ;
#1910 =( NAMED_UNIT ( * ) PLANE_ANGLE_UNIT ( ) SI_UNIT ( $, .RADIAN. ) );
#1911 = CYLINDRICAL_SURFACE ( 'NONE', #7839, 0.8400000000000005240 ) ;
#1912 = SURFACE_STYLE_FILL_AREA ( #8700 ) ;
#1913 = ORIENTED_EDGE ( 'NONE', *, *, #5910, .F. ) ;
#1914 = DIRECTION ( 'NONE',  ( 0.000000000000000000, 1.000000000000000000, -0.000000000000000000 ) ) ;
#1915 = ORIENTED_EDGE ( 'NONE', *, *, #2969, .F. ) ;
#1916 = COLOUR_RGB ( '',0.7921568627450980005, 0.8196078431372548767, 0.9333333333333333481 ) ;
#1917 = EDGE_CURVE ( 'NONE', #5707, #8248, #8990, .T. ) ;
#1918 = UNCERTAINTY_MEASURE_WITH_UNIT (LENGTH_MEASURE( 1.000000000000000082E-05 ), #4354, 'distance_accuracy_value', 'NONE');
#1919 = LINE ( 'NONE', #9263, #8110 ) ;
#1920 = CARTESIAN_POINT ( 'NONE',  ( -7.296957046373735484E-16, 15.49999999999999289, -4.649999999999999467 ) ) ;
#1921 = CIRCLE ( 'NONE', #2081, 0.8400000000000004130 ) ;
#1922 = MECHANICAL_DESIGN_GEOMETRIC_PRESENTATION_REPRESENTATION (  '', ( #6663 ), #7416 ) ;
#1923 = CARTESIAN_POINT ( 'NONE',  ( -6.049999999999999822, 10.69999999999999929, -2.741681084241538002 ) ) ;
#1924 = MANIFOLD_SOLID_BREP ( 'FS90R_Housing-1-solid1', #2781 ) ;
#1925 = AXIS2_PLACEMENT_3D ( 'NONE', #3592, #7265, #2886 ) ;
#1926 = MECHANICAL_DESIGN_GEOMETRIC_PRESENTATION_REPRESENTATION (  '', ( #2088 ), #5391 ) ;
#1927 = DIRECTION ( 'NONE',  ( 0.000000000000000000, 1.000000000000000000, 0.000000000000000000 ) ) ;
#1928 = MECHANICAL_DESIGN_GEOMETRIC_PRESENTATION_REPRESENTATION (  '', ( #9493 ), #8538 ) ;
#1929 = ORIENTED_EDGE ( 'NONE', *, *, #3818, .F. ) ;
#1930 =( LENGTH_UNIT ( ) NAMED_UNIT ( * ) SI_UNIT ( .MILLI., .METRE. ) );
#1931 = DIRECTION ( 'NONE',  ( -1.000000000000000000, 0.000000000000000000, 0.000000000000000000 ) ) ;
#1932 =( LENGTH_UNIT ( ) NAMED_UNIT ( * ) SI_UNIT ( .MILLI., .METRE. ) );
#1933 = ADVANCED_FACE ( 'NONE', ( #1112 ), #3793, .T. ) ;
#1934 = ORIENTED_EDGE ( 'NONE', *, *, #3734, .F. ) ;
#1935 = FACE_OUTER_BOUND ( 'NONE', #7245, .T. ) ;
#1936 = SURFACE_STYLE_USAGE ( .BOTH. , #3420 ) ;
#1937 = COLOUR_RGB ( '',0.7764705882352941346, 0.7568627450980391913, 0.7372549019607843590 ) ;
#1938 = AXIS2_PLACEMENT_3D ( 'NONE', #9391, #5682, #4918 ) ;
#1939 = FACE_OUTER_BOUND ( 'NONE', #2183, .T. ) ;
#1940 = CARTESIAN_POINT ( 'NONE',  ( -6.049999999999999822, 7.500000000000000000, -15.64999999999999325 ) ) ;
#1941 = DIRECTION ( 'NONE',  ( 0.000000000000000000, 0.000000000000000000, 1.000000000000000000 ) ) ;
#1942 = MECHANICAL_DESIGN_GEOMETRIC_PRESENTATION_REPRESENTATION (  '', ( #6854 ), #1801 ) ;
#1943 = ORIENTED_EDGE ( 'NONE', *, *, #2413, .T. ) ;
#1944 = ADVANCED_FACE ( 'NONE', ( #8638 ), #9283, .T. ) ;
#1945 = SURFACE_STYLE_FILL_AREA ( #9587 ) ;
#1946 = AXIS2_PLACEMENT_3D ( 'NONE', #7368, #3448, #2124 ) ;
#1947 = ORIENTED_EDGE ( 'NONE', *, *, #8299, .F. ) ;
#1948 = SURFACE_SIDE_STYLE ('',( #9495 ) ) ;
#1949 = DIRECTION ( 'NONE',  ( -0.000000000000000000, -1.000000000000000000, -0.000000000000000000 ) ) ;
#1950 = DIRECTION ( 'NONE',  ( 0.000000000000000000, 0.000000000000000000, -1.000000000000000000 ) ) ;
#1951 = DIRECTION ( 'NONE',  ( 0.000000000000000000, 0.000000000000000000, 1.000000000000000000 ) ) ;
#1952 = AXIS2_PLACEMENT_3D ( 'NONE', #1851, #5013, #8628 ) ;
#1953 = SURFACE_STYLE_FILL_AREA ( #1120 ) ;
#1954 = CYLINDRICAL_SURFACE ( 'NONE', #198, 2.299999999999998046 ) ;
#1955 = EDGE_LOOP ( 'NONE', ( #5388, #2852, #5606, #5905 ) ) ;
#1956 = ADVANCED_FACE ( 'NONE', ( #1069 ), #4088, .T. ) ;
#1957 = ORIENTED_EDGE ( 'NONE', *, *, #191, .T. ) ;
#1958 =( LENGTH_UNIT ( ) NAMED_UNIT ( * ) SI_UNIT ( .MILLI., .METRE. ) );
#1959 = PRESENTATION_LAYER_ASSIGNMENT (  '', '', ( #6704 ) ) ;
#1960 = FILL_AREA_STYLE ('',( #8010 ) ) ;
#1961 = FACE_OUTER_BOUND ( 'NONE', #5064, .T. ) ;
#1962 =( GEOMETRIC_REPRESENTATION_CONTEXT ( 3 ) GLOBAL_UNCERTAINTY_ASSIGNED_CONTEXT ( ( #6973 ) ) GLOBAL_UNIT_ASSIGNED_CONTEXT ( ( #3852, #101, #9663 ) ) REPRESENTATION_CONTEXT ( 'NONE', 'WORKASPACE' ) );
#1963 = SURFACE_STYLE_USAGE ( .BOTH. , #4341 ) ;
#1964 = EDGE_LOOP ( 'NONE', ( #158, #7395, #8346, #927 ) ) ;
#1965 = LINE ( 'NONE', #2899, #70 ) ;
#1966 = STYLED_ITEM ( 'NONE', ( #3351 ), #5848 ) ;
#1967 = VERTEX_POINT ( 'NONE', #2099 ) ;
#1968 = EDGE_CURVE ( 'NONE', #6892, #2419, #7885, .T. ) ;
#1969 = SURFACE_STYLE_USAGE ( .BOTH. , #3607 ) ;
#1970 =( NAMED_UNIT ( * ) SI_UNIT ( $, .STERADIAN. ) SOLID_ANGLE_UNIT ( ) );
#1971 = DIRECTION ( 'NONE',  ( 0.000000000000000000, 0.000000000000000000, 1.000000000000000000 ) ) ;
#1972 = DIRECTION ( 'NONE',  ( -0.5633200580636117394, 0.000000000000000000, -0.8262387743160019005 ) ) ;
#1973 = MECHANICAL_DESIGN_GEOMETRIC_PRESENTATION_REPRESENTATION (  '', ( #8891 ), #8722 ) ;
#1974 = FILL_AREA_STYLE ('',( #5718 ) ) ;
#1975 = VECTOR ( 'NONE', #1883, 1000.000000000000000 ) ;
#1976 = CARTESIAN_POINT ( 'NONE',  ( -2.196564625987929897, 15.50000000000000000, -0.05317708333333397153 ) ) ;
#1977 = SURFACE_SIDE_STYLE ('',( #8483 ) ) ;
#1978 = ORIENTED_EDGE ( 'NONE', *, *, #7548, .T. ) ;
#1979 = FACE_OUTER_BOUND ( 'NONE', #5067, .T. ) ;
#1980 = CARTESIAN_POINT ( 'NONE',  ( 0.3566829148483815493, 15.49999999999999467, -7.090851693577659098 ) ) ;
#1981 = VECTOR ( 'NONE', #8660, 1000.000000000000000 ) ;
#1982 = EDGE_LOOP ( 'NONE', ( #8359 ) ) ;
#1983 = CARTESIAN_POINT ( 'NONE',  ( 6.049999999997322853, 11.14082833661574057, -4.737955026678814185 ) ) ;
#1984 = FILL_AREA_STYLE_COLOUR ( '', #4307 ) ;
#1985 = SURFACE_STYLE_USAGE ( .BOTH. , #1357 ) ;
#1986 = EDGE_CURVE ( 'NONE', #6365, #4078, #1921, .T. ) ;
#1987 = MECHANICAL_DESIGN_GEOMETRIC_PRESENTATION_REPRESENTATION (  '', ( #7643 ), #4368 ) ;
#1988 = EDGE_LOOP ( 'NONE', ( #1422, #2806, #7713, #5335 ) ) ;
#1989 = DIRECTION ( 'NONE',  ( 0.000000000000000000, 1.000000000000000000, 0.000000000000000000 ) ) ;
#1990 = UNCERTAINTY_MEASURE_WITH_UNIT (LENGTH_MEASURE( 1.000000000000000082E-05 ), #3094, 'distance_accuracy_value', 'NONE');
#1991 = ORIENTED_EDGE ( 'NONE', *, *, #2526, .T. ) ;
#1992 = DIRECTION ( 'NONE',  ( 0.000000000000000000, 1.000000000000000000, 0.000000000000000000 ) ) ;
#1993 = DIRECTION ( 'NONE',  ( 0.000000000000000000, 0.000000000000000000, -1.000000000000000000 ) ) ;
#1994 = CARTESIAN_POINT ( 'NONE',  ( 1.735475740250862708, 18.49999999999999645, -5.787906697723670391 ) ) ;
#1995 =( GEOMETRIC_REPRESENTATION_CONTEXT ( 3 ) GLOBAL_UNCERTAINTY_ASSIGNED_CONTEXT ( ( #6440 ) ) GLOBAL_UNIT_ASSIGNED_CONTEXT ( ( #3142, #3046, #3798 ) ) REPRESENTATION_CONTEXT ( 'NONE', 'WORKASPACE' ) );
#1996 =( LENGTH_UNIT ( ) NAMED_UNIT ( * ) SI_UNIT ( .MILLI., .METRE. ) );
#1997 = CARTESIAN_POINT ( 'NONE',  ( -5.549999999999998934, 8.000000000000000000, -16.14999999999999503 ) ) ;
#1998 = EDGE_CURVE ( 'NONE', #5959, #4383, #2789, .T. ) ;
#1999 = PRESENTATION_STYLE_ASSIGNMENT (( #2744 ) ) ;
#2000 =( LENGTH_UNIT ( ) NAMED_UNIT ( * ) SI_UNIT ( .MILLI., .METRE. ) );
#2001 = SURFACE_SIDE_STYLE ('',( #6599 ) ) ;
#2002 = ORIENTED_EDGE ( 'NONE', *, *, #1127, .F. ) ;
#2003 = CARTESIAN_POINT ( 'NONE',  ( 1.470347122539855000, 15.49999999999999467, -4.028893252522862234 ) ) ;
#2004 = CARTESIAN_POINT ( 'NONE',  ( -0.9541539540823619214, 10.86240265671020033, -11.24999999999999822 ) ) ;
#2005 = DIRECTION ( 'NONE',  ( 0.000000000000000000, 0.000000000000000000, 1.000000000000000000 ) ) ;
#2006 = VERTEX_POINT ( 'NONE', #3474 ) ;
#2007 = SURFACE_SIDE_STYLE ('',( #8898 ) ) ;
#2008 = AXIS2_PLACEMENT_3D ( 'NONE', #3706, #2182, #5709 ) ;
#2009 = DIRECTION ( 'NONE',  ( 0.000000000000000000, 1.000000000000000000, 0.000000000000000000 ) ) ;
#2010 = ADVANCED_FACE ( 'NONE', ( #2735 ), #4222, .T. ) ;
#2011 = COLOUR_RGB ( '',0.7764705882352941346, 0.7568627450980391913, 0.7372549019607843590 ) ;
#2012 = VERTEX_POINT ( 'NONE', #5069 ) ;
#2013 =( LENGTH_UNIT ( ) NAMED_UNIT ( * ) SI_UNIT ( .MILLI., .METRE. ) );
#2014 = ORIENTED_EDGE ( 'NONE', *, *, #2286, .T. ) ;
#2015 = FACE_OUTER_BOUND ( 'NONE', #1909, .T. ) ;
#2016 = SURFACE_STYLE_FILL_AREA ( #6668 ) ;
#2017 = ORIENTED_EDGE ( 'NONE', *, *, #2248, .F. ) ;
#2018 = PRESENTATION_STYLE_ASSIGNMENT (( #8216 ) ) ;
#2019 = DIRECTION ( 'NONE',  ( 0.000000000000000000, 0.000000000000000000, 1.000000000000000000 ) ) ;
#2020 = PRESENTATION_LAYER_ASSIGNMENT (  '', '', ( #772 ) ) ;
#2021 = DIRECTION ( 'NONE',  ( -0.000000000000000000, 1.000000000000000000, -0.000000000000000000 ) ) ;
#2022 = CARTESIAN_POINT ( 'NONE',  ( 5.549999999999998934, 7.500000000000000000, 0.000000000000000000 ) ) ;
#2023 = EDGE_CURVE ( 'NONE', #6656, #7235, #8365, .T. ) ;
#2024 = SURFACE_STYLE_FILL_AREA ( #7931 ) ;
#2025 = CYLINDRICAL_SURFACE ( 'NONE', #2881, 1.848999999999999977 ) ;
#2026 = FILL_AREA_STYLE_COLOUR ( '', #5576 ) ;
#2027 = VERTEX_POINT ( 'NONE', #1094 ) ;
#2028 = PRESENTATION_LAYER_ASSIGNMENT (  '', '', ( #5034 ) ) ;
#2029 = PRESENTATION_STYLE_ASSIGNMENT (( #3519 ) ) ;
#2030 = SPHERICAL_SURFACE ( 'NONE', #4948, 0.5000000000000000000 ) ;
#2031 =( LENGTH_UNIT ( ) NAMED_UNIT ( * ) SI_UNIT ( .MILLI., .METRE. ) );
#2032 = COLOUR_RGB ( '',0.1058823529411764691, 0.6352941176470587870, 0.9411764705882352811 ) ;
#2033 = CARTESIAN_POINT ( 'NONE',  ( 6.049999999999999822, 8.000000000000000000, 11.24999999999999645 ) ) ;
#2034 = COLOUR_RGB ( '',0.1058823529411764691, 0.6352941176470587870, 0.9411764705882352811 ) ;
#2035 = ORIENTED_EDGE ( 'NONE', *, *, #8668, .F. ) ;
#2036 = STYLED_ITEM ( 'NONE', ( #627 ), #8798 ) ;
#2037 = CARTESIAN_POINT ( 'NONE',  ( 6.049999999999999822, 11.19999999999999929, -11.25000000000000178 ) ) ;
#2038 = FILL_AREA_STYLE ('',( #5785 ) ) ;
#2039 = CARTESIAN_POINT ( 'NONE',  ( -7.296957046373735484E-16, 15.49999999999999467, -5.150000000000000355 ) ) ;
#2040 = AXIS2_PLACEMENT_3D ( 'NONE', #4899, #4944, #7926 ) ;
#2041 = CARTESIAN_POINT ( 'NONE',  ( -5.549999999999998934, 10.69999999999999929, -10.75000000000000000 ) ) ;
#2042 = ORIENTED_EDGE ( 'NONE', *, *, #41, .T. ) ;
#2043 = DIRECTION ( 'NONE',  ( 0.000000000000000000, -1.000000000000000000, 0.000000000000000000 ) ) ;
#2044 = VERTEX_POINT ( 'NONE', #7782 ) ;
#2045 = SURFACE_SIDE_STYLE ('',( #579 ) ) ;
#2046 = ADVANCED_FACE ( 'NONE', ( #2664 ), #1008, .T. ) ;
#2047 = CIRCLE ( 'NONE', #1270, 1.849000000000000199 ) ;
#2048 =( NAMED_UNIT ( * ) SI_UNIT ( $, .STERADIAN. ) SOLID_ANGLE_UNIT ( ) );
#2049 = SURFACE_STYLE_USAGE ( .BOTH. , #6493 ) ;
#2050 = DIRECTION ( 'NONE',  ( 0.000000000000000000, 0.000000000000000000, 1.000000000000000000 ) ) ;
#2051 = SURFACE_STYLE_FILL_AREA ( #630 ) ;
#2052 = CARTESIAN_POINT ( 'NONE',  ( -0.6419679961125814849, 15.49999999999999467, -3.283986846194484777 ) ) ;
#2053 = COLOUR_RGB ( '',0.7764705882352941346, 0.7568627450980391913, 0.7372549019607843590 ) ;
#2054 = VERTEX_POINT ( 'NONE', #5528 ) ;
#2055 = CARTESIAN_POINT ( 'NONE',  ( -5.049999999999998934, -9.199999999999999289, 10.24999999999999822 ) ) ;
#2056 = LINE ( 'NONE', #5177, #3611 ) ;
#2057 = VERTEX_POINT ( 'NONE', #6272 ) ;
#2058 = DIRECTION ( 'NONE',  ( -0.000000000000000000, 1.000000000000000000, -0.000000000000000000 ) ) ;
#2059 = ADVANCED_FACE ( 'NONE', ( #314 ), #1145, .T. ) ;
#2060 = AXIS2_PLACEMENT_3D ( 'NONE', #4604, #114, #8475 ) ;
#2061 = PRESENTATION_STYLE_ASSIGNMENT (( #8799 ) ) ;
#2062 = SURFACE_STYLE_USAGE ( .BOTH. , #5180 ) ;
#2063 = ORIENTED_EDGE ( 'NONE', *, *, #8321, .F. ) ;
#2064 = CARTESIAN_POINT ( 'NONE',  ( 1.580786964577256759, 18.49999999999999645, -6.109121250219502031 ) ) ;
#2065 = VERTEX_POINT ( 'NONE', #4019 ) ;
#2066 = DIRECTION ( 'NONE',  ( -1.000000000000000000, 0.000000000000000000, -0.000000000000000000 ) ) ;
#2067 = CYLINDRICAL_SURFACE ( 'NONE', #6257, 0.8400000000000005240 ) ;
#2068 = MECHANICAL_DESIGN_GEOMETRIC_PRESENTATION_REPRESENTATION (  '', ( #9299 ), #2396 ) ;
#2069 = EDGE_LOOP ( 'NONE', ( #3984, #8473, #3545, #622 ) ) ;
#2070 = CYLINDRICAL_SURFACE ( 'NONE', #7044, 1.848999999999999977 ) ;
#2071 = ADVANCED_FACE ( 'NONE', ( #9423 ), #4950, .T. ) ;
#2072 =( NAMED_UNIT ( * ) PLANE_ANGLE_UNIT ( ) SI_UNIT ( $, .RADIAN. ) );
#2073 = DIRECTION ( 'NONE',  ( -0.000000000000000000, -0.000000000000000000, 1.000000000000000000 ) ) ;
#2074 = MANIFOLD_SOLID_BREP ( 'FS90R_Housing-1-solid3', #7181 ) ;
#2075 = CARTESIAN_POINT ( 'NONE',  ( 0.5207437878910807783, 15.49999999999999467, -7.053405869902910297 ) ) ;
#2076 = DIRECTION ( 'NONE',  ( 0.000000000000000000, 1.000000000000000000, 0.000000000000000000 ) ) ;
#2077 =( LENGTH_UNIT ( ) NAMED_UNIT ( * ) SI_UNIT ( .MILLI., .METRE. ) );
#2078 = DIRECTION ( 'NONE',  ( 0.000000000000000000, 0.000000000000000000, 1.000000000000000000 ) ) ;
#2079 = CYLINDRICAL_SURFACE ( 'NONE', #6340, 2.299999999999998046 ) ;
#2080 = EDGE_CURVE ( 'NONE', #8659, #8659, #5874, .T. ) ;
#2081 = AXIS2_PLACEMENT_3D ( 'NONE', #3427, #1992, #1215 ) ;
#2082 = AXIS2_PLACEMENT_3D ( 'NONE', #1278, #8745, #2804 ) ;
#2083 = ORIENTED_EDGE ( 'NONE', *, *, #3605, .T. ) ;
#2084 =( NAMED_UNIT ( * ) SI_UNIT ( $, .STERADIAN. ) SOLID_ANGLE_UNIT ( ) );
#2085 = CIRCLE ( 'NONE', #4768, 0.5000000000000004441 ) ;
#2086 = DIRECTION ( 'NONE',  ( 0.000000000000000000, 1.000000000000000000, 0.000000000000000000 ) ) ;
#2087 =( LENGTH_UNIT ( ) NAMED_UNIT ( * ) SI_UNIT ( .MILLI., .METRE. ) );
#2088 = STYLED_ITEM ( 'NONE', ( #2897 ), #3958 ) ;
#2089 = VECTOR ( 'NONE', #3593, 1000.000000000000000 ) ;
#2090 = COLOUR_RGB ( '',0.7764705882352941346, 0.7568627450980391913, 0.7372549019607843590 ) ;
#2091 = CARTESIAN_POINT ( 'NONE',  ( 1.000000000000000000, 8.000000000000000000, -15.64999999999999325 ) ) ;
#2092 = STYLED_ITEM ( 'NONE', ( #585 ), #5321 ) ;
#2093 = ORIENTED_EDGE ( 'NONE', *, *, #8020, .F. ) ;
#2094 = FILL_AREA_STYLE_COLOUR ( '', #4560 ) ;
#2095 = COLOUR_RGB ( '',0.1058823529411764691, 0.6352941176470587870, 0.9411764705882352811 ) ;
#2096 = PRESENTATION_LAYER_ASSIGNMENT (  '', '', ( #680 ) ) ;
#2097 = UNCERTAINTY_MEASURE_WITH_UNIT (LENGTH_MEASURE( 1.000000000000000082E-05 ), #6421, 'distance_accuracy_value', 'NONE');
#2098 = ORIENTED_EDGE ( 'NONE', *, *, #7592, .F. ) ;
#2099 = CARTESIAN_POINT ( 'NONE',  ( -1.706080484939278996, 18.49999999999999645, -4.437195413237710717 ) ) ;
#2100 = AXIS2_PLACEMENT_3D ( 'NONE', #6433, #421, #1402 ) ;
#2101 = LINE ( 'NONE', #8982, #4033 ) ;
#2102 = FACE_OUTER_BOUND ( 'NONE', #6034, .T. ) ;
#2103 = DIRECTION ( 'NONE',  ( 0.000000000000000000, 1.000000000000000000, -0.000000000000000000 ) ) ;
#2104 = COLOUR_RGB ( '',0.1058823529411764691, 0.6352941176470587870, 0.9411764705882352811 ) ;
#2105 = EDGE_CURVE ( 'NONE', #5838, #7601, #8072, .T. ) ;
#2106 = DIRECTION ( 'NONE',  ( -0.000000000000000000, 1.000000000000000000, -0.000000000000000000 ) ) ;
#2107 = SURFACE_STYLE_USAGE ( .BOTH. , #8103 ) ;
#2108 = STYLED_ITEM ( 'NONE', ( #4844 ), #2306 ) ;
#2109 = DIRECTION ( 'NONE',  ( 1.000000000000000000, 0.000000000000000000, 0.000000000000000000 ) ) ;
#2110 = VERTEX_POINT ( 'NONE', #5774 ) ;
#2111 = SURFACE_STYLE_FILL_AREA ( #8837 ) ;
#2112 = DIRECTION ( 'NONE',  ( -1.000000000000000000, 0.000000000000000000, 0.000000000000000000 ) ) ;
#2113 = CARTESIAN_POINT ( 'NONE',  ( -7.296957046373735484E-16, 18.49999999999999645, -5.150000000000000355 ) ) ;
#2114 = VERTEX_POINT ( 'NONE', #3460 ) ;
#2115 = FILL_AREA_STYLE ('',( #592 ) ) ;
#2116 = AXIS2_PLACEMENT_3D ( 'NONE', #4359, #8177, #1395 ) ;
#2117 = AXIS2_PLACEMENT_3D ( 'NONE', #155, #749, #6873 ) ;
#2118 = CARTESIAN_POINT ( 'NONE',  ( -0.2312395857285642065, 15.49999999999999467, -3.190240766777691750 ) ) ;
#2119 = CIRCLE ( 'NONE', #4486, 0.8400000000000003020 ) ;
#2120 =( LENGTH_UNIT ( ) NAMED_UNIT ( * ) SI_UNIT ( .MILLI., .METRE. ) );
#2121 = EDGE_CURVE ( 'NONE', #8868, #4760, #7127, .T. ) ;
#2122 = EDGE_CURVE ( 'NONE', #1253, #8038, #5402, .T. ) ;
#2123 = VERTEX_POINT ( 'NONE', #4450 ) ;
#2124 = DIRECTION ( 'NONE',  ( 0.000000000000000000, 0.000000000000000000, -1.000000000000000000 ) ) ;
#2125 = CARTESIAN_POINT ( 'NONE',  ( 5.549999999999998934, 5.500000000000000888, 15.65000000000000036 ) ) ;
#2126 = ORIENTED_EDGE ( 'NONE', *, *, #5808, .T. ) ;
#2127 =( NAMED_UNIT ( * ) SI_UNIT ( $, .STERADIAN. ) SOLID_ANGLE_UNIT ( ) );
#2128 = ORIENTED_EDGE ( 'NONE', *, *, #1434, .F. ) ;
#2129 = CIRCLE ( 'NONE', #6538, 6.049999999999999822 ) ;
#2130 = FACE_OUTER_BOUND ( 'NONE', #8387, .T. ) ;
#2131 = VECTOR ( 'NONE', #6528, 1000.000000000000000 ) ;
#2132 = CARTESIAN_POINT ( 'NONE',  ( -0.4999999999999995559, 5.500000000000000888, -15.64999999999999325 ) ) ;
#2133 = PRESENTATION_STYLE_ASSIGNMENT (( #5967 ) ) ;
#2134 = STYLED_ITEM ( 'NONE', ( #997 ), #8310 ) ;
#2135 = FILL_AREA_STYLE_COLOUR ( '', #2246 ) ;
#2136 = PRESENTATION_STYLE_ASSIGNMENT (( #2959 ) ) ;
#2137 = PRESENTATION_LAYER_ASSIGNMENT (  '', '', ( #5132 ) ) ;
#2138 = MECHANICAL_DESIGN_GEOMETRIC_PRESENTATION_REPRESENTATION (  '', ( #8097 ), #4817 ) ;
#2139 = ADVANCED_FACE ( 'NONE', ( #2913 ), #2025, .T. ) ;
#2140 = DIRECTION ( 'NONE',  ( 0.000000000000000000, 0.000000000000000000, 1.000000000000000000 ) ) ;
#2141 = PRESENTATION_STYLE_ASSIGNMENT (( #8079 ) ) ;
#2142 = CARTESIAN_POINT ( 'NONE',  ( -0.1180935329719635107, 15.49999999999999467, -2.853033757873182807 ) ) ;
#2143 = ORIENTED_EDGE ( 'NONE', *, *, #9739, .T. ) ;
#2144 = PRESENTATION_STYLE_ASSIGNMENT (( #8870 ) ) ;
#2145 = DIRECTION ( 'NONE',  ( 0.000000000000000000, 1.000000000000000000, 0.000000000000000000 ) ) ;
#2146 = CARTESIAN_POINT ( 'NONE',  ( -6.049999999999999822, 10.69999999999999929, -7.558318915758460044 ) ) ;
#2147 = ORIENTED_EDGE ( 'NONE', *, *, #1998, .T. ) ;
#2148 = AXIS2_PLACEMENT_3D ( 'NONE', #3014, #856, #910 ) ;
#2149 = SURFACE_STYLE_FILL_AREA ( #4410 ) ;
#2150 = AXIS2_PLACEMENT_3D ( 'NONE', #3774, #5296, #6795 ) ;
#2151 = FILL_AREA_STYLE_COLOUR ( '', #7682 ) ;
#2152 = ADVANCED_FACE ( 'NONE', ( #5239 ), #8224, .T. ) ;
#2153 = STYLED_ITEM ( 'NONE', ( #5042 ), #2752 ) ;
#2154 = CARTESIAN_POINT ( 'NONE',  ( 2.289650628371055596, 10.69999999999999929, -11.25000000000000178 ) ) ;
#2155 = AXIS2_PLACEMENT_3D ( 'NONE', #4610, #7677, #167 ) ;
#2156 = ORIENTED_EDGE ( 'NONE', *, *, #5997, .T. ) ;
#2157 = CIRCLE ( 'NONE', #447, 2.299999999999998046 ) ;
#2158 = CARTESIAN_POINT ( 'NONE',  ( 0.7658152457032850746, 15.49999999999999467, -3.467047829126324920 ) ) ;
#2159 = ORIENTED_EDGE ( 'NONE', *, *, #1968, .T. ) ;
#2160 = FILL_AREA_STYLE_COLOUR ( '', #7020 ) ;
#2161 = FILL_AREA_STYLE_COLOUR ( '', #2034 ) ;
#2162 = PRESENTATION_LAYER_ASSIGNMENT (  '', '', ( #7326 ) ) ;
#2163 = CARTESIAN_POINT ( 'NONE',  ( 5.549999999999998934, 8.000000000000000000, 16.15000000000000213 ) ) ;
#2164 = ADVANCED_FACE ( 'NONE', ( #59 ), #903, .T. ) ;
#2165 = PRESENTATION_LAYER_ASSIGNMENT (  '', '', ( #6746 ) ) ;
#2166 = FACE_OUTER_BOUND ( 'NONE', #6847, .T. ) ;
#2167 = COLOUR_RGB ( '',0.1058823529411764691, 0.6352941176470587870, 0.9411764705882352811 ) ;
#2168 = CARTESIAN_POINT ( 'NONE',  ( 1.000000000000000000, -11.20000000000000107, -15.09899959967968286 ) ) ;
#2169 = PLANE ( 'NONE',  #8225 ) ;
#2170 = ORIENTED_EDGE ( 'NONE', *, *, #4917, .T. ) ;
#2171 = COLOUR_RGB ( '',0.1058823529411764691, 0.6352941176470587870, 0.9411764705882352811 ) ;
#2172 = ORIENTED_EDGE ( 'NONE', *, *, #4746, .F. ) ;
#2173 = DIRECTION ( 'NONE',  ( 0.000000000000000000, 0.000000000000000000, 1.000000000000000000 ) ) ;
#2174 = STYLED_ITEM ( 'NONE', ( #3118 ), #226 ) ;
#2175 = MECHANICAL_DESIGN_GEOMETRIC_PRESENTATION_REPRESENTATION (  '', ( #6571 ), #4208 ) ;
#2176 = DIRECTION ( 'NONE',  ( 0.000000000000000000, 1.000000000000000000, 0.000000000000000000 ) ) ;
#2177 = CARTESIAN_POINT ( 'NONE',  ( -6.049999999999999822, 10.82053046428220711, -3.758880554310943811 ) ) ;
#2178 = ORIENTED_EDGE ( 'NONE', *, *, #9062, .F. ) ;
#2179 = SURFACE_SIDE_STYLE ('',( #3701 ) ) ;
#2180 = ORIENTED_EDGE ( 'NONE', *, *, #2080, .F. ) ;
#2181 = COLOUR_RGB ( '',0.7764705882352941346, 0.7568627450980391913, 0.7372549019607843590 ) ;
#2182 = DIRECTION ( 'NONE',  ( -0.000000000000000000, 1.000000000000000000, -0.000000000000000000 ) ) ;
#2183 = EDGE_LOOP ( 'NONE', ( #5365, #9088, #8663, #8705 ) ) ;
#2184 = UNCERTAINTY_MEASURE_WITH_UNIT (LENGTH_MEASURE( 1.000000000000000082E-05 ), #7076, 'distance_accuracy_value', 'NONE');
#2185 = CARTESIAN_POINT ( 'NONE',  ( -7.296957046373735484E-16, 15.49999999999999467, -5.150000000000000355 ) ) ;
#2186 = CARTESIAN_POINT ( 'NONE',  ( -0.7986154343352661611, 15.49999999999999467, -6.954533564733420548 ) ) ;
#2187 = SURFACE_SIDE_STYLE ('',( #5044 ) ) ;
#2188 =( NAMED_UNIT ( * ) PLANE_ANGLE_UNIT ( ) SI_UNIT ( $, .RADIAN. ) );
#2189 = PRESENTATION_STYLE_ASSIGNMENT (( #6735 ) ) ;
#2190 = FILL_AREA_STYLE ('',( #5869 ) ) ;
#2191 = DIRECTION ( 'NONE',  ( 0.000000000000000000, 1.000000000000000000, 0.000000000000000000 ) ) ;
#2192 = EDGE_LOOP ( 'NONE', ( #7420, #928, #6409, #3368 ) ) ;
#2193 = CARTESIAN_POINT ( 'NONE',  ( -1.930184350831132489, 18.49999999999999645, -3.899244879360234783 ) ) ;
#2194 = PRESENTATION_STYLE_ASSIGNMENT (( #8924 ) ) ;
#2195 = ORIENTED_EDGE ( 'NONE', *, *, #2822, .T. ) ;
#2196 = CARTESIAN_POINT ( 'NONE',  ( -2.181329988624807648, 18.49999999999999645, -4.420754169894614449 ) ) ;
#2197 = ADVANCED_FACE ( 'NONE', ( #6011 ), #9011, .T. ) ;
#2198 = DIRECTION ( 'NONE',  ( 1.000000000000000000, -0.000000000000000000, -0.000000000000000000 ) ) ;
#2199 = PRESENTATION_LAYER_ASSIGNMENT (  '', '', ( #5190 ) ) ;
#2200 = CARTESIAN_POINT ( 'NONE',  ( 1.525767412685497426, 10.76206427955819578, -11.25000000000000178 ) ) ;
#2201 = CYLINDRICAL_SURFACE ( 'NONE', #5870, 2.000000000000000000 ) ;
#2202 = ORIENTED_EDGE ( 'NONE', *, *, #7624, .F. ) ;
#2203 = PRESENTATION_STYLE_ASSIGNMENT (( #7716 ) ) ;
#2204 = ORIENTED_EDGE ( 'NONE', *, *, #641, .T. ) ;
#2205 = EDGE_CURVE ( 'NONE', #6226, #8987, #7755, .T. ) ;
#2206 = FILL_AREA_STYLE_COLOUR ( '', #3359 ) ;
#2207 = VECTOR ( 'NONE', #3051, 1000.000000000000000 ) ;
#2208 = DIRECTION ( 'NONE',  ( 0.000000000000000000, -0.000000000000000000, -1.000000000000000000 ) ) ;
#2209 = SURFACE_STYLE_FILL_AREA ( #7314 ) ;
#2210 = AXIS2_PLACEMENT_3D ( 'NONE', #2258, #4572, #7596 ) ;
#2211 = CIRCLE ( 'NONE', #7229, 0.5000000000000004441 ) ;
#2212 = CARTESIAN_POINT ( 'NONE',  ( 0.5000000000000000000, -11.20000000000000107, 0.000000000000000000 ) ) ;
#2213 = EDGE_LOOP ( 'NONE', ( #6451, #8683, #3693, #4453 ) ) ;
#2214 = DIRECTION ( 'NONE',  ( 0.000000000000000000, 0.000000000000000000, 1.000000000000000000 ) ) ;
#2215 = ORIENTED_EDGE ( 'NONE', *, *, #3903, .F. ) ;
#2216 = FILL_AREA_STYLE_COLOUR ( '', #1763 ) ;
#2217 = EDGE_CURVE ( 'NONE', #4203, #4203, #2733, .T. ) ;
#2218 = PRESENTATION_STYLE_ASSIGNMENT (( #3093 ) ) ;
#2219 = AXIS2_PLACEMENT_3D ( 'NONE', #9512, #3555, #6360 ) ;
#2220 = EDGE_LOOP ( 'NONE', ( #3954, #4915, #904 ) ) ;
#2221 =( BOUNDED_SURFACE ( )  B_SPLINE_SURFACE ( 3, 2, ( 
 ( #1530, #4532, #7610 ),
 ( #6717, #8351, #7511 ),
 ( #8204, #4643, #1623 ),
 ( #886, #3044, #3795 ),
 ( #2321, #6863, #2177 ),
 ( #4487, #6813, #6050 ),
 ( #3902, #7466, #8306 ),
 ( #9710, #2365, #5958 ) ),
 .UNSPECIFIED., .F., .F., .F. ) 
 B_SPLINE_SURFACE_WITH_KNOTS ( ( 4, 2, 2, 4 ),
 ( 3, 3 ),
 ( 0.001287284941849704432, 0.001913597923702521110, 0.002539910905555337571, 0.003792536869260970493 ),
 ( 0.000000000000000000, 1.000000000000000000 ),
 .UNSPECIFIED. ) 
 GEOMETRIC_REPRESENTATION_ITEM ( )  RATIONAL_B_SPLINE_SURFACE ( (
 ( 1.000000000000000000, 0.7071067811865482389, 1.000000000000000000),
 ( 1.000000000000000000, 0.7603735874584116594, 1.000000000000000000),
 ( 1.000000000000000000, 0.8039164976465992263, 1.000000000000000000),
 ( 1.000000000000000000, 0.8771181702937987934, 1.000000000000000000),
 ( 1.000000000000000000, 0.9067141109076142236, 1.000000000000000000),
 ( 1.000000000000000000, 0.9773009403182986166, 1.000000000000000000),
 ( 1.000000000000000000, 0.9999013165860155539, 1.000000000000000000),
 ( 1.000000000000000000, 1.000000000000000000, 1.000000000000000000) ) ) 
 REPRESENTATION_ITEM ( '' )  SURFACE ( )  );
#2222 = CARTESIAN_POINT ( 'NONE',  ( 6.049999999999999822, 0.000000000000000000, 15.65000000000000036 ) ) ;
#2223 = ORIENTED_EDGE ( 'NONE', *, *, #8121, .T. ) ;
#2224 = CARTESIAN_POINT ( 'NONE',  ( 6.049999999999999822, 6.000000000000000000, 0.000000000000000000 ) ) ;
#2225 = ORIENTED_EDGE ( 'NONE', *, *, #1636, .F. ) ;
#2226 = CIRCLE ( 'NONE', #5366, 2.299999999999998046 ) ;
#2227 = DIRECTION ( 'NONE',  ( -0.000000000000000000, 0.000000000000000000, 1.000000000000000000 ) ) ;
#2228 = CARTESIAN_POINT ( 'NONE',  ( 0.000000000000000000, 0.000000000000000000, 0.000000000000000000 ) ) ;
#2229 = MECHANICAL_DESIGN_GEOMETRIC_PRESENTATION_REPRESENTATION (  '', ( #8812 ), #3475 ) ;
#2230 = PRESENTATION_STYLE_ASSIGNMENT (( #602 ) ) ;
#2231 = FILL_AREA_STYLE_COLOUR ( '', #3732 ) ;
#2232 = DIRECTION ( 'NONE',  ( 1.000000000000000000, 0.000000000000000000, 0.000000000000000000 ) ) ;
#2233 =( NAMED_UNIT ( * ) SI_UNIT ( $, .STERADIAN. ) SOLID_ANGLE_UNIT ( ) );
#2234 = EDGE_CURVE ( 'NONE', #6432, #1770, #3533, .T. ) ;
#2235 = EDGE_LOOP ( 'NONE', ( #4139, #5828, #9718, #7617 ) ) ;
#2236 = CARTESIAN_POINT ( 'NONE',  ( 1.388025943102831450, 15.49999999999999467, -6.552680284128033605 ) ) ;
#2237 = CARTESIAN_POINT ( 'NONE',  ( 0.5000000000000000000, 8.000000000000000000, -0.000000000000000000 ) ) ;
#2238 = LINE ( 'NONE', #7486, #4163 ) ;
#2239 = DIRECTION ( 'NONE',  ( 0.000000000000000000, 0.000000000000000000, 1.000000000000000000 ) ) ;
#2240 = CARTESIAN_POINT ( 'NONE',  ( -5.549999999999998934, 8.000000000000000000, -11.25000000000000178 ) ) ;
#2241 = DIRECTION ( 'NONE',  ( 0.000000000000000000, 0.000000000000000000, 1.000000000000000000 ) ) ;
#2242 = SURFACE_SIDE_STYLE ('',( #518 ) ) ;
#2243 = AXIS2_PLACEMENT_3D ( 'NONE', #4384, #2058, #2173 ) ;
#2244 = DIRECTION ( 'NONE',  ( 1.000000000000000000, 0.000000000000000000, 0.000000000000000000 ) ) ;
#2245 = DIRECTION ( 'NONE',  ( 1.000000000000000000, 0.000000000000000000, 0.000000000000000000 ) ) ;
#2246 = COLOUR_RGB ( '',0.1058823529411764691, 0.6352941176470587870, 0.9411764705882352811 ) ;
#2247 = CARTESIAN_POINT ( 'NONE',  ( -2.213098219537703137, 18.49999999999999645, -5.776255755006725501 ) ) ;
#2248 = EDGE_CURVE ( 'NONE', #4078, #495, #4061, .T. ) ;
#2249 = DIRECTION ( 'NONE',  ( 0.000000000000000000, 0.000000000000000000, 1.000000000000000000 ) ) ;
#2250 = PRESENTATION_LAYER_ASSIGNMENT (  '', '', ( #6663 ) ) ;
#2251 = CARTESIAN_POINT ( 'NONE',  ( 0.9997286338319653076, 11.05545161265317766, -11.25000000000000178 ) ) ;
#2252 = PRESENTATION_STYLE_ASSIGNMENT (( #8334 ) ) ;
#2253 = ORIENTED_EDGE ( 'NONE', *, *, #4427, .F. ) ;
#2254 = ORIENTED_EDGE ( 'NONE', *, *, #7291, .F. ) ;
#2255 = AXIS2_PLACEMENT_3D ( 'NONE', #5285, #3102, #6917 ) ;
#2256 =( GEOMETRIC_REPRESENTATION_CONTEXT ( 3 ) GLOBAL_UNCERTAINTY_ASSIGNED_CONTEXT ( ( #2523 ) ) GLOBAL_UNIT_ASSIGNED_CONTEXT ( ( #8461, #984, #242 ) ) REPRESENTATION_CONTEXT ( 'NONE', 'WORKASPACE' ) );
#2257 = AXIS2_PLACEMENT_3D ( 'NONE', #8229, #3721, #8971 ) ;
#2258 = CARTESIAN_POINT ( 'NONE',  ( -5.549999999999998934, 10.69999999999999929, 10.74999999999999645 ) ) ;
#2259 = SURFACE_SIDE_STYLE ('',( #3082 ) ) ;
#2260 = AXIS2_PLACEMENT_3D ( 'NONE', #8050, #5122, #8102 ) ;
#2261 = EDGE_CURVE ( 'NONE', #3218, #3894, #3207, .T. ) ;
#2262 = CARTESIAN_POINT ( 'NONE',  ( 0.5000000000000000000, 8.000000000000000000, 15.65000000000000036 ) ) ;
#2263 =( GEOMETRIC_REPRESENTATION_CONTEXT ( 3 ) GLOBAL_UNCERTAINTY_ASSIGNED_CONTEXT ( ( #1662 ) ) GLOBAL_UNIT_ASSIGNED_CONTEXT ( ( #5536, #3419, #8539 ) ) REPRESENTATION_CONTEXT ( 'NONE', 'WORKASPACE' ) );
#2264 = COLOUR_RGB ( '',0.1058823529411764691, 0.6352941176470587870, 0.9411764705882352811 ) ;
#2265 = CARTESIAN_POINT ( 'NONE',  ( 5.549999999999999822, 11.19999999999999929, -7.558318915758456491 ) ) ;
#2266 = ORIENTED_EDGE ( 'NONE', *, *, #3462, .T. ) ;
#2267 = CARTESIAN_POINT ( 'NONE',  ( -5.549999999999998934, 10.69999999999999929, -10.75000000000000178 ) ) ;
#2268 = ORIENTED_EDGE ( 'NONE', *, *, #6422, .T. ) ;
#2269 = FILL_AREA_STYLE ('',( #9559 ) ) ;
#2270 = AXIS2_PLACEMENT_3D ( 'NONE', #6497, #2103, #9499 ) ;
#2271 = STYLED_ITEM ( 'NONE', ( #8430 ), #3450 ) ;
#2272 =( GEOMETRIC_REPRESENTATION_CONTEXT ( 3 ) GLOBAL_UNCERTAINTY_ASSIGNED_CONTEXT ( ( #5356 ) ) GLOBAL_UNIT_ASSIGNED_CONTEXT ( ( #8187, #5942, #3680 ) ) REPRESENTATION_CONTEXT ( 'NONE', 'WORKASPACE' ) );
#2273 = MECHANICAL_DESIGN_GEOMETRIC_PRESENTATION_REPRESENTATION (  '', ( #6190 ), #1318 ) ;
#2274 = UNCERTAINTY_MEASURE_WITH_UNIT (LENGTH_MEASURE( 1.000000000000000082E-05 ), #9634, 'distance_accuracy_value', 'NONE');
#2275 = EDGE_LOOP ( 'NONE', ( #8389, #326, #2215, #4124 ) ) ;
#2276 = SURFACE_SIDE_STYLE ('',( #6719 ) ) ;
#2277 = CARTESIAN_POINT ( 'NONE',  ( 6.050000000000167688, 11.12956694660850587, -7.396004905412190134 ) ) ;
#2278 =( LENGTH_UNIT ( ) NAMED_UNIT ( * ) SI_UNIT ( .MILLI., .METRE. ) );
#2279 = ORIENTED_EDGE ( 'NONE', *, *, #5440, .T. ) ;
#2280 = EDGE_LOOP ( 'NONE', ( #4264, #2582, #4977, #4393 ) ) ;
#2281 = AXIS2_PLACEMENT_3D ( 'NONE', #1184, #3558, #7325 ) ;
#2282 =( GEOMETRIC_REPRESENTATION_CONTEXT ( 3 ) GLOBAL_UNCERTAINTY_ASSIGNED_CONTEXT ( ( #4031 ) ) GLOBAL_UNIT_ASSIGNED_CONTEXT ( ( #8341, #9085, #34 ) ) REPRESENTATION_CONTEXT ( 'NONE', 'WORKASPACE' ) );
#2283 = DIRECTION ( 'NONE',  ( -0.000000000000000000, -0.000000000000000000, 1.000000000000000000 ) ) ;
#2284 = FILL_AREA_STYLE ('',( #8860 ) ) ;
#2285 = CIRCLE ( 'NONE', #7763, 0.8400000000000000799 ) ;
#2286 = EDGE_CURVE ( 'NONE', #2829, #2375, #4012, .T. ) ;
#2287 = CARTESIAN_POINT ( 'NONE',  ( 0.04022988571096710458, 15.49999999999999467, -3.301437705595053007 ) ) ;
#2288 = FILL_AREA_STYLE_COLOUR ( '', #6042 ) ;
#2289 = SURFACE_STYLE_USAGE ( .BOTH. , #8271 ) ;
#2290 = ORIENTED_EDGE ( 'NONE', *, *, #5328, .F. ) ;
#2291 = DIRECTION ( 'NONE',  ( -0.000000000000000000, 0.000000000000000000, 1.000000000000000000 ) ) ;
#2292 = SURFACE_SIDE_STYLE ('',( #6788 ) ) ;
#2293 = CARTESIAN_POINT ( 'NONE',  ( -0.3152944646524749595, 18.49999999999999645, -3.328080572429310102 ) ) ;
#2294 = STYLED_ITEM ( 'NONE', ( #6055 ), #8405 ) ;
#2295 = CYLINDRICAL_SURFACE ( 'NONE', #3, 2.299999999999998046 ) ;
#2296 =( NAMED_UNIT ( * ) SI_UNIT ( $, .STERADIAN. ) SOLID_ANGLE_UNIT ( ) );
#2297 = COLOUR_RGB ( '',0.7764705882352941346, 0.7568627450980391913, 0.7372549019607843590 ) ;
#2298 = CARTESIAN_POINT ( 'NONE',  ( -5.549999999999998934, 6.000000000000000000, -16.14999999999999503 ) ) ;
#2299 =( NAMED_UNIT ( * ) SI_UNIT ( $, .STERADIAN. ) SOLID_ANGLE_UNIT ( ) );
#2300 = LINE ( 'NONE', #3881, #9640 ) ;
#2301 = CARTESIAN_POINT ( 'NONE',  ( 1.058647331648755019, 15.49999999999999467, -6.815350961629703441 ) ) ;
#2302 = VECTOR ( 'NONE', #7689, 1000.000000000000000 ) ;
#2303 = ORIENTED_EDGE ( 'NONE', *, *, #8498, .T. ) ;
#2304 = ORIENTED_EDGE ( 'NONE', *, *, #4733, .T. ) ;
#2305 = CARTESIAN_POINT ( 'NONE',  ( 1.793262986480900434, 15.49999999999999467, -5.600565046710904937 ) ) ;
#2306 = ADVANCED_FACE ( 'NONE', ( #3961 ), #5612, .T. ) ;
#2307 = DIRECTION ( 'NONE',  ( -0.000000000000000000, -1.000000000000000000, -0.000000000000000000 ) ) ;
#2308 = AXIS2_PLACEMENT_3D ( 'NONE', #6975, #4556, #3113 ) ;
#2309 = COLOUR_RGB ( '',0.7764705882352941346, 0.7568627450980391913, 0.7372549019607843590 ) ;
#2310 =( LENGTH_UNIT ( ) NAMED_UNIT ( * ) SI_UNIT ( .MILLI., .METRE. ) );
#2311 = CARTESIAN_POINT ( 'NONE',  ( -6.150000000000000355, 1.500000000000001332, 9.999999999999998224 ) ) ;
#2312 = ORIENTED_EDGE ( 'NONE', *, *, #6108, .T. ) ;
#2313 = DIRECTION ( 'NONE',  ( 0.000000000000000000, 0.000000000000000000, 1.000000000000000000 ) ) ;
#2314 = EDGE_LOOP ( 'NONE', ( #1877, #3534, #2703, #6636 ) ) ;
#2315 = UNCERTAINTY_MEASURE_WITH_UNIT (LENGTH_MEASURE( 1.000000000000000082E-05 ), #3283, 'distance_accuracy_value', 'NONE');
#2316 = CARTESIAN_POINT ( 'NONE',  ( -7.296957046373735484E-16, 15.49999999999999467, -5.150000000000000355 ) ) ;
#2317 = DIRECTION ( 'NONE',  ( 0.000000000000000000, 0.000000000000000000, -1.000000000000000000 ) ) ;
#2318 = EDGE_CURVE ( 'NONE', #2110, #1183, #1965, .T. ) ;
#2319 = AXIS2_PLACEMENT_3D ( 'NONE', #9193, #9291, #4645 ) ;
#2320 = CIRCLE ( 'NONE', #9068, 1.848999999999999977 ) ;
#2321 = CARTESIAN_POINT ( 'NONE',  ( -5.871576869484177230, 11.19999999950120184, -3.676697394959510756 ) ) ;
#2322 = PRESENTATION_STYLE_ASSIGNMENT (( #47 ) ) ;
#2323 = DIRECTION ( 'NONE',  ( 0.000000000000000000, -0.000000000000000000, -1.000000000000000000 ) ) ;
#2324 = COLOUR_RGB ( '',0.1058823529411764691, 0.6352941176470587870, 0.9411764705882352811 ) ;
#2325 = CARTESIAN_POINT ( 'NONE',  ( 6.049999999999997158, 11.08820394168545853, -7.199084553054079016 ) ) ;
#2326 = CARTESIAN_POINT ( 'NONE',  ( -1.581581488407362013, 15.49999999999999467, -3.969861027787334962 ) ) ;
#2327 = ORIENTED_EDGE ( 'NONE', *, *, #5494, .F. ) ;
#2328 = CARTESIAN_POINT ( 'NONE',  ( -6.150000000000000355, 3.500000000000000444, -8.000000000000001776 ) ) ;
#2329 = VERTEX_POINT ( 'NONE', #6514 ) ;
#2330 = DIRECTION ( 'NONE',  ( 0.000000000000000000, 1.000000000000000000, 0.000000000000000000 ) ) ;
#2331 = STYLED_ITEM ( 'NONE', ( #8119 ), #1697 ) ;
#2332 = EDGE_CURVE ( 'NONE', #7708, #7988, #8858, .T. ) ;
#2333 = CYLINDRICAL_SURFACE ( 'NONE', #1179, 0.8400000000000000799 ) ;
#2334 = SURFACE_STYLE_FILL_AREA ( #2284 ) ;
#2335 = LINE ( 'NONE', #6966, #9316 ) ;
#2336 = VECTOR ( 'NONE', #2973, 1000.000000000000000 ) ;
#2337 =( NAMED_UNIT ( * ) SI_UNIT ( $, .STERADIAN. ) SOLID_ANGLE_UNIT ( ) );
#2338 = CARTESIAN_POINT ( 'NONE',  ( 0.5000000000000004441, 5.500000000000000888, 16.15000000000000213 ) ) ;
#2339 = ORIENTED_EDGE ( 'NONE', *, *, #7209, .T. ) ;
#2340 = PRESENTATION_STYLE_ASSIGNMENT (( #1690 ) ) ;
#2341 = CARTESIAN_POINT ( 'NONE',  ( -1.008092727557717394, 15.49999999999999467, -3.599983854069499056 ) ) ;
#2342 = DIRECTION ( 'NONE',  ( 0.000000000000000000, 1.000000000000000000, 0.000000000000000000 ) ) ;
#2343 = ADVANCED_FACE ( 'NONE', ( #6560 ), #5760, .T. ) ;
#2344 = AXIS2_PLACEMENT_3D ( 'NONE', #2850, #5090, #8753 ) ;
#2345 = LINE ( 'NONE', #3068, #5756 ) ;
#2346 = DIRECTION ( 'NONE',  ( -0.000000000000000000, 1.000000000000000000, -0.000000000000000000 ) ) ;
#2347 = CARTESIAN_POINT ( 'NONE',  ( -6.049999999999999822, 7.500000000000000000, 10.74999999999999645 ) ) ;
#2348 = DIRECTION ( 'NONE',  ( 0.000000000000000000, 0.000000000000000000, -1.000000000000000000 ) ) ;
#2349 = VERTEX_POINT ( 'NONE', #7918 ) ;
#2350 = ORIENTED_EDGE ( 'NONE', *, *, #4194, .F. ) ;
#2351 = CARTESIAN_POINT ( 'NONE',  ( 0.2357333623994358474, 15.49999999999999467, -6.983911334239432556 ) ) ;
#2352 = STYLED_ITEM ( 'NONE', ( #6286 ), #1341 ) ;
#2353 = LINE ( 'NONE', #3126, #2369 ) ;
#2354 = COLOUR_RGB ( '',0.1058823529411764691, 0.6352941176470587870, 0.9411764705882352811 ) ;
#2355 = UNCERTAINTY_MEASURE_WITH_UNIT (LENGTH_MEASURE( 1.000000000000000082E-05 ), #8758, 'distance_accuracy_value', 'NONE');
#2356 = CARTESIAN_POINT ( 'NONE',  ( 5.549999999999998934, 0.000000000000000000, 15.65000000000000036 ) ) ;
#2357 = B_SPLINE_CURVE_WITH_KNOTS ( 'NONE', 3,
 ( #5976, #5877, #6790, #8873, #6743, #1398, #7386, #2146 ),
 .UNSPECIFIED., .F., .F.,
 ( 4, 2, 2, 4 ),
 ( -1.489966442684246592E-05, 0.001220592255836127618, 0.001838338215967613275, 0.002456084176099098716 ),
 .UNSPECIFIED. ) ;
#2358 = ORIENTED_EDGE ( 'NONE', *, *, #593, .T. ) ;
#2359 = AXIS2_PLACEMENT_3D ( 'NONE', #7116, #3375, #971 ) ;
#2360 = DIRECTION ( 'NONE',  ( -0.000000000000000000, 1.000000000000000000, -0.000000000000000000 ) ) ;
#2361 = AXIS2_PLACEMENT_3D ( 'NONE', #8438, #269, #7829 ) ;
#2362 = ORIENTED_EDGE ( 'NONE', *, *, #1104, .T. ) ;
#2363 = AXIS2_PLACEMENT_3D ( 'NONE', #7739, #7109, #1894 ) ;
#2364 = MECHANICAL_DESIGN_GEOMETRIC_PRESENTATION_REPRESENTATION (  '', ( #3623 ), #8159 ) ;
#2365 = CARTESIAN_POINT ( 'NONE',  ( -6.050000000000001599, 11.19999999999999929, -5.150000000000000355 ) ) ;
#2366 = UNCERTAINTY_MEASURE_WITH_UNIT (LENGTH_MEASURE( 1.000000000000000082E-05 ), #8350, 'distance_accuracy_value', 'NONE');
#2367 = CARTESIAN_POINT ( 'NONE',  ( 1.846399722430719592, 15.49999999999999467, -5.051974161529932061 ) ) ;
#2368 =( NAMED_UNIT ( * ) PLANE_ANGLE_UNIT ( ) SI_UNIT ( $, .RADIAN. ) );
#2369 = VECTOR ( 'NONE', #3079, 1000.000000000000000 ) ;
#2370 = DIRECTION ( 'NONE',  ( 0.000000000000000000, 0.000000000000000000, 1.000000000000000000 ) ) ;
#2371 = ORIENTED_EDGE ( 'NONE', *, *, #9459, .F. ) ;
#2372 = EDGE_CURVE ( 'NONE', #7458, #2065, #8905, .T. ) ;
#2373 = FILL_AREA_STYLE_COLOUR ( '', #943 ) ;
#2374 = DIRECTION ( 'NONE',  ( 0.000000000000000000, 0.000000000000000000, -1.000000000000000000 ) ) ;
#2375 = VERTEX_POINT ( 'NONE', #4293 ) ;
#2376 =( LENGTH_UNIT ( ) NAMED_UNIT ( * ) SI_UNIT ( .MILLI., .METRE. ) );
#2377 = CARTESIAN_POINT ( 'NONE',  ( 1.580786964577243658, 15.49999999999999467, -4.190878749780475587 ) ) ;
#2378 = STYLED_ITEM ( 'NONE', ( #5033 ), #9368 ) ;
#2379 = CARTESIAN_POINT ( 'NONE',  ( -6.049999999999999822, 10.69999999999999929, -7.558318915758460044 ) ) ;
#2380 = SURFACE_STYLE_FILL_AREA ( #6112 ) ;
#2381 = ORIENTED_EDGE ( 'NONE', *, *, #9739, .F. ) ;
#2382 = EDGE_CURVE ( 'NONE', #1279, #6260, #381, .T. ) ;
#2383 = DIRECTION ( 'NONE',  ( 0.000000000000000000, 0.000000000000000000, 1.000000000000000000 ) ) ;
#2384 = DIRECTION ( 'NONE',  ( 0.000000000000000000, 0.000000000000000000, 1.000000000000000000 ) ) ;
#2385 = UNCERTAINTY_MEASURE_WITH_UNIT (LENGTH_MEASURE( 1.000000000000000082E-05 ), #6595, 'distance_accuracy_value', 'NONE');
#2386 = SURFACE_STYLE_FILL_AREA ( #4511 ) ;
#2387 = CARTESIAN_POINT ( 'NONE',  ( 0.7071067811865477948, 5.707106781186546129, 16.15000000000000213 ) ) ;
#2388 =( NAMED_UNIT ( * ) PLANE_ANGLE_UNIT ( ) SI_UNIT ( $, .RADIAN. ) );
#2389 = AXIS2_PLACEMENT_3D ( 'NONE', #4658, #9113, #2384 ) ;
#2390 =( NAMED_UNIT ( * ) PLANE_ANGLE_UNIT ( ) SI_UNIT ( $, .RADIAN. ) );
#2391 = EDGE_CURVE ( 'NONE', #3853, #8960, #1492, .T. ) ;
#2392 = CARTESIAN_POINT ( 'NONE',  ( 5.549999999999998934, 10.69999999999999929, -11.25000000000000178 ) ) ;
#2393 = DIRECTION ( 'NONE',  ( -0.000000000000000000, -1.000000000000000000, -0.000000000000000000 ) ) ;
#2394 = SURFACE_STYLE_FILL_AREA ( #865 ) ;
#2395 = VERTEX_POINT ( 'NONE', #2064 ) ;
#2396 =( GEOMETRIC_REPRESENTATION_CONTEXT ( 3 ) GLOBAL_UNCERTAINTY_ASSIGNED_CONTEXT ( ( #5235 ) ) GLOBAL_UNIT_ASSIGNED_CONTEXT ( ( #731, #9756, #8347 ) ) REPRESENTATION_CONTEXT ( 'NONE', 'WORKASPACE' ) );
#2397 = ORIENTED_EDGE ( 'NONE', *, *, #3371, .T. ) ;
#2398 = VECTOR ( 'NONE', #3851, 1000.000000000000000 ) ;
#2399 =( NAMED_UNIT ( * ) PLANE_ANGLE_UNIT ( ) SI_UNIT ( $, .RADIAN. ) );
#2400 = DIRECTION ( 'NONE',  ( 0.000000000000000000, 0.000000000000000000, 1.000000000000000000 ) ) ;
#2401 = FILL_AREA_STYLE ('',( #1416 ) ) ;
#2402 =( NAMED_UNIT ( * ) SI_UNIT ( $, .STERADIAN. ) SOLID_ANGLE_UNIT ( ) );
#2403 = SURFACE_STYLE_USAGE ( .BOTH. , #4036 ) ;
#2404 = ORIENTED_EDGE ( 'NONE', *, *, #7502, .T. ) ;
#2405 = DIRECTION ( 'NONE',  ( 0.000000000000000000, 0.000000000000000000, -1.000000000000000000 ) ) ;
#2406 = COLOUR_RGB ( '',0.7764705882352941346, 0.7568627450980391913, 0.7372549019607843590 ) ;
#2407 = CIRCLE ( 'NONE', #7267, 1.849000000000000199 ) ;
#2408 = VERTEX_POINT ( 'NONE', #501 ) ;
#2409 = UNCERTAINTY_MEASURE_WITH_UNIT (LENGTH_MEASURE( 1.000000000000000082E-05 ), #9216, 'distance_accuracy_value', 'NONE');
#2410 = CARTESIAN_POINT ( 'NONE',  ( 0.5833158862620616558, 18.49999999999999645, -6.904577891355726749 ) ) ;
#2411 =( GEOMETRIC_REPRESENTATION_CONTEXT ( 3 ) GLOBAL_UNCERTAINTY_ASSIGNED_CONTEXT ( ( #9139 ) ) GLOBAL_UNIT_ASSIGNED_CONTEXT ( ( #3925, #2390, #5527 ) ) REPRESENTATION_CONTEXT ( 'NONE', 'WORKASPACE' ) );
#2412 =( NAMED_UNIT ( * ) PLANE_ANGLE_UNIT ( ) SI_UNIT ( $, .RADIAN. ) );
#2413 = EDGE_CURVE ( 'NONE', #5222, #824, #4197, .T. ) ;
#2414 = DIRECTION ( 'NONE',  ( 0.000000000000000000, 0.000000000000000000, 1.000000000000000000 ) ) ;
#2415 = AXIS2_PLACEMENT_3D ( 'NONE', #877, #4575, #88 ) ;
#2416 = FILL_AREA_STYLE ('',( #7703 ) ) ;
#2417 = DIRECTION ( 'NONE',  ( -0.000000000000000000, 1.000000000000000000, -0.000000000000000000 ) ) ;
#2418 = FILL_AREA_STYLE ('',( #3191 ) ) ;
#2419 = VERTEX_POINT ( 'NONE', #9617 ) ;
#2420 = CARTESIAN_POINT ( 'NONE',  ( -0.5000000000000000000, 8.000000000000000000, -15.64999999999999325 ) ) ;
#2421 = SURFACE_STYLE_FILL_AREA ( #791 ) ;
#2423 = VERTEX_POINT ( 'NONE', #8065 ) ;
#2422 = AXIS2_PLACEMENT_3D ( 'NONE', #5333, #1902, #6967 ) ;
#2424 = PRESENTATION_LAYER_ASSIGNMENT (  '', '', ( #4632 ) ) ;
#2425 = DIRECTION ( 'NONE',  ( 0.000000000000000000, 1.000000000000000000, 0.000000000000000000 ) ) ;
#2426 = ADVANCED_FACE ( 'NONE', ( #1331 ), #8443, .T. ) ;
#2427 = AXIS2_PLACEMENT_3D ( 'NONE', #7897, #1164, #436 ) ;
#2428 = AXIS2_PLACEMENT_3D ( 'NONE', #2863, #1551, #5150 ) ;
#2429 =( NAMED_UNIT ( * ) SI_UNIT ( $, .STERADIAN. ) SOLID_ANGLE_UNIT ( ) );
#2430 = ORIENTED_EDGE ( 'NONE', *, *, #7849, .T. ) ;
#2431 = CYLINDRICAL_SURFACE ( 'NONE', #404, 0.5000000000000004441 ) ;
#2432 = AXIS2_PLACEMENT_3D ( 'NONE', #3916, #3107, #3006 ) ;
#2433 = SURFACE_SIDE_STYLE ('',( #9406 ) ) ;
#2434 = CARTESIAN_POINT ( 'NONE',  ( 1.000000000000000000, 8.000000000000000000, -15.09899959967968286 ) ) ;
#2435 = PRESENTATION_STYLE_ASSIGNMENT (( #5473 ) ) ;
#2436 = EDGE_CURVE ( 'NONE', #6036, #8934, #8494, .T. ) ;
#2437 = SURFACE_STYLE_USAGE ( .BOTH. , #4101 ) ;
#2438 = PRESENTATION_LAYER_ASSIGNMENT (  '', '', ( #1649 ) ) ;
#2439 = DIRECTION ( 'NONE',  ( 0.000000000000000000, 1.000000000000000000, 0.000000000000000000 ) ) ;
#2440 = VECTOR ( 'NONE', #1470, 1000.000000000000000 ) ;
#2441 = DIRECTION ( 'NONE',  ( 0.000000000000000000, 0.000000000000000000, 1.000000000000000000 ) ) ;
#2442 = PRESENTATION_LAYER_ASSIGNMENT (  '', '', ( #8708 ) ) ;
#2443 = DIRECTION ( 'NONE',  ( -0.000000000000000000, 1.000000000000000000, -0.000000000000000000 ) ) ;
#2444 = SURFACE_STYLE_USAGE ( .BOTH. , #3313 ) ;
#2445 = VERTEX_POINT ( 'NONE', #3976 ) ;
#2446 = ORIENTED_EDGE ( 'NONE', *, *, #1832, .F. ) ;
#2447 = FILL_AREA_STYLE ('',( #9381 ) ) ;
#2448 = PRESENTATION_STYLE_ASSIGNMENT (( #8390 ) ) ;
#2449 = ADVANCED_FACE ( 'NONE', ( #921 ), #9532, .T. ) ;
#2450 = UNCERTAINTY_MEASURE_WITH_UNIT (LENGTH_MEASURE( 1.000000000000000082E-05 ), #9220, 'distance_accuracy_value', 'NONE');
#2451 = STYLED_ITEM ( 'NONE', ( #8495 ), #3172 ) ;
#2452 = VECTOR ( 'NONE', #1486, 1000.000000000000000 ) ;
#2453 = ORIENTED_EDGE ( 'NONE', *, *, #7760, .F. ) ;
#2454 = ORIENTED_EDGE ( 'NONE', *, *, #3200, .F. ) ;
#2455 = DIRECTION ( 'NONE',  ( 0.000000000000000000, 1.000000000000000000, 0.000000000000000000 ) ) ;
#2456 = EDGE_CURVE ( 'NONE', #3425, #8320, #9182, .T. ) ;
#2457 = AXIS2_PLACEMENT_3D ( 'NONE', #6427, #461, #4805 ) ;
#2458 =( LENGTH_UNIT ( ) NAMED_UNIT ( * ) SI_UNIT ( .MILLI., .METRE. ) );
#2459 = DIRECTION ( 'NONE',  ( -0.000000000000000000, 1.000000000000000000, -0.000000000000000000 ) ) ;
#2460 = CARTESIAN_POINT ( 'NONE',  ( 6.049999999999999822, 11.08156608489105288, -5.544586221131534209 ) ) ;
#2461 = DIRECTION ( 'NONE',  ( 0.000000000000000000, 1.000000000000000000, 0.000000000000000000 ) ) ;
#2462 = EDGE_LOOP ( 'NONE', ( #5602, #5353, #5754, #2700 ) ) ;
#2463 = CARTESIAN_POINT ( 'NONE',  ( -1.811166969963621920, 15.49999999999999467, -4.777877430256110003 ) ) ;
#2464 = CARTESIAN_POINT ( 'NONE',  ( 1.074571710479143016, 15.49999999999999467, -6.654691542821295158 ) ) ;
#2465 = PRESENTATION_LAYER_ASSIGNMENT (  '', '', ( #9219 ) ) ;
#2466 = ORIENTED_EDGE ( 'NONE', *, *, #6274, .F. ) ;
#2467 = COLOUR_RGB ( '',0.1058823529411764691, 0.6352941176470587870, 0.9411764705882352811 ) ;
#2468 = CIRCLE ( 'NONE', #3415, 2.299999999999998046 ) ;
#2469 = UNCERTAINTY_MEASURE_WITH_UNIT (LENGTH_MEASURE( 1.000000000000000082E-05 ), #9339, 'distance_accuracy_value', 'NONE');
#2470 = FILL_AREA_STYLE_COLOUR ( '', #8874 ) ;
#2471 = ORIENTED_EDGE ( 'NONE', *, *, #276, .F. ) ;
#2472 = PRESENTATION_LAYER_ASSIGNMENT (  '', '', ( #2331 ) ) ;
#2473 = DIRECTION ( 'NONE',  ( 0.000000000000000000, -0.000000000000000000, -1.000000000000000000 ) ) ;
#2474 = DIRECTION ( 'NONE',  ( 0.000000000000000000, -0.000000000000000000, -1.000000000000000000 ) ) ;
#2475 = DIRECTION ( 'NONE',  ( 0.000000000000000000, 1.000000000000000000, 0.000000000000000000 ) ) ;
#2476 = EDGE_CURVE ( 'NONE', #8517, #7708, #7159, .T. ) ;
#2477 = AXIS2_PLACEMENT_3D ( 'NONE', #4922, #4971, #1219 ) ;
#2478 =( BOUNDED_CURVE ( )  B_SPLINE_CURVE ( 3, ( #171, #3217, #4116, #7104 ),
 .UNSPECIFIED., .F., .T. ) 
 B_SPLINE_CURVE_WITH_KNOTS ( ( 4, 4 ),
 ( 0.000000000000000000, 1.570796326794896558 ),
 .UNSPECIFIED. ) 
 CURVE ( )  GEOMETRIC_REPRESENTATION_ITEM ( )  RATIONAL_B_SPLINE_CURVE ( ( 1.000000000000000000, 0.8047378541243649375, 0.8047378541243649375, 1.000000000000000000 ) ) 
 REPRESENTATION_ITEM ( '' )  );
#2479 = CYLINDRICAL_SURFACE ( 'NONE', #5755, 0.5000000000000004441 ) ;
#2480 = CARTESIAN_POINT ( 'NONE',  ( -5.549999999999998934, -10.69999999999999929, 10.74999999999999822 ) ) ;
#2481 =( GEOMETRIC_REPRESENTATION_CONTEXT ( 3 ) GLOBAL_UNCERTAINTY_ASSIGNED_CONTEXT ( ( #407 ) ) GLOBAL_UNIT_ASSIGNED_CONTEXT ( ( #2376, #1910, #2514 ) ) REPRESENTATION_CONTEXT ( 'NONE', 'WORKASPACE' ) );
#2482 = LINE ( 'NONE', #4017, #5293 ) ;
#2483 = SURFACE_STYLE_USAGE ( .BOTH. , #6380 ) ;
#2484 = CIRCLE ( 'NONE', #5170, 0.5000000000000004441 ) ;
#2485 = DIRECTION ( 'NONE',  ( 0.000000000000000000, 0.000000000000000000, 1.000000000000000000 ) ) ;
#2486 = FACE_OUTER_BOUND ( 'NONE', #1068, .T. ) ;
#2487 = ORIENTED_EDGE ( 'NONE', *, *, #6320, .T. ) ;
#2488 = EDGE_CURVE ( 'NONE', #1183, #6260, #3213, .T. ) ;
#2489 = AXIS2_PLACEMENT_3D ( 'NONE', #2521, #5520, #1834 ) ;
#2490 = ORIENTED_EDGE ( 'NONE', *, *, #1843, .T. ) ;
#2491 = PRESENTATION_STYLE_ASSIGNMENT (( #3316 ) ) ;
#2492 = CARTESIAN_POINT ( 'NONE',  ( 6.049999999999999822, 10.70000002574450804, -2.948437963007189744 ) ) ;
#2493 = DIRECTION ( 'NONE',  ( -0.000000000000000000, 1.000000000000000000, -0.000000000000000000 ) ) ;
#2494 = ORIENTED_EDGE ( 'NONE', *, *, #1917, .F. ) ;
#2495 = EDGE_CURVE ( 'NONE', #2123, #7471, #274, .T. ) ;
#2496 = ORIENTED_EDGE ( 'NONE', *, *, #879, .T. ) ;
#2497 = SURFACE_SIDE_STYLE ('',( #1163 ) ) ;
#2498 = CARTESIAN_POINT ( 'NONE',  ( 1.936998793047783218, 15.49999999999999467, -5.527045983852682198 ) ) ;
#2499 = LINE ( 'NONE', #3232, #4170 ) ;
#2500 = LINE ( 'NONE', #8506, #1591 ) ;
#2501 = LINE ( 'NONE', #8507, #7370 ) ;
#2502 = DIRECTION ( 'NONE',  ( 0.000000000000000000, 0.000000000000000000, 1.000000000000000000 ) ) ;
#2503 = UNCERTAINTY_MEASURE_WITH_UNIT (LENGTH_MEASURE( 1.000000000000000082E-05 ), #2013, 'distance_accuracy_value', 'NONE');
#2504 = COLOUR_RGB ( '',0.1058823529411764691, 0.6352941176470587870, 0.9411764705882352811 ) ;
#2505 = DIRECTION ( 'NONE',  ( 0.000000000000000000, 0.000000000000000000, -1.000000000000000000 ) ) ;
#2506 = DIRECTION ( 'NONE',  ( 0.000000000000000000, 0.000000000000000000, 1.000000000000000000 ) ) ;
#2507 = DIRECTION ( 'NONE',  ( -0.9749279121818259508, 0.000000000000000000, 0.2225209339563040678 ) ) ;
#2508 = SURFACE_STYLE_FILL_AREA ( #2418 ) ;
#2509 = ORIENTED_EDGE ( 'NONE', *, *, #3133, .F. ) ;
#2510 = ADVANCED_FACE ( 'NONE', ( #7300 ), #1354, .T. ) ;
#2511 = CARTESIAN_POINT ( 'NONE',  ( 5.049999999999998934, -9.199999999999999289, 10.24999999999999822 ) ) ;
#2512 =( NAMED_UNIT ( * ) SI_UNIT ( $, .STERADIAN. ) SOLID_ANGLE_UNIT ( ) );
#2513 = ORIENTED_EDGE ( 'NONE', *, *, #4733, .F. ) ;
#2514 =( NAMED_UNIT ( * ) SI_UNIT ( $, .STERADIAN. ) SOLID_ANGLE_UNIT ( ) );
#2515 = ADVANCED_FACE ( 'NONE', ( #2869 ), #5247, .T. ) ;
#2516 = CARTESIAN_POINT ( 'NONE',  ( 1.196353700947660137, 15.49999999999999467, -3.185632971609219322 ) ) ;
#2517 = CARTESIAN_POINT ( 'NONE',  ( -6.049999999999999822, -5.749999999999995559, 9.999999999999998224 ) ) ;
#2518 = DIRECTION ( 'NONE',  ( 0.000000000000000000, 0.000000000000000000, 1.000000000000000000 ) ) ;
#2519 = ORIENTED_EDGE ( 'NONE', *, *, #6208, .T. ) ;
#2520 = DIRECTION ( 'NONE',  ( 1.000000000000000000, 0.000000000000000000, 0.000000000000000000 ) ) ;
#2521 = CARTESIAN_POINT ( 'NONE',  ( -7.296957046373735484E-16, 18.49999999999999645, -5.150000000000000355 ) ) ;
#2522 = DIRECTION ( 'NONE',  ( 0.000000000000000000, 1.000000000000000000, 0.000000000000000000 ) ) ;
#2523 = UNCERTAINTY_MEASURE_WITH_UNIT (LENGTH_MEASURE( 1.000000000000000082E-05 ), #8461, 'distance_accuracy_value', 'NONE');
#2524 = FACE_OUTER_BOUND ( 'NONE', #7282, .T. ) ;
#2525 = CARTESIAN_POINT ( 'NONE',  ( 5.049999999999998934, 9.199999999999999289, 10.24999999999999822 ) ) ;
#2526 = EDGE_CURVE ( 'NONE', #5153, #2976, #5880, .T. ) ;
#2527 = DIRECTION ( 'NONE',  ( -0.000000000000000000, 0.000000000000000000, 1.000000000000000000 ) ) ;
#2528 = DIRECTION ( 'NONE',  ( 0.000000000000000000, 0.000000000000000000, 1.000000000000000000 ) ) ;
#2529 = ORIENTED_EDGE ( 'NONE', *, *, #320, .T. ) ;
#2530 = EDGE_LOOP ( 'NONE', ( #6250, #920, #4576, #8013 ) ) ;
#2531 = DIRECTION ( 'NONE',  ( 0.000000000000000000, 0.000000000000000000, -1.000000000000000000 ) ) ;
#2532 = DIRECTION ( 'NONE',  ( 0.000000000000000000, 0.000000000000000000, 1.000000000000000000 ) ) ;
#2533 = UNCERTAINTY_MEASURE_WITH_UNIT (LENGTH_MEASURE( 1.000000000000000082E-05 ), #7853, 'distance_accuracy_value', 'NONE');
#2534 = UNCERTAINTY_MEASURE_WITH_UNIT (LENGTH_MEASURE( 1.000000000000000082E-05 ), #1568, 'distance_accuracy_value', 'NONE');
#2535 = EDGE_CURVE ( 'NONE', #4063, #7458, #4827, .T. ) ;
#2536 =( NAMED_UNIT ( * ) PLANE_ANGLE_UNIT ( ) SI_UNIT ( $, .RADIAN. ) );
#2537 = ORIENTED_EDGE ( 'NONE', *, *, #1791, .F. ) ;
#2538 = ORIENTED_EDGE ( 'NONE', *, *, #9711, .F. ) ;
#2539 = CARTESIAN_POINT ( 'NONE',  ( -6.049999999999999822, 8.000000000000000000, 16.15000000000000213 ) ) ;
#2540 = DIRECTION ( 'NONE',  ( -1.000000000000000000, -0.000000000000000000, -0.000000000000000000 ) ) ;
#2541 = SURFACE_STYLE_USAGE ( .BOTH. , #7168 ) ;
#2542 = FILL_AREA_STYLE_COLOUR ( '', #9392 ) ;
#2543 = EDGE_CURVE ( 'NONE', #1310, #7458, #9164, .T. ) ;
#2544 = DIRECTION ( 'NONE',  ( -0.000000000000000000, 1.000000000000000000, -0.000000000000000000 ) ) ;
#2545 = CARTESIAN_POINT ( 'NONE',  ( -6.049999999999999822, 8.000000000000000000, -15.64999999999999325 ) ) ;
#2546 = STYLED_ITEM ( 'NONE', ( #6064 ), #3686 ) ;
#2547 = PLANE ( 'NONE',  #4700 ) ;
#2548 = DIRECTION ( 'NONE',  ( 0.2947551744109048188, 0.000000000000000000, -0.9555728057861404556 ) ) ;
#2549 = VERTEX_POINT ( 'NONE', #3871 ) ;
#2550 = CARTESIAN_POINT ( 'NONE',  ( -6.049999999999831068, 11.07922383682646483, -5.996508199063403488 ) ) ;
#2551 = VERTEX_POINT ( 'NONE', #1555 ) ;
#2552 = FILL_AREA_STYLE_COLOUR ( '', #9079 ) ;
#2553 = STYLED_ITEM ( 'NONE', ( #5721 ), #5041 ) ;
#2554 = AXIS2_PLACEMENT_3D ( 'NONE', #2597, #9255, #4885 ) ;
#2555 = COLOUR_RGB ( '',0.1058823529411764691, 0.6352941176470587870, 0.9411764705882352811 ) ;
#2556 = EDGE_CURVE ( 'NONE', #6149, #3827, #6217, .T. ) ;
#2557 = LINE ( 'NONE', #5565, #1049 ) ;
#2558 = AXIS2_PLACEMENT_3D ( 'NONE', #5151, #67, #1552 ) ;
#2559 = DIRECTION ( 'NONE',  ( 0.000000000000000000, 1.000000000000000000, 0.000000000000000000 ) ) ;
#2560 = ORIENTED_EDGE ( 'NONE', *, *, #8392, .T. ) ;
#2561 =( NAMED_UNIT ( * ) PLANE_ANGLE_UNIT ( ) SI_UNIT ( $, .RADIAN. ) );
#2562 = STYLED_ITEM ( 'NONE', ( #3015 ), #3393 ) ;
#2563 = AXIS2_PLACEMENT_3D ( 'NONE', #4855, #4022, #2528 ) ;
#2564 = CYLINDRICAL_SURFACE ( 'NONE', #8433, 1.848999999999999977 ) ;
#2565 = CARTESIAN_POINT ( 'NONE',  ( 5.549999999999998934, 6.000000000000000000, -15.64999999999999325 ) ) ;
#2566 = MECHANICAL_DESIGN_GEOMETRIC_PRESENTATION_REPRESENTATION (  '', ( #376 ), #847 ) ;
#2567 = EDGE_CURVE ( 'NONE', #7371, #6362, #8419, .T. ) ;
#2568 = DIRECTION ( 'NONE',  ( 0.000000000000000000, 0.000000000000000000, -1.000000000000000000 ) ) ;
#2569 = DIRECTION ( 'NONE',  ( 0.000000000000000000, 1.000000000000000000, 0.000000000000000000 ) ) ;
#2570 = CARTESIAN_POINT ( 'NONE',  ( 5.549999999999998934, 5.500000000000000888, 11.24999999999999645 ) ) ;
#2571 = CARTESIAN_POINT ( 'NONE',  ( -5.549999999999998934, 11.19999999999999929, 11.24999999999999645 ) ) ;
#2572 = SURFACE_STYLE_FILL_AREA ( #6323 ) ;
#2573 = VERTEX_POINT ( 'NONE', #8231 ) ;
#2574 = STYLED_ITEM ( 'NONE', ( #7982 ), #7822 ) ;
#2575 = ORIENTED_EDGE ( 'NONE', *, *, #4974, .F. ) ;
#2576 = CYLINDRICAL_SURFACE ( 'NONE', #1790, 0.8400000000000000799 ) ;
#2577 = CARTESIAN_POINT ( 'NONE',  ( 5.549999999999998934, 10.69999999999999929, 10.74999999999999645 ) ) ;
#2578 = FILL_AREA_STYLE ('',( #1853 ) ) ;
#2579 = SURFACE_STYLE_USAGE ( .BOTH. , #3421 ) ;
#2580 = PRESENTATION_LAYER_ASSIGNMENT (  '', '', ( #7007 ) ) ;
#2581 = MECHANICAL_DESIGN_GEOMETRIC_PRESENTATION_REPRESENTATION (  '', ( #2753 ), #9688 ) ;
#2582 = ORIENTED_EDGE ( 'NONE', *, *, #7341, .F. ) ;
#2583 = STYLED_ITEM ( 'NONE', ( #6576 ), #5601 ) ;
#2584 = DIRECTION ( 'NONE',  ( -0.000000000000000000, -1.000000000000000000, 0.000000000000000000 ) ) ;
#2585 = VERTEX_POINT ( 'NONE', #6023 ) ;
#2586 = SURFACE_STYLE_FILL_AREA ( #3327 ) ;
#2587 = EDGE_CURVE ( 'NONE', #9685, #2057, #1668, .T. ) ;
#2588 = STYLED_ITEM ( 'NONE', ( #6420 ), #5862 ) ;
#2589 = FILL_AREA_STYLE_COLOUR ( '', #810 ) ;
#2590 = SURFACE_STYLE_USAGE ( .BOTH. , #9349 ) ;
#2591 = SURFACE_STYLE_USAGE ( .BOTH. , #2688 ) ;
#2592 = CARTESIAN_POINT ( 'NONE',  ( 1.722210408787565816, 15.49999999999999467, -6.674464269133179251 ) ) ;
#2593 = PRESENTATION_STYLE_ASSIGNMENT (( #5509 ) ) ;
#2594 = EDGE_LOOP ( 'NONE', ( #7786, #4099, #1214, #3813 ) ) ;
#2595 = ORIENTED_EDGE ( 'NONE', *, *, #8197, .F. ) ;
#2596 = EDGE_CURVE ( 'NONE', #8776, #5707, #4191, .T. ) ;
#2597 = CARTESIAN_POINT ( 'NONE',  ( 1.962079626208468985, 18.49999999999999645, -5.360645528377982139 ) ) ;
#2598 = STYLED_ITEM ( 'NONE', ( #3162 ), #2603 ) ;
#2599 = ORIENTED_EDGE ( 'NONE', *, *, #4679, .T. ) ;
#2600 = CIRCLE ( 'NONE', #725, 1.849000000000000643 ) ;
#2601 = DIRECTION ( 'NONE',  ( 0.000000000000000000, 1.000000000000000000, -7.744301232039317914E-17 ) ) ;
#2602 = ORIENTED_EDGE ( 'NONE', *, *, #3334, .T. ) ;
#2603 = ADVANCED_FACE ( 'NONE', ( #6073 ), #5376, .T. ) ;
#2604 = UNCERTAINTY_MEASURE_WITH_UNIT (LENGTH_MEASURE( 1.000000000000000082E-05 ), #2718, 'distance_accuracy_value', 'NONE');
#2605 = UNCERTAINTY_MEASURE_WITH_UNIT (LENGTH_MEASURE( 1.000000000000000082E-05 ), #7683, 'distance_accuracy_value', 'NONE');
#2606 = SURFACE_STYLE_USAGE ( .BOTH. , #3405 ) ;
#2607 = CARTESIAN_POINT ( 'NONE',  ( -1.869470635734500563, 16.99999999999999289, -6.489805785226514523 ) ) ;
#2608 = PRESENTATION_LAYER_ASSIGNMENT (  '', '', ( #8267 ) ) ;
#2609 = AXIS2_PLACEMENT_3D ( 'NONE', #9095, #3141, #8409 ) ;
#2610 = CIRCLE ( 'NONE', #1841, 1.848999999999999977 ) ;
#2611 = SURFACE_SIDE_STYLE ('',( #8661 ) ) ;
#2612 =( LENGTH_UNIT ( ) NAMED_UNIT ( * ) SI_UNIT ( .MILLI., .METRE. ) );
#2613 = FILL_AREA_STYLE ('',( #9375 ) ) ;
#2614 =( LENGTH_UNIT ( ) NAMED_UNIT ( * ) SI_UNIT ( .MILLI., .METRE. ) );
#2615 = DIRECTION ( 'NONE',  ( 0.9749279121818227312, 0.000000000000000000, 0.2225209339563182787 ) ) ;
#2616 =( GEOMETRIC_REPRESENTATION_CONTEXT ( 3 ) GLOBAL_UNCERTAINTY_ASSIGNED_CONTEXT ( ( #2366 ) ) GLOBAL_UNIT_ASSIGNED_CONTEXT ( ( #8350, #5597, #5503 ) ) REPRESENTATION_CONTEXT ( 'NONE', 'WORKASPACE' ) );
#2617 = CARTESIAN_POINT ( 'NONE',  ( -0.7898896539612366707, 16.99999999999999289, -7.310109796877231503 ) ) ;
#2618 = EDGE_CURVE ( 'NONE', #230, #6761, #6930, .T. ) ;
#2619 =( GEOMETRIC_REPRESENTATION_CONTEXT ( 3 ) GLOBAL_UNCERTAINTY_ASSIGNED_CONTEXT ( ( #6541 ) ) GLOBAL_UNIT_ASSIGNED_CONTEXT ( ( #4378, #2887, #6885 ) ) REPRESENTATION_CONTEXT ( 'NONE', 'WORKASPACE' ) );
#2620 = ORIENTED_EDGE ( 'NONE', *, *, #2868, .T. ) ;
#2621 = PLANE ( 'NONE',  #3634 ) ;
#2622 = CARTESIAN_POINT ( 'NONE',  ( 6.002902679831038313, 11.20000000099770965, -4.288721075703377572 ) ) ;
#2623 = DIRECTION ( 'NONE',  ( 0.000000000000000000, 1.000000000000000000, 0.000000000000000000 ) ) ;
#2624 = SURFACE_STYLE_FILL_AREA ( #2401 ) ;
#2625 = FILL_AREA_STYLE ('',( #1753 ) ) ;
#2626 = UNCERTAINTY_MEASURE_WITH_UNIT (LENGTH_MEASURE( 1.000000000000000082E-05 ), #6619, 'distance_accuracy_value', 'NONE');
#2627 = AXIS2_PLACEMENT_3D ( 'NONE', #3502, #503, #6519 ) ;
#2628 = ORIENTED_EDGE ( 'NONE', *, *, #2649, .T. ) ;
#2629 = ORIENTED_EDGE ( 'NONE', *, *, #3659, .F. ) ;
#2630 = SURFACE_STYLE_USAGE ( .BOTH. , #4276 ) ;
#2631 = DIRECTION ( 'NONE',  ( 0.000000000000000000, 1.000000000000000000, 0.000000000000000000 ) ) ;
#2632 = PRESENTATION_LAYER_ASSIGNMENT (  '', '', ( #5788 ) ) ;
#2633 = DIRECTION ( 'NONE',  ( 0.000000000000000000, 1.000000000000000000, 0.000000000000000000 ) ) ;
#2634 = CYLINDRICAL_SURFACE ( 'NONE', #7491, 0.8400000000000005240 ) ;
#2635 = EDGE_CURVE ( 'NONE', #667, #7815, #9371, .T. ) ;
#2636 = CARTESIAN_POINT ( 'NONE',  ( 6.049999999999999822, -10.69999999999999929, 11.24999999999999822 ) ) ;
#2637 =( NAMED_UNIT ( * ) SI_UNIT ( $, .STERADIAN. ) SOLID_ANGLE_UNIT ( ) );
#2638 = FACE_OUTER_BOUND ( 'NONE', #4712, .T. ) ;
#2639 = CARTESIAN_POINT ( 'NONE',  ( 1.906055772658246772, 10.71544382746309410, -11.25000000000000178 ) ) ;
#2640 = VERTEX_POINT ( 'NONE', #7194 ) ;
#2641 = CARTESIAN_POINT ( 'NONE',  ( -5.550000000000000711, 11.19999999999999929, -7.558318915758457379 ) ) ;
#2642 = FILL_AREA_STYLE_COLOUR ( '', #2966 ) ;
#2643 = PRESENTATION_STYLE_ASSIGNMENT (( #6262 ) ) ;
#2644 = ORIENTED_EDGE ( 'NONE', *, *, #7724, .F. ) ;
#2645 = FACE_OUTER_BOUND ( 'NONE', #4330, .T. ) ;
#2646 = DIRECTION ( 'NONE',  ( 1.000000000000000000, 0.000000000000000000, 0.000000000000000000 ) ) ;
#2647 = DIRECTION ( 'NONE',  ( 0.000000000000000000, 0.000000000000000000, 1.000000000000000000 ) ) ;
#2648 = PRESENTATION_LAYER_ASSIGNMENT (  '', '', ( #2352 ) ) ;
#2649 = EDGE_CURVE ( 'NONE', #6761, #8462, #7621, .T. ) ;
#2650 = ORIENTED_EDGE ( 'NONE', *, *, #7246, .T. ) ;
#2651 = DIRECTION ( 'NONE',  ( 0.000000000000000000, -1.000000000000000000, 0.000000000000000000 ) ) ;
#2652 = ORIENTED_EDGE ( 'NONE', *, *, #7452, .F. ) ;
#2653 =( LENGTH_UNIT ( ) NAMED_UNIT ( * ) SI_UNIT ( .MILLI., .METRE. ) );
#2654 = UNCERTAINTY_MEASURE_WITH_UNIT (LENGTH_MEASURE( 1.000000000000000082E-05 ), #7135, 'distance_accuracy_value', 'NONE');
#2655 = CYLINDRICAL_SURFACE ( 'NONE', #1674, 2.299999999999998046 ) ;
#2656 = CARTESIAN_POINT ( 'NONE',  ( 0.5000000000000002220, -7.074999999999997513, -11.75000000000000178 ) ) ;
#2657 = PRESENTATION_LAYER_ASSIGNMENT (  '', '', ( #804 ) ) ;
#2658 =( NAMED_UNIT ( * ) PLANE_ANGLE_UNIT ( ) SI_UNIT ( $, .RADIAN. ) );
#2659 = AXIS2_PLACEMENT_3D ( 'NONE', #2843, #5849, #5389 ) ;
#2660 = DIRECTION ( 'NONE',  ( -0.000000000000000000, 1.000000000000000000, -0.000000000000000000 ) ) ;
#2661 = CIRCLE ( 'NONE', #5652, 0.8399999999999999689 ) ;
#2662 = EDGE_CURVE ( 'NONE', #9567, #2551, #1919, .T. ) ;
#2663 = CARTESIAN_POINT ( 'NONE',  ( 6.049999999999999822, 10.69999999999999929, -7.558318915758455603 ) ) ;
#2664 = FACE_OUTER_BOUND ( 'NONE', #1319, .T. ) ;
#2665 = ORIENTED_EDGE ( 'NONE', *, *, #6464, .F. ) ;
#2666 =( LENGTH_UNIT ( ) NAMED_UNIT ( * ) SI_UNIT ( .MILLI., .METRE. ) );
#2667 = DIRECTION ( 'NONE',  ( -1.000000000000000000, 0.000000000000000000, 0.000000000000000000 ) ) ;
#2668 = CARTESIAN_POINT ( 'NONE',  ( -6.663561837205168577E-16, 11.19999999999999929, -5.150000000000000355 ) ) ;
#2669 = COLOUR_RGB ( '',0.7764705882352941346, 0.7568627450980391913, 0.7372549019607843590 ) ;
#2670 =( NAMED_UNIT ( * ) SI_UNIT ( $, .STERADIAN. ) SOLID_ANGLE_UNIT ( ) );
#2671 = EDGE_LOOP ( 'NONE', ( #5954, #6275, #8532, #8835 ) ) ;
#2672 = FILL_AREA_STYLE ('',( #613 ) ) ;
#2673 = CARTESIAN_POINT ( 'NONE',  ( 3.469446951953614189E-15, -11.20000000000000107, -13.84999999999999964 ) ) ;
#2674 = CARTESIAN_POINT ( 'NONE',  ( -1.971559904812546504, 15.49999999999999467, -5.234140002041570483 ) ) ;
#2675 = VECTOR ( 'NONE', #8975, 1000.000000000000000 ) ;
#2676 = EDGE_CURVE ( 'NONE', #1183, #1279, #6071, .T. ) ;
#2677 = ORIENTED_EDGE ( 'NONE', *, *, #1208, .F. ) ;
#2678 = FACE_OUTER_BOUND ( 'NONE', #7066, .T. ) ;
#2679 = UNCERTAINTY_MEASURE_WITH_UNIT (LENGTH_MEASURE( 1.000000000000000082E-05 ), #2000, 'distance_accuracy_value', 'NONE');
#2680 = ORIENTED_EDGE ( 'NONE', *, *, #5878, .T. ) ;
#2681 = CARTESIAN_POINT ( 'NONE',  ( 6.049999999999999822, 10.69999999999999929, -2.741681084241544220 ) ) ;
#2682 = DIRECTION ( 'NONE',  ( 0.000000000000000000, 0.000000000000000000, 1.000000000000000000 ) ) ;
#2683 = DIRECTION ( 'NONE',  ( -0.000000000000000000, -1.000000000000000000, -0.000000000000000000 ) ) ;
#2684 = DIRECTION ( 'NONE',  ( 0.000000000000000000, 0.000000000000000000, 1.000000000000000000 ) ) ;
#2685 = ADVANCED_FACE ( 'NONE', ( #7099 ), #2479, .T. ) ;
#2686 = PRESENTATION_STYLE_ASSIGNMENT (( #1365 ) ) ;
#2687 = CARTESIAN_POINT ( 'NONE',  ( 1.739807116745609283, 15.49999999999999467, -6.081235305779014944 ) ) ;
#2688 = SURFACE_SIDE_STYLE ('',( #9503 ) ) ;
#2689 = CYLINDRICAL_SURFACE ( 'NONE', #2415, 1.848999999999999977 ) ;
#2690 = CARTESIAN_POINT ( 'NONE',  ( -2.095406293961599609, 10.70000002205387801, -11.25000000000000178 ) ) ;
#2691 = ORIENTED_EDGE ( 'NONE', *, *, #5274, .F. ) ;
#2692 = SURFACE_STYLE_FILL_AREA ( #1822 ) ;
#2693 = DIRECTION ( 'NONE',  ( -0.000000000000000000, -1.000000000000000000, -0.000000000000000000 ) ) ;
#2694 = VERTEX_POINT ( 'NONE', #7820 ) ;
#2695 = DIRECTION ( 'NONE',  ( 0.000000000000000000, 1.000000000000000000, 0.000000000000000000 ) ) ;
#2696 = STYLED_ITEM ( 'NONE', ( #3697 ), #1819 ) ;
#2697 = DIRECTION ( 'NONE',  ( 1.000000000000000000, 0.000000000000000000, 0.000000000000000000 ) ) ;
#2698 = PRESENTATION_LAYER_ASSIGNMENT (  '', '', ( #197 ) ) ;
#2699 =( NAMED_UNIT ( * ) PLANE_ANGLE_UNIT ( ) SI_UNIT ( $, .RADIAN. ) );
#2700 = ORIENTED_EDGE ( 'NONE', *, *, #9724, .T. ) ;
#2701 = FILL_AREA_STYLE ('',( #9516 ) ) ;
#2702 =( NAMED_UNIT ( * ) PLANE_ANGLE_UNIT ( ) SI_UNIT ( $, .RADIAN. ) );
#2703 = ORIENTED_EDGE ( 'NONE', *, *, #9001, .T. ) ;
#2704 = DIRECTION ( 'NONE',  ( -0.7818314824680221431, 0.000000000000000000, -0.6234898018587431423 ) ) ;
#2705 = CIRCLE ( 'NONE', #4932, 0.5000000000000004441 ) ;
#2706 = CARTESIAN_POINT ( 'NONE',  ( 5.549999999999998934, 8.000000000000000000, -15.64999999999999325 ) ) ;
#2707 = COLOUR_RGB ( '',0.1058823529411764691, 0.6352941176470587870, 0.9411764705882352811 ) ;
#2708 = AXIS2_PLACEMENT_3D ( 'NONE', #1563, #2443, #3928 ) ;
#2709 = ADVANCED_FACE ( 'NONE', ( #310 ), #2655, .T. ) ;
#2710 = CARTESIAN_POINT ( 'NONE',  ( 5.842893218813451917, 5.500000000000000000, 11.24999999999999645 ) ) ;
#2711 = CARTESIAN_POINT ( 'NONE',  ( -1.391500612822436089, 16.99999999999999289, -6.981318116689391395 ) ) ;
#2712 = AXIS2_PLACEMENT_3D ( 'NONE', #5672, #5779, #9429 ) ;
#2713 = FACE_OUTER_BOUND ( 'NONE', #7984, .T. ) ;
#2714 =( NAMED_UNIT ( * ) SI_UNIT ( $, .STERADIAN. ) SOLID_ANGLE_UNIT ( ) );
#2715 = AXIS2_PLACEMENT_3D ( 'NONE', #5642, #8644, #4654 ) ;
#2716 = AXIS2_PLACEMENT_3D ( 'NONE', #4055, #7053, #7862 ) ;
#2717 = DIRECTION ( 'NONE',  ( 0.000000000000000000, 0.000000000000000000, -1.000000000000000000 ) ) ;
#2718 =( LENGTH_UNIT ( ) NAMED_UNIT ( * ) SI_UNIT ( .MILLI., .METRE. ) );
#2719 = AXIS2_PLACEMENT_3D ( 'NONE', #2052, #5124, #5901 ) ;
#2720 = ORIENTED_EDGE ( 'NONE', *, *, #8049, .F. ) ;
#2721 =( LENGTH_UNIT ( ) NAMED_UNIT ( * ) SI_UNIT ( .MILLI., .METRE. ) );
#2722 = CARTESIAN_POINT ( 'NONE',  ( -5.549999999999998934, 7.500000000000000000, 15.65000000000000036 ) ) ;
#2723 =( NAMED_UNIT ( * ) PLANE_ANGLE_UNIT ( ) SI_UNIT ( $, .RADIAN. ) );
#2724 =( NAMED_UNIT ( * ) SI_UNIT ( $, .STERADIAN. ) SOLID_ANGLE_UNIT ( ) );
#2725 = ORIENTED_EDGE ( 'NONE', *, *, #5101, .F. ) ;
#2726 = AXIS2_PLACEMENT_3D ( 'NONE', #2356, #3636, #6651 ) ;
#2727 = EDGE_CURVE ( 'NONE', #2044, #4796, #7776, .T. ) ;
#2728 = PRESENTATION_LAYER_ASSIGNMENT (  '', '', ( #6027 ) ) ;
#2729 = AXIS2_PLACEMENT_3D ( 'NONE', #4159, #1927, #5668 ) ;
#2730 =( NAMED_UNIT ( * ) SI_UNIT ( $, .STERADIAN. ) SOLID_ANGLE_UNIT ( ) );
#2731 = ORIENTED_EDGE ( 'NONE', *, *, #697, .F. ) ;
#2732 = SURFACE_STYLE_FILL_AREA ( #5740 ) ;
#2733 = CIRCLE ( 'NONE', #5114, 0.5000000000000003331 ) ;
#2734 = ORIENTED_EDGE ( 'NONE', *, *, #6804, .T. ) ;
#2735 = FACE_OUTER_BOUND ( 'NONE', #3376, .T. ) ;
#2736 = EDGE_CURVE ( 'NONE', #6036, #3896, #889, .T. ) ;
#2737 = CYLINDRICAL_SURFACE ( 'NONE', #1938, 0.5000000000000004441 ) ;
#2738 = CYLINDRICAL_SURFACE ( 'NONE', #9526, 2.299999999999998046 ) ;
#2739 =( NAMED_UNIT ( * ) PLANE_ANGLE_UNIT ( ) SI_UNIT ( $, .RADIAN. ) );
#2740 = PRESENTATION_LAYER_ASSIGNMENT (  '', '', ( #8562 ) ) ;
#2741 =( NAMED_UNIT ( * ) PLANE_ANGLE_UNIT ( ) SI_UNIT ( $, .RADIAN. ) );
#2742 = LINE ( 'NONE', #5747, #1638 ) ;
#2743 = AXIS2_PLACEMENT_3D ( 'NONE', #4258, #8764, #4114 ) ;
#2744 = SURFACE_STYLE_USAGE ( .BOTH. , #6498 ) ;
#2745 =( NAMED_UNIT ( * ) SI_UNIT ( $, .STERADIAN. ) SOLID_ANGLE_UNIT ( ) );
#2746 = VERTEX_POINT ( 'NONE', #8167 ) ;
#2747 = CARTESIAN_POINT ( 'NONE',  ( -6.050000000000001599, 11.19999999999999929, -5.149999999999999467 ) ) ;
#2748 = CARTESIAN_POINT ( 'NONE',  ( -1.522704570027263227, 10.76005483350977165, -11.25000000000000178 ) ) ;
#2749 = DIRECTION ( 'NONE',  ( 0.7818314824680308028, 0.000000000000000000, -0.6234898018587321511 ) ) ;
#2750 = VECTOR ( 'NONE', #3203, 1000.000000000000000 ) ;
#2751 = ORIENTED_EDGE ( 'NONE', *, *, #9359, .F. ) ;
#2752 = ADVANCED_FACE ( 'NONE', ( #5920 ), #1286, .T. ) ;
#2753 = STYLED_ITEM ( 'NONE', ( #7040 ), #2916 ) ;
#2754 = COLOUR_RGB ( '',0.1058823529411764691, 0.6352941176470587870, 0.9411764705882352811 ) ;
#2755 = DIRECTION ( 'NONE',  ( 0.000000000000000000, 0.000000000000000000, -1.000000000000000000 ) ) ;
#2756 = CARTESIAN_POINT ( 'NONE',  ( -7.296957046373735484E-16, 28.49999999999999645, -5.150000000000000355 ) ) ;
#2757 =( NAMED_UNIT ( * ) PLANE_ANGLE_UNIT ( ) SI_UNIT ( $, .RADIAN. ) );
#2758 = ORIENTED_EDGE ( 'NONE', *, *, #3936, .F. ) ;
#2759 =( NAMED_UNIT ( * ) PLANE_ANGLE_UNIT ( ) SI_UNIT ( $, .RADIAN. ) );
#2760 = CIRCLE ( 'NONE', #6387, 1.849000000000000643 ) ;
#2761 = DIRECTION ( 'NONE',  ( -1.000000000000000000, 0.000000000000000000, 0.000000000000000000 ) ) ;
#2762 =( GEOMETRIC_REPRESENTATION_CONTEXT ( 3 ) GLOBAL_UNCERTAINTY_ASSIGNED_CONTEXT ( ( #2626 ) ) GLOBAL_UNIT_ASSIGNED_CONTEXT ( ( #6619, #3753, #2127 ) ) REPRESENTATION_CONTEXT ( 'NONE', 'WORKASPACE' ) );
#2763 = VERTEX_POINT ( 'NONE', #4301 ) ;
#2764 = CYLINDRICAL_SURFACE ( 'NONE', #1343, 0.5000000000000003331 ) ;
#2765 =( NAMED_UNIT ( * ) PLANE_ANGLE_UNIT ( ) SI_UNIT ( $, .RADIAN. ) );
#2766 = EDGE_LOOP ( 'NONE', ( #9607, #5403, #7156, #5669 ) ) ;
#2767 = FACE_OUTER_BOUND ( 'NONE', #8591, .T. ) ;
#2768 = UNCERTAINTY_MEASURE_WITH_UNIT (LENGTH_MEASURE( 1.000000000000000082E-05 ), #7775, 'distance_accuracy_value', 'NONE');
#2769 = FILL_AREA_STYLE ('',( #8756 ) ) ;
#2770 = CARTESIAN_POINT ( 'NONE',  ( 0.5999999999999998668, -7.074999999999999289, -10.25000000000000178 ) ) ;
#2771 = AXIS2_PLACEMENT_3D ( 'NONE', #3116, #6221, #860 ) ;
#2772 = PLANE ( 'NONE',  #4016 ) ;
#2773 = ADVANCED_FACE ( 'NONE', ( #7289 ), #2855, .T. ) ;
#2774 = VERTEX_POINT ( 'NONE', #5188 ) ;
#2775 = CYLINDRICAL_SURFACE ( 'NONE', #9172, 0.8400000000000005240 ) ;
#2776 = FILL_AREA_STYLE ('',( #6430 ) ) ;
#2777 = MECHANICAL_DESIGN_GEOMETRIC_PRESENTATION_REPRESENTATION (  '', ( #7326 ), #1527 ) ;
#2778 = ORIENTED_EDGE ( 'NONE', *, *, #3806, .T. ) ;
#2779 = FILL_AREA_STYLE_COLOUR ( '', #3355 ) ;
#2780 = CARTESIAN_POINT ( 'NONE',  ( -1.391500612822461846, 16.99999999999999289, -3.318681883310627523 ) ) ;
#2781 = CLOSED_SHELL ( 'NONE', ( #8152, #808, #474, #7389, #3528, #3947, #740, #8310, #5713, #7067, #6285, #9583, #4009, #3348, #1944, #5911, #3879, #203, #3294, #1553, #4627, #1089, #7963, #5451, #3981, #8980, #764, #1698, #5684, #7564, #3258, #3686, #5479, #8883, #9128, #924, #1819, #4707, #1397, #2449, #8185, #6612, #4137, #4205, #728, #8092, #8869, #3565, #5763, #1777, #6160, #1088, #2510, #1157, #711, #4842, #327, #4801, #7822, #5304, #6264, #5380, #9399, #8254, #8581, #7302, #6648, #5827, #5615, #12, #262, #2603, #6985, #5214, #9496, #1956, #4852, #8509, #2515, #7021, #4773, #2197, #8463, #1933, #4898, #3595, #7372, #7136, #674, #181, #2010, #8009, #8947, #7313, #7993, #9482, #8809, #8469, #1412, #8362, #9543, #6086, #2685, #226, #7011, #4562, #5464 ) ) ;
#2782 = PRESENTATION_STYLE_ASSIGNMENT (( #1300 ) ) ;
#2783 = CIRCLE ( 'NONE', #4054, 0.5000000000000004441 ) ;
#2784 = EDGE_CURVE ( 'NONE', #2110, #5240, #8568, .T. ) ;
#2785 = DIRECTION ( 'NONE',  ( -0.000000000000000000, 0.000000000000000000, 1.000000000000000000 ) ) ;
#2786 = COLOUR_RGB ( '',0.1058823529411764691, 0.6352941176470587870, 0.9411764705882352811 ) ;
#2787 = ORIENTED_EDGE ( 'NONE', *, *, #8033, .T. ) ;
#2788 = ORIENTED_EDGE ( 'NONE', *, *, #9166, .T. ) ;
#2789 = LINE ( 'NONE', #7947, #4775 ) ;
#2790 = CARTESIAN_POINT ( 'NONE',  ( 6.049999999999998934, 10.69999999999999574, -2.949080166780195800 ) ) ;
#2791 = AXIS2_PLACEMENT_3D ( 'NONE', #1672, #8459, #2506 ) ;
#2792 = DIRECTION ( 'NONE',  ( 1.000000000000000000, 0.000000000000000000, 0.000000000000000000 ) ) ;
#2793 = VECTOR ( 'NONE', #9298, 1000.000000000000000 ) ;
#2794 = EDGE_CURVE ( 'NONE', #1500, #2123, #3552, .T. ) ;
#2795 = SURFACE_STYLE_FILL_AREA ( #6449 ) ;
#2796 = CARTESIAN_POINT ( 'NONE',  ( -6.150000000000000355, -7.749999999999999112, -10.00000000000000178 ) ) ;
#2797 = VERTEX_POINT ( 'NONE', #8073 ) ;
#2798 = SURFACE_SIDE_STYLE ('',( #2111 ) ) ;
#2799 = PLANE ( 'NONE',  #9256 ) ;
#2800 = ORIENTED_EDGE ( 'NONE', *, *, #7880, .T. ) ;
#2801 = CYLINDRICAL_SURFACE ( 'NONE', #2243, 2.299999999999998046 ) ;
#2802 = COLOUR_RGB ( '',0.1058823529411764691, 0.6352941176470587870, 0.9411764705882352811 ) ;
#2803 = SURFACE_SIDE_STYLE ('',( #6556 ) ) ;
#2804 = DIRECTION ( 'NONE',  ( 0.000000000000000000, 0.000000000000000000, -1.000000000000000000 ) ) ;
#2805 = EDGE_CURVE ( 'NONE', #8298, #91, #8882, .T. ) ;
#2806 = ORIENTED_EDGE ( 'NONE', *, *, #7633, .F. ) ;
#2807 = DIRECTION ( 'NONE',  ( 1.000000000000000000, 0.000000000000000000, -0.000000000000000000 ) ) ;
#2808 = ORIENTED_EDGE ( 'NONE', *, *, #3747, .F. ) ;
#2809 = EDGE_LOOP ( 'NONE', ( #3735, #970, #1582, #8161 ) ) ;
#2810 = CARTESIAN_POINT ( 'NONE',  ( -1.676376990078407569, 18.49999999999999645, -4.108900492102858237 ) ) ;
#2811 = CARTESIAN_POINT ( 'NONE',  ( 1.735475740250853383, 15.49999999999999467, -4.512093302276304563 ) ) ;
#2812 = CARTESIAN_POINT ( 'NONE',  ( -1.295030796935219497, 15.49999999999999467, -3.661032830047169728 ) ) ;
#2813 = SURFACE_STYLE_USAGE ( .BOTH. , #9525 ) ;
#2814 = SURFACE_SIDE_STYLE ('',( #6572 ) ) ;
#2815 =( NAMED_UNIT ( * ) PLANE_ANGLE_UNIT ( ) SI_UNIT ( $, .RADIAN. ) );
#2816 = ORIENTED_EDGE ( 'NONE', *, *, #4169, .T. ) ;
#2817 = STYLED_ITEM ( 'NONE', ( #623 ), #1412 ) ;
#2818 =( LENGTH_UNIT ( ) NAMED_UNIT ( * ) SI_UNIT ( .MILLI., .METRE. ) );
#2819 = CARTESIAN_POINT ( 'NONE',  ( 1.103014898469150573, 18.49999999999999645, -7.168256211127586042 ) ) ;
#2820 = STYLED_ITEM ( 'NONE', ( #7361 ), #6123 ) ;
#2821 = ORIENTED_EDGE ( 'NONE', *, *, #913, .T. ) ;
#2822 = EDGE_CURVE ( 'NONE', #1485, #9637, #8407, .T. ) ;
#2823 = CARTESIAN_POINT ( 'NONE',  ( -6.150000000000000355, 3.500000000000000444, 8.000000000000000000 ) ) ;
#2824 = CARTESIAN_POINT ( 'NONE',  ( -7.296957046373735484E-16, 18.49999999999999645, -5.150000000000000355 ) ) ;
#2825 = STYLED_ITEM ( 'NONE', ( #6584 ), #9613 ) ;
#2826 = AXIS2_PLACEMENT_3D ( 'NONE', #6896, #1570, #819 ) ;
#2827 = CARTESIAN_POINT ( 'NONE',  ( -7.296957046373735484E-16, 15.49999999999999467, -5.150000000000000355 ) ) ;
#2828 = EDGE_LOOP ( 'NONE', ( #6136 ) ) ;
#2829 = VERTEX_POINT ( 'NONE', #1590 ) ;
#2830 = FILL_AREA_STYLE ('',( #4275 ) ) ;
#2831 = SURFACE_STYLE_FILL_AREA ( #3588 ) ;
#2832 = CIRCLE ( 'NONE', #8330, 1.849000000000000643 ) ;
#2833 = CIRCLE ( 'NONE', #7239, 0.8399999999999998579 ) ;
#2834 = DIRECTION ( 'NONE',  ( 0.000000000000000000, 1.000000000000000000, 0.000000000000000000 ) ) ;
#2835 = LINE ( 'NONE', #1266, #8021 ) ;
#2836 = EDGE_CURVE ( 'NONE', #2694, #9361, #2129, .T. ) ;
#2837 = FILL_AREA_STYLE_COLOUR ( '', #1881 ) ;
#2838 = STYLED_ITEM ( 'NONE', ( #9546 ), #9482 ) ;
#2839 = ORIENTED_EDGE ( 'NONE', *, *, #5262, .F. ) ;
#2840 = SURFACE_SIDE_STYLE ('',( #6601 ) ) ;
#2841 = DIRECTION ( 'NONE',  ( 0.000000000000000000, 1.000000000000000000, 0.000000000000000000 ) ) ;
#2842 = EDGE_LOOP ( 'NONE', ( #9274, #5387, #6969 ) ) ;
#2843 = CARTESIAN_POINT ( 'NONE',  ( -0.9999999999999997780, -11.20000000000000107, -15.09899959967967575 ) ) ;
#2844 = EDGE_CURVE ( 'NONE', #1043, #5186, #2499, .T. ) ;
#2845 = CIRCLE ( 'NONE', #1749, 0.5000000000000004441 ) ;
#2846 = EDGE_LOOP ( 'NONE', ( #7650, #744, #9229, #1934 ) ) ;
#2847 = FILL_AREA_STYLE_COLOUR ( '', #8397 ) ;
#2848 = DIRECTION ( 'NONE',  ( -1.000000000000000000, 0.000000000000000000, 0.000000000000000000 ) ) ;
#2849 = ORIENTED_EDGE ( 'NONE', *, *, #8049, .T. ) ;
#2850 = CARTESIAN_POINT ( 'NONE',  ( -7.296957046373735484E-16, 15.49999999999999467, -5.150000000000000355 ) ) ;
#2851 = STYLED_ITEM ( 'NONE', ( #4176 ), #1944 ) ;
#2852 = ORIENTED_EDGE ( 'NONE', *, *, #6544, .F. ) ;
#2853 =( NAMED_UNIT ( * ) PLANE_ANGLE_UNIT ( ) SI_UNIT ( $, .RADIAN. ) );
#2854 = EDGE_CURVE ( 'NONE', #6003, #7345, #6997, .T. ) ;
#2855 = PLANE ( 'NONE',  #7929 ) ;
#2856 = CARTESIAN_POINT ( 'NONE',  ( -0.7071067811865476838, 5.707106781186546129, 16.15000000000000213 ) ) ;
#2857 = CARTESIAN_POINT ( 'NONE',  ( 5.549999999999998934, 8.000000000000000000, 11.24999999999999645 ) ) ;
#2858 = CARTESIAN_POINT ( 'NONE',  ( 3.469446951953614189E-15, 8.000000000000000000, -13.84999999999999964 ) ) ;
#2859 = ORIENTED_EDGE ( 'NONE', *, *, #1182, .F. ) ;
#2860 = FILL_AREA_STYLE_COLOUR ( '', #5897 ) ;
#2861 = PRESENTATION_STYLE_ASSIGNMENT (( #6529 ) ) ;
#2862 = DIRECTION ( 'NONE',  ( 1.000000000000000000, 0.000000000000000000, 0.000000000000000000 ) ) ;
#2863 = CARTESIAN_POINT ( 'NONE',  ( -1.971559904812547170, 15.49999999999999467, -5.065859997958455985 ) ) ;
#2864 = DIRECTION ( 'NONE',  ( 0.000000000000000000, 1.000000000000000000, 0.000000000000000000 ) ) ;
#2865 = VECTOR ( 'NONE', #9514, 1000.000000000000000 ) ;
#2866 = ORIENTED_EDGE ( 'NONE', *, *, #752, .F. ) ;
#2867 = SURFACE_STYLE_FILL_AREA ( #2672 ) ;
#2868 = EDGE_CURVE ( 'NONE', #8442, #230, #3807, .T. ) ;
#2869 = FACE_OUTER_BOUND ( 'NONE', #4494, .T. ) ;
#2870 = PRESENTATION_STYLE_ASSIGNMENT (( #3726 ) ) ;
#2871 = STYLED_ITEM ( 'NONE', ( #4794 ), #3879 ) ;
#2872 = MECHANICAL_DESIGN_GEOMETRIC_PRESENTATION_REPRESENTATION (  '', ( #1624 ), #4143 ) ;
#2873 = CARTESIAN_POINT ( 'NONE',  ( 0.7696676289264310356, 10.89850018219445360, -11.25000000000000178 ) ) ;
#2874 = DIRECTION ( 'NONE',  ( 0.000000000000000000, 1.000000000000000000, 0.000000000000000000 ) ) ;
#2875 = COLOUR_RGB ( '',0.1058823529411764691, 0.6352941176470587870, 0.9411764705882352811 ) ;
#2876 = ORIENTED_EDGE ( 'NONE', *, *, #4000, .F. ) ;
#2877 = LINE ( 'NONE', #8425, #7331 ) ;
#2878 = COLOUR_RGB ( '',0.1058823529411764691, 0.6352941176470587870, 0.9411764705882352811 ) ;
#2879 = CIRCLE ( 'NONE', #7429, 0.8400000000000001910 ) ;
#2880 = VERTEX_POINT ( 'NONE', #8551 ) ;
#2881 = AXIS2_PLACEMENT_3D ( 'NONE', #9727, #5418, #6157 ) ;
#2882 = FILL_AREA_STYLE ('',( #2160 ) ) ;
#2883 = DIRECTION ( 'NONE',  ( -1.000000000000000000, 0.000000000000000000, 0.000000000000000000 ) ) ;
#2884 = COLOUR_RGB ( '',0.1058823529411764691, 0.6352941176470587870, 0.9411764705882352811 ) ;
#2885 =( GEOMETRIC_REPRESENTATION_CONTEXT ( 3 ) GLOBAL_UNCERTAINTY_ASSIGNED_CONTEXT ( ( #257 ) ) GLOBAL_UNIT_ASSIGNED_CONTEXT ( ( #1098, #2723, #7206 ) ) REPRESENTATION_CONTEXT ( 'NONE', 'WORKASPACE' ) );
#2886 = DIRECTION ( 'NONE',  ( -0.9749279121818259508, 0.000000000000000000, 0.2225209339563040678 ) ) ;
#2887 =( NAMED_UNIT ( * ) PLANE_ANGLE_UNIT ( ) SI_UNIT ( $, .RADIAN. ) );
#2888 = STYLED_ITEM ( 'NONE', ( #6826 ), #2197 ) ;
#2889 = ORIENTED_EDGE ( 'NONE', *, *, #3081, .T. ) ;
#2890 = EDGE_CURVE ( 'NONE', #4395, #2746, #1493, .T. ) ;
#2891 = DIRECTION ( 'NONE',  ( -1.000000000000000000, 0.000000000000000000, 0.000000000000000000 ) ) ;
#2892 = CARTESIAN_POINT ( 'NONE',  ( -7.296957046373735484E-16, 18.49999999999999645, -5.150000000000000355 ) ) ;
#2893 = ORIENTED_EDGE ( 'NONE', *, *, #6521, .T. ) ;
#2894 = DIRECTION ( 'NONE',  ( 1.000000000000000000, 0.000000000000000000, 0.000000000000000000 ) ) ;
#2895 = VECTOR ( 'NONE', #8867, 1000.000000000000000 ) ;
#2896 = MECHANICAL_DESIGN_GEOMETRIC_PRESENTATION_REPRESENTATION (  '', ( #6205 ), #4958 ) ;
#2897 = PRESENTATION_STYLE_ASSIGNMENT (( #4388 ) ) ;
#2898 = AXIS2_PLACEMENT_3D ( 'NONE', #5990, #9749, #8985 ) ;
#2899 = CARTESIAN_POINT ( 'NONE',  ( 6.049999999999999822, -11.19999999999999929, 10.74999999999999645 ) ) ;
#2900 = FILL_AREA_STYLE ('',( #7517 ) ) ;
#2901 = VERTEX_POINT ( 'NONE', #6292 ) ;
#2902 = EDGE_CURVE ( 'NONE', #3340, #8484, #1342, .T. ) ;
#2903 = FACE_OUTER_BOUND ( 'NONE', #7324, .T. ) ;
#2904 = DIRECTION ( 'NONE',  ( -1.000000000000000000, -8.673617379884027583E-16, 0.000000000000000000 ) ) ;
#2905 = ORIENTED_EDGE ( 'NONE', *, *, #1255, .F. ) ;
#2906 = DIRECTION ( 'NONE',  ( 0.000000000000000000, 1.000000000000000000, 0.000000000000000000 ) ) ;
#2907 = VECTOR ( 'NONE', #2291, 1000.000000000000000 ) ;
#2908 = CARTESIAN_POINT ( 'NONE',  ( -1.000000000000000000, 6.000000000000000000, -16.14999999999999503 ) ) ;
#2909 = DIRECTION ( 'NONE',  ( 1.000000000000000000, 0.000000000000000000, 0.000000000000000000 ) ) ;
#2910 = VECTOR ( 'NONE', #6700, 1000.000000000000000 ) ;
#2911 = AXIS2_PLACEMENT_3D ( 'NONE', #7237, #9367, #2704 ) ;
#2912 =( LENGTH_UNIT ( ) NAMED_UNIT ( * ) SI_UNIT ( .MILLI., .METRE. ) );
#2913 = FACE_OUTER_BOUND ( 'NONE', #6302, .T. ) ;
#2914 = SURFACE_SIDE_STYLE ('',( #5871 ) ) ;
#2915 = EDGE_LOOP ( 'NONE', ( #6139, #5529, #4257, #5459 ) ) ;
#2916 = ADVANCED_FACE ( 'NONE', ( #9720 ), #6006, .T. ) ;
#2917 = LINE ( 'NONE', #8082, #7301 ) ;
#2918 = SURFACE_STYLE_FILL_AREA ( #5290 ) ;
#2919 = ORIENTED_EDGE ( 'NONE', *, *, #2822, .F. ) ;
#2920 = DIRECTION ( 'NONE',  ( -0.000000000000000000, 1.000000000000000000, -0.000000000000000000 ) ) ;
#2921 = PRESENTATION_LAYER_ASSIGNMENT (  '', '', ( #1520 ) ) ;
#2922 =( NAMED_UNIT ( * ) SI_UNIT ( $, .STERADIAN. ) SOLID_ANGLE_UNIT ( ) );
#2923 = CARTESIAN_POINT ( 'NONE',  ( -0.7071067811865476838, 7.792893218813452094, -16.14999999999999503 ) ) ;
#2924 = EDGE_CURVE ( 'NONE', #6130, #1279, #1815, .T. ) ;
#2925 = SURFACE_STYLE_FILL_AREA ( #9694 ) ;
#2926 = CARTESIAN_POINT ( 'NONE',  ( 1.648902502870863263, 18.49999999999999645, -3.546528598313586578 ) ) ;
#2927 = ORIENTED_EDGE ( 'NONE', *, *, #6411, .F. ) ;
#2928 =( NAMED_UNIT ( * ) PLANE_ANGLE_UNIT ( ) SI_UNIT ( $, .RADIAN. ) );
#2929 = ORIENTED_EDGE ( 'NONE', *, *, #8696, .T. ) ;
#2930 = STYLED_ITEM ( 'NONE', ( #1136 ), #1602 ) ;
#2931 = CARTESIAN_POINT ( 'NONE',  ( 0.5641957166668642998, 18.49999999999999645, -7.379727156693113521 ) ) ;
#2932 = AXIS2_PLACEMENT_3D ( 'NONE', #3138, #5272, #7464 ) ;
#2933 = CARTESIAN_POINT ( 'NONE',  ( -6.049999999999999822, 10.71960502111902258, -3.153470564984609315 ) ) ;
#2934 = FILL_AREA_STYLE_COLOUR ( '', #9184 ) ;
#2935 = FILL_AREA_STYLE_COLOUR ( '', #4934 ) ;
#2936 = ORIENTED_EDGE ( 'NONE', *, *, #457, .T. ) ;
#2937 = SURFACE_SIDE_STYLE ('',( #1523 ) ) ;
#2938 = CIRCLE ( 'NONE', #2477, 0.8399999999999999689 ) ;
#2939 = ORIENTED_EDGE ( 'NONE', *, *, #5504, .T. ) ;
#2940 =( NAMED_UNIT ( * ) SI_UNIT ( $, .STERADIAN. ) SOLID_ANGLE_UNIT ( ) );
#2941 = PRESENTATION_STYLE_ASSIGNMENT (( #4485 ) ) ;
#2942 = DIRECTION ( 'NONE',  ( 0.000000000000000000, 0.000000000000000000, -1.000000000000000000 ) ) ;
#2943 = EDGE_CURVE ( 'NONE', #4395, #5707, #5419, .T. ) ;
#2944 =( LENGTH_UNIT ( ) NAMED_UNIT ( * ) SI_UNIT ( .MILLI., .METRE. ) );
#2945 = UNCERTAINTY_MEASURE_WITH_UNIT (LENGTH_MEASURE( 1.000000000000000082E-05 ), #6414, 'distance_accuracy_value', 'NONE');
#2946 = AXIS2_PLACEMENT_3D ( 'NONE', #2827, #3631, #6173 ) ;
#2947 = ORIENTED_EDGE ( 'NONE', *, *, #9153, .F. ) ;
#2948 = DIRECTION ( 'NONE',  ( 0.000000000000000000, 0.000000000000000000, 1.000000000000000000 ) ) ;
#2949 = CARTESIAN_POINT ( 'NONE',  ( 5.549999999999999822, 11.19999999999999929, -7.558318915758454715 ) ) ;
#2950 = CARTESIAN_POINT ( 'NONE',  ( -7.296957046373735484E-16, 15.49999999999999467, -5.150000000000000355 ) ) ;
#2951 = ORIENTED_EDGE ( 'NONE', *, *, #2556, .T. ) ;
#2952 =( GEOMETRIC_REPRESENTATION_CONTEXT ( 3 ) GLOBAL_UNCERTAINTY_ASSIGNED_CONTEXT ( ( #4151 ) ) GLOBAL_UNIT_ASSIGNED_CONTEXT ( ( #3804, #4652, #897 ) ) REPRESENTATION_CONTEXT ( 'NONE', 'WORKASPACE' ) );
#2953 = CARTESIAN_POINT ( 'NONE',  ( -0.7986154343352661611, 15.49999999999999467, -6.954533564733420548 ) ) ;
#2954 = ORIENTED_EDGE ( 'NONE', *, *, #2248, .T. ) ;
#2955 = UNCERTAINTY_MEASURE_WITH_UNIT (LENGTH_MEASURE( 1.000000000000000082E-05 ), #1958, 'distance_accuracy_value', 'NONE');
#2956 = FILL_AREA_STYLE ('',( #9719 ) ) ;
#2957 = DIRECTION ( 'NONE',  ( -1.000000000000000000, -0.000000000000000000, -0.000000000000000000 ) ) ;
#2958 = ADVANCED_FACE ( 'NONE', ( #4777 ), #2333, .T. ) ;
#2959 = SURFACE_STYLE_USAGE ( .BOTH. , #7334 ) ;
#2960 = SURFACE_SIDE_STYLE ('',( #3571 ) ) ;
#2961 = EDGE_LOOP ( 'NONE', ( #405, #5637, #4547, #4865 ) ) ;
#2962 = DIRECTION ( 'NONE',  ( -1.000000000000000000, -0.000000000000000000, -0.000000000000000000 ) ) ;
#2963 = LINE ( 'NONE', #5243, #8863 ) ;
#2964 = CARTESIAN_POINT ( 'NONE',  ( 1.722210408787565816, 16.99999999999999289, -6.674464269133179251 ) ) ;
#2965 = DIRECTION ( 'NONE',  ( 0.000000000000000000, -1.000000000000000000, 0.000000000000000000 ) ) ;
#2966 = COLOUR_RGB ( '',0.1058823529411764691, 0.6352941176470587870, 0.9411764705882352811 ) ;
#2967 = PRESENTATION_STYLE_ASSIGNMENT (( #6022 ) ) ;
#2968 = DIRECTION ( 'NONE',  ( 0.000000000000000000, -0.000000000000000000, -1.000000000000000000 ) ) ;
#2969 = EDGE_CURVE ( 'NONE', #4345, #4621, #8930, .T. ) ;
#2970 = CARTESIAN_POINT ( 'NONE',  ( 1.625000000000000000, -7.700000000000000178, -10.25000000000000178 ) ) ;
#2971 = DIRECTION ( 'NONE',  ( -0.9972037971811793522, 0.000000000000000000, -0.07473009358643517563 ) ) ;
#2972 = MECHANICAL_DESIGN_GEOMETRIC_PRESENTATION_REPRESENTATION (  '', ( #8148 ), #3446 ) ;
#2973 = DIRECTION ( 'NONE',  ( -1.000000000000000000, -0.000000000000000000, -0.000000000000000000 ) ) ;
#2974 = CARTESIAN_POINT ( 'NONE',  ( 2.289650628371055152, 11.19999999999999751, -11.25000000000000178 ) ) ;
#2975 = LINE ( 'NONE', #5163, #7903 ) ;
#2976 = VERTEX_POINT ( 'NONE', #5793 ) ;
#2977 = CARTESIAN_POINT ( 'NONE',  ( -1.008092727557717394, 18.49999999999999645, -3.599983854069499056 ) ) ;
#2978 = EDGE_LOOP ( 'NONE', ( #631, #3426, #7686, #8207 ) ) ;
#2979 =( NAMED_UNIT ( * ) SI_UNIT ( $, .STERADIAN. ) SOLID_ANGLE_UNIT ( ) );
#2980 = ADVANCED_FACE ( 'NONE', ( #4089 ), #2738, .T. ) ;
#2981 = AXIS2_PLACEMENT_3D ( 'NONE', #8136, #4367, #7210 ) ;
#2982 = PRESENTATION_LAYER_ASSIGNMENT (  '', '', ( #3623 ) ) ;
#2983 = VECTOR ( 'NONE', #6744, 1000.000000000000000 ) ;
#2984 = DIRECTION ( 'NONE',  ( 0.000000000000000000, 0.000000000000000000, 1.000000000000000000 ) ) ;
#2985 = CARTESIAN_POINT ( 'NONE',  ( 6.049999999999999822, -10.69999999999999929, -11.25000000000000178 ) ) ;
#2986 = ORIENTED_EDGE ( 'NONE', *, *, #6411, .T. ) ;
#2987 = DIRECTION ( 'NONE',  ( -0.000000000000000000, -0.000000000000000000, -1.000000000000000000 ) ) ;
#2988 = ORIENTED_EDGE ( 'NONE', *, *, #8596, .T. ) ;
#2989 = AXIS2_PLACEMENT_3D ( 'NONE', #3233, #2631, #2682 ) ;
#2990 = FILL_AREA_STYLE_COLOUR ( '', #4912 ) ;
#2991 = EDGE_CURVE ( 'NONE', #7562, #941, #4495, .T. ) ;
#2992 =( LENGTH_UNIT ( ) NAMED_UNIT ( * ) SI_UNIT ( .MILLI., .METRE. ) );
#2993 =( NAMED_UNIT ( * ) SI_UNIT ( $, .STERADIAN. ) SOLID_ANGLE_UNIT ( ) );
#2994 = VERTEX_POINT ( 'NONE', #5022 ) ;
#2995 = DIRECTION ( 'NONE',  ( -0.2947551744108912186, 0.000000000000000000, -0.9555728057861447855 ) ) ;
#2996 = SURFACE_STYLE_USAGE ( .BOTH. , #5961 ) ;
#2997 = CARTESIAN_POINT ( 'NONE',  ( -5.549999999999998934, 8.000000000000000000, 11.24999999999999645 ) ) ;
#2998 = ORIENTED_EDGE ( 'NONE', *, *, #9522, .T. ) ;
#2999 = PLANE ( 'NONE',  #3560 ) ;
#3000 = SURFACE_STYLE_USAGE ( .BOTH. , #4539 ) ;
#3001 = VERTEX_POINT ( 'NONE', #7080 ) ;
#3002 = SURFACE_SIDE_STYLE ('',( #8313 ) ) ;
#3003 = PRESENTATION_LAYER_ASSIGNMENT (  '', '', ( #3166 ) ) ;
#3004 = SURFACE_STYLE_FILL_AREA ( #6241 ) ;
#3005 = DIRECTION ( 'NONE',  ( 0.000000000000000000, 1.000000000000000000, -0.000000000000000000 ) ) ;
#3006 = DIRECTION ( 'NONE',  ( 0.000000000000000000, 0.000000000000000000, 1.000000000000000000 ) ) ;
#3007 = FACE_OUTER_BOUND ( 'NONE', #341, .T. ) ;
#3008 = ORIENTED_EDGE ( 'NONE', *, *, #6781, .F. ) ;
#3009 = FILL_AREA_STYLE ('',( #5102 ) ) ;
#3010 =( NAMED_UNIT ( * ) PLANE_ANGLE_UNIT ( ) SI_UNIT ( $, .RADIAN. ) );
#3011 = CYLINDRICAL_SURFACE ( 'NONE', #9314, 0.8399999999999996358 ) ;
#3012 = ADVANCED_FACE ( 'NONE', ( #6341 ), #8640, .T. ) ;
#3013 = CARTESIAN_POINT ( 'NONE',  ( -1.008092727557717394, 15.49999999999999467, -3.599983854069499056 ) ) ;
#3014 = CARTESIAN_POINT ( 'NONE',  ( 1.812821074135920085, 15.49999999999999467, -5.929620261009611148 ) ) ;
#3015 = PRESENTATION_STYLE_ASSIGNMENT (( #6165 ) ) ;
#3016 = CARTESIAN_POINT ( 'NONE',  ( -5.549999999999998934, 7.500000000000000000, -15.64999999999999325 ) ) ;
#3017 = CARTESIAN_POINT ( 'NONE',  ( -0.5000000000000001110, 8.000000000000000000, -15.94289321881344534 ) ) ;
#3018 = MECHANICAL_DESIGN_GEOMETRIC_PRESENTATION_REPRESENTATION (  '', ( #197 ), #8200 ) ;
#3019 =( GEOMETRIC_REPRESENTATION_CONTEXT ( 3 ) GLOBAL_UNCERTAINTY_ASSIGNED_CONTEXT ( ( #2315 ) ) GLOBAL_UNIT_ASSIGNED_CONTEXT ( ( #3283, #5598, #4734 ) ) REPRESENTATION_CONTEXT ( 'NONE', 'WORKASPACE' ) );
#3020 = DIRECTION ( 'NONE',  ( 0.4338837391175526248, 0.000000000000000000, 0.9009688679024218105 ) ) ;
#3021 = FACE_OUTER_BOUND ( 'NONE', #7695, .T. ) ;
#3022 =( NAMED_UNIT ( * ) SI_UNIT ( $, .STERADIAN. ) SOLID_ANGLE_UNIT ( ) );
#3023 = ORIENTED_EDGE ( 'NONE', *, *, #4182, .F. ) ;
#3024 = EDGE_CURVE ( 'NONE', #7589, #4171, #876, .T. ) ;
#3025 = ORIENTED_EDGE ( 'NONE', *, *, #662, .F. ) ;
#3026 = CARTESIAN_POINT ( 'NONE',  ( 5.694942117854641772, 11.19999999949837388, -3.098143028074888505 ) ) ;
#3027 = CIRCLE ( 'NONE', #2255, 0.5000000000000004441 ) ;
#3028 = DIRECTION ( 'NONE',  ( 0.000000000000000000, 0.000000000000000000, 1.000000000000000000 ) ) ;
#3029 = MECHANICAL_DESIGN_GEOMETRIC_PRESENTATION_REPRESENTATION (  '', ( #6020 ), #3823 ) ;
#3030 = VECTOR ( 'NONE', #1889, 1000.000000000000000 ) ;
#3031 = PRESENTATION_STYLE_ASSIGNMENT (( #8446 ) ) ;
#3032 = PRESENTATION_LAYER_ASSIGNMENT (  '', '', ( #3681 ) ) ;
#3033 = LINE ( 'NONE', #2262, #2440 ) ;
#3034 = SURFACE_SIDE_STYLE ('',( #3893 ) ) ;
#3035 = ORIENTED_EDGE ( 'NONE', *, *, #5313, .F. ) ;
#3036 = EDGE_CURVE ( 'NONE', #6708, #8320, #3228, .T. ) ;
#3037 = FACE_OUTER_BOUND ( 'NONE', #3229, .T. ) ;
#3038 = ORIENTED_EDGE ( 'NONE', *, *, #9553, .F. ) ;
#3039 = SURFACE_STYLE_USAGE ( .BOTH. , #6047 ) ;
#3040 = STYLED_ITEM ( 'NONE', ( #820 ), #4842 ) ;
#3041 = MECHANICAL_DESIGN_GEOMETRIC_PRESENTATION_REPRESENTATION (  '', ( #2271 ), #5851 ) ;
#3042 = FILL_AREA_STYLE_COLOUR ( '', #7799 ) ;
#3043 = AXIS2_PLACEMENT_3D ( 'NONE', #3662, #508, #1391 ) ;
#3044 = CARTESIAN_POINT ( 'NONE',  ( -6.049999999999998934, 11.05015568774842372, -3.497634369340123506 ) ) ;
#3045 = UNCERTAINTY_MEASURE_WITH_UNIT (LENGTH_MEASURE( 1.000000000000000082E-05 ), #8221, 'distance_accuracy_value', 'NONE');
#3046 =( NAMED_UNIT ( * ) PLANE_ANGLE_UNIT ( ) SI_UNIT ( $, .RADIAN. ) );
#3047 = CARTESIAN_POINT ( 'NONE',  ( -5.549999999999999822, 11.19999999999999929, -7.558318915758460044 ) ) ;
#3048 = PRESENTATION_STYLE_ASSIGNMENT (( #7470 ) ) ;
#3049 = VERTEX_POINT ( 'NONE', #2931 ) ;
#3050 = EDGE_CURVE ( 'NONE', #3894, #644, #771, .T. ) ;
#3051 = DIRECTION ( 'NONE',  ( -1.000000000000000000, 0.000000000000000000, 0.000000000000000000 ) ) ;
#3052 =( GEOMETRIC_REPRESENTATION_CONTEXT ( 3 ) GLOBAL_UNCERTAINTY_ASSIGNED_CONTEXT ( ( #7717 ) ) GLOBAL_UNIT_ASSIGNED_CONTEXT ( ( #6683, #6742, #4508 ) ) REPRESENTATION_CONTEXT ( 'NONE', 'WORKASPACE' ) );
#3053 = VERTEX_POINT ( 'NONE', #5946 ) ;
#3054 = PRESENTATION_LAYER_ASSIGNMENT (  '', '', ( #72 ) ) ;
#3055 = DIRECTION ( 'NONE',  ( -0.000000000000000000, 1.000000000000000000, -7.744301232039317914E-17 ) ) ;
#3056 = FILL_AREA_STYLE_COLOUR ( '', #6822 ) ;
#3057 =( GEOMETRIC_REPRESENTATION_CONTEXT ( 3 ) GLOBAL_UNCERTAINTY_ASSIGNED_CONTEXT ( ( #3403 ) ) GLOBAL_UNIT_ASSIGNED_CONTEXT ( ( #2077, #7297, #4260 ) ) REPRESENTATION_CONTEXT ( 'NONE', 'WORKASPACE' ) );
#3058 = SURFACE_STYLE_FILL_AREA ( #9728 ) ;
#3059 = VERTEX_POINT ( 'NONE', #5988 ) ;
#3060 = DIRECTION ( 'NONE',  ( 0.000000000000000000, 1.000000000000000000, 0.000000000000000000 ) ) ;
#3061 = PRESENTATION_STYLE_ASSIGNMENT (( #64 ) ) ;
#3062 = FACE_OUTER_BOUND ( 'NONE', #9099, .T. ) ;
#3063 = UNCERTAINTY_MEASURE_WITH_UNIT (LENGTH_MEASURE( 1.000000000000000082E-05 ), #4090, 'distance_accuracy_value', 'NONE');
#3064 =( NAMED_UNIT ( * ) SI_UNIT ( $, .STERADIAN. ) SOLID_ANGLE_UNIT ( ) );
#3065 = CARTESIAN_POINT ( 'NONE',  ( 5.549999999999998934, 6.000000000000000000, 16.15000000000000213 ) ) ;
#3066 = AXIS2_PLACEMENT_3D ( 'NONE', #2186, #648, #3610 ) ;
#3067 = LINE ( 'NONE', #5208, #5830 ) ;
#3068 = CARTESIAN_POINT ( 'NONE',  ( -5.549999999999998934, 11.19999999999999929, 11.24999999999999645 ) ) ;
#3069 = EDGE_CURVE ( 'NONE', #1524, #1770, #2101, .T. ) ;
#3070 = CYLINDRICAL_SURFACE ( 'NONE', #3195, 2.299999999999998046 ) ;
#3071 = FACE_OUTER_BOUND ( 'NONE', #3841, .T. ) ;
#3072 = DIRECTION ( 'NONE',  ( -0.000000000000000000, 0.000000000000000000, 1.000000000000000000 ) ) ;
#3073 = PRESENTATION_STYLE_ASSIGNMENT (( #77 ) ) ;
#3074 = MECHANICAL_DESIGN_GEOMETRIC_PRESENTATION_REPRESENTATION (  '', ( #1352 ), #3713 ) ;
#3075 = ORIENTED_EDGE ( 'NONE', *, *, #7690, .F. ) ;
#3076 = VERTEX_POINT ( 'NONE', #8192 ) ;
#3077 =( NAMED_UNIT ( * ) PLANE_ANGLE_UNIT ( ) SI_UNIT ( $, .RADIAN. ) );
#3078 = DIRECTION ( 'NONE',  ( 0.000000000000000000, 0.000000000000000000, 1.000000000000000000 ) ) ;
#3079 = DIRECTION ( 'NONE',  ( -0.000000000000000000, -1.000000000000000000, -0.000000000000000000 ) ) ;
#3080 = MECHANICAL_DESIGN_GEOMETRIC_PRESENTATION_REPRESENTATION (  '', ( #1519 ), #418 ) ;
#3081 = EDGE_CURVE ( 'NONE', #9589, #6179, #4500, .T. ) ;
#3082 = SURFACE_STYLE_FILL_AREA ( #9748 ) ;
#3083 = CIRCLE ( 'NONE', #2155, 1.849000000000000865 ) ;
#3084 = ORIENTED_EDGE ( 'NONE', *, *, #523, .T. ) ;
#3085 = EDGE_LOOP ( 'NONE', ( #692, #420, #7685, #433 ) ) ;
#3086 = UNCERTAINTY_MEASURE_WITH_UNIT (LENGTH_MEASURE( 1.000000000000000082E-05 ), #5695, 'distance_accuracy_value', 'NONE');
#3087 = PRESENTATION_STYLE_ASSIGNMENT (( #40 ) ) ;
#3088 = AXIS2_PLACEMENT_3D ( 'NONE', #1712, #140, #8304 ) ;
#3089 =( GEOMETRIC_REPRESENTATION_CONTEXT ( 3 ) GLOBAL_UNCERTAINTY_ASSIGNED_CONTEXT ( ( #2679 ) ) GLOBAL_UNIT_ASSIGNED_CONTEXT ( ( #2000, #389, #2637 ) ) REPRESENTATION_CONTEXT ( 'NONE', 'WORKASPACE' ) );
#3090 = FACE_OUTER_BOUND ( 'NONE', #392, .T. ) ;
#3091 = EDGE_CURVE ( 'NONE', #4890, #4981, #4972, .T. ) ;
#3092 = AXIS2_PLACEMENT_3D ( 'NONE', #1835, #2522, #3303 ) ;
#3093 = SURFACE_STYLE_USAGE ( .BOTH. , #4586 ) ;
#3094 =( LENGTH_UNIT ( ) NAMED_UNIT ( * ) SI_UNIT ( .MILLI., .METRE. ) );
#3095 = AXIS2_PLACEMENT_3D ( 'NONE', #4872, #235, #3332 ) ;
#3096 = CARTESIAN_POINT ( 'NONE',  ( 6.049999999999999822, 10.77957578593405685, -6.742215450242373009 ) ) ;
#3097 = ORIENTED_EDGE ( 'NONE', *, *, #9724, .F. ) ;
#3098 = CARTESIAN_POINT ( 'NONE',  ( 2.803180875801798422, 15.00000000000000000, 0.2114062499999989075 ) ) ;
#3099 = LINE ( 'NONE', #1487, #3439 ) ;
#3100 = ORIENTED_EDGE ( 'NONE', *, *, #8929, .T. ) ;
#3101 = PRESENTATION_STYLE_ASSIGNMENT (( #3857 ) ) ;
#3102 = DIRECTION ( 'NONE',  ( -0.000000000000000000, -1.000000000000000000, 0.000000000000000000 ) ) ;
#3103 = EDGE_CURVE ( 'NONE', #9461, #7562, #9746, .T. ) ;
#3104 = VECTOR ( 'NONE', #3729, 1000.000000000000000 ) ;
#3105 = AXIS2_PLACEMENT_3D ( 'NONE', #247, #6358, #9357 ) ;
#3106 = DIRECTION ( 'NONE',  ( -0.1490422661761817980, 0.000000000000000000, 0.9888308262251274128 ) ) ;
#3107 = DIRECTION ( 'NONE',  ( 0.000000000000000000, 1.000000000000000000, 0.000000000000000000 ) ) ;
#3108 = CARTESIAN_POINT ( 'NONE',  ( -33.59650613054222390, 9.199999999999999289, -10.25000000000000178 ) ) ;
#3109 = VERTEX_POINT ( 'NONE', #4374 ) ;
#3110 =( NAMED_UNIT ( * ) PLANE_ANGLE_UNIT ( ) SI_UNIT ( $, .RADIAN. ) );
#3111 = CARTESIAN_POINT ( 'NONE',  ( -7.296957046373735484E-16, 18.49999999999999645, -5.150000000000000355 ) ) ;
#3112 = CARTESIAN_POINT ( 'NONE',  ( -1.008092727557695412, 15.49999999999999467, -6.700016145930515421 ) ) ;
#3113 = DIRECTION ( 'NONE',  ( 0.000000000000000000, 0.000000000000000000, -1.000000000000000000 ) ) ;
#3114 = MECHANICAL_DESIGN_GEOMETRIC_PRESENTATION_REPRESENTATION (  '', ( #9735 ), #4857 ) ;
#3115 =( NAMED_UNIT ( * ) PLANE_ANGLE_UNIT ( ) SI_UNIT ( $, .RADIAN. ) );
#3116 = CARTESIAN_POINT ( 'NONE',  ( -5.549999999999998934, 7.500000000000000000, 15.65000000000000036 ) ) ;
#3117 = DIRECTION ( 'NONE',  ( -1.000000000000000000, 0.000000000000000000, -3.469446951953611033E-15 ) ) ;
#3118 = PRESENTATION_STYLE_ASSIGNMENT (( #2107 ) ) ;
#3119 = VECTOR ( 'NONE', #9717, 1000.000000000000000 ) ;
#3120 = CARTESIAN_POINT ( 'NONE',  ( -5.842893218813452805, 8.000000000000000000, 11.25000000000000000 ) ) ;
#3121 =( NAMED_UNIT ( * ) PLANE_ANGLE_UNIT ( ) SI_UNIT ( $, .RADIAN. ) );
#3122 = VERTEX_POINT ( 'NONE', #8828 ) ;
#3123 = ORIENTED_EDGE ( 'NONE', *, *, #7577, .T. ) ;
#3124 = ADVANCED_FACE ( 'NONE', ( #5116 ), #581, .T. ) ;
#3125 = CIRCLE ( 'NONE', #301, 2.000000000000000000 ) ;
#3126 = CARTESIAN_POINT ( 'NONE',  ( -2.299368599416795167, 16.99999999999999289, -5.096110817263195258 ) ) ;
#3127 = STYLED_ITEM ( 'NONE', ( #8106 ), #6160 ) ;
#3128 = UNCERTAINTY_MEASURE_WITH_UNIT (LENGTH_MEASURE( 1.000000000000000082E-05 ), #7423, 'distance_accuracy_value', 'NONE');
#3129 = ORIENTED_EDGE ( 'NONE', *, *, #3437, .F. ) ;
#3130 = DIRECTION ( 'NONE',  ( 1.000000000000000000, -0.000000000000000000, -0.000000000000000000 ) ) ;
#3131 = COLOUR_RGB ( '',0.7764705882352941346, 0.7568627450980391913, 0.7372549019607843590 ) ;
#3132 = VERTEX_POINT ( 'NONE', #3589 ) ;
#3133 = EDGE_CURVE ( 'NONE', #6428, #1548, #6219, .T. ) ;
#3134 = SURFACE_SIDE_STYLE ('',( #5955 ) ) ;
#3135 = EDGE_CURVE ( 'NONE', #2585, #1310, #5168, .T. ) ;
#3136 = CARTESIAN_POINT ( 'NONE',  ( -2.213098219537712463, 16.99999999999999289, -4.523744244993306296 ) ) ;
#3137 = AXIS2_PLACEMENT_3D ( 'NONE', #5895, #6547, #8890 ) ;
#3138 = CARTESIAN_POINT ( 'NONE',  ( -6.049999999999999822, 8.000000000000000000, 16.15000000000000213 ) ) ;
#3139 = CARTESIAN_POINT ( 'NONE',  ( 1.625000000000000000, -6.450000000000000178, -11.25000000000000178 ) ) ;
#3140 = UNCERTAINTY_MEASURE_WITH_UNIT (LENGTH_MEASURE( 1.000000000000000082E-05 ), #4947, 'distance_accuracy_value', 'NONE');
#3141 = DIRECTION ( 'NONE',  ( 0.000000000000000000, 1.000000000000000000, 0.000000000000000000 ) ) ;
#3142 =( LENGTH_UNIT ( ) NAMED_UNIT ( * ) SI_UNIT ( .MILLI., .METRE. ) );
#3143 = DIRECTION ( 'NONE',  ( -0.000000000000000000, 1.000000000000000000, 0.000000000000000000 ) ) ;
#3144 =( GEOMETRIC_REPRESENTATION_CONTEXT ( 3 ) GLOBAL_UNCERTAINTY_ASSIGNED_CONTEXT ( ( #4553 ) ) GLOBAL_UNIT_ASSIGNED_CONTEXT ( ( #9333, #6390, #7884 ) ) REPRESENTATION_CONTEXT ( 'NONE', 'WORKASPACE' ) );
#3145 = SURFACE_STYLE_FILL_AREA ( #3953 ) ;
#3146 = ORIENTED_EDGE ( 'NONE', *, *, #6947, .T. ) ;
#3147 = DIRECTION ( 'NONE',  ( -0.000000000000000000, 1.000000000000000000, -0.000000000000000000 ) ) ;
#3148 =( LENGTH_UNIT ( ) NAMED_UNIT ( * ) SI_UNIT ( .MILLI., .METRE. ) );
#3149 = ORIENTED_EDGE ( 'NONE', *, *, #4402, .F. ) ;
#3150 = EDGE_CURVE ( 'NONE', #4964, #6432, #817, .T. ) ;
#3151 = LINE ( 'NONE', #6155, #3504 ) ;
#3152 = UNCERTAINTY_MEASURE_WITH_UNIT (LENGTH_MEASURE( 1.000000000000000082E-05 ), #7550, 'distance_accuracy_value', 'NONE');
#3153 = CYLINDRICAL_SURFACE ( 'NONE', #6202, 0.5000000000000004441 ) ;
#3154 = EDGE_LOOP ( 'NONE', ( #849, #6728, #5349, #3192 ) ) ;
#3155 = CARTESIAN_POINT ( 'NONE',  ( 2.048277883803091726, 18.49999999999999645, -6.196211121487015028 ) ) ;
#3156 = DIRECTION ( 'NONE',  ( 0.000000000000000000, 1.000000000000000000, 0.000000000000000000 ) ) ;
#3157 = FILL_AREA_STYLE_COLOUR ( '', #2167 ) ;
#3158 = EDGE_CURVE ( 'NONE', #1548, #1043, #246, .T. ) ;
#3159 = STYLED_ITEM ( 'NONE', ( #2491 ), #7067 ) ;
#3160 = UNCERTAINTY_MEASURE_WITH_UNIT (LENGTH_MEASURE( 1.000000000000000082E-05 ), #4514, 'distance_accuracy_value', 'NONE');
#3161 = SPHERICAL_SURFACE ( 'NONE', #4726, 0.5000000000000000000 ) ;
#3162 = PRESENTATION_STYLE_ASSIGNMENT (( #759 ) ) ;
#3163 = FILL_AREA_STYLE_COLOUR ( '', #5552 ) ;
#3164 = DIRECTION ( 'NONE',  ( -1.000000000000000000, -0.000000000000000000, -0.000000000000000000 ) ) ;
#3165 = CARTESIAN_POINT ( 'NONE',  ( 1.000000000000000000, 7.500000000000000000, -16.14999999999999503 ) ) ;
#3166 = STYLED_ITEM ( 'NONE', ( #2643 ), #6883 ) ;
#3167 = CARTESIAN_POINT ( 'NONE',  ( 5.549999999999998934, 10.69999999999999929, -10.75000000000000178 ) ) ;
#3168 = DIRECTION ( 'NONE',  ( 0.000000000000000000, -7.744301232039317914E-17, -1.000000000000000000 ) ) ;
#3169 = SURFACE_STYLE_USAGE ( .BOTH. , #3971 ) ;
#3170 = CARTESIAN_POINT ( 'NONE',  ( -1.811166969963616147, 18.49999999999999645, -5.522122569743917353 ) ) ;
#3171 = EDGE_LOOP ( 'NONE', ( #1957, #548, #493, #7367 ) ) ;
#3172 = ADVANCED_FACE ( 'NONE', ( #1705 ), #8293, .T. ) ;
#3173 = VERTEX_POINT ( 'NONE', #6942 ) ;
#3174 = DIRECTION ( 'NONE',  ( 0.000000000000000000, 0.000000000000000000, -1.000000000000000000 ) ) ;
#3175 = PLANE ( 'NONE',  #3873 ) ;
#3176 = SURFACE_SIDE_STYLE ('',( #9037 ) ) ;
#3177 = AXIS2_PLACEMENT_3D ( 'NONE', #6980, #2346, #4708 ) ;
#3178 = ORIENTED_EDGE ( 'NONE', *, *, #5948, .F. ) ;
#3179 = PLANE ( 'NONE',  #2359 ) ;
#3180 = CIRCLE ( 'NONE', #9474, 0.8399999999999999689 ) ;
#3181 = ORIENTED_EDGE ( 'NONE', *, *, #4349, .F. ) ;
#3182 = UNCERTAINTY_MEASURE_WITH_UNIT (LENGTH_MEASURE( 1.000000000000000082E-05 ), #3482, 'distance_accuracy_value', 'NONE');
#3183 = PRESENTATION_STYLE_ASSIGNMENT (( #6952 ) ) ;
#3184 = PRESENTATION_LAYER_ASSIGNMENT (  '', '', ( #6020 ) ) ;
#3185 = PRESENTATION_LAYER_ASSIGNMENT (  '', '', ( #5384 ) ) ;
#3186 = PRESENTATION_STYLE_ASSIGNMENT (( #185 ) ) ;
#3187 = AXIS2_PLACEMENT_3D ( 'NONE', #5564, #398, #4840 ) ;
#3188 = EDGE_CURVE ( 'NONE', #5288, #8442, #7738, .T. ) ;
#3189 = CARTESIAN_POINT ( 'NONE',  ( -1.625000000000000000, -6.450000000000000178, 16.15099999999999980 ) ) ;
#3190 = PLANE ( 'NONE',  #1309 ) ;
#3191 = FILL_AREA_STYLE_COLOUR ( '', #9195 ) ;
#3192 = ORIENTED_EDGE ( 'NONE', *, *, #141, .F. ) ;
#3193 = CARTESIAN_POINT ( 'NONE',  ( 2.338005531660679370, 15.50000000000000000, 0.004480259375332391360 ) ) ;
#3194 =( LENGTH_UNIT ( ) NAMED_UNIT ( * ) SI_UNIT ( .MILLI., .METRE. ) );
#3196 = VERTEX_POINT ( 'NONE', #4626 ) ;
#3195 = AXIS2_PLACEMENT_3D ( 'NONE', #1358, #1511, #3677 ) ;
#3197 =( GEOMETRIC_REPRESENTATION_CONTEXT ( 3 ) GLOBAL_UNCERTAINTY_ASSIGNED_CONTEXT ( ( #6993 ) ) GLOBAL_UNIT_ASSIGNED_CONTEXT ( ( #9383, #7494, #2922 ) ) REPRESENTATION_CONTEXT ( 'NONE', 'WORKASPACE' ) );
#3198 = AXIS2_PLACEMENT_3D ( 'NONE', #2858, #7380, #3515 ) ;
#3199 = DIRECTION ( 'NONE',  ( 0.000000000000000000, 0.000000000000000000, 1.000000000000000000 ) ) ;
#3200 = EDGE_CURVE ( 'NONE', #2054, #8692, #7778, .T. ) ;
#3201 =( LENGTH_UNIT ( ) NAMED_UNIT ( * ) SI_UNIT ( .MILLI., .METRE. ) );
#3202 = STYLED_ITEM ( 'NONE', ( #6481 ), #7812 ) ;
#3203 = DIRECTION ( 'NONE',  ( -0.000000000000000000, 1.000000000000000000, -7.744301232039317914E-17 ) ) ;
#3204 = ORIENTED_EDGE ( 'NONE', *, *, #4418, .F. ) ;
#3205 = CARTESIAN_POINT ( 'NONE',  ( 1.625000000000000000, -6.450000000000000178, 16.15099999999999980 ) ) ;
#3206 = DIRECTION ( 'NONE',  ( 0.000000000000000000, -1.000000000000000000, 0.000000000000000000 ) ) ;
#3207 = CIRCLE ( 'NONE', #4157, 1.849000000000000199 ) ;
#3208 = DIRECTION ( 'NONE',  ( 0.000000000000000000, 1.000000000000000000, 0.000000000000000000 ) ) ;
#3209 = UNCERTAINTY_MEASURE_WITH_UNIT (LENGTH_MEASURE( 1.000000000000000082E-05 ), #3498, 'distance_accuracy_value', 'NONE');
#3210 = FILL_AREA_STYLE_COLOUR ( '', #1257 ) ;
#3211 = DIRECTION ( 'NONE',  ( 0.000000000000000000, 0.000000000000000000, -1.000000000000000000 ) ) ;
#3212 = VECTOR ( 'NONE', #15, 1000.000000000000000 ) ;
#3213 = CIRCLE ( 'NONE', #4669, 0.5000000000000004441 ) ;
#3214 = LINE ( 'NONE', #264, #7030 ) ;
#3215 = EDGE_CURVE ( 'NONE', #7212, #7353, #2760, .T. ) ;
#3216 = DIRECTION ( 'NONE',  ( 0.000000000000000000, 1.000000000000000000, 0.000000000000000000 ) ) ;
#3217 = CARTESIAN_POINT ( 'NONE',  ( -5.842893218813452805, 5.500000000000000888, 11.25000000000000000 ) ) ;
#3218 = VERTEX_POINT ( 'NONE', #2351 ) ;
#3219 = ORIENTED_EDGE ( 'NONE', *, *, #7223, .T. ) ;
#3220 = AXIS2_PLACEMENT_3D ( 'NONE', #1761, #5284, #7800 ) ;
#3221 = SURFACE_STYLE_FILL_AREA ( #2447 ) ;
#3222 = STYLED_ITEM ( 'NONE', ( #416 ), #5615 ) ;
#3223 =( NAMED_UNIT ( * ) PLANE_ANGLE_UNIT ( ) SI_UNIT ( $, .RADIAN. ) );
#3224 = SURFACE_STYLE_USAGE ( .BOTH. , #275 ) ;
#3225 = UNCERTAINTY_MEASURE_WITH_UNIT (LENGTH_MEASURE( 1.000000000000000082E-05 ), #366, 'distance_accuracy_value', 'NONE');
#3226 = UNCERTAINTY_MEASURE_WITH_UNIT (LENGTH_MEASURE( 1.000000000000000082E-05 ), #6638, 'distance_accuracy_value', 'NONE');
#3227 = ADVANCED_FACE ( 'NONE', ( #223 ), #3175, .F. ) ;
#3228 = CIRCLE ( 'NONE', #8095, 0.5000000000000004441 ) ;
#3229 = EDGE_LOOP ( 'NONE', ( #8626, #4526, #9518, #985 ) ) ;
#3230 = FILL_AREA_STYLE_COLOUR ( '', #617 ) ;
#3231 = ORIENTED_EDGE ( 'NONE', *, *, #9140, .F. ) ;
#3232 = CARTESIAN_POINT ( 'NONE',  ( 0.5641957166668334356, 16.99999999999999289, -2.920272843306879640 ) ) ;
#3233 = CARTESIAN_POINT ( 'NONE',  ( 1.058647331648731260, 15.49999999999999467, -3.484649038370281282 ) ) ;
#3234 = AXIS2_PLACEMENT_3D ( 'NONE', #5476, #8432, #6270 ) ;
#3235 =( NAMED_UNIT ( * ) SI_UNIT ( $, .STERADIAN. ) SOLID_ANGLE_UNIT ( ) );
#3236 = FILL_AREA_STYLE_COLOUR ( '', #428 ) ;
#3237 = CARTESIAN_POINT ( 'NONE',  ( -1.908769730993877811, 15.49999999999999467, -4.649274414225147645 ) ) ;
#3238 = ORIENTED_EDGE ( 'NONE', *, *, #9217, .T. ) ;
#3239 = DIRECTION ( 'NONE',  ( 0.000000000000000000, 1.000000000000000000, 0.000000000000000000 ) ) ;
#3240 = DIRECTION ( 'NONE',  ( 0.000000000000000000, 0.000000000000000000, 1.000000000000000000 ) ) ;
#3241 = COLOUR_RGB ( '',0.7764705882352941346, 0.7568627450980391913, 0.7372549019607843590 ) ;
#3242 = EDGE_LOOP ( 'NONE', ( #7338, #7542, #182, #1757 ) ) ;
#3243 = PRESENTATION_STYLE_ASSIGNMENT (( #4883 ) ) ;
#3244 = MECHANICAL_DESIGN_GEOMETRIC_PRESENTATION_REPRESENTATION (  '', ( #5933 ), #1528 ) ;
#3245 = ADVANCED_FACE ( 'NONE', ( #6485 ), #1256, .T. ) ;
#3246 =( GEOMETRIC_REPRESENTATION_CONTEXT ( 3 ) GLOBAL_UNCERTAINTY_ASSIGNED_CONTEXT ( ( #2768 ) ) GLOBAL_UNIT_ASSIGNED_CONTEXT ( ( #7775, #1046, #4995 ) ) REPRESENTATION_CONTEXT ( 'NONE', 'WORKASPACE' ) );
#3247 = CARTESIAN_POINT ( 'NONE',  ( 0.04022988571099352095, 15.49999999999999467, -6.998562294404946371 ) ) ;
#3248 = STYLED_ITEM ( 'NONE', ( #3186 ), #4137 ) ;
#3249 = UNCERTAINTY_MEASURE_WITH_UNIT (LENGTH_MEASURE( 1.000000000000000082E-05 ), #3194, 'distance_accuracy_value', 'NONE');
#3250 = VECTOR ( 'NONE', #6144, 1000.000000000000000 ) ;
#3251 = FILL_AREA_STYLE_COLOUR ( '', #5894 ) ;
#3252 = EDGE_LOOP ( 'NONE', ( #4569 ) ) ;
#3253 =( NAMED_UNIT ( * ) PLANE_ANGLE_UNIT ( ) SI_UNIT ( $, .RADIAN. ) );
#3254 = CIRCLE ( 'NONE', #5166, 2.299999999999998490 ) ;
#3255 = CARTESIAN_POINT ( 'NONE',  ( -33.59650613054222390, -9.199999999999999289, 10.24999999999999822 ) ) ;
#3256 = SURFACE_SIDE_STYLE ('',( #256 ) ) ;
#3257 = DIRECTION ( 'NONE',  ( 0.000000000000000000, 0.000000000000000000, -1.000000000000000000 ) ) ;
#3258 = ADVANCED_FACE ( 'NONE', ( #4908 ), #9432, .F. ) ;
#3259 =( NAMED_UNIT ( * ) SI_UNIT ( $, .STERADIAN. ) SOLID_ANGLE_UNIT ( ) );
#3260 = VECTOR ( 'NONE', #8157, 1000.000000000000000 ) ;
#3261 = DIRECTION ( 'NONE',  ( 0.000000000000000000, 1.000000000000000000, 0.000000000000000000 ) ) ;
#3262 = MECHANICAL_DESIGN_GEOMETRIC_PRESENTATION_REPRESENTATION (  '', ( #1544 ), #281 ) ;
#3263 = CARTESIAN_POINT ( 'NONE',  ( -0.1180935329719308841, 15.49999999999999467, -7.446966242126818791 ) ) ;
#3264 = CYLINDRICAL_SURFACE ( 'NONE', #9480, 0.5000000000000004441 ) ;
#3265 = ORIENTED_EDGE ( 'NONE', *, *, #3761, .F. ) ;
#3266 = CARTESIAN_POINT ( 'NONE',  ( 6.050000000000000711, 10.82079280706483182, -6.539902701482411373 ) ) ;
#3267 = FILL_AREA_STYLE ('',( #4812 ) ) ;
#3268 = ORIENTED_EDGE ( 'NONE', *, *, #8020, .T. ) ;
#3269 = PRESENTATION_LAYER_ASSIGNMENT (  '', '', ( #5630 ) ) ;
#3270 = ORIENTED_EDGE ( 'NONE', *, *, #7783, .T. ) ;
#3271 = EDGE_CURVE ( 'NONE', #9102, #1016, #9492, .T. ) ;
#3272 =( NAMED_UNIT ( * ) PLANE_ANGLE_UNIT ( ) SI_UNIT ( $, .RADIAN. ) );
#3273 = AXIS2_PLACEMENT_3D ( 'NONE', #2953, #894, #8959 ) ;
#3274 =( NAMED_UNIT ( * ) SI_UNIT ( $, .STERADIAN. ) SOLID_ANGLE_UNIT ( ) );
#3275 = EDGE_LOOP ( 'NONE', ( #3038 ) ) ;
#3276 = SURFACE_SIDE_STYLE ('',( #1859 ) ) ;
#3277 = EDGE_LOOP ( 'NONE', ( #3696, #7732, #3324, #1009, #2936, #6562, #1333, #7405, #3973, #6666 ) ) ;
#3278 = DIRECTION ( 'NONE',  ( 1.000000000000000000, 0.000000000000000000, 0.000000000000000000 ) ) ;
#3279 = EDGE_CURVE ( 'NONE', #5240, #2746, #372, .T. ) ;
#3280 = SURFACE_STYLE_FILL_AREA ( #4774 ) ;
#3281 =( LENGTH_UNIT ( ) NAMED_UNIT ( * ) SI_UNIT ( .MILLI., .METRE. ) );
#3282 = PRESENTATION_STYLE_ASSIGNMENT (( #2541 ) ) ;
#3283 =( LENGTH_UNIT ( ) NAMED_UNIT ( * ) SI_UNIT ( .MILLI., .METRE. ) );
#3284 = CIRCLE ( 'NONE', #7835, 1.848999999999999977 ) ;
#3285 = FACE_OUTER_BOUND ( 'NONE', #2213, .T. ) ;
#3286 = CARTESIAN_POINT ( 'NONE',  ( -0.2312395857285372003, 18.49999999999999645, -7.109759233222311181 ) ) ;
#3287 = MECHANICAL_DESIGN_GEOMETRIC_PRESENTATION_REPRESENTATION (  '', ( #619 ), #144 ) ;
#3288 = SURFACE_STYLE_USAGE ( .BOTH. , #9144 ) ;
#3289 = EDGE_LOOP ( 'NONE', ( #8588, #1411, #38, #4004 ) ) ;
#3290 = CARTESIAN_POINT ( 'NONE',  ( 5.549999999999998934, 7.500000000000000000, 15.65000000000000036 ) ) ;
#3291 = CIRCLE ( 'NONE', #3641, 1.849000000000000199 ) ;
#3292 = ORIENTED_EDGE ( 'NONE', *, *, #6835, .T. ) ;
#3293 = AXIS2_PLACEMENT_3D ( 'NONE', #4779, #9346, #333 ) ;
#3294 = ADVANCED_FACE ( 'NONE', ( #3467 ), #9481, .F. ) ;
#3295 = SURFACE_STYLE_USAGE ( .BOTH. , #5653 ) ;
#3296 = DIRECTION ( 'NONE',  ( 0.000000000000000000, -7.744301232039317914E-17, -1.000000000000000000 ) ) ;
#3297 = CIRCLE ( 'NONE', #7226, 0.8400000000000003020 ) ;
#3298 =( GEOMETRIC_REPRESENTATION_CONTEXT ( 3 ) GLOBAL_UNCERTAINTY_ASSIGNED_CONTEXT ( ( #908 ) ) GLOBAL_UNIT_ASSIGNED_CONTEXT ( ( #4765, #6231, #6279 ) ) REPRESENTATION_CONTEXT ( 'NONE', 'WORKASPACE' ) );
#3299 = DIRECTION ( 'NONE',  ( 0.000000000000000000, 1.000000000000000000, 0.000000000000000000 ) ) ;
#3300 = VERTEX_POINT ( 'NONE', #8088 ) ;
#3301 = CARTESIAN_POINT ( 'NONE',  ( -5.549999999999998934, 8.000000000000000000, 16.15000000000000213 ) ) ;
#3302 =( LENGTH_UNIT ( ) NAMED_UNIT ( * ) SI_UNIT ( .MILLI., .METRE. ) );
#3303 = DIRECTION ( 'NONE',  ( 0.6801727377709154698, 0.000000000000000000, 0.7330518718298300040 ) ) ;
#3304 = UNCERTAINTY_MEASURE_WITH_UNIT (LENGTH_MEASURE( 1.000000000000000082E-05 ), #189, 'distance_accuracy_value', 'NONE');
#3305 = SURFACE_STYLE_USAGE ( .BOTH. , #3454 ) ;
#3306 = PRESENTATION_STYLE_ASSIGNMENT (( #7780 ) ) ;
#3307 = SURFACE_STYLE_FILL_AREA ( #4808 ) ;
#3308 =( GEOMETRIC_REPRESENTATION_CONTEXT ( 3 ) GLOBAL_UNCERTAINTY_ASSIGNED_CONTEXT ( ( #21 ) ) GLOBAL_UNIT_ASSIGNED_CONTEXT ( ( #4144, #5702, #7184 ) ) REPRESENTATION_CONTEXT ( 'NONE', 'WORKASPACE' ) );
#3309 = EDGE_CURVE ( 'NONE', #7137, #8226, #8689, .T. ) ;
#3310 = COLOUR_RGB ( '',0.1058823529411764691, 0.6352941176470587870, 0.9411764705882352811 ) ;
#3311 = CARTESIAN_POINT ( 'NONE',  ( 0.5207437878910534668, 18.49999999999999645, -3.246594130097081976 ) ) ;
#3312 = FILL_AREA_STYLE_COLOUR ( '', #686 ) ;
#3313 = SURFACE_SIDE_STYLE ('',( #5386 ) ) ;
#3314 = ORIENTED_EDGE ( 'NONE', *, *, #3775, .T. ) ;
#3315 = ORIENTED_EDGE ( 'NONE', *, *, #8903, .T. ) ;
#3316 = SURFACE_STYLE_USAGE ( .BOTH. , #4165 ) ;
#3317 = FILL_AREA_STYLE_COLOUR ( '', #2095 ) ;
#3318 = DIRECTION ( 'NONE',  ( -1.000000000000000000, 0.000000000000000000, 0.000000000000000000 ) ) ;
#3319 = UNCERTAINTY_MEASURE_WITH_UNIT (LENGTH_MEASURE( 1.000000000000000082E-05 ), #655, 'distance_accuracy_value', 'NONE');
#3320 = FILL_AREA_STYLE_COLOUR ( '', #4003 ) ;
#3321 = EDGE_CURVE ( 'NONE', #8611, #5943, #4318, .T. ) ;
#3322 =( NAMED_UNIT ( * ) PLANE_ANGLE_UNIT ( ) SI_UNIT ( $, .RADIAN. ) );
#3323 = MECHANICAL_DESIGN_GEOMETRIC_PRESENTATION_REPRESENTATION (  '', ( #660 ), #343 ) ;
#3324 = ORIENTED_EDGE ( 'NONE', *, *, #1080, .T. ) ;
#3325 = CARTESIAN_POINT ( 'NONE',  ( -6.150000000000000355, 1.500000000000000444, 8.000000000000000000 ) ) ;
#3326 = EDGE_LOOP ( 'NONE', ( #6785 ) ) ;
#3327 = FILL_AREA_STYLE ('',( #330 ) ) ;
#3328 = FILL_AREA_STYLE ('',( #486 ) ) ;
#3329 =( LENGTH_UNIT ( ) NAMED_UNIT ( * ) SI_UNIT ( .MILLI., .METRE. ) );
#3330 = DIRECTION ( 'NONE',  ( -0.000000000000000000, 1.000000000000000000, -0.000000000000000000 ) ) ;
#3331 = DIRECTION ( 'NONE',  ( 0.000000000000000000, 1.000000000000000000, 0.000000000000000000 ) ) ;
#3332 = DIRECTION ( 'NONE',  ( 0.000000000000000000, 0.000000000000000000, 1.000000000000000000 ) ) ;
#3333 = DIRECTION ( 'NONE',  ( 0.000000000000000000, 0.000000000000000000, 1.000000000000000000 ) ) ;
#3334 = EDGE_CURVE ( 'NONE', #2549, #4199, #6509, .T. ) ;
#3335 = SURFACE_STYLE_FILL_AREA ( #6825 ) ;
#3336 = FACE_OUTER_BOUND ( 'NONE', #814, .T. ) ;
#3337 = AXIS2_PLACEMENT_3D ( 'NONE', #5294, #3261, #9264 ) ;
#3338 =( GEOMETRIC_REPRESENTATION_CONTEXT ( 3 ) GLOBAL_UNCERTAINTY_ASSIGNED_CONTEXT ( ( #8524 ) ) GLOBAL_UNIT_ASSIGNED_CONTEXT ( ( #9077, #4564, #6223 ) ) REPRESENTATION_CONTEXT ( 'NONE', 'WORKASPACE' ) );
#3339 =( NAMED_UNIT ( * ) PLANE_ANGLE_UNIT ( ) SI_UNIT ( $, .RADIAN. ) );
#3340 = VERTEX_POINT ( 'NONE', #1453 ) ;
#3341 = CARTESIAN_POINT ( 'NONE',  ( -6.049999999999999822, 10.82053046427274445, -6.541119445732270776 ) ) ;
#3342 = PRESENTATION_LAYER_ASSIGNMENT (  '', '', ( #7567 ) ) ;
#3343 = ORIENTED_EDGE ( 'NONE', *, *, #1645, .F. ) ;
#3344 =( NAMED_UNIT ( * ) SI_UNIT ( $, .STERADIAN. ) SOLID_ANGLE_UNIT ( ) );
#3345 = AXIS2_PLACEMENT_3D ( 'NONE', #4985, #8698, #2755 ) ;
#3346 = PRESENTATION_LAYER_ASSIGNMENT (  '', '', ( #834 ) ) ;
#3347 = VECTOR ( 'NONE', #805, 1000.000000000000000 ) ;
#3348 = ADVANCED_FACE ( 'NONE', ( #6689 ), #9736, .T. ) ;
#3349 = VERTEX_POINT ( 'NONE', #8877 ) ;
#3350 = ORIENTED_EDGE ( 'NONE', *, *, #9309, .T. ) ;
#3351 = PRESENTATION_STYLE_ASSIGNMENT (( #7816 ) ) ;
#3352 = SURFACE_STYLE_FILL_AREA ( #1045 ) ;
#3353 = DIRECTION ( 'NONE',  ( 0.000000000000000000, 0.000000000000000000, 1.000000000000000000 ) ) ;
#3354 = UNCERTAINTY_MEASURE_WITH_UNIT (LENGTH_MEASURE( 1.000000000000000082E-05 ), #4396, 'distance_accuracy_value', 'NONE');
#3355 = COLOUR_RGB ( '',0.7764705882352941346, 0.7568627450980391913, 0.7372549019607843590 ) ;
#3356 = COLOUR_RGB ( '',0.7921568627450980005, 0.8196078431372548767, 0.9333333333333333481 ) ;
#3357 =( NAMED_UNIT ( * ) PLANE_ANGLE_UNIT ( ) SI_UNIT ( $, .RADIAN. ) );
#3358 = DIRECTION ( 'NONE',  ( 0.000000000000000000, 1.000000000000000000, 0.000000000000000000 ) ) ;
#3359 = COLOUR_RGB ( '',0.1058823529411764691, 0.6352941176470587870, 0.9411764705882352811 ) ;
#3360 = PRESENTATION_LAYER_ASSIGNMENT (  '', '', ( #2888 ) ) ;
#3361 = DIRECTION ( 'NONE',  ( -1.000000000000000000, 0.000000000000000000, 0.000000000000000000 ) ) ;
#3362 = DIRECTION ( 'NONE',  ( 0.000000000000000000, 0.000000000000000000, 1.000000000000000000 ) ) ;
#3363 = CYLINDRICAL_SURFACE ( 'NONE', #9521, 0.5000000000000004441 ) ;
#3364 = SURFACE_STYLE_USAGE ( .BOTH. , #1097 ) ;
#3365 = PRESENTATION_STYLE_ASSIGNMENT (( #2444 ) ) ;
#3366 = ORIENTED_EDGE ( 'NONE', *, *, #6586, .T. ) ;
#3367 = MECHANICAL_DESIGN_GEOMETRIC_PRESENTATION_REPRESENTATION (  '', ( #9673 ), #8703 ) ;
#3368 = ORIENTED_EDGE ( 'NONE', *, *, #2794, .T. ) ;
#3369 = VECTOR ( 'NONE', #3497, 1000.000000000000000 ) ;
#3370 = DIRECTION ( 'NONE',  ( -1.000000000000000000, 0.000000000000000000, 0.000000000000000000 ) ) ;
#3371 = EDGE_CURVE ( 'NONE', #8149, #5153, #5258, .T. ) ;
#3372 =( GEOMETRIC_REPRESENTATION_CONTEXT ( 3 ) GLOBAL_UNCERTAINTY_ASSIGNED_CONTEXT ( ( #1047 ) ) GLOBAL_UNIT_ASSIGNED_CONTEXT ( ( #8066, #6561, #1332 ) ) REPRESENTATION_CONTEXT ( 'NONE', 'WORKASPACE' ) );
#3373 = PRESENTATION_LAYER_ASSIGNMENT (  '', '', ( #8089 ) ) ;
#3374 = ORIENTED_EDGE ( 'NONE', *, *, #4814, .T. ) ;
#3375 = DIRECTION ( 'NONE',  ( -0.000000000000000000, 0.000000000000000000, -1.000000000000000000 ) ) ;
#3376 = EDGE_LOOP ( 'NONE', ( #2304, #4723, #1188, #8651 ) ) ;
#3377 = SURFACE_SIDE_STYLE ('',( #2586 ) ) ;
#3378 =( LENGTH_UNIT ( ) NAMED_UNIT ( * ) SI_UNIT ( .MILLI., .METRE. ) );
#3379 = FILL_AREA_STYLE_COLOUR ( '', #396 ) ;
#3380 = ADVANCED_FACE ( 'NONE', ( #3625 ), #8928, .T. ) ;
#3381 = FILL_AREA_STYLE ('',( #7043 ) ) ;
#3382 = DIRECTION ( 'NONE',  ( 0.000000000000000000, 0.000000000000000000, 1.000000000000000000 ) ) ;
#3383 = AXIS2_PLACEMENT_3D ( 'NONE', #9699, #2834, #4425 ) ;
#3384 = VECTOR ( 'NONE', #6212, 1000.000000000000000 ) ;
#3385 = CARTESIAN_POINT ( 'NONE',  ( -1.869470635734519215, 16.99999999999999289, -3.810194214773511945 ) ) ;
#3386 = PRESENTATION_STYLE_ASSIGNMENT (( #7005 ) ) ;
#3387 = CARTESIAN_POINT ( 'NONE',  ( -0.8076111086504679237, 11.19999999976569249, -11.14935609574093434 ) ) ;
#3388 = ORIENTED_EDGE ( 'NONE', *, *, #9254, .F. ) ;
#3389 = CARTESIAN_POINT ( 'NONE',  ( -5.625495188211865560, 11.19999999999999929, -7.384339349926331231 ) ) ;
#3390 = CARTESIAN_POINT ( 'NONE',  ( -1.000000000000000000, 7.500000000000000000, -16.14999999999999503 ) ) ;
#3391 = ORIENTED_EDGE ( 'NONE', *, *, #2969, .T. ) ;
#3392 = COLOUR_RGB ( '',0.1058823529411764691, 0.6352941176470587870, 0.9411764705882352811 ) ;
#3393 = ADVANCED_FACE ( 'NONE', ( #6075 ), #4607, .T. ) ;
#3394 = FILL_AREA_STYLE_COLOUR ( '', #5093 ) ;
#3395 = PRESENTATION_LAYER_ASSIGNMENT (  '', '', ( #2153 ) ) ;
#3396 = VERTEX_POINT ( 'NONE', #9120 ) ;
#3397 = CIRCLE ( 'NONE', #107, 0.8399999999999998579 ) ;
#3398 = CARTESIAN_POINT ( 'NONE',  ( -6.049999999999999822, 8.325123824442263091E-16, 10.74999999999999645 ) ) ;
#3399 = ORIENTED_EDGE ( 'NONE', *, *, #4951, .T. ) ;
#3400 = PLANE ( 'NONE',  #4181 ) ;
#3401 = PRESENTATION_STYLE_ASSIGNMENT (( #4750 ) ) ;
#3402 = DIRECTION ( 'NONE',  ( 0.000000000000000000, 1.000000000000000000, 0.000000000000000000 ) ) ;
#3403 = UNCERTAINTY_MEASURE_WITH_UNIT (LENGTH_MEASURE( 1.000000000000000082E-05 ), #2077, 'distance_accuracy_value', 'NONE');
#3404 = EDGE_CURVE ( 'NONE', #2640, #8081, #1794, .T. ) ;
#3405 = SURFACE_SIDE_STYLE ('',( #354 ) ) ;
#3406 = DIRECTION ( 'NONE',  ( 0.000000000000000000, 0.000000000000000000, 1.000000000000000000 ) ) ;
#3407 = MECHANICAL_DESIGN_GEOMETRIC_PRESENTATION_REPRESENTATION (  '', ( #9219 ), #8906 ) ;
#3408 = FACE_OUTER_BOUND ( 'NONE', #5679, .T. ) ;
#3409 = VECTOR ( 'NONE', #3995, 1000.000000000000000 ) ;
#3410 = DIRECTION ( 'NONE',  ( -0.000000000000000000, 1.000000000000000000, -0.000000000000000000 ) ) ;
#3411 = PRODUCT_RELATED_PRODUCT_CATEGORY ( 'part', '', ( #4058 ) ) ;
#3412 = FILL_AREA_STYLE ('',( #5625 ) ) ;
#3413 = DIRECTION ( 'NONE',  ( -1.000000000000000000, -0.000000000000000000, -0.000000000000000000 ) ) ;
#3414 = DIRECTION ( 'NONE',  ( 1.000000000000000000, 0.000000000000000000, 0.000000000000000000 ) ) ;
#3415 = AXIS2_PLACEMENT_3D ( 'NONE', #885, #3794, #8305 ) ;
#3416 = PRESENTATION_LAYER_ASSIGNMENT (  '', '', ( #9071 ) ) ;
#3417 = EDGE_LOOP ( 'NONE', ( #2919, #4434, #7614, #5832 ) ) ;
#3418 = FACE_OUTER_BOUND ( 'NONE', #7867, .T. ) ;
#3419 =( NAMED_UNIT ( * ) PLANE_ANGLE_UNIT ( ) SI_UNIT ( $, .RADIAN. ) );
#3420 = SURFACE_SIDE_STYLE ('',( #2624 ) ) ;
#3421 = SURFACE_SIDE_STYLE ('',( #1062 ) ) ;
#3422 = VECTOR ( 'NONE', #6488, 1000.000000000000000 ) ;
#3423 = PRESENTATION_LAYER_ASSIGNMENT (  '', '', ( #4219 ) ) ;
#3424 = CARTESIAN_POINT ( 'NONE',  ( -7.296957046373735484E-16, 18.49999999999999645, -5.150000000000000355 ) ) ;
#3425 = VERTEX_POINT ( 'NONE', #3065 ) ;
#3426 = ORIENTED_EDGE ( 'NONE', *, *, #752, .T. ) ;
#3427 = CARTESIAN_POINT ( 'NONE',  ( 1.936998793047783218, 15.49999999999999467, -5.527045983852682198 ) ) ;
#3428 =( NAMED_UNIT ( * ) PLANE_ANGLE_UNIT ( ) SI_UNIT ( $, .RADIAN. ) );
#3429 = CARTESIAN_POINT ( 'NONE',  ( -7.296957046373735484E-16, 15.49999999999999467, -5.150000000000000355 ) ) ;
#3430 = CARTESIAN_POINT ( 'NONE',  ( -1.000000000000000000, 7.500000000000000000, -16.14999999999999503 ) ) ;
#3431 = DIRECTION ( 'NONE',  ( 0.000000000000000000, 1.000000000000000000, -0.000000000000000000 ) ) ;
#3432 = SURFACE_STYLE_FILL_AREA ( #5025 ) ;
#3433 = FACE_OUTER_BOUND ( 'NONE', #600, .T. ) ;
#3434 = EDGE_CURVE ( 'NONE', #941, #6911, #4557, .T. ) ;
#3435 = CARTESIAN_POINT ( 'NONE',  ( 1.022477698666401702, 11.20000000053019029, -11.11619175796324832 ) ) ;
#3436 = ORIENTED_EDGE ( 'NONE', *, *, #9468, .F. ) ;
#3437 = EDGE_CURVE ( 'NONE', #3472, #2044, #857, .T. ) ;
#3438 = CARTESIAN_POINT ( 'NONE',  ( -6.050000000000001599, 11.19999999999999929, -5.150000000000000355 ) ) ;
#3439 = VECTOR ( 'NONE', #7473, 1000.000000000000000 ) ;
#3440 = CYLINDRICAL_SURFACE ( 'NONE', #7513, 0.5000000000000004441 ) ;
#3441 =( LENGTH_UNIT ( ) NAMED_UNIT ( * ) SI_UNIT ( .MILLI., .METRE. ) );
#3442 = EDGE_LOOP ( 'NONE', ( #2268, #7530, #2312, #3885 ) ) ;
#3443 =( NAMED_UNIT ( * ) PLANE_ANGLE_UNIT ( ) SI_UNIT ( $, .RADIAN. ) );
#3444 = CARTESIAN_POINT ( 'NONE',  ( -2.803180875801798866, 11.19999999999999929, 0.2114062499999997957 ) ) ;
#3445 = CARTESIAN_POINT ( 'NONE',  ( -0.3152944646524749595, 15.49999999999999467, -3.328080572429310102 ) ) ;
#3446 =( GEOMETRIC_REPRESENTATION_CONTEXT ( 3 ) GLOBAL_UNCERTAINTY_ASSIGNED_CONTEXT ( ( #4719 ) ) GLOBAL_UNIT_ASSIGNED_CONTEXT ( ( #4075, #4670, #5532 ) ) REPRESENTATION_CONTEXT ( 'NONE', 'WORKASPACE' ) );
#3447 = VERTEX_POINT ( 'NONE', #1647 ) ;
#3448 = DIRECTION ( 'NONE',  ( 0.000000000000000000, -1.000000000000000000, 0.000000000000000000 ) ) ;
#3449 = ORIENTED_EDGE ( 'NONE', *, *, #339, .T. ) ;
#3450 = ADVANCED_FACE ( 'NONE', ( #4663 ), #210, .T. ) ;
#3451 = FACE_OUTER_BOUND ( 'NONE', #7861, .T. ) ;
#3452 = UNCERTAINTY_MEASURE_WITH_UNIT (LENGTH_MEASURE( 1.000000000000000082E-05 ), #8518, 'distance_accuracy_value', 'NONE');
#3453 = AXIS2_PLACEMENT_3D ( 'NONE', #6820, #4693, #6961 ) ;
#3454 = SURFACE_SIDE_STYLE ('',( #6317 ) ) ;
#3455 = SURFACE_SIDE_STYLE ('',( #5717 ) ) ;
#3456 = AXIS2_PLACEMENT_3D ( 'NONE', #9446, #8687, #1950 ) ;
#3457 = CARTESIAN_POINT ( 'NONE',  ( -7.296957046373735484E-16, 28.49999999999999645, -5.150000000000000355 ) ) ;
#3458 = VECTOR ( 'NONE', #4555, 1000.000000000000000 ) ;
#3459 = CARTESIAN_POINT ( 'NONE',  ( 6.049999999999999822, 7.500000000000000000, 0.000000000000000000 ) ) ;
#3460 = CARTESIAN_POINT ( 'NONE',  ( -0.1180935329719308841, 18.49999999999999645, -7.446966242126818791 ) ) ;
#3461 = EDGE_LOOP ( 'NONE', ( #938 ) ) ;
#3462 = EDGE_CURVE ( 'NONE', #3907, #8776, #460, .T. ) ;
#3463 =( NAMED_UNIT ( * ) PLANE_ANGLE_UNIT ( ) SI_UNIT ( $, .RADIAN. ) );
#3464 = AXIS2_PLACEMENT_3D ( 'NONE', #6853, #130, #83 ) ;
#3465 = FILL_AREA_STYLE ('',( #1350 ) ) ;
#3466 = VERTEX_POINT ( 'NONE', #1923 ) ;
#3467 = FACE_OUTER_BOUND ( 'NONE', #1083, .T. ) ;
#3468 = STYLED_ITEM ( 'NONE', ( #5654 ), #9399 ) ;
#3469 = EDGE_CURVE ( 'NONE', #7317, #1522, #4611, .T. ) ;
#3470 = ORIENTED_EDGE ( 'NONE', *, *, #8550, .F. ) ;
#3471 = UNCERTAINTY_MEASURE_WITH_UNIT (LENGTH_MEASURE( 1.000000000000000082E-05 ), #3148, 'distance_accuracy_value', 'NONE');
#3472 = VERTEX_POINT ( 'NONE', #7148 ) ;
#3473 = VECTOR ( 'NONE', #6116, 1000.000000000000000 ) ;
#3474 = CARTESIAN_POINT ( 'NONE',  ( -1.706080484939269004, 18.49999999999999645, -5.862804586762313086 ) ) ;
#3475 =( GEOMETRIC_REPRESENTATION_CONTEXT ( 3 ) GLOBAL_UNCERTAINTY_ASSIGNED_CONTEXT ( ( #3985 ) ) GLOBAL_UNIT_ASSIGNED_CONTEXT ( ( #7640, #2399, #9610 ) ) REPRESENTATION_CONTEXT ( 'NONE', 'WORKASPACE' ) );
#3476 =( BOUNDED_CURVE ( )  B_SPLINE_CURVE ( 3, ( #8193, #8786, #5844, #8939 ),
 .UNSPECIFIED., .F., .T. ) 
 B_SPLINE_CURVE_WITH_KNOTS ( ( 4, 4 ),
 ( 1.570796326794896558, 3.141592653589793116 ),
 .UNSPECIFIED. ) 
 CURVE ( )  GEOMETRIC_REPRESENTATION_ITEM ( )  RATIONAL_B_SPLINE_CURVE ( ( 1.000000000000000000, 0.8047378541243649375, 0.8047378541243649375, 1.000000000000000000 ) ) 
 REPRESENTATION_ITEM ( '' )  );
#3477 = CARTESIAN_POINT ( 'NONE',  ( 6.050000000000001599, 11.08160810058022960, -4.755553762514094451 ) ) ;
#3478 = SURFACE_STYLE_USAGE ( .BOTH. , #1315 ) ;
#3479 = SURFACE_STYLE_FILL_AREA ( #8236 ) ;
#3480 = PRESENTATION_LAYER_ASSIGNMENT (  '', '', ( #9289 ) ) ;
#3481 = CARTESIAN_POINT ( 'NONE',  ( -5.549999999999998934, 8.000000000000000000, 15.65000000000000036 ) ) ;
#3482 =( LENGTH_UNIT ( ) NAMED_UNIT ( * ) SI_UNIT ( .MILLI., .METRE. ) );
#3483 = CARTESIAN_POINT ( 'NONE',  ( 0.3914286973482226650, 10.95887597700056126, -11.25000000000000178 ) ) ;
#3484 = ORIENTED_EDGE ( 'NONE', *, *, #8033, .F. ) ;
#3485 = CARTESIAN_POINT ( 'NONE',  ( -6.050000000000090417, 11.04923262857828448, -6.596208169538430255 ) ) ;
#3486 =( NAMED_UNIT ( * ) PLANE_ANGLE_UNIT ( ) SI_UNIT ( $, .RADIAN. ) );
#3487 = ORIENTED_EDGE ( 'NONE', *, *, #1281, .F. ) ;
#3488 = DIRECTION ( 'NONE',  ( 0.000000000000000000, 0.000000000000000000, -1.000000000000000000 ) ) ;
#3489 = COLOUR_RGB ( '',0.7764705882352941346, 0.7568627450980391913, 0.7372549019607843590 ) ;
#3490 = PRESENTATION_STYLE_ASSIGNMENT (( #1325 ) ) ;
#3491 = FACE_OUTER_BOUND ( 'NONE', #6559, .T. ) ;
#3492 = EDGE_CURVE ( 'NONE', #3447, #6149, #4851, .T. ) ;
#3493 =( GEOMETRIC_REPRESENTATION_CONTEXT ( 3 ) GLOBAL_UNCERTAINTY_ASSIGNED_CONTEXT ( ( #2355 ) ) GLOBAL_UNIT_ASSIGNED_CONTEXT ( ( #8758, #4304, #7376 ) ) REPRESENTATION_CONTEXT ( 'NONE', 'WORKASPACE' ) );
#3494 = DIRECTION ( 'NONE',  ( -0.1490422661761817980, 0.000000000000000000, 0.9888308262251274128 ) ) ;
#3495 = EDGE_LOOP ( 'NONE', ( #2988, #7227, #4790 ) ) ;
#3496 = AXIS2_PLACEMENT_3D ( 'NONE', #6511, #4438, #8994 ) ;
#3497 = DIRECTION ( 'NONE',  ( 0.000000000000000000, -0.000000000000000000, -1.000000000000000000 ) ) ;
#3498 =( LENGTH_UNIT ( ) NAMED_UNIT ( * ) SI_UNIT ( .MILLI., .METRE. ) );
#3499 = ORIENTED_EDGE ( 'NONE', *, *, #3734, .T. ) ;
#3500 = DIRECTION ( 'NONE',  ( 0.000000000000000000, 1.000000000000000000, 0.000000000000000000 ) ) ;
#3501 = AXIS2_PLACEMENT_3D ( 'NONE', #6321, #2569, #5003 ) ;
#3502 = CARTESIAN_POINT ( 'NONE',  ( 1.812821074135908983, 15.49999999999999467, -4.370379738990362917 ) ) ;
#3503 = PRESENTATION_STYLE_ASSIGNMENT (( #8807 ) ) ;
#3504 = VECTOR ( 'NONE', #3809, 1000.000000000000000 ) ;
#3505 = MECHANICAL_DESIGN_GEOMETRIC_PRESENTATION_REPRESENTATION (  '', ( #6501 ), #3822 ) ;
#3506 = DIRECTION ( 'NONE',  ( 1.000000000000000000, 0.000000000000000000, -0.000000000000000000 ) ) ;
#3507 = CARTESIAN_POINT ( 'NONE',  ( 0.5000000000000004441, 5.500000000000000888, -15.64999999999999325 ) ) ;
#3508 = CIRCLE ( 'NONE', #5095, 0.8399999999999996358 ) ;
#3509 = DIRECTION ( 'NONE',  ( 0.000000000000000000, 1.000000000000000000, 0.000000000000000000 ) ) ;
#3510 = EDGE_CURVE ( 'NONE', #1076, #8440, #352, .T. ) ;
#3511 = CYLINDRICAL_SURFACE ( 'NONE', #7474, 2.299999999999998046 ) ;
#3512 = PRESENTATION_LAYER_ASSIGNMENT (  '', '', ( #1783 ) ) ;
#3513 = STYLED_ITEM ( 'NONE', ( #7068 ), #3294 ) ;
#3514 = SURFACE_STYLE_USAGE ( .BOTH. , #2611 ) ;
#3515 = DIRECTION ( 'NONE',  ( 0.000000000000000000, 0.000000000000000000, 1.000000000000000000 ) ) ;
#3516 = PRESENTATION_STYLE_ASSIGNMENT (( #6574 ) ) ;
#3517 = EDGE_LOOP ( 'NONE', ( #2731, #8965, #5276, #8655 ) ) ;
#3518 = FILL_AREA_STYLE ('',( #1095 ) ) ;
#3519 = SURFACE_STYLE_USAGE ( .BOTH. , #1249 ) ;
#3520 = CARTESIAN_POINT ( 'NONE',  ( -7.296957046373735484E-16, 28.49999999999999645, -5.150000000000000355 ) ) ;
#3521 = LINE ( 'NONE', #8717, #1720 ) ;
#3522 = VERTEX_POINT ( 'NONE', #6376 ) ;
#3523 = STYLED_ITEM ( 'NONE', ( #5477 ), #4896 ) ;
#3524 = SURFACE_STYLE_USAGE ( .BOTH. , #2242 ) ;
#3525 = AXIS2_PLACEMENT_3D ( 'NONE', #7580, #5430, #3969 ) ;
#3526 =( GEOMETRIC_REPRESENTATION_CONTEXT ( 3 ) GLOBAL_UNCERTAINTY_ASSIGNED_CONTEXT ( ( #4580 ) ) GLOBAL_UNIT_ASSIGNED_CONTEXT ( ( #5951, #8297, #3840 ) ) REPRESENTATION_CONTEXT ( 'NONE', 'WORKASPACE' ) );
#3527 = PRESENTATION_STYLE_ASSIGNMENT (( #7160 ) ) ;
#3528 = ADVANCED_FACE ( 'NONE', ( #2713 ), #8618, .T. ) ;
#3529 = DIRECTION ( 'NONE',  ( 0.000000000000000000, 1.000000000000000000, 0.000000000000000000 ) ) ;
#3530 = FILL_AREA_STYLE_COLOUR ( '', #8925 ) ;
#3531 = CIRCLE ( 'NONE', #9020, 6.049999999999999822 ) ;
#3532 = EDGE_LOOP ( 'NONE', ( #4117, #868, #5557, #3803 ) ) ;
#3533 = CIRCLE ( 'NONE', #3691, 1.848999999999999977 ) ;
#3534 = ORIENTED_EDGE ( 'NONE', *, *, #4814, .F. ) ;
#3535 =( NAMED_UNIT ( * ) SI_UNIT ( $, .STERADIAN. ) SOLID_ANGLE_UNIT ( ) );
#3536 = AXIS2_PLACEMENT_3D ( 'NONE', #3892, #4574, #2984 ) ;
#3537 = CARTESIAN_POINT ( 'NONE',  ( -1.295030796935219497, 15.49999999999999467, -3.661032830047169728 ) ) ;
#3538 = CARTESIAN_POINT ( 'NONE',  ( -0.5064307167314677782, 15.49999999999999467, -3.371706174685731749 ) ) ;
#3539 = COLOUR_RGB ( '',0.1058823529411764691, 0.6352941176470587870, 0.9411764705882352811 ) ;
#3540 = FACE_OUTER_BOUND ( 'NONE', #8398, .T. ) ;
#3541 =( GEOMETRIC_REPRESENTATION_CONTEXT ( 3 ) GLOBAL_UNCERTAINTY_ASSIGNED_CONTEXT ( ( #4819 ) ) GLOBAL_UNIT_ASSIGNED_CONTEXT ( ( #2721, #6381, #7877 ) ) REPRESENTATION_CONTEXT ( 'NONE', 'WORKASPACE' ) );
#3542 = SURFACE_SIDE_STYLE ('',( #2795 ) ) ;
#3543 = FILL_AREA_STYLE_COLOUR ( '', #2786 ) ;
#3544 = LINE ( 'NONE', #5072, #4625 ) ;
#3545 = ORIENTED_EDGE ( 'NONE', *, *, #1423, .F. ) ;
#3546 = DIRECTION ( 'NONE',  ( -0.000000000000000000, -0.000000000000000000, -1.000000000000000000 ) ) ;
#3547 = CARTESIAN_POINT ( 'NONE',  ( 0.1900242871748102913, 10.98219918617332347, -11.25000000000000355 ) ) ;
#3548 = DIRECTION ( 'NONE',  ( 1.000000000000000000, 0.000000000000000000, 0.000000000000000000 ) ) ;
#3549 = PRESENTATION_LAYER_ASSIGNMENT (  '', '', ( #2294 ) ) ;
#3550 = EDGE_LOOP ( 'NONE', ( #6923, #6821, #9031, #5496 ) ) ;
#3551 = CYLINDRICAL_SURFACE ( 'NONE', #8983, 1.848999999999999977 ) ;
#3552 = CIRCLE ( 'NONE', #7149, 0.8399999999999996358 ) ;
#3553 = COLOUR_RGB ( '',1.000000000000000000, 0.8352941176470588536, 0.000000000000000000 ) ;
#3554 = PLANE ( 'NONE',  #2932 ) ;
#3555 = DIRECTION ( 'NONE',  ( -0.000000000000000000, -0.000000000000000000, -1.000000000000000000 ) ) ;
#3556 = CARTESIAN_POINT ( 'NONE',  ( -0.4999999999999994449, 5.500000000000000888, -15.09899959967967575 ) ) ;
#3557 = ORIENTED_EDGE ( 'NONE', *, *, #250, .T. ) ;
#3558 = DIRECTION ( 'NONE',  ( -0.000000000000000000, 1.000000000000000000, -0.000000000000000000 ) ) ;
#3559 = AXIS2_PLACEMENT_3D ( 'NONE', #8099, #6647, #3784 ) ;
#3560 = AXIS2_PLACEMENT_3D ( 'NONE', #6774, #1381, #2066 ) ;
#3561 = ORIENTED_EDGE ( 'NONE', *, *, #7952, .F. ) ;
#3562 = DIRECTION ( 'NONE',  ( 0.000000000000000000, 0.000000000000000000, 1.000000000000000000 ) ) ;
#3563 = ORIENTED_EDGE ( 'NONE', *, *, #2535, .F. ) ;
#3564 = FILL_AREA_STYLE_COLOUR ( '', #8916 ) ;
#3565 = ADVANCED_FACE ( 'NONE', ( #2524 ), #1092, .T. ) ;
#3566 = CARTESIAN_POINT ( 'NONE',  ( 6.049999999999999822, 6.000000000000000000, 10.74999999999999467 ) ) ;
#3567 = CARTESIAN_POINT ( 'NONE',  ( -6.663561837205168577E-16, 11.19999999999999929, -2.719999999999999751 ) ) ;
#3568 = VECTOR ( 'NONE', #6637, 1000.000000000000000 ) ;
#3569 =( LENGTH_UNIT ( ) NAMED_UNIT ( * ) SI_UNIT ( .MILLI., .METRE. ) );
#3570 = DIRECTION ( 'NONE',  ( 0.000000000000000000, 1.000000000000000000, 0.000000000000000000 ) ) ;
#3571 = SURFACE_STYLE_FILL_AREA ( #1291 ) ;
#3572 = ORIENTED_EDGE ( 'NONE', *, *, #3650, .T. ) ;
#3573 = DIRECTION ( 'NONE',  ( 0.7818314824680310249, 0.000000000000000000, -0.6234898018587319291 ) ) ;
#3574 =( NAMED_UNIT ( * ) SI_UNIT ( $, .STERADIAN. ) SOLID_ANGLE_UNIT ( ) );
#3575 = ADVANCED_FACE ( 'NONE', ( #3408 ), #8813, .T. ) ;
#3576 = CARTESIAN_POINT ( 'NONE',  ( 5.549999999999998934, 10.69999999999999929, -10.75000000000000000 ) ) ;
#3577 = EDGE_CURVE ( 'NONE', #5841, #9158, #504, .T. ) ;
#3578 = EDGE_LOOP ( 'NONE', ( #2223, #2035, #6478, #4540 ) ) ;
#3579 = CARTESIAN_POINT ( 'NONE',  ( -7.296957046373735484E-16, 15.49999999999999467, -5.150000000000000355 ) ) ;
#3580 = VECTOR ( 'NONE', #5555, 1000.000000000000000 ) ;
#3581 =( LENGTH_UNIT ( ) NAMED_UNIT ( * ) SI_UNIT ( .MILLI., .METRE. ) );
#3582 = PRESENTATION_LAYER_ASSIGNMENT (  '', '', ( #9557 ) ) ;
#3583 = CARTESIAN_POINT ( 'NONE',  ( 0.04022988571099352095, 18.49999999999999645, -6.998562294404946371 ) ) ;
#3584 = ORIENTED_EDGE ( 'NONE', *, *, #4000, .T. ) ;
#3585 = EDGE_CURVE ( 'NONE', #5303, #4859, #3180, .T. ) ;
#3586 = CARTESIAN_POINT ( 'NONE',  ( -2.213098219537703137, 16.99999999999999289, -5.776255755006725501 ) ) ;
#3587 = ORIENTED_EDGE ( 'NONE', *, *, #9290, .F. ) ;
#3588 = FILL_AREA_STYLE ('',( #2206 ) ) ;
#3589 = CARTESIAN_POINT ( 'NONE',  ( 1.000000000000000000, 6.000000000000000000, -16.14999999999999503 ) ) ;
#3590 = CYLINDRICAL_SURFACE ( 'NONE', #3137, 0.5000000000000004441 ) ;
#3591 = MECHANICAL_DESIGN_GEOMETRIC_PRESENTATION_REPRESENTATION (  '', ( #7653 ), #7198 ) ;
#3592 = CARTESIAN_POINT ( 'NONE',  ( -7.296957046373735484E-16, 15.49999999999999467, -5.150000000000000355 ) ) ;
#3593 = DIRECTION ( 'NONE',  ( 0.000000000000000000, 1.000000000000000000, 0.000000000000000000 ) ) ;
#3594 = ORIENTED_EDGE ( 'NONE', *, *, #7330, .F. ) ;
#3595 = ADVANCED_FACE ( 'NONE', ( #5822 ), #6674, .T. ) ;
#3596 = FILL_AREA_STYLE ('',( #1320 ) ) ;
#3597 = ORIENTED_EDGE ( 'NONE', *, *, #7058, .F. ) ;
#3598 =( NAMED_UNIT ( * ) PLANE_ANGLE_UNIT ( ) SI_UNIT ( $, .RADIAN. ) );
#3599 = COLOUR_RGB ( '',0.1058823529411764691, 0.6352941176470587870, 0.9411764705882352811 ) ;
#3600 = PRESENTATION_STYLE_ASSIGNMENT (( #4386 ) ) ;
#3601 = SURFACE_SIDE_STYLE ('',( #1277 ) ) ;
#3602 = CYLINDRICAL_SURFACE ( 'NONE', #3496, 1.848999999999999977 ) ;
#3603 = ORIENTED_EDGE ( 'NONE', *, *, #6150, .F. ) ;
#3604 = ORIENTED_EDGE ( 'NONE', *, *, #3150, .T. ) ;
#3605 = EDGE_CURVE ( 'NONE', #1632, #1709, #4254, .T. ) ;
#3606 = SURFACE_STYLE_USAGE ( .BOTH. , #1435 ) ;
#3607 = SURFACE_SIDE_STYLE ('',( #7419 ) ) ;
#3608 = ORIENTED_EDGE ( 'NONE', *, *, #4250, .T. ) ;
#3609 = DIRECTION ( 'NONE',  ( 0.000000000000000000, 0.000000000000000000, 1.000000000000000000 ) ) ;
#3610 = DIRECTION ( 'NONE',  ( 0.000000000000000000, 0.000000000000000000, 1.000000000000000000 ) ) ;
#3611 = VECTOR ( 'NONE', #2693, 1000.000000000000000 ) ;
#3612 = PRODUCT_CONTEXT ( 'NONE', #1774, 'mechanical' ) ;
#3613 = MECHANICAL_DESIGN_GEOMETRIC_PRESENTATION_REPRESENTATION (  '', ( #3127 ), #4398 ) ;
#3614 = DIRECTION ( 'NONE',  ( 0.000000000000000000, 0.000000000000000000, 1.000000000000000000 ) ) ;
#3615 = PRESENTATION_STYLE_ASSIGNMENT (( #5147 ) ) ;
#3616 = ORIENTED_EDGE ( 'NONE', *, *, #620, .T. ) ;
#3617 = CARTESIAN_POINT ( 'NONE',  ( -0.4999999999999973910, -11.20000000000000107, 8.212382995286937401E-17 ) ) ;
#3618 = LINE ( 'NONE', #6632, #1543 ) ;
#3619 = SURFACE_STYLE_FILL_AREA ( #5053 ) ;
#3620 = STYLED_ITEM ( 'NONE', ( #5753 ), #6096 ) ;
#3621 = DIRECTION ( 'NONE',  ( 0.000000000000000000, 0.000000000000000000, -1.000000000000000000 ) ) ;
#3622 = ORIENTED_EDGE ( 'NONE', *, *, #580, .T. ) ;
#3623 = STYLED_ITEM ( 'NONE', ( #4160 ), #8685 ) ;
#3624 = SURFACE_SIDE_STYLE ('',( #2867 ) ) ;
#3625 = FACE_OUTER_BOUND ( 'NONE', #2530, .T. ) ;
#3626 = CARTESIAN_POINT ( 'NONE',  ( -6.049999999999999822, 7.500000000000000000, -16.14999999999999503 ) ) ;
#3627 = EDGE_CURVE ( 'NONE', #5153, #1276, #1767, .T. ) ;
#3628 =( NAMED_UNIT ( * ) SI_UNIT ( $, .STERADIAN. ) SOLID_ANGLE_UNIT ( ) );
#3629 = CIRCLE ( 'NONE', #8486, 2.299999999999998490 ) ;
#3630 = PRESENTATION_LAYER_ASSIGNMENT (  '', '', ( #953 ) ) ;
#3631 = DIRECTION ( 'NONE',  ( -0.000000000000000000, 1.000000000000000000, -0.000000000000000000 ) ) ;
#3632 = ORIENTED_EDGE ( 'NONE', *, *, #6150, .T. ) ;
#3633 = EDGE_LOOP ( 'NONE', ( #789, #4633, #3654 ) ) ;
#3634 = AXIS2_PLACEMENT_3D ( 'NONE', #6326, #4714, #7832 ) ;
#3635 = EDGE_CURVE ( 'NONE', #2901, #78, #5237, .T. ) ;
#3636 = DIRECTION ( 'NONE',  ( 0.000000000000000000, -1.000000000000000000, 0.000000000000000000 ) ) ;
#3637 = CARTESIAN_POINT ( 'NONE',  ( -6.150000000000000355, 1.500000000000000444, 9.999999999999998224 ) ) ;
#3638 = SURFACE_SIDE_STYLE ('',( #2051 ) ) ;
#3639 = CARTESIAN_POINT ( 'NONE',  ( 1.100000000000000089, -7.074999999999999289, -11.75000000000000178 ) ) ;
#3640 = AXIS2_PLACEMENT_3D ( 'NONE', #7272, #541, #3548 ) ;
#3641 = AXIS2_PLACEMENT_3D ( 'NONE', #5676, #8629, #1155 ) ;
#3642 = VERTEX_POINT ( 'NONE', #8074 ) ;
#3643 =( LENGTH_UNIT ( ) NAMED_UNIT ( * ) SI_UNIT ( .MILLI., .METRE. ) );
#3644 = STYLED_ITEM ( 'NONE', ( #4120 ), #7021 ) ;
#3645 = EDGE_LOOP ( 'NONE', ( #4504, #3268, #6620, #4439 ) ) ;
#3646 = DIRECTION ( 'NONE',  ( -0.000000000000000000, -1.000000000000000000, -0.000000000000000000 ) ) ;
#3647 = CYLINDRICAL_SURFACE ( 'NONE', #6956, 0.5000000000000004441 ) ;
#3648 = STYLED_ITEM ( 'NONE', ( #9192 ), #6709 ) ;
#3649 = SURFACE_STYLE_FILL_AREA ( #1960 ) ;
#3650 = EDGE_CURVE ( 'NONE', #1460, #7602, #37, .T. ) ;
#3651 = CARTESIAN_POINT ( 'NONE',  ( 1.962079626208468985, 15.49999999999999467, -5.360645528377982139 ) ) ;
#3652 = EDGE_LOOP ( 'NONE', ( #4221, #1472, #3788, #7430 ) ) ;
#3653 = SURFACE_SIDE_STYLE ('',( #453 ) ) ;
#3654 = ORIENTED_EDGE ( 'NONE', *, *, #2382, .F. ) ;
#3655 = FILL_AREA_STYLE_COLOUR ( '', #7975 ) ;
#3656 = ORIENTED_EDGE ( 'NONE', *, *, #7489, .T. ) ;
#3657 =( NAMED_UNIT ( * ) PLANE_ANGLE_UNIT ( ) SI_UNIT ( $, .RADIAN. ) );
#3658 = PRESENTATION_STYLE_ASSIGNMENT (( #3711 ) ) ;
#3659 = EDGE_CURVE ( 'NONE', #1076, #2395, #14, .T. ) ;
#3660 = CARTESIAN_POINT ( 'NONE',  ( -6.663561837205168577E-16, 15.00000000000000000, -5.150000000000000355 ) ) ;
#3661 = CARTESIAN_POINT ( 'NONE',  ( 0.3566829148483815493, 15.49999999999999467, -7.090851693577659098 ) ) ;
#3662 = CARTESIAN_POINT ( 'NONE',  ( -1.100000000000000089, -7.074999999999999289, -10.25000000000000178 ) ) ;
#3663 = ORIENTED_EDGE ( 'NONE', *, *, #6906, .T. ) ;
#3664 = DIRECTION ( 'NONE',  ( 0.000000000000000000, 0.000000000000000000, 1.000000000000000000 ) ) ;
#3665 =( GEOMETRIC_REPRESENTATION_CONTEXT ( 3 ) GLOBAL_UNCERTAINTY_ASSIGNED_CONTEXT ( ( #9235 ) ) GLOBAL_UNIT_ASSIGNED_CONTEXT ( ( #7197, #2658, #7974 ) ) REPRESENTATION_CONTEXT ( 'NONE', 'WORKASPACE' ) );
#3666 =( NAMED_UNIT ( * ) PLANE_ANGLE_UNIT ( ) SI_UNIT ( $, .RADIAN. ) );
#3667 = MECHANICAL_DESIGN_GEOMETRIC_PRESENTATION_REPRESENTATION (  '', ( #671 ), #8672 ) ;
#3668 = FILL_AREA_STYLE_COLOUR ( '', #8840 ) ;
#3669 = ORIENTED_EDGE ( 'NONE', *, *, #23, .T. ) ;
#3670 = FACE_OUTER_BOUND ( 'NONE', #6284, .T. ) ;
#3671 = DIRECTION ( 'NONE',  ( 0.000000000000000000, 0.000000000000000000, -1.000000000000000000 ) ) ;
#3672 = AXIS2_PLACEMENT_3D ( 'NONE', #8026, #7151, #9317 ) ;
#3673 = DIRECTION ( 'NONE',  ( 0.000000000000000000, 1.000000000000000000, 0.000000000000000000 ) ) ;
#3674 = DIRECTION ( 'NONE',  ( 0.000000000000000000, 0.000000000000000000, 1.000000000000000000 ) ) ;
#3675 = AXIS2_PLACEMENT_3D ( 'NONE', #9457, #4006, #249 ) ;
#3676 = AXIS2_PLACEMENT_3D ( 'NONE', #8342, #726, #6707 ) ;
#3677 = DIRECTION ( 'NONE',  ( 0.000000000000000000, 0.000000000000000000, 1.000000000000000000 ) ) ;
#3678 = DIRECTION ( 'NONE',  ( 0.000000000000000000, 0.000000000000000000, -1.000000000000000000 ) ) ;
#3679 = CARTESIAN_POINT ( 'NONE',  ( 2.289650628371055152, 11.19999999999999929, -10.75000000000000178 ) ) ;
#3680 =( NAMED_UNIT ( * ) SI_UNIT ( $, .STERADIAN. ) SOLID_ANGLE_UNIT ( ) );
#3681 = STYLED_ITEM ( 'NONE', ( #1867 ), #5304 ) ;
#3682 = ORIENTED_EDGE ( 'NONE', *, *, #1217, .F. ) ;
#3683 = CARTESIAN_POINT ( 'NONE',  ( -7.296957046373735484E-16, 15.49999999999999467, -5.150000000000000355 ) ) ;
#3684 =( GEOMETRIC_REPRESENTATION_CONTEXT ( 3 ) GLOBAL_UNCERTAINTY_ASSIGNED_CONTEXT ( ( #4720 ) ) GLOBAL_UNIT_ASSIGNED_CONTEXT ( ( #1355, #5249, #4366 ) ) REPRESENTATION_CONTEXT ( 'NONE', 'WORKASPACE' ) );
#3685 = ORIENTED_EDGE ( 'NONE', *, *, #4239, .T. ) ;
#3686 = ADVANCED_FACE ( 'NONE', ( #9206 ), #3859, .F. ) ;
#3687 = DIRECTION ( 'NONE',  ( 1.000000000000000000, 0.000000000000000000, 0.000000000000000000 ) ) ;
#3688 = CARTESIAN_POINT ( 'NONE',  ( 2.095041164010759793, 15.49999999999999467, -4.200893830438116261 ) ) ;
#3689 = CARTESIAN_POINT ( 'NONE',  ( -0.8383069948730194065, 18.49999999999999645, -3.501958015599429874 ) ) ;
#3690 =( NAMED_UNIT ( * ) SI_UNIT ( $, .STERADIAN. ) SOLID_ANGLE_UNIT ( ) );
#3691 = AXIS2_PLACEMENT_3D ( 'NONE', #9303, #7769, #1132 ) ;
#3692 = DIRECTION ( 'NONE',  ( -1.000000000000000000, 0.000000000000000000, 0.000000000000000000 ) ) ;
#3693 = ORIENTED_EDGE ( 'NONE', *, *, #5636, .T. ) ;
#3694 = CARTESIAN_POINT ( 'NONE',  ( 0.7634012159582450607, 10.89969494726023314, -11.25000000000000355 ) ) ;
#3695 = CARTESIAN_POINT ( 'NONE',  ( -7.296957046373735484E-16, 28.49999999999999645, -5.150000000000000355 ) ) ;
#3696 = ORIENTED_EDGE ( 'NONE', *, *, #7002, .F. ) ;
#3697 = PRESENTATION_STYLE_ASSIGNMENT (( #5698 ) ) ;
#3698 = EDGE_CURVE ( 'NONE', #7353, #4825, #2335, .T. ) ;
#3699 =( GEOMETRIC_REPRESENTATION_CONTEXT ( 3 ) GLOBAL_UNCERTAINTY_ASSIGNED_CONTEXT ( ( #5394 ) ) GLOBAL_UNIT_ASSIGNED_CONTEXT ( ( #6850, #3223, #6084 ) ) REPRESENTATION_CONTEXT ( 'NONE', 'WORKASPACE' ) );
#3700 = ORIENTED_EDGE ( 'NONE', *, *, #7126, .F. ) ;
#3701 = SURFACE_STYLE_FILL_AREA ( #7611 ) ;
#3702 = CARTESIAN_POINT ( 'NONE',  ( -6.150000000000000355, 3.500000000000000444, -10.00000000000000178 ) ) ;
#3703 = SURFACE_STYLE_FILL_AREA ( #2900 ) ;
#3704 = ORIENTED_EDGE ( 'NONE', *, *, #1516, .F. ) ;
#3705 = DIRECTION ( 'NONE',  ( -0.000000000000000000, 0.000000000000000000, -1.000000000000000000 ) ) ;
#3706 = CARTESIAN_POINT ( 'NONE',  ( -7.296957046373735484E-16, 15.49999999999999467, -5.150000000000000355 ) ) ;
#3707 = ORIENTED_EDGE ( 'NONE', *, *, #3627, .T. ) ;
#3708 = CARTESIAN_POINT ( 'NONE',  ( -0.5000000000000000000, 8.000000000000000000, -15.64999999999999325 ) ) ;
#3709 = VECTOR ( 'NONE', #4212, 1000.000000000000000 ) ;
#3710 = EDGE_CURVE ( 'NONE', #9338, #146, #6017, .T. ) ;
#3711 = SURFACE_STYLE_USAGE ( .BOTH. , #2187 ) ;
#3712 = PRESENTATION_STYLE_ASSIGNMENT (( #7480 ) ) ;
#3713 =( GEOMETRIC_REPRESENTATION_CONTEXT ( 3 ) GLOBAL_UNCERTAINTY_ASSIGNED_CONTEXT ( ( #2534 ) ) GLOBAL_UNIT_ASSIGNED_CONTEXT ( ( #1568, #3272, #922 ) ) REPRESENTATION_CONTEXT ( 'NONE', 'WORKASPACE' ) );
#3714 = AXIS2_PLACEMENT_3D ( 'NONE', #9211, #8322, #2520 ) ;
#3715 = LINE ( 'NONE', #6628, #519 ) ;
#3716 =( NAMED_UNIT ( * ) PLANE_ANGLE_UNIT ( ) SI_UNIT ( $, .RADIAN. ) );
#3717 = FILL_AREA_STYLE_COLOUR ( '', #3539 ) ;
#3718 = EDGE_LOOP ( 'NONE', ( #3622, #7166, #8637, #6763 ) ) ;
#3719 = DIRECTION ( 'NONE',  ( 0.000000000000000000, 0.000000000000000000, -1.000000000000000000 ) ) ;
#3720 = SURFACE_STYLE_FILL_AREA ( #8275 ) ;
#3721 = DIRECTION ( 'NONE',  ( 0.000000000000000000, 1.000000000000000000, 0.000000000000000000 ) ) ;
#3722 = EDGE_CURVE ( 'NONE', #7235, #9637, #1542, .T. ) ;
#3723 = DIRECTION ( 'NONE',  ( -1.000000000000000000, -0.000000000000000000, -0.000000000000000000 ) ) ;
#3724 = PRESENTATION_STYLE_ASSIGNMENT (( #3524 ) ) ;
#3725 = AXIS2_PLACEMENT_3D ( 'NONE', #5526, #2439, #809 ) ;
#3726 = SURFACE_STYLE_USAGE ( .BOTH. , #4464 ) ;
#3727 = CARTESIAN_POINT ( 'NONE',  ( 0.000000000000000000, 15.50000000000000000, 0.8500000000000000888 ) ) ;
#3728 = CARTESIAN_POINT ( 'NONE',  ( 5.549999999999998934, 7.500000000000000000, 15.65000000000000036 ) ) ;
#3729 = DIRECTION ( 'NONE',  ( -0.000000000000000000, -0.000000000000000000, -1.000000000000000000 ) ) ;
#3730 = CARTESIAN_POINT ( 'NONE',  ( 1.950716297103851193, 11.09732015404618188, -11.25000000000000355 ) ) ;
#3731 = FILL_AREA_STYLE ('',( #6845 ) ) ;
#3732 = COLOUR_RGB ( '',0.1058823529411764691, 0.6352941176470587870, 0.9411764705882352811 ) ;
#3733 = VERTEX_POINT ( 'NONE', #9008 ) ;
#3734 = EDGE_CURVE ( 'NONE', #7232, #6191, #7725, .T. ) ;
#3735 = ORIENTED_EDGE ( 'NONE', *, *, #2924, .T. ) ;
#3736 = CIRCLE ( 'NONE', #8120, 1.848999999999999977 ) ;
#3737 = SURFACE_SIDE_STYLE ('',( #4474 ) ) ;
#3738 = CIRCLE ( 'NONE', #590, 1.849000000000000421 ) ;
#3739 = MECHANICAL_DESIGN_GEOMETRIC_PRESENTATION_REPRESENTATION (  '', ( #5454 ), #1685 ) ;
#3740 = CARTESIAN_POINT ( 'NONE',  ( 0.5000000000000000000, 8.000000000000000000, 15.65000000000000036 ) ) ;
#3741 = LINE ( 'NONE', #2985, #5259 ) ;
#3742 = ORIENTED_EDGE ( 'NONE', *, *, #9638, .T. ) ;
#3743 = DIRECTION ( 'NONE',  ( -1.000000000000000000, 0.000000000000000000, 0.000000000000000000 ) ) ;
#3744 = VERTEX_POINT ( 'NONE', #846 ) ;
#3745 = AXIS2_PLACEMENT_3D ( 'NONE', #7084, #1074, #4184 ) ;
#3746 = UNCERTAINTY_MEASURE_WITH_UNIT (LENGTH_MEASURE( 1.000000000000000082E-05 ), #7552, 'distance_accuracy_value', 'NONE');
#3747 = EDGE_CURVE ( 'NONE', #6761, #3122, #3027, .T. ) ;
#3748 = ORIENTED_EDGE ( 'NONE', *, *, #6835, .F. ) ;
#3749 = DIRECTION ( 'NONE',  ( 1.000000000000000000, 0.000000000000000000, 0.000000000000000000 ) ) ;
#3750 = CARTESIAN_POINT ( 'NONE',  ( 6.049999999999999822, 10.69999999999999929, -7.558318915758453826 ) ) ;
#3751 =( NAMED_UNIT ( * ) PLANE_ANGLE_UNIT ( ) SI_UNIT ( $, .RADIAN. ) );
#3752 = VERTEX_POINT ( 'NONE', #5367 ) ;
#3753 =( NAMED_UNIT ( * ) PLANE_ANGLE_UNIT ( ) SI_UNIT ( $, .RADIAN. ) );
#3754 = CARTESIAN_POINT ( 'NONE',  ( 6.049999999999999822, 5.500000000000000888, -10.75000000000000000 ) ) ;
#3755 = ORIENTED_EDGE ( 'NONE', *, *, #5339, .T. ) ;
#3756 = UNCERTAINTY_MEASURE_WITH_UNIT (LENGTH_MEASURE( 1.000000000000000082E-05 ), #5020, 'distance_accuracy_value', 'NONE');
#3757 = CARTESIAN_POINT ( 'NONE',  ( -5.549999999999998934, 8.000000000000000000, -15.64999999999999325 ) ) ;
#3758 =( NAMED_UNIT ( * ) SI_UNIT ( $, .STERADIAN. ) SOLID_ANGLE_UNIT ( ) );
#3759 = DIRECTION ( 'NONE',  ( -0.000000000000000000, 1.000000000000000000, -0.000000000000000000 ) ) ;
#3760 = AXIS2_PLACEMENT_3D ( 'NONE', #7132, #3956, #6201 ) ;
#3761 = EDGE_CURVE ( 'NONE', #8053, #8484, #6109, .T. ) ;
#3762 = SURFACE_STYLE_USAGE ( .BOTH. , #7379 ) ;
#3763 = FILL_AREA_STYLE_COLOUR ( '', #4477 ) ;
#3764 = DIRECTION ( 'NONE',  ( -1.000000000000000000, 0.000000000000000000, 0.000000000000000000 ) ) ;
#3765 = ORIENTED_EDGE ( 'NONE', *, *, #8937, .F. ) ;
#3766 = PRESENTATION_STYLE_ASSIGNMENT (( #160 ) ) ;
#3767 = CARTESIAN_POINT ( 'NONE',  ( -2.213098219537703137, 15.49999999999999467, -5.776255755006725501 ) ) ;
#3768 = CARTESIAN_POINT ( 'NONE',  ( 1.000000000000000000, 7.500000000000000000, -16.14999999999999503 ) ) ;
#3769 = VECTOR ( 'NONE', #2405, 1000.000000000000000 ) ;
#3770 = LINE ( 'NONE', #8230, #3783 ) ;
#3771 = DIRECTION ( 'NONE',  ( 0.000000000000000000, -1.000000000000000000, 0.000000000000000000 ) ) ;
#3772 = FILL_AREA_STYLE ('',( #1404 ) ) ;
#3773 = CARTESIAN_POINT ( 'NONE',  ( 5.549999999999998934, 7.500000000000000000, -15.64999999999999325 ) ) ;
#3774 = CARTESIAN_POINT ( 'NONE',  ( -7.296957046373735484E-16, 18.49999999999999645, -5.150000000000000355 ) ) ;
#3775 = EDGE_CURVE ( 'NONE', #3173, #1522, #9105, .T. ) ;
#3776 =( GEOMETRIC_REPRESENTATION_CONTEXT ( 3 ) GLOBAL_UNCERTAINTY_ASSIGNED_CONTEXT ( ( #9257 ) ) GLOBAL_UNIT_ASSIGNED_CONTEXT ( ( #4864, #1665, #4126 ) ) REPRESENTATION_CONTEXT ( 'NONE', 'WORKASPACE' ) );
#3777 = FILL_AREA_STYLE_COLOUR ( '', #9169 ) ;
#3778 = CARTESIAN_POINT ( 'NONE',  ( 5.842893218813452805, 5.500000000000000888, -11.25000000000000178 ) ) ;
#3779 = VECTOR ( 'NONE', #8788, 1000.000000000000000 ) ;
#3780 = ORIENTED_EDGE ( 'NONE', *, *, #9103, .F. ) ;
#3781 = VERTEX_POINT ( 'NONE', #1683 ) ;
#3782 = PRESENTATION_STYLE_ASSIGNMENT (( #8292 ) ) ;
#3783 = VECTOR ( 'NONE', #1506, 1000.000000000000000 ) ;
#3784 = DIRECTION ( 'NONE',  ( 0.000000000000000000, 0.000000000000000000, 1.000000000000000000 ) ) ;
#3785 =( NAMED_UNIT ( * ) PLANE_ANGLE_UNIT ( ) SI_UNIT ( $, .RADIAN. ) );
#3786 = STYLED_ITEM ( 'NONE', ( #324 ), #8980 ) ;
#3787 =( NAMED_UNIT ( * ) PLANE_ANGLE_UNIT ( ) SI_UNIT ( $, .RADIAN. ) );
#3788 = ORIENTED_EDGE ( 'NONE', *, *, #7126, .T. ) ;
#3789 =( NAMED_UNIT ( * ) PLANE_ANGLE_UNIT ( ) SI_UNIT ( $, .RADIAN. ) );
#3790 = ORIENTED_EDGE ( 'NONE', *, *, #5286, .F. ) ;
#3791 = UNCERTAINTY_MEASURE_WITH_UNIT (LENGTH_MEASURE( 1.000000000000000082E-05 ), #5128, 'distance_accuracy_value', 'NONE');
#3792 = COLOUR_RGB ( '',0.7764705882352941346, 0.7568627450980391913, 0.7372549019607843590 ) ;
#3793 = CYLINDRICAL_SURFACE ( 'NONE', #1452, 0.5000000000000004441 ) ;
#3794 = DIRECTION ( 'NONE',  ( -0.000000000000000000, 1.000000000000000000, -0.000000000000000000 ) ) ;
#3795 = CARTESIAN_POINT ( 'NONE',  ( -6.049999999999999822, 10.77957578593405685, -3.557784549757711634 ) ) ;
#3796 = STYLED_ITEM ( 'NONE', ( #3875 ), #9231 ) ;
#3797 = SURFACE_STYLE_FILL_AREA ( #4534 ) ;
#3798 =( NAMED_UNIT ( * ) SI_UNIT ( $, .STERADIAN. ) SOLID_ANGLE_UNIT ( ) );
#3799 = CARTESIAN_POINT ( 'NONE',  ( -5.842893218813451917, 5.500000000000000888, -11.25000000000000000 ) ) ;
#3800 = DIRECTION ( 'NONE',  ( 0.000000000000000000, 0.000000000000000000, 1.000000000000000000 ) ) ;
#3801 = ORIENTED_EDGE ( 'NONE', *, *, #1032, .F. ) ;
#3802 = DIRECTION ( 'NONE',  ( -0.6801727377709254618, 0.000000000000000000, 0.7330518718298206782 ) ) ;
#3803 = ORIENTED_EDGE ( 'NONE', *, *, #5808, .F. ) ;
#3804 =( LENGTH_UNIT ( ) NAMED_UNIT ( * ) SI_UNIT ( .MILLI., .METRE. ) );
#3805 = AXIS2_PLACEMENT_3D ( 'NONE', #3695, #4980, #9454 ) ;
#3806 = EDGE_CURVE ( 'NONE', #3059, #9582, #6337, .T. ) ;
#3807 = LINE ( 'NONE', #7750, #236 ) ;
#3808 = DIRECTION ( 'NONE',  ( 1.000000000000000000, 0.000000000000000000, 0.000000000000000000 ) ) ;
#3809 = DIRECTION ( 'NONE',  ( -0.000000000000000000, 1.000000000000000000, -0.000000000000000000 ) ) ;
#3810 = COLOUR_RGB ( '',0.1058823529411764691, 0.6352941176470587870, 0.9411764705882352811 ) ;
#3811 =( NAMED_UNIT ( * ) PLANE_ANGLE_UNIT ( ) SI_UNIT ( $, .RADIAN. ) );
#3812 = SURFACE_SIDE_STYLE ('',( #3058 ) ) ;
#3813 = ORIENTED_EDGE ( 'NONE', *, *, #6496, .F. ) ;
#3814 = SURFACE_STYLE_FILL_AREA ( #802 ) ;
#3815 = CARTESIAN_POINT ( 'NONE',  ( -6.150000000000000355, -7.749999999999999112, -8.000000000000001776 ) ) ;
#3816 = CARTESIAN_POINT ( 'NONE',  ( -0.06343012666719076431, 18.49999999999999645, -7.122334813676165055 ) ) ;
#3817 = DIRECTION ( 'NONE',  ( -0.000000000000000000, 1.000000000000000000, -0.000000000000000000 ) ) ;
#3818 = EDGE_CURVE ( 'NONE', #2329, #7968, #3983, .T. ) ;
#3819 = DIRECTION ( 'NONE',  ( -1.000000000000000000, 0.000000000000000000, 0.000000000000000000 ) ) ;
#3820 = FACE_BOUND ( 'NONE', #2828, .T. ) ;
#3821 =( NAMED_UNIT ( * ) SI_UNIT ( $, .STERADIAN. ) SOLID_ANGLE_UNIT ( ) );
#3822 =( GEOMETRIC_REPRESENTATION_CONTEXT ( 3 ) GLOBAL_UNCERTAINTY_ASSIGNED_CONTEXT ( ( #3304 ) ) GLOBAL_UNIT_ASSIGNED_CONTEXT ( ( #189, #6301, #9197 ) ) REPRESENTATION_CONTEXT ( 'NONE', 'WORKASPACE' ) );
#3823 =( GEOMETRIC_REPRESENTATION_CONTEXT ( 3 ) GLOBAL_UNCERTAINTY_ASSIGNED_CONTEXT ( ( #8164 ) ) GLOBAL_UNIT_ASSIGNED_CONTEXT ( ( #8041, #1364, #3535 ) ) REPRESENTATION_CONTEXT ( 'NONE', 'WORKASPACE' ) );
#3824 = DIRECTION ( 'NONE',  ( -0.000000000000000000, 1.000000000000000000, -0.000000000000000000 ) ) ;
#3825 = DIRECTION ( 'NONE',  ( 0.000000000000000000, 0.000000000000000000, 1.000000000000000000 ) ) ;
#3826 = ORIENTED_EDGE ( 'NONE', *, *, #9501, .F. ) ;
#3827 = VERTEX_POINT ( 'NONE', #796 ) ;
#3828 = EDGE_CURVE ( 'NONE', #3396, #6324, #3151, .T. ) ;
#3829 = CARTESIAN_POINT ( 'NONE',  ( 1.739807116745609283, 15.49999999999999467, -4.218764694220984879 ) ) ;
#3830 = CIRCLE ( 'NONE', #2716, 6.049999999999999822 ) ;
#3831 = PRESENTATION_LAYER_ASSIGNMENT (  '', '', ( #6338 ) ) ;
#3832 = DIRECTION ( 'NONE',  ( 0.000000000000000000, 0.000000000000000000, 1.000000000000000000 ) ) ;
#3833 = PRESENTATION_LAYER_ASSIGNMENT (  '', '', ( #4615 ) ) ;
#3834 = CIRCLE ( 'NONE', #9320, 0.8400000000000000799 ) ;
#3835 =( LENGTH_UNIT ( ) NAMED_UNIT ( * ) SI_UNIT ( .MILLI., .METRE. ) );
#3836 = COLOUR_RGB ( '',0.7921568627450980005, 0.8196078431372548767, 0.9333333333333333481 ) ;
#3837 = SURFACE_SIDE_STYLE ('',( #677 ) ) ;
#3838 = PRESENTATION_LAYER_ASSIGNMENT (  '', '', ( #2562 ) ) ;
#3839 = AXIS2_PLACEMENT_3D ( 'NONE', #5886, #7500, #768 ) ;
#3840 =( NAMED_UNIT ( * ) SI_UNIT ( $, .STERADIAN. ) SOLID_ANGLE_UNIT ( ) );
#3841 = EDGE_LOOP ( 'NONE', ( #4104, #6890, #769 ) ) ;
#3842 = CARTESIAN_POINT ( 'NONE',  ( -7.296957046373735484E-16, 15.49999999999999467, -5.150000000000000355 ) ) ;
#3843 = CIRCLE ( 'NONE', #4635, 1.848999999999999755 ) ;
#3844 = ORIENTED_EDGE ( 'NONE', *, *, #5898, .F. ) ;
#3845 =( NAMED_UNIT ( * ) PLANE_ANGLE_UNIT ( ) SI_UNIT ( $, .RADIAN. ) );
#3846 = EDGE_CURVE ( 'NONE', #5817, #3907, #5331, .T. ) ;
#3847 = CARTESIAN_POINT ( 'NONE',  ( 5.549999999999998934, 10.69999999999999751, -7.558318915758455603 ) ) ;
#3848 = STYLED_ITEM ( 'NONE', ( #7339 ), #7993 ) ;
#3849 = PRESENTATION_STYLE_ASSIGNMENT (( #6953 ) ) ;
#3850 = UNCERTAINTY_MEASURE_WITH_UNIT (LENGTH_MEASURE( 1.000000000000000082E-05 ), #9300, 'distance_accuracy_value', 'NONE');
#3851 = DIRECTION ( 'NONE',  ( 0.000000000000000000, -1.000000000000000000, 0.000000000000000000 ) ) ;
#3852 =( LENGTH_UNIT ( ) NAMED_UNIT ( * ) SI_UNIT ( .MILLI., .METRE. ) );
#3853 = VERTEX_POINT ( 'NONE', #5609 ) ;
#3854 = CARTESIAN_POINT ( 'NONE',  ( 5.049999999999998934, 9.199999999999999289, 10.24999999999999822 ) ) ;
#3855 = CARTESIAN_POINT ( 'NONE',  ( 2.265654786039951851, 18.49999999999999645, -5.545990391921630902 ) ) ;
#3856 = ORIENTED_EDGE ( 'NONE', *, *, #3722, .F. ) ;
#3857 = SURFACE_STYLE_USAGE ( .BOTH. , #842 ) ;
#3858 = PRESENTATION_LAYER_ASSIGNMENT (  '', '', ( #7000 ) ) ;
#3859 = PLANE ( 'NONE',  #359 ) ;
#3860 = MECHANICAL_DESIGN_GEOMETRIC_PRESENTATION_REPRESENTATION (  '', ( #7007 ), #549 ) ;
#3861 =( GEOMETRIC_REPRESENTATION_CONTEXT ( 3 ) GLOBAL_UNCERTAINTY_ASSIGNED_CONTEXT ( ( #7742 ) ) GLOBAL_UNIT_ASSIGNED_CONTEXT ( ( #9466, #5715, #1970 ) ) REPRESENTATION_CONTEXT ( 'NONE', 'WORKASPACE' ) );
#3862 = MECHANICAL_DESIGN_GEOMETRIC_PRESENTATION_REPRESENTATION (  '', ( #3222 ), #397 ) ;
#3863 = EDGE_CURVE ( 'NONE', #6522, #6522, #9648, .T. ) ;
#3864 = ORIENTED_EDGE ( 'NONE', *, *, #9006, .F. ) ;
#3865 = LINE ( 'NONE', #7055, #720 ) ;
#3866 = DIRECTION ( 'NONE',  ( -1.000000000000000000, 0.000000000000000000, 0.000000000000000000 ) ) ;
#3867 = CARTESIAN_POINT ( 'NONE',  ( -2.803180875801798866, 15.50000000000000000, 0.2114062499999997957 ) ) ;
#3868 = UNCERTAINTY_MEASURE_WITH_UNIT (LENGTH_MEASURE( 1.000000000000000082E-05 ), #9700, 'distance_accuracy_value', 'NONE');
#3869 = STYLED_ITEM ( 'NONE', ( #9304 ), #8254 ) ;
#3870 = DIRECTION ( 'NONE',  ( 0.000000000000000000, 0.000000000000000000, 1.000000000000000000 ) ) ;
#3871 = CARTESIAN_POINT ( 'NONE',  ( -1.621016850288226063, 15.49999999999999467, -4.260558955814584436 ) ) ;
#3872 = SURFACE_STYLE_USAGE ( .BOTH. , #4756 ) ;
#3873 = AXIS2_PLACEMENT_3D ( 'NONE', #6183, #3078, #9177 ) ;
#3874 = MECHANICAL_DESIGN_GEOMETRIC_PRESENTATION_REPRESENTATION (  '', ( #2588 ), #8417 ) ;
#3875 = PRESENTATION_STYLE_ASSIGNMENT (( #6076 ) ) ;
#3876 = SURFACE_SIDE_STYLE ('',( #1004 ) ) ;
#3877 = CARTESIAN_POINT ( 'NONE',  ( 5.549999999999998934, 5.500000000000000888, 16.15000000000000213 ) ) ;
#3878 = EDGE_CURVE ( 'NONE', #1322, #8248, #8993, .T. ) ;
#3879 = ADVANCED_FACE ( 'NONE', ( #8566, #4100 ), #8605, .F. ) ;
#3880 = FILL_AREA_STYLE ('',( #7403 ) ) ;
#3881 = CARTESIAN_POINT ( 'NONE',  ( 6.049999999999999822, 6.000000000000000000, 0.000000000000000000 ) ) ;
#3882 = FILL_AREA_STYLE ('',( #3312 ) ) ;
#3883 = AXIS2_PLACEMENT_3D ( 'NONE', #8281, #1646, #4606 ) ;
#3884 = EDGE_LOOP ( 'NONE', ( #4837, #9535, #6467, #367 ) ) ;
#3885 = ORIENTED_EDGE ( 'NONE', *, *, #5537, .T. ) ;
#3886 = CARTESIAN_POINT ( 'NONE',  ( 6.049999999999999822, 10.96227110830339591, -4.359542550223369339 ) ) ;
#3887 = PRESENTATION_STYLE_ASSIGNMENT (( #6133 ) ) ;
#3888 = MECHANICAL_DESIGN_GEOMETRIC_PRESENTATION_REPRESENTATION (  '', ( #9053 ), #9377 ) ;
#3889 = VECTOR ( 'NONE', #6077, 1000.000000000000000 ) ;
#3890 = AXIS2_PLACEMENT_3D ( 'NONE', #3237, #982, #3997 ) ;
#3891 = EDGE_CURVE ( 'NONE', #9059, #4245, #5700, .T. ) ;
#3892 = CARTESIAN_POINT ( 'NONE',  ( -1.581581488407344915, 15.49999999999999467, -6.330138972212687953 ) ) ;
#3893 = SURFACE_STYLE_FILL_AREA ( #5266 ) ;
#3894 = VERTEX_POINT ( 'NONE', #3247 ) ;
#3895 = CARTESIAN_POINT ( 'NONE',  ( 0.000000000000000000, -7.074999999999997513, -11.75000000000000178 ) ) ;
#3896 = VERTEX_POINT ( 'NONE', #7766 ) ;
#3897 = UNCERTAINTY_MEASURE_WITH_UNIT (LENGTH_MEASURE( 1.000000000000000082E-05 ), #4894, 'distance_accuracy_value', 'NONE');
#3898 = DIRECTION ( 'NONE',  ( 0.000000000000000000, 1.000000000000000000, 0.000000000000000000 ) ) ;
#3899 = AXIS2_PLACEMENT_3D ( 'NONE', #287, #4728, #4583 ) ;
#3900 = CLOSED_SHELL ( 'NONE', ( #5848, #7941, #2773 ) ) ;
#3901 = STYLED_ITEM ( 'NONE', ( #2203 ), #1539 ) ;
#3902 = CARTESIAN_POINT ( 'NONE',  ( -6.050000000000000711, 11.19999999999928519, -4.719613146696934436 ) ) ;
#3903 = EDGE_CURVE ( 'NONE', #1747, #8868, #1039, .T. ) ;
#3904 = LINE ( 'NONE', #3189, #4206 ) ;
#3905 = CIRCLE ( 'NONE', #8592, 0.5000000000000004441 ) ;
#3906 = SURFACE_SIDE_STYLE ('',( #51 ) ) ;
#3907 = VERTEX_POINT ( 'NONE', #5513 ) ;
#3908 = LINE ( 'NONE', #8311, #8630 ) ;
#3909 = SURFACE_STYLE_USAGE ( .BOTH. , #9 ) ;
#3910 = ORIENTED_EDGE ( 'NONE', *, *, #4156, .F. ) ;
#3911 = FILL_AREA_STYLE ('',( #6871 ) ) ;
#3912 = SURFACE_STYLE_FILL_AREA ( #6872 ) ;
#3913 = VECTOR ( 'NONE', #3664, 1000.000000000000000 ) ;
#3914 = EDGE_CURVE ( 'NONE', #2395, #5792, #45, .T. ) ;
#3915 = MECHANICAL_DESIGN_GEOMETRIC_PRESENTATION_REPRESENTATION (  '', ( #919 ), #2952 ) ;
#3916 = CARTESIAN_POINT ( 'NONE',  ( 0.5207437878910807783, 15.49999999999999467, -7.053405869902910297 ) ) ;
#3917 = ORIENTED_EDGE ( 'NONE', *, *, #3133, .T. ) ;
#3918 = FACE_OUTER_BOUND ( 'NONE', #5751, .T. ) ;
#3919 = FILL_AREA_STYLE ('',( #754 ) ) ;
#3920 = CYLINDRICAL_SURFACE ( 'NONE', #3805, 2.299999999999998046 ) ;
#3921 = DIRECTION ( 'NONE',  ( 0.000000000000000000, 0.000000000000000000, -1.000000000000000000 ) ) ;
#3922 = VECTOR ( 'NONE', #3206, 1000.000000000000000 ) ;
#3923 = LINE ( 'NONE', #1454, #6949 ) ;
#3924 = DIRECTION ( 'NONE',  ( 0.000000000000000000, 1.000000000000000000, 0.000000000000000000 ) ) ;
#3925 =( LENGTH_UNIT ( ) NAMED_UNIT ( * ) SI_UNIT ( .MILLI., .METRE. ) );
#3926 = SPHERICAL_SURFACE ( 'NONE', #9395, 0.5000000000000000000 ) ;
#3927 = PRESENTATION_LAYER_ASSIGNMENT (  '', '', ( #8303 ) ) ;
#3928 = DIRECTION ( 'NONE',  ( 0.000000000000000000, 0.000000000000000000, 1.000000000000000000 ) ) ;
#3929 = DIRECTION ( 'NONE',  ( 0.000000000000000000, 0.000000000000000000, 1.000000000000000000 ) ) ;
#3930 = ORIENTED_EDGE ( 'NONE', *, *, #320, .F. ) ;
#3931 = FACE_OUTER_BOUND ( 'NONE', #4443, .T. ) ;
#3932 = VERTEX_POINT ( 'NONE', #2516 ) ;
#3933 = DIRECTION ( 'NONE',  ( 0.000000000000000000, 0.000000000000000000, -1.000000000000000000 ) ) ;
#3934 =( LENGTH_UNIT ( ) NAMED_UNIT ( * ) SI_UNIT ( .MILLI., .METRE. ) );
#3935 =( LENGTH_UNIT ( ) NAMED_UNIT ( * ) SI_UNIT ( .MILLI., .METRE. ) );
#3936 = EDGE_CURVE ( 'NONE', #4171, #5583, #3830, .T. ) ;
#3937 = CIRCLE ( 'NONE', #6443, 2.000000000000000000 ) ;
#3938 = CYLINDRICAL_SURFACE ( 'NONE', #6134, 0.5000000000000004441 ) ;
#3939 = AXIS2_PLACEMENT_3D ( 'NONE', #7957, #7860, #1226 ) ;
#3940 = UNCERTAINTY_MEASURE_WITH_UNIT (LENGTH_MEASURE( 1.000000000000000082E-05 ), #7437, 'distance_accuracy_value', 'NONE');
#3941 = FACE_OUTER_BOUND ( 'NONE', #4772, .T. ) ;
#3942 = ORIENTED_EDGE ( 'NONE', *, *, #1456, .T. ) ;
#3943 = VECTOR ( 'NONE', #5511, 1000.000000000000000 ) ;
#3944 = ORIENTED_EDGE ( 'NONE', *, *, #8785, .F. ) ;
#3945 = PRESENTATION_STYLE_ASSIGNMENT (( #7039 ) ) ;
#3946 = AXIS2_PLACEMENT_3D ( 'NONE', #8100, #2883, #5893 ) ;
#3947 = ADVANCED_FACE ( 'NONE', ( #7183 ), #1129, .F. ) ;
#3948 = FILL_AREA_STYLE ('',( #3042 ) ) ;
#3949 = CIRCLE ( 'NONE', #9439, 0.5000000000000004441 ) ;
#3950 = FILL_AREA_STYLE ('',( #3236 ) ) ;
#3951 = CARTESIAN_POINT ( 'NONE',  ( -1.621016850288226063, 15.49999999999999467, -4.260558955814584436 ) ) ;
#3952 = PRESENTATION_LAYER_ASSIGNMENT (  '', '', ( #8170 ) ) ;
#3953 = FILL_AREA_STYLE ('',( #7758 ) ) ;
#3954 = ORIENTED_EDGE ( 'NONE', *, *, #1293, .T. ) ;
#3955 = CARTESIAN_POINT ( 'NONE',  ( -1.420181275598394466, 15.49999999999999467, -3.965987270153010780 ) ) ;
#3956 = DIRECTION ( 'NONE',  ( -0.000000000000000000, 1.000000000000000000, 0.000000000000000000 ) ) ;
#3957 = EDGE_LOOP ( 'NONE', ( #2430, #5006, #89, #220 ) ) ;
#3958 = ADVANCED_FACE ( 'NONE', ( #5179 ), #8744, .T. ) ;
#3959 = CARTESIAN_POINT ( 'NONE',  ( 6.049999999999999822, 10.69999999999999929, -11.25000000000000178 ) ) ;
#3960 = VECTOR ( 'NONE', #2244, 1000.000000000000000 ) ;
#3961 = FACE_OUTER_BOUND ( 'NONE', #7908, .T. ) ;
#3962 = DIRECTION ( 'NONE',  ( 0.000000000000000000, 1.000000000000000000, 0.000000000000000000 ) ) ;
#3963 = ORIENTED_EDGE ( 'NONE', *, *, #7352, .F. ) ;
#3964 = SURFACE_STYLE_FILL_AREA ( #7773 ) ;
#3965 = CARTESIAN_POINT ( 'NONE',  ( -7.296957046373735484E-16, 15.49999999999999467, -5.150000000000000355 ) ) ;
#3966 = DIRECTION ( 'NONE',  ( 0.000000000000000000, 0.000000000000000000, 1.000000000000000000 ) ) ;
#3967 = EDGE_CURVE ( 'NONE', #5731, #7232, #8680, .T. ) ;
#3968 = DIRECTION ( 'NONE',  ( 1.000000000000000000, 0.000000000000000000, 0.000000000000000000 ) ) ;
#3969 = DIRECTION ( 'NONE',  ( 0.000000000000000000, 0.000000000000000000, 1.000000000000000000 ) ) ;
#3970 = ADVANCED_FACE ( 'NONE', ( #8151 ), #6607, .T. ) ;
#3971 = SURFACE_SIDE_STYLE ('',( #811 ) ) ;
#3972 = CARTESIAN_POINT ( 'NONE',  ( -0.3152944646524485361, 18.49999999999999645, -6.971919427570694161 ) ) ;
#3973 = ORIENTED_EDGE ( 'NONE', *, *, #5101, .T. ) ;
#3974 =( GEOMETRIC_REPRESENTATION_CONTEXT ( 3 ) GLOBAL_UNCERTAINTY_ASSIGNED_CONTEXT ( ( #2184 ) ) GLOBAL_UNIT_ASSIGNED_CONTEXT ( ( #7076, #9342, #383 ) ) REPRESENTATION_CONTEXT ( 'NONE', 'WORKASPACE' ) );
#3975 = EDGE_LOOP ( 'NONE', ( #3748, #2629, #4481, #6960 ) ) ;
#3976 = CARTESIAN_POINT ( 'NONE',  ( -1.621016850288213407, 18.49999999999999645, -6.039441044185437590 ) ) ;
#3977 = DIRECTION ( 'NONE',  ( 0.000000000000000000, 1.000000000000000000, 0.000000000000000000 ) ) ;
#3978 = COLOUR_RGB ( '',0.1058823529411764691, 0.6352941176470587870, 0.9411764705882352811 ) ;
#3979 =( GEOMETRIC_REPRESENTATION_CONTEXT ( 3 ) GLOBAL_UNCERTAINTY_ASSIGNED_CONTEXT ( ( #8302 ) ) GLOBAL_UNIT_ASSIGNED_CONTEXT ( ( #7916, #2699, #1329 ) ) REPRESENTATION_CONTEXT ( 'NONE', 'WORKASPACE' ) );
#3980 = ORIENTED_EDGE ( 'NONE', *, *, #2535, .T. ) ;
#3981 = ADVANCED_FACE ( 'NONE', ( #7279 ), #3554, .T. ) ;
#3982 = CARTESIAN_POINT ( 'NONE',  ( -6.049999999999999822, 5.500000000000000888, 15.65000000000000036 ) ) ;
#3983 = CIRCLE ( 'NONE', #7892, 0.8400000000000000799 ) ;
#3984 = ORIENTED_EDGE ( 'NONE', *, *, #8264, .F. ) ;
#3985 = UNCERTAINTY_MEASURE_WITH_UNIT (LENGTH_MEASURE( 1.000000000000000082E-05 ), #7640, 'distance_accuracy_value', 'NONE');
#3986 = FILL_AREA_STYLE_COLOUR ( '', #3241 ) ;
#3987 = AXIS2_PLACEMENT_3D ( 'NONE', #1311, #1197, #8662 ) ;
#3988 = PRESENTATION_LAYER_ASSIGNMENT (  '', '', ( #6982 ) ) ;
#3989 = DIRECTION ( 'NONE',  ( 0.000000000000000000, 0.000000000000000000, 1.000000000000000000 ) ) ;
#3990 = CARTESIAN_POINT ( 'NONE',  ( -0.5000000000000000000, -11.20000000000000107, 15.65000000000000036 ) ) ;
#3991 = CIRCLE ( 'NONE', #2260, 1.849000000000000199 ) ;
#3992 = LINE ( 'NONE', #8643, #116 ) ;
#3993 = AXIS2_PLACEMENT_3D ( 'NONE', #1081, #4744, #2646 ) ;
#3994 = UNCERTAINTY_MEASURE_WITH_UNIT (LENGTH_MEASURE( 1.000000000000000082E-05 ), #252, 'distance_accuracy_value', 'NONE');
#3995 = DIRECTION ( 'NONE',  ( -0.000000000000000000, -1.000000000000000000, 0.000000000000000000 ) ) ;
#3996 = COLOUR_RGB ( '',0.7764705882352941346, 0.7568627450980391913, 0.7372549019607843590 ) ;
#3997 = DIRECTION ( 'NONE',  ( 0.000000000000000000, 0.000000000000000000, 1.000000000000000000 ) ) ;
#3998 = FACE_OUTER_BOUND ( 'NONE', #1380, .T. ) ;
#3999 = ORIENTED_EDGE ( 'NONE', *, *, #2844, .F. ) ;
#4000 = EDGE_CURVE ( 'NONE', #2114, #7988, #2468, .T. ) ;
#4001 = PRESENTATION_STYLE_ASSIGNMENT (( #5460 ) ) ;
#4002 = LINE ( 'NONE', #1078, #611 ) ;
#4004 = ORIENTED_EDGE ( 'NONE', *, *, #818, .T. ) ;
#4003 = COLOUR_RGB ( '',0.1058823529411764691, 0.6352941176470587870, 0.9411764705882352811 ) ;
#4005 = MECHANICAL_DESIGN_GEOMETRIC_PRESENTATION_REPRESENTATION (  '', ( #4317 ), #1478 ) ;
#4006 = DIRECTION ( 'NONE',  ( 0.000000000000000000, 1.000000000000000000, -0.000000000000000000 ) ) ;
#4007 = VECTOR ( 'NONE', #8923, 1000.000000000000000 ) ;
#4008 = ORIENTED_EDGE ( 'NONE', *, *, #9153, .T. ) ;
#4009 = ADVANCED_FACE ( 'NONE', ( #3090 ), #9137, .T. ) ;
#4010 = FILL_AREA_STYLE_COLOUR ( '', #5283 ) ;
#4011 = DIRECTION ( 'NONE',  ( 0.000000000000000000, -1.000000000000000000, 0.000000000000000000 ) ) ;
#4012 = CIRCLE ( 'NONE', #9176, 6.049999999999999822 ) ;
#4013 = LINE ( 'NONE', #1596, #4274 ) ;
#4014 = UNCERTAINTY_MEASURE_WITH_UNIT (LENGTH_MEASURE( 1.000000000000000082E-05 ), #5005, 'distance_accuracy_value', 'NONE');
#4015 = CARTESIAN_POINT ( 'NONE',  ( 5.549999999999998934, -10.69999999999999929, 10.74999999999999822 ) ) ;
#4016 = AXIS2_PLACEMENT_3D ( 'NONE', #3108, #4503, #156 ) ;
#4017 = CARTESIAN_POINT ( 'NONE',  ( -0.8902177050524315849, 16.99999999999999289, -7.270733938430555376 ) ) ;
#4018 = CIRCLE ( 'NONE', #80, 0.8399999999999999689 ) ;
#4019 = CARTESIAN_POINT ( 'NONE',  ( -6.150000000000000355, -5.749999999999995559, -10.00000000000000178 ) ) ;
#4020 = EDGE_CURVE ( 'NONE', #6226, #6685, #3738, .T. ) ;
#4021 = AXIS2_PLACEMENT_3D ( 'NONE', #8015, #2651, #8704 ) ;
#4022 = DIRECTION ( 'NONE',  ( -0.000000000000000000, 1.000000000000000000, -0.000000000000000000 ) ) ;
#4023 = PRESENTATION_STYLE_ASSIGNMENT (( #1746 ) ) ;
#4024 = ORIENTED_EDGE ( 'NONE', *, *, #1612, .T. ) ;
#4025 = ORIENTED_EDGE ( 'NONE', *, *, #4107, .T. ) ;
#4026 = CARTESIAN_POINT ( 'NONE',  ( -0.4999999999999973910, 8.000000000000000000, 8.212382995286937401E-17 ) ) ;
#4027 = STYLED_ITEM ( 'NONE', ( #8854 ), #5911 ) ;
#4028 = CARTESIAN_POINT ( 'NONE',  ( -0.3152944646524485361, 15.49999999999999467, -6.971919427570694161 ) ) ;
#4029 = DIRECTION ( 'NONE',  ( 0.000000000000000000, 1.000000000000000000, 0.000000000000000000 ) ) ;
#4030 = PRESENTATION_STYLE_ASSIGNMENT (( #1936 ) ) ;
#4031 = UNCERTAINTY_MEASURE_WITH_UNIT (LENGTH_MEASURE( 1.000000000000000082E-05 ), #8341, 'distance_accuracy_value', 'NONE');
#4032 = UNCERTAINTY_MEASURE_WITH_UNIT (LENGTH_MEASURE( 1.000000000000000082E-05 ), #1403, 'distance_accuracy_value', 'NONE');
#4033 = VECTOR ( 'NONE', #5216, 1000.000000000000000 ) ;
#4034 = CYLINDRICAL_SURFACE ( 'NONE', #9027, 0.5000000000000004441 ) ;
#4035 = EDGE_CURVE ( 'NONE', #9102, #8415, #1670, .T. ) ;
#4036 = SURFACE_SIDE_STYLE ('',( #1756 ) ) ;
#4037 = ORIENTED_EDGE ( 'NONE', *, *, #7624, .T. ) ;
#4038 = EDGE_LOOP ( 'NONE', ( #1515, #3980, #963, #7038, #2471, #3557, #1462, #3942 ) ) ;
#4039 = VECTOR ( 'NONE', #3771, 1000.000000000000000 ) ;
#4040 = SURFACE_SIDE_STYLE ('',( #3004 ) ) ;
#4041 = FACE_OUTER_BOUND ( 'NONE', #6325, .T. ) ;
#4042 = SURFACE_STYLE_USAGE ( .BOTH. , #6343 ) ;
#4043 = CARTESIAN_POINT ( 'NONE',  ( -1.811166969963621698, 18.49999999999999645, -4.777877430256110003 ) ) ;
#4044 = SURFACE_SIDE_STYLE ('',( #6296 ) ) ;
#4045 = PLANE ( 'NONE',  #9564 ) ;
#4046 =( LENGTH_UNIT ( ) NAMED_UNIT ( * ) SI_UNIT ( .MILLI., .METRE. ) );
#4047 =( LENGTH_UNIT ( ) NAMED_UNIT ( * ) SI_UNIT ( .MILLI., .METRE. ) );
#4048 = ORIENTED_EDGE ( 'NONE', *, *, #4263, .T. ) ;
#4049 =( LENGTH_UNIT ( ) NAMED_UNIT ( * ) SI_UNIT ( .MILLI., .METRE. ) );
#4050 = FILL_AREA_STYLE_COLOUR ( '', #930 ) ;
#4051 = VERTEX_POINT ( 'NONE', #44 ) ;
#4052 = DIRECTION ( 'NONE',  ( 0.000000000000000000, -1.000000000000000000, 7.744301232039317914E-17 ) ) ;
#4053 = AXIS2_PLACEMENT_3D ( 'NONE', #6499, #6349, #1170 ) ;
#4054 = AXIS2_PLACEMENT_3D ( 'NONE', #6729, #696, #3609 ) ;
#4055 = CARTESIAN_POINT ( 'NONE',  ( -6.663561837205168577E-16, 11.19999999999999929, -5.150000000000000355 ) ) ;
#4056 = EDGE_CURVE ( 'NONE', #9014, #8262, #8437, .T. ) ;
#4057 = VECTOR ( 'NONE', #4687, 1000.000000000000000 ) ;
#4058 = PRODUCT ( 'Fitec FS90R Micro Servo NoConnector', 'Fitec FS90R Micro Servo NoConnector', '', ( #3612 ) ) ;
#4059 = UNCERTAINTY_MEASURE_WITH_UNIT (LENGTH_MEASURE( 1.000000000000000082E-05 ), #1001, 'distance_accuracy_value', 'NONE');
#4060 = MECHANICAL_DESIGN_GEOMETRIC_PRESENTATION_REPRESENTATION (  '', ( #1218 ), #1995 ) ;
#4061 = LINE ( 'NONE', #303, #8235 ) ;
#4062 =( NAMED_UNIT ( * ) PLANE_ANGLE_UNIT ( ) SI_UNIT ( $, .RADIAN. ) );
#4063 = VERTEX_POINT ( 'NONE', #732 ) ;
#4064 = FACE_OUTER_BOUND ( 'NONE', #5256, .T. ) ;
#4065 = PRESENTATION_STYLE_ASSIGNMENT (( #4849 ) ) ;
#4066 =( NAMED_UNIT ( * ) PLANE_ANGLE_UNIT ( ) SI_UNIT ( $, .RADIAN. ) );
#4067 = COLOUR_RGB ( '',1.000000000000000000, 1.000000000000000000, 1.000000000000000000 ) ;
#4068 =( NAMED_UNIT ( * ) SI_UNIT ( $, .STERADIAN. ) SOLID_ANGLE_UNIT ( ) );
#4069 = ADVANCED_FACE ( 'NONE', ( #9048 ), #9093, .T. ) ;
#4070 = CARTESIAN_POINT ( 'NONE',  ( 0.5000000000000000000, 8.000000000000000000, -15.64999999999999325 ) ) ;
#4071 = FILL_AREA_STYLE_COLOUR ( '', #8694 ) ;
#4072 = PRESENTATION_STYLE_ASSIGNMENT (( #2483 ) ) ;
#4073 = CARTESIAN_POINT ( 'NONE',  ( 6.050000000000000711, 10.71960502111902436, -7.146529435015387399 ) ) ;
#4074 = SURFACE_STYLE_USAGE ( .BOTH. , #6176 ) ;
#4075 =( LENGTH_UNIT ( ) NAMED_UNIT ( * ) SI_UNIT ( .MILLI., .METRE. ) );
#4076 = ORIENTED_EDGE ( 'NONE', *, *, #5995, .F. ) ;
#4077 = CIRCLE ( 'NONE', #2489, 1.849000000000000199 ) ;
#4078 = VERTEX_POINT ( 'NONE', #8508 ) ;
#4079 =( NAMED_UNIT ( * ) SI_UNIT ( $, .STERADIAN. ) SOLID_ANGLE_UNIT ( ) );
#4080 = EDGE_CURVE ( 'NONE', #7541, #9567, #8123, .T. ) ;
#4081 = DIRECTION ( 'NONE',  ( -1.000000000000000000, 0.000000000000000000, 0.000000000000000000 ) ) ;
#4082 = SURFACE_STYLE_USAGE ( .BOTH. , #7691 ) ;
#4083 = COLOUR_RGB ( '',0.7764705882352941346, 0.7568627450980391913, 0.7372549019607843590 ) ;
#4084 = SURFACE_SIDE_STYLE ('',( #1108 ) ) ;
#4085 = ORIENTED_EDGE ( 'NONE', *, *, #4884, .F. ) ;
#4086 = CARTESIAN_POINT ( 'NONE',  ( -5.549999999999998934, 8.000000000000000000, 15.65000000000000036 ) ) ;
#4087 = ORIENTED_EDGE ( 'NONE', *, *, #1399, .F. ) ;
#4088 = CYLINDRICAL_SURFACE ( 'NONE', #5854, 0.5000000000000004441 ) ;
#4089 = FACE_OUTER_BOUND ( 'NONE', #2961, .T. ) ;
#4090 =( LENGTH_UNIT ( ) NAMED_UNIT ( * ) SI_UNIT ( .MILLI., .METRE. ) );
#4091 = EDGE_CURVE ( 'NONE', #8811, #8811, #3905, .T. ) ;
#4092 = CARTESIAN_POINT ( 'NONE',  ( -0.4999999999999998890, 8.000000000000000000, -15.09899959967967575 ) ) ;
#4093 = CIRCLE ( 'NONE', #9591, 0.5000000000000004441 ) ;
#4094 = CARTESIAN_POINT ( 'NONE',  ( 6.049999999999999822, 11.19999999999999929, -5.150000000000000355 ) ) ;
#4095 = PRESENTATION_STYLE_ASSIGNMENT (( #1721 ) ) ;
#4096 = VERTEX_POINT ( 'NONE', #978 ) ;
#4097 = CARTESIAN_POINT ( 'NONE',  ( -6.050000000000001599, 11.19999999999999929, -5.150000000000000355 ) ) ;
#4098 = PRESENTATION_LAYER_ASSIGNMENT (  '', '', ( #7071 ) ) ;
#4099 = ORIENTED_EDGE ( 'NONE', *, *, #3828, .T. ) ;
#4100 = FACE_OUTER_BOUND ( 'NONE', #7295, .T. ) ;
#4101 = SURFACE_SIDE_STYLE ('',( #8011 ) ) ;
#4102 =( GEOMETRIC_REPRESENTATION_CONTEXT ( 3 ) GLOBAL_UNCERTAINTY_ASSIGNED_CONTEXT ( ( #7673 ) ) GLOBAL_UNIT_ASSIGNED_CONTEXT ( ( #3581, #8091, #5108 ) ) REPRESENTATION_CONTEXT ( 'NONE', 'WORKASPACE' ) );
#4103 = AXIS2_PLACEMENT_3D ( 'NONE', #2824, #5786, #6585 ) ;
#4104 = ORIENTED_EDGE ( 'NONE', *, *, #3404, .T. ) ;
#4105 = CARTESIAN_POINT ( 'NONE',  ( -1.100000000000000089, -7.074999999999999289, -11.75000000000000178 ) ) ;
#4106 =( NAMED_UNIT ( * ) PLANE_ANGLE_UNIT ( ) SI_UNIT ( $, .RADIAN. ) );
#4107 = EDGE_CURVE ( 'NONE', #5912, #7693, #1764, .T. ) ;
#4108 = UNCERTAINTY_MEASURE_WITH_UNIT (LENGTH_MEASURE( 1.000000000000000082E-05 ), #1930, 'distance_accuracy_value', 'NONE');
#4109 = CIRCLE ( 'NONE', #9615, 1.849000000000000643 ) ;
#4110 = DIRECTION ( 'NONE',  ( 1.000000000000000000, 0.000000000000000000, 0.000000000000000000 ) ) ;
#4111 = SURFACE_STYLE_USAGE ( .BOTH. , #3455 ) ;
#4112 = FILL_AREA_STYLE_COLOUR ( '', #1669 ) ;
#4113 =( LENGTH_UNIT ( ) NAMED_UNIT ( * ) SI_UNIT ( .MILLI., .METRE. ) );
#4114 = DIRECTION ( 'NONE',  ( 0.000000000000000000, 0.000000000000000000, -1.000000000000000000 ) ) ;
#4115 = CARTESIAN_POINT ( 'NONE',  ( -5.049999999999998934, 9.199999999999999289, 10.24999999999999822 ) ) ;
#4116 = CARTESIAN_POINT ( 'NONE',  ( -6.049999999999999822, 5.707106781186546129, 11.04289321881344854 ) ) ;
#4117 = ORIENTED_EDGE ( 'NONE', *, *, #6659, .F. ) ;
#4118 = EDGE_CURVE ( 'NONE', #5902, #4815, #3992, .T. ) ;
#4119 = ORIENTED_EDGE ( 'NONE', *, *, #215, .T. ) ;
#4120 = PRESENTATION_STYLE_ASSIGNMENT (( #6988 ) ) ;
#4121 = FACE_OUTER_BOUND ( 'NONE', #52, .T. ) ;
#4122 = UNCERTAINTY_MEASURE_WITH_UNIT (LENGTH_MEASURE( 1.000000000000000082E-05 ), #2912, 'distance_accuracy_value', 'NONE');
#4123 = MECHANICAL_DESIGN_GEOMETRIC_PRESENTATION_REPRESENTATION (  '', ( #2851 ), #3974 ) ;
#4124 = ORIENTED_EDGE ( 'NONE', *, *, #5315, .T. ) ;
#4125 = ADVANCED_FACE ( 'NONE', ( #7803 ), #2634, .T. ) ;
#4126 =( NAMED_UNIT ( * ) SI_UNIT ( $, .STERADIAN. ) SOLID_ANGLE_UNIT ( ) );
#4127 = ORIENTED_EDGE ( 'NONE', *, *, #4056, .T. ) ;
#4128 = CARTESIAN_POINT ( 'NONE',  ( -6.049999999999999822, 0.000000000000000000, -10.75000000000000000 ) ) ;
#4129 = DIRECTION ( 'NONE',  ( 0.000000000000000000, -1.000000000000000000, 0.000000000000000000 ) ) ;
#4130 = DIRECTION ( 'NONE',  ( 0.000000000000000000, 0.000000000000000000, -1.000000000000000000 ) ) ;
#4131 = SURFACE_SIDE_STYLE ('',( #9064 ) ) ;
#4132 = MECHANICAL_DESIGN_GEOMETRIC_PRESENTATION_REPRESENTATION (  '', ( #8042 ), #9639 ) ;
#4133 =( GEOMETRIC_REPRESENTATION_CONTEXT ( 3 ) GLOBAL_UNCERTAINTY_ASSIGNED_CONTEXT ( ( #1836 ) ) GLOBAL_UNIT_ASSIGNED_CONTEXT ( ( #1201, #7025, #8487 ) ) REPRESENTATION_CONTEXT ( 'NONE', 'WORKASPACE' ) );
#4134 = CARTESIAN_POINT ( 'NONE',  ( 6.049999999999999822, 11.19999999999999929, -5.150000000000000355 ) ) ;
#4135 = CARTESIAN_POINT ( 'NONE',  ( 0.4227894438568907676, 11.20000000033626364, -11.18859348708738466 ) ) ;
#4136 = ORIENTED_EDGE ( 'NONE', *, *, #990, .F. ) ;
#4137 = ADVANCED_FACE ( 'NONE', ( #6401 ), #8284, .T. ) ;
#4138 = CARTESIAN_POINT ( 'NONE',  ( -6.002902679831202626, 11.20000000099769721, -6.011278924295904602 ) ) ;
#4139 = ORIENTED_EDGE ( 'NONE', *, *, #1423, .T. ) ;
#4140 = FACE_OUTER_BOUND ( 'NONE', #1246, .T. ) ;
#4141 = STYLED_ITEM ( 'NONE', ( #2189 ), #5120 ) ;
#4142 = COLOUR_RGB ( '',0.7764705882352941346, 0.7568627450980391913, 0.7372549019607843590 ) ;
#4143 =( GEOMETRIC_REPRESENTATION_CONTEXT ( 3 ) GLOBAL_UNCERTAINTY_ASSIGNED_CONTEXT ( ( #3182 ) ) GLOBAL_UNIT_ASSIGNED_CONTEXT ( ( #3482, #4975, #5750 ) ) REPRESENTATION_CONTEXT ( 'NONE', 'WORKASPACE' ) );
#4144 =( LENGTH_UNIT ( ) NAMED_UNIT ( * ) SI_UNIT ( .MILLI., .METRE. ) );
#4145 = ORIENTED_EDGE ( 'NONE', *, *, #7182, .T. ) ;
#4146 = DIRECTION ( 'NONE',  ( 0.000000000000000000, 1.000000000000000000, 0.000000000000000000 ) ) ;
#4147 = EDGE_LOOP ( 'NONE', ( #1876, #8678, #7787, #6438 ) ) ;
#4148 = SURFACE_STYLE_FILL_AREA ( #9464 ) ;
#4149 = DIRECTION ( 'NONE',  ( 0.000000000000000000, -1.000000000000000000, -0.000000000000000000 ) ) ;
#4150 = PRESENTATION_LAYER_ASSIGNMENT (  '', '', ( #537 ) ) ;
#4151 = UNCERTAINTY_MEASURE_WITH_UNIT (LENGTH_MEASURE( 1.000000000000000082E-05 ), #3804, 'distance_accuracy_value', 'NONE');
#4152 = DIRECTION ( 'NONE',  ( -0.000000000000000000, 1.000000000000000000, -0.000000000000000000 ) ) ;
#4153 = DIRECTION ( 'NONE',  ( 0.000000000000000000, 1.000000000000000000, 0.000000000000000000 ) ) ;
#4154 = CARTESIAN_POINT ( 'NONE',  ( -5.049999999999999822, 0.000000000000000000, 0.000000000000000000 ) ) ;
#4155 = DIRECTION ( 'NONE',  ( 0.000000000000000000, 0.000000000000000000, 1.000000000000000000 ) ) ;
#4156 = EDGE_CURVE ( 'NONE', #6564, #7134, #2938, .T. ) ;
#4157 = AXIS2_PLACEMENT_3D ( 'NONE', #5657, #4146, #9412 ) ;
#4158 = CARTESIAN_POINT ( 'NONE',  ( 1.074571710479143016, 15.49999999999999467, -6.654691542821295158 ) ) ;
#4159 = CARTESIAN_POINT ( 'NONE',  ( -1.971559904812547170, 15.49999999999999467, -5.065859997958455985 ) ) ;
#4160 = PRESENTATION_STYLE_ASSIGNMENT (( #8664 ) ) ;
#4161 = DIRECTION ( 'NONE',  ( 0.000000000000000000, 1.000000000000000000, 0.000000000000000000 ) ) ;
#4162 = SURFACE_SIDE_STYLE ('',( #8666 ) ) ;
#4163 = VECTOR ( 'NONE', #755, 1000.000000000000000 ) ;
#4164 = ORIENTED_EDGE ( 'NONE', *, *, #2805, .F. ) ;
#4165 = SURFACE_SIDE_STYLE ('',( #3221 ) ) ;
#4166 =( GEOMETRIC_REPRESENTATION_CONTEXT ( 3 ) GLOBAL_UNCERTAINTY_ASSIGNED_CONTEXT ( ( #6280 ) ) GLOBAL_UNIT_ASSIGNED_CONTEXT ( ( #6760, #3787, #3690 ) ) REPRESENTATION_CONTEXT ( 'NONE', 'WORKASPACE' ) );
#4167 = FILL_AREA_STYLE_COLOUR ( '', #5508 ) ;
#4168 = EDGE_CURVE ( 'NONE', #9356, #6590, #6026, .T. ) ;
#4169 = EDGE_CURVE ( 'NONE', #7889, #6441, #8445, .T. ) ;
#4170 = VECTOR ( 'NONE', #4497, 1000.000000000000000 ) ;
#4171 = VERTEX_POINT ( 'NONE', #1510 ) ;
#4172 = PRESENTATION_LAYER_ASSIGNMENT (  '', '', ( #8408 ) ) ;
#4173 =( NAMED_UNIT ( * ) SI_UNIT ( $, .STERADIAN. ) SOLID_ANGLE_UNIT ( ) );
#4174 = UNCERTAINTY_MEASURE_WITH_UNIT (LENGTH_MEASURE( 1.000000000000000082E-05 ), #4875, 'distance_accuracy_value', 'NONE');
#4175 = ORIENTED_EDGE ( 'NONE', *, *, #3158, .T. ) ;
#4176 = PRESENTATION_STYLE_ASSIGNMENT (( #183 ) ) ;
#4177 = PRESENTATION_STYLE_ASSIGNMENT (( #5549 ) ) ;
#4178 = CARTESIAN_POINT ( 'NONE',  ( -7.296957046373735484E-16, 15.49999999999999467, -5.150000000000000355 ) ) ;
#4179 = SURFACE_STYLE_FILL_AREA ( #1168 ) ;
#4180 = VECTOR ( 'NONE', #4521, 1000.000000000000000 ) ;
#4181 = AXIS2_PLACEMENT_3D ( 'NONE', #741, #3705, #8908 ) ;
#4182 = EDGE_CURVE ( 'NONE', #1632, #1066, #6512, .T. ) ;
#4183 = FILL_AREA_STYLE_COLOUR ( '', #7734 ) ;
#4184 = DIRECTION ( 'NONE',  ( 0.000000000000000000, 0.000000000000000000, -1.000000000000000000 ) ) ;
#4185 = FILL_AREA_STYLE_COLOUR ( '', #1788 ) ;
#4186 = CARTESIAN_POINT ( 'NONE',  ( -1.585058929212866063, 11.20000000048176858, -10.99176592560747245 ) ) ;
#4187 = ORIENTED_EDGE ( 'NONE', *, *, #7413, .F. ) ;
#4188 = CARTESIAN_POINT ( 'NONE',  ( -6.049999999999999822, 10.96227110830339591, -5.940457449776809007 ) ) ;
#4189 = CYLINDRICAL_SURFACE ( 'NONE', #5674, 1.848999999999999977 ) ;
#4190 = ORIENTED_EDGE ( 'NONE', *, *, #3215, .F. ) ;
#4191 = CIRCLE ( 'NONE', #2308, 0.5000000000000004441 ) ;
#4192 = FILL_AREA_STYLE_COLOUR ( '', #8135 ) ;
#4193 = CARTESIAN_POINT ( 'NONE',  ( -5.549999999999998934, 6.000000000000000000, 15.65000000000000036 ) ) ;
#4194 = EDGE_CURVE ( 'NONE', #1709, #6590, #9721, .T. ) ;
#4195 = FACE_OUTER_BOUND ( 'NONE', #2314, .T. ) ;
#4196 = ORIENTED_EDGE ( 'NONE', *, *, #4402, .T. ) ;
#4197 = LINE ( 'NONE', #5085, #3369 ) ;
#4198 = COLOUR_RGB ( '',0.1058823529411764691, 0.6352941176470587870, 0.9411764705882352811 ) ;
#4199 = VERTEX_POINT ( 'NONE', #5687 ) ;
#4200 =( NAMED_UNIT ( * ) PLANE_ANGLE_UNIT ( ) SI_UNIT ( $, .RADIAN. ) );
#4201 = UNCERTAINTY_MEASURE_WITH_UNIT (LENGTH_MEASURE( 1.000000000000000082E-05 ), #799, 'distance_accuracy_value', 'NONE');
#4202 = DIRECTION ( 'NONE',  ( -3.469446951953610639E-15, -0.000000000000000000, -1.000000000000000000 ) ) ;
#4203 = VERTEX_POINT ( 'NONE', #7196 ) ;
#4204 = PRESENTATION_STYLE_ASSIGNMENT (( #4111 ) ) ;
#4205 = ADVANCED_FACE ( 'NONE', ( #4515 ), #6692, .T. ) ;
#4206 = VECTOR ( 'NONE', #1625, 1000.000000000000000 ) ;
#4207 = LINE ( 'NONE', #8709, #1981 ) ;
#4208 =( GEOMETRIC_REPRESENTATION_CONTEXT ( 3 ) GLOBAL_UNCERTAINTY_ASSIGNED_CONTEXT ( ( #3354 ) ) GLOBAL_UNIT_ASSIGNED_CONTEXT ( ( #4396, #555, #5187 ) ) REPRESENTATION_CONTEXT ( 'NONE', 'WORKASPACE' ) );
#4209 = PRESENTATION_STYLE_ASSIGNMENT (( #9318 ) ) ;
#4210 = CARTESIAN_POINT ( 'NONE',  ( 1.227851083701591905, 15.49999999999999467, -6.532455321611815080 ) ) ;
#4211 = EDGE_LOOP ( 'NONE', ( #2180 ) ) ;
#4212 = DIRECTION ( 'NONE',  ( -1.000000000000000000, 0.000000000000000000, 0.000000000000000000 ) ) ;
#4213 = LINE ( 'NONE', #803, #6688 ) ;
#4214 = AXIS2_PLACEMENT_3D ( 'NONE', #3728, #8734, #7171 ) ;
#4215 = SURFACE_STYLE_FILL_AREA ( #3465 ) ;
#4216 = VERTEX_POINT ( 'NONE', #9690 ) ;
#4217 = CARTESIAN_POINT ( 'NONE',  ( 6.049999999999999822, 11.19999999999999929, -5.150000000000000355 ) ) ;
#4218 = CARTESIAN_POINT ( 'NONE',  ( -5.549999999999998934, 10.69999999999999929, -10.75000000000000000 ) ) ;
#4219 = STYLED_ITEM ( 'NONE', ( #3101 ), #1727 ) ;
#4220 = ORIENTED_EDGE ( 'NONE', *, *, #973, .T. ) ;
#4221 = ORIENTED_EDGE ( 'NONE', *, *, #339, .F. ) ;
#4222 = CYLINDRICAL_SURFACE ( 'NONE', #9313, 0.5000000000000004441 ) ;
#4223 = EDGE_CURVE ( 'NONE', #1500, #4825, #2600, .T. ) ;
#4224 = DIRECTION ( 'NONE',  ( 0.000000000000000000, 1.000000000000000000, 0.000000000000000000 ) ) ;
#4225 = CIRCLE ( 'NONE', #2008, 2.299999999999998490 ) ;
#4226 =( NAMED_UNIT ( * ) SI_UNIT ( $, .STERADIAN. ) SOLID_ANGLE_UNIT ( ) );
#4227 = CARTESIAN_POINT ( 'NONE',  ( -0.5000000000000000000, 8.000000000000000000, -15.64999999999999325 ) ) ;
#4228 =( NAMED_UNIT ( * ) PLANE_ANGLE_UNIT ( ) SI_UNIT ( $, .RADIAN. ) );
#4229 = DIRECTION ( 'NONE',  ( 0.000000000000000000, 0.000000000000000000, -1.000000000000000000 ) ) ;
#4230 = DIRECTION ( 'NONE',  ( -0.000000000000000000, -1.000000000000000000, -0.000000000000000000 ) ) ;
#4231 = FILL_AREA_STYLE ('',( #4185 ) ) ;
#4232 = CARTESIAN_POINT ( 'NONE',  ( -2.289650628371055596, 11.19999999999999929, -10.75000000000000178 ) ) ;
#4233 = ORIENTED_EDGE ( 'NONE', *, *, #8903, .F. ) ;
#4234 = LINE ( 'NONE', #2003, #1414 ) ;
#4235 = STYLED_ITEM ( 'NONE', ( #297 ), #1088 ) ;
#4236 = CARTESIAN_POINT ( 'NONE',  ( -6.049999999999999822, 7.500000000000000000, 15.65000000000000036 ) ) ;
#4237 = ORIENTED_EDGE ( 'NONE', *, *, #6555, .T. ) ;
#4238 = PRESENTATION_STYLE_ASSIGNMENT (( #1230 ) ) ;
#4239 = EDGE_CURVE ( 'NONE', #644, #2114, #8582, .T. ) ;
#4240 = DIRECTION ( 'NONE',  ( -0.000000000000000000, 1.000000000000000000, -0.000000000000000000 ) ) ;
#4241 = FILL_AREA_STYLE ('',( #4986 ) ) ;
#4242 =( GEOMETRIC_REPRESENTATION_CONTEXT ( 3 ) GLOBAL_UNCERTAINTY_ASSIGNED_CONTEXT ( ( #6920 ) ) GLOBAL_UNIT_ASSIGNED_CONTEXT ( ( #4979, #3486, #9604 ) ) REPRESENTATION_CONTEXT ( 'NONE', 'WORKASPACE' ) );
#4243 = DIRECTION ( 'NONE',  ( -0.000000000000000000, -0.000000000000000000, 1.000000000000000000 ) ) ;
#4244 = COLOUR_RGB ( '',0.7764705882352941346, 0.7568627450980391913, 0.7372549019607843590 ) ;
#4245 = VERTEX_POINT ( 'NONE', #1455 ) ;
#4246 = CARTESIAN_POINT ( 'NONE',  ( 5.549999999999998934, -10.69999999999999929, 10.74999999999999822 ) ) ;
#4247 = PRESENTATION_STYLE_ASSIGNMENT (( #5706 ) ) ;
#4248 = ORIENTED_EDGE ( 'NONE', *, *, #9624, .T. ) ;
#4249 = SURFACE_STYLE_USAGE ( .BOTH. , #4994 ) ;
#4250 = EDGE_CURVE ( 'NONE', #3049, #6849, #253, .T. ) ;
#4251 = CARTESIAN_POINT ( 'NONE',  ( -1.100000000000000089, -7.074999999999999289, -10.25000000000000178 ) ) ;
#4252 = VERTEX_POINT ( 'NONE', #558 ) ;
#4253 = AXIS2_PLACEMENT_3D ( 'NONE', #1287, #459, #1971 ) ;
#4254 = LINE ( 'NONE', #4351, #512 ) ;
#4255 = DIRECTION ( 'NONE',  ( 0.000000000000000000, 0.000000000000000000, 1.000000000000000000 ) ) ;
#4256 = FACE_OUTER_BOUND ( 'NONE', #1812, .T. ) ;
#4257 = ORIENTED_EDGE ( 'NONE', *, *, #2476, .T. ) ;
#4258 = CARTESIAN_POINT ( 'NONE',  ( 0.9129125731638052521, 18.49999999999999645, -3.400509036328724921 ) ) ;
#4259 = SURFACE_STYLE_FILL_AREA ( #7248 ) ;
#4260 =( NAMED_UNIT ( * ) SI_UNIT ( $, .STERADIAN. ) SOLID_ANGLE_UNIT ( ) );
#4261 =( GEOMETRIC_REPRESENTATION_CONTEXT ( 3 ) GLOBAL_UNCERTAINTY_ASSIGNED_CONTEXT ( ( #3086 ) ) GLOBAL_UNIT_ASSIGNED_CONTEXT ( ( #5695, #4333, #7958 ) ) REPRESENTATION_CONTEXT ( 'NONE', 'WORKASPACE' ) );
#4262 = CIRCLE ( 'NONE', #3464, 2.299999999999998046 ) ;
#4263 = EDGE_CURVE ( 'NONE', #7764, #3196, #9541, .T. ) ;
#4264 = ORIENTED_EDGE ( 'NONE', *, *, #3806, .F. ) ;
#4265 = CARTESIAN_POINT ( 'NONE',  ( -1.869470635734500563, 15.49999999999999467, -6.489805785226514523 ) ) ;
#4266 = CARTESIAN_POINT ( 'NONE',  ( -1.163464191873192943, 15.49999999999999467, -3.556111963644601470 ) ) ;
#4267 = EDGE_CURVE ( 'NONE', #16, #5931, #25, .T. ) ;
#4268 = DIRECTION ( 'NONE',  ( 0.000000000000000000, 1.000000000000000000, -0.000000000000000000 ) ) ;
#4269 = MECHANICAL_DESIGN_GEOMETRIC_PRESENTATION_REPRESENTATION (  '', ( #3796 ), #8503 ) ;
#4270 = SURFACE_STYLE_USAGE ( .BOTH. , #6957 ) ;
#4271 = ORIENTED_EDGE ( 'NONE', *, *, #5313, .T. ) ;
#4272 = UNCERTAINTY_MEASURE_WITH_UNIT (LENGTH_MEASURE( 1.000000000000000082E-05 ), #3302, 'distance_accuracy_value', 'NONE');
#4273 = ORIENTED_EDGE ( 'NONE', *, *, #1612, .F. ) ;
#4274 = VECTOR ( 'NONE', #5470, 1000.000000000000000 ) ;
#4275 = FILL_AREA_STYLE_COLOUR ( '', #1620 ) ;
#4276 = SURFACE_SIDE_STYLE ('',( #331 ) ) ;
#4277 = CARTESIAN_POINT ( 'NONE',  ( -0.4999999999999995559, 5.500000000000000888, 16.15000000000000213 ) ) ;
#4278 = LINE ( 'NONE', #3538, #7093 ) ;
#4279 =( NAMED_UNIT ( * ) PLANE_ANGLE_UNIT ( ) SI_UNIT ( $, .RADIAN. ) );
#4280 = EDGE_CURVE ( 'NONE', #9086, #1548, #3214, .T. ) ;
#4281 = FACE_OUTER_BOUND ( 'NONE', #4371, .T. ) ;
#4282 = ORIENTED_EDGE ( 'NONE', *, *, #7057, .F. ) ;
#4283 =( NAMED_UNIT ( * ) PLANE_ANGLE_UNIT ( ) SI_UNIT ( $, .RADIAN. ) );
#4284 = CARTESIAN_POINT ( 'NONE',  ( 1.196353700947660359, 18.49999999999999645, -3.185632971609219322 ) ) ;
#4285 = DIRECTION ( 'NONE',  ( 0.7818314824680308028, 0.000000000000000000, -0.6234898018587321511 ) ) ;
#4286 = ORIENTED_EDGE ( 'NONE', *, *, #2943, .F. ) ;
#4287 = CARTESIAN_POINT ( 'NONE',  ( 5.049999999999998934, 9.199999999999999289, 10.24999999999999822 ) ) ;
#4288 = PRESENTATION_LAYER_ASSIGNMENT (  '', '', ( #9299 ) ) ;
#4289 = DIRECTION ( 'NONE',  ( -0.000000000000000000, 1.000000000000000000, -0.000000000000000000 ) ) ;
#4290 = AXIS2_PLACEMENT_3D ( 'NONE', #1340, #7332, #6625 ) ;
#4291 = EDGE_CURVE ( 'NONE', #2746, #8081, #2345, .T. ) ;
#4292 = ORIENTED_EDGE ( 'NONE', *, *, #3371, .F. ) ;
#4293 = CARTESIAN_POINT ( 'NONE',  ( 5.549999999999999822, 11.19999999999999929, -2.741681084241543775 ) ) ;
#4294 =( NAMED_UNIT ( * ) SI_UNIT ( $, .STERADIAN. ) SOLID_ANGLE_UNIT ( ) );
#4295 = EDGE_LOOP ( 'NONE', ( #1613, #7844, #9579, #9515 ) ) ;
#4296 = SURFACE_STYLE_FILL_AREA ( #6366 ) ;
#4297 = PRESENTATION_STYLE_ASSIGNMENT (( #1969 ) ) ;
#4299 = ORIENTED_EDGE ( 'NONE', *, *, #5752, .T. ) ;
#4298 = CIRCLE ( 'NONE', #196, 0.8399999999999999689 ) ;
#4300 = DIRECTION ( 'NONE',  ( 0.000000000000000000, 0.000000000000000000, 1.000000000000000000 ) ) ;
#4301 = CARTESIAN_POINT ( 'NONE',  ( 0.6875000000000008882, 5.500000000000001776, -14.70868722477978174 ) ) ;
#4302 = CARTESIAN_POINT ( 'NONE',  ( -1.286832269749423885, 15.49999999999999467, -6.477728778603351500 ) ) ;
#4303 = CIRCLE ( 'NONE', #9486, 0.5000000000000004441 ) ;
#4304 =( NAMED_UNIT ( * ) PLANE_ANGLE_UNIT ( ) SI_UNIT ( $, .RADIAN. ) );
#4305 = PRESENTATION_LAYER_ASSIGNMENT (  '', '', ( #7276 ) ) ;
#4306 = EDGE_CURVE ( 'NONE', #7933, #4491, #6240, .T. ) ;
#4307 = COLOUR_RGB ( '',0.1058823529411764691, 0.6352941176470587870, 0.9411764705882352811 ) ;
#4308 = FACE_OUTER_BOUND ( 'NONE', #6605, .T. ) ;
#4309 = CIRCLE ( 'NONE', #1000, 1.849000000000000865 ) ;
#4310 = SURFACE_STYLE_USAGE ( .BOTH. , #1977 ) ;
#4311 = ORIENTED_EDGE ( 'NONE', *, *, #8888, .F. ) ;
#4312 = DIRECTION ( 'NONE',  ( 0.000000000000000000, 1.000000000000000000, 0.000000000000000000 ) ) ;
#4313 =( NAMED_UNIT ( * ) PLANE_ANGLE_UNIT ( ) SI_UNIT ( $, .RADIAN. ) );
#4314 = MECHANICAL_DESIGN_GEOMETRIC_PRESENTATION_REPRESENTATION (  '', ( #5873 ), #6350 ) ;
#4315 = ORIENTED_EDGE ( 'NONE', *, *, #2567, .F. ) ;
#4316 = DIRECTION ( 'NONE',  ( 0.000000000000000000, 0.000000000000000000, 1.000000000000000000 ) ) ;
#4317 = STYLED_ITEM ( 'NONE', ( #2252 ), #7605 ) ;
#4318 = LINE ( 'NONE', #761, #4470 ) ;
#4319 = DIRECTION ( 'NONE',  ( 0.000000000000000000, 1.000000000000000000, 0.000000000000000000 ) ) ;
#4320 = LINE ( 'NONE', #9693, #4375 ) ;
#4321 = MECHANICAL_DESIGN_GEOMETRIC_PRESENTATION_REPRESENTATION (  '', ( #2574 ), #7913 ) ;
#4322 = VERTEX_POINT ( 'NONE', #3263 ) ;
#4323 = ORIENTED_EDGE ( 'NONE', *, *, #8607, .F. ) ;
#4324 = STYLED_ITEM ( 'NONE', ( #1521 ), #5416 ) ;
#4325 = DIRECTION ( 'NONE',  ( -0.9308737486442002496, 0.000000000000000000, -0.3653410243664052537 ) ) ;
#4326 = MECHANICAL_DESIGN_GEOMETRIC_PRESENTATION_REPRESENTATION (  '', ( #8562 ), #1496 ) ;
#4327 = EDGE_CURVE ( 'NONE', #3907, #8248, #8725, .T. ) ;
#4328 =( GEOMETRIC_REPRESENTATION_CONTEXT ( 3 ) GLOBAL_UNCERTAINTY_ASSIGNED_CONTEXT ( ( #8631 ) ) GLOBAL_UNIT_ASSIGNED_CONTEXT ( ( #9628, #4505, #7485 ) ) REPRESENTATION_CONTEXT ( 'NONE', 'WORKASPACE' ) );
#4329 = FACE_OUTER_BOUND ( 'NONE', #1607, .T. ) ;
#4330 = EDGE_LOOP ( 'NONE', ( #4620, #6353, #3470, #1824 ) ) ;
#4331 = CARTESIAN_POINT ( 'NONE',  ( 5.549999999999998934, -11.19999999999999929, -10.75000000000000000 ) ) ;
#4332 = DIRECTION ( 'NONE',  ( 0.000000000000000000, 0.000000000000000000, 1.000000000000000000 ) ) ;
#4333 =( NAMED_UNIT ( * ) PLANE_ANGLE_UNIT ( ) SI_UNIT ( $, .RADIAN. ) );
#4334 = VECTOR ( 'NONE', #2761, 1000.000000000000000 ) ;
#4335 = ORIENTED_EDGE ( 'NONE', *, *, #4996, .F. ) ;
#4336 =( NAMED_UNIT ( * ) PLANE_ANGLE_UNIT ( ) SI_UNIT ( $, .RADIAN. ) );
#4337 = COLOUR_RGB ( '',0.7764705882352941346, 0.7568627450980391913, 0.7372549019607843590 ) ;
#4338 =( GEOMETRIC_REPRESENTATION_CONTEXT ( 3 ) GLOBAL_UNCERTAINTY_ASSIGNED_CONTEXT ( ( #5588 ) ) GLOBAL_UNIT_ASSIGNED_CONTEXT ( ( #5764, #1084, #7191 ) ) REPRESENTATION_CONTEXT ( 'NONE', 'WORKASPACE' ) );
#4339 =( NAMED_UNIT ( * ) SI_UNIT ( $, .STERADIAN. ) SOLID_ANGLE_UNIT ( ) );
#4340 = PRESENTATION_STYLE_ASSIGNMENT (( #7465 ) ) ;
#4341 = SURFACE_SIDE_STYLE ('',( #1912 ) ) ;
#4342 = ORIENTED_EDGE ( 'NONE', *, *, #4239, .F. ) ;
#4343 =( GEOMETRIC_REPRESENTATION_CONTEXT ( 3 ) GLOBAL_UNCERTAINTY_ASSIGNED_CONTEXT ( ( #6281 ) ) GLOBAL_UNIT_ASSIGNED_CONTEXT ( ( #3935, #81, #9083 ) ) REPRESENTATION_CONTEXT ( 'NONE', 'WORKASPACE' ) );
#4344 = CYLINDRICAL_SURFACE ( 'NONE', #5129, 0.5000000000000004441 ) ;
#4345 = VERTEX_POINT ( 'NONE', #7535 ) ;
#4346 = FILL_AREA_STYLE ('',( #9716 ) ) ;
#4347 = CARTESIAN_POINT ( 'NONE',  ( -6.663561837205168577E-16, 15.50000000000000000, -5.150000000000000355 ) ) ;
#4348 = ORIENTED_EDGE ( 'NONE', *, *, #2217, .T. ) ;
#4349 = EDGE_CURVE ( 'NONE', #7815, #5130, #5379, .T. ) ;
#4350 = FILL_AREA_STYLE ('',( #8911 ) ) ;
#4351 = CARTESIAN_POINT ( 'NONE',  ( -6.049999999999999822, 8.000000000000000000, -15.64999999999999325 ) ) ;
#4352 = PRESENTATION_LAYER_ASSIGNMENT (  '', '', ( #1830 ) ) ;
#4353 = FILL_AREA_STYLE ('',( #1441 ) ) ;
#4354 =( LENGTH_UNIT ( ) NAMED_UNIT ( * ) SI_UNIT ( .MILLI., .METRE. ) );
#4355 = CARTESIAN_POINT ( 'NONE',  ( 0.5000000000000004441, 5.500000000000000888, 15.65000000000000036 ) ) ;
#4356 = ORIENTED_EDGE ( 'NONE', *, *, #3698, .F. ) ;
#4357 = DIRECTION ( 'NONE',  ( 0.000000000000000000, -0.000000000000000000, 1.000000000000000000 ) ) ;
#4358 = FACE_OUTER_BOUND ( 'NONE', #4769, .T. ) ;
#4359 = CARTESIAN_POINT ( 'NONE',  ( 1.936998793047777889, 15.49999999999999467, -4.772954016147290091 ) ) ;
#4360 = LINE ( 'NONE', #3815, #5567 ) ;
#4361 = SURFACE_STYLE_USAGE ( .BOTH. , #4162 ) ;
#4362 = CIRCLE ( 'NONE', #3899, 0.5000000000000004441 ) ;
#4363 = ORIENTED_EDGE ( 'NONE', *, *, #5023, .T. ) ;
#4364 = EDGE_CURVE ( 'NONE', #3752, #5964, #3083, .T. ) ;
#4365 = CARTESIAN_POINT ( 'NONE',  ( -5.549999999999998934, 7.500000000000000000, 16.15000000000000213 ) ) ;
#4366 =( NAMED_UNIT ( * ) SI_UNIT ( $, .STERADIAN. ) SOLID_ANGLE_UNIT ( ) );
#4367 = DIRECTION ( 'NONE',  ( 0.000000000000000000, -1.000000000000000000, 0.000000000000000000 ) ) ;
#4368 =( GEOMETRIC_REPRESENTATION_CONTEXT ( 3 ) GLOBAL_UNCERTAINTY_ASSIGNED_CONTEXT ( ( #1580 ) ) GLOBAL_UNIT_ASSIGNED_CONTEXT ( ( #2992, #2412, #8255 ) ) REPRESENTATION_CONTEXT ( 'NONE', 'WORKASPACE' ) );
#4369 = CARTESIAN_POINT ( 'NONE',  ( -6.049999999999999822, 7.500000000000000000, 16.15000000000000213 ) ) ;
#4370 = ORIENTED_EDGE ( 'NONE', *, *, #5504, .F. ) ;
#4371 = EDGE_LOOP ( 'NONE', ( #5112, #1905, #29, #1537 ) ) ;
#4372 = CARTESIAN_POINT ( 'NONE',  ( 6.049999999999999822, -10.69999999999999929, -10.75000000000000000 ) ) ;
#4373 = EDGE_CURVE ( 'NONE', #7024, #1666, #9379, .T. ) ;
#4374 = CARTESIAN_POINT ( 'NONE',  ( 1.625000000000000000, -7.700000000000000178, -11.25000000000000178 ) ) ;
#4375 = VECTOR ( 'NONE', #6752, 1000.000000000000000 ) ;
#4376 = DIRECTION ( 'NONE',  ( 0.000000000000000000, 1.000000000000000000, 0.000000000000000000 ) ) ;
#4377 = MECHANICAL_DESIGN_GEOMETRIC_PRESENTATION_REPRESENTATION (  '', ( #4219 ), #2481 ) ;
#4378 =( LENGTH_UNIT ( ) NAMED_UNIT ( * ) SI_UNIT ( .MILLI., .METRE. ) );
#4379 = CARTESIAN_POINT ( 'NONE',  ( 5.549999999999998934, 11.19999999999999929, -11.25000000000000178 ) ) ;
#4380 = EDGE_LOOP ( 'NONE', ( #4076, #3149, #8791, #7329 ) ) ;
#4381 = DIRECTION ( 'NONE',  ( 1.000000000000000000, 0.000000000000000000, 0.000000000000000000 ) ) ;
#4382 =( NAMED_UNIT ( * ) PLANE_ANGLE_UNIT ( ) SI_UNIT ( $, .RADIAN. ) );
#4383 = VERTEX_POINT ( 'NONE', #6978 ) ;
#4384 = CARTESIAN_POINT ( 'NONE',  ( -7.296957046373735484E-16, 28.49999999999999645, -5.150000000000000355 ) ) ;
#4385 = EDGE_CURVE ( 'NONE', #6179, #4051, #2482, .T. ) ;
#4386 = SURFACE_STYLE_USAGE ( .BOTH. , #594 ) ;
#4387 = VECTOR ( 'NONE', #6912, 1000.000000000000000 ) ;
#4388 = SURFACE_STYLE_USAGE ( .BOTH. , #3601 ) ;
#4389 = DIRECTION ( 'NONE',  ( 0.000000000000000000, 1.000000000000000000, 0.000000000000000000 ) ) ;
#4390 = AXIS2_PLACEMENT_3D ( 'NONE', #9571, #2904, #7969 ) ;
#4391 = ORIENTED_EDGE ( 'NONE', *, *, #3279, .F. ) ;
#4392 = DIRECTION ( 'NONE',  ( 0.000000000000000000, 0.000000000000000000, 1.000000000000000000 ) ) ;
#4393 = ORIENTED_EDGE ( 'NONE', *, *, #5938, .F. ) ;
#4394 = FILL_AREA_STYLE_COLOUR ( '', #9047 ) ;
#4395 = VERTEX_POINT ( 'NONE', #5434 ) ;
#4396 =( LENGTH_UNIT ( ) NAMED_UNIT ( * ) SI_UNIT ( .MILLI., .METRE. ) );
#4397 = STYLED_ITEM ( 'NONE', ( #9453 ), #1113 ) ;
#4398 =( GEOMETRIC_REPRESENTATION_CONTEXT ( 3 ) GLOBAL_UNCERTAINTY_ASSIGNED_CONTEXT ( ( #8447 ) ) GLOBAL_UNIT_ASSIGNED_CONTEXT ( ( #3643, #7028, #4711 ) ) REPRESENTATION_CONTEXT ( 'NONE', 'WORKASPACE' ) );
#4399 = SURFACE_STYLE_FILL_AREA ( #8915 ) ;
#4400 = CARTESIAN_POINT ( 'NONE',  ( 1.936998793047783218, 18.49999999999999645, -5.527045983852682198 ) ) ;
#4401 = DIRECTION ( 'NONE',  ( 0.000000000000000000, 1.000000000000000000, 0.000000000000000000 ) ) ;
#4402 = EDGE_CURVE ( 'NONE', #5943, #3827, #6167, .T. ) ;
#4403 = ORIENTED_EDGE ( 'NONE', *, *, #2372, .T. ) ;
#4404 =( NAMED_UNIT ( * ) SI_UNIT ( $, .STERADIAN. ) SOLID_ANGLE_UNIT ( ) );
#4405 = LINE ( 'NONE', #7383, #9355 ) ;
#4406 =( GEOMETRIC_REPRESENTATION_CONTEXT ( 3 ) GLOBAL_UNCERTAINTY_ASSIGNED_CONTEXT ( ( #1855 ) ) GLOBAL_UNIT_ASSIGNED_CONTEXT ( ( #9002, #6667, #6563 ) ) REPRESENTATION_CONTEXT ( 'NONE', 'WORKASPACE' ) );
#4407 = LINE ( 'NONE', #7434, #1303 ) ;
#4408 = ORIENTED_EDGE ( 'NONE', *, *, #5198, .T. ) ;
#4409 = STYLED_ITEM ( 'NONE', ( #3031 ), #8869 ) ;
#4410 = FILL_AREA_STYLE ('',( #8771 ) ) ;
#4411 = SURFACE_STYLE_FILL_AREA ( #3772 ) ;
#4412 = VECTOR ( 'NONE', #2342, 1000.000000000000000 ) ;
#4413 = SURFACE_SIDE_STYLE ('',( #5060 ) ) ;
#4414 = CARTESIAN_POINT ( 'NONE',  ( 5.549999999999998934, 7.500000000000000000, 15.65000000000000036 ) ) ;
#4415 = CARTESIAN_POINT ( 'NONE',  ( -1.930184350831132711, 16.99999999999999289, -3.899244879360234783 ) ) ;
#4416 = AXIS2_PLACEMENT_3D ( 'NONE', #8036, #3529, #6640 ) ;
#4417 = CIRCLE ( 'NONE', #6943, 0.5000000000000004441 ) ;
#4418 = EDGE_CURVE ( 'NONE', #6432, #1043, #6880, .T. ) ;
#4419 = CARTESIAN_POINT ( 'NONE',  ( -7.296957046373735484E-16, 18.49999999999999645, -5.150000000000000355 ) ) ;
#4420 = CARTESIAN_POINT ( 'NONE',  ( 1.952008996100339511, 11.19999999954836589, -10.87952238382542802 ) ) ;
#4421 = ORIENTED_EDGE ( 'NONE', *, *, #6555, .F. ) ;
#4422 = CARTESIAN_POINT ( 'NONE',  ( 1.227851083701571921, 18.49999999999999645, -3.767544678388167867 ) ) ;
#4423 = ORIENTED_EDGE ( 'NONE', *, *, #2567, .T. ) ;
#4424 = CIRCLE ( 'NONE', #5054, 2.375000000000000444 ) ;
#4425 = DIRECTION ( 'NONE',  ( 0.000000000000000000, 0.000000000000000000, 1.000000000000000000 ) ) ;
#4426 = LINE ( 'NONE', #2163, #3779 ) ;
#4427 = EDGE_CURVE ( 'NONE', #4825, #9755, #413, .T. ) ;
#4428 = CYLINDRICAL_SURFACE ( 'NONE', #2898, 0.8399999999999996358 ) ;
#4429 = CARTESIAN_POINT ( 'NONE',  ( 1.793262986480900434, 18.49999999999999645, -5.600565046710904937 ) ) ;
#4430 = VERTEX_POINT ( 'NONE', #5342 ) ;
#4431 = DIRECTION ( 'NONE',  ( -0.000000000000000000, 1.000000000000000000, -0.000000000000000000 ) ) ;
#4432 =( NAMED_UNIT ( * ) SI_UNIT ( $, .STERADIAN. ) SOLID_ANGLE_UNIT ( ) );
#4433 = PRESENTATION_LAYER_ASSIGNMENT (  '', '', ( #3644 ) ) ;
#4434 = ORIENTED_EDGE ( 'NONE', *, *, #5739, .F. ) ;
#4435 =( NAMED_UNIT ( * ) SI_UNIT ( $, .STERADIAN. ) SOLID_ANGLE_UNIT ( ) );
#4436 = FILL_AREA_STYLE_COLOUR ( '', #3310 ) ;
#4437 =( NAMED_UNIT ( * ) PLANE_ANGLE_UNIT ( ) SI_UNIT ( $, .RADIAN. ) );
#4438 = DIRECTION ( 'NONE',  ( 0.000000000000000000, 1.000000000000000000, 0.000000000000000000 ) ) ;
#4439 = ORIENTED_EDGE ( 'NONE', *, *, #2991, .T. ) ;
#4440 = ORIENTED_EDGE ( 'NONE', *, *, #7169, .F. ) ;
#4441 = SURFACE_STYLE_USAGE ( .BOTH. , #5185 ) ;
#4442 = FILL_AREA_STYLE ('',( #693 ) ) ;
#4443 = EDGE_LOOP ( 'NONE', ( #8695, #2725, #5919, #6233 ) ) ;
#4444 = SURFACE_SIDE_STYLE ('',( #1337 ) ) ;
#4445 =( NAMED_UNIT ( * ) PLANE_ANGLE_UNIT ( ) SI_UNIT ( $, .RADIAN. ) );
#4446 = SURFACE_STYLE_FILL_AREA ( #559 ) ;
#4447 = DIRECTION ( 'NONE',  ( 0.000000000000000000, -1.000000000000000000, 0.000000000000000000 ) ) ;
#4448 = STYLED_ITEM ( 'NONE', ( #4873 ), #6648 ) ;
#4449 = ADVANCED_FACE ( 'NONE', ( #3820, #9074 ), #211, .F. ) ;
#4450 = CARTESIAN_POINT ( 'NONE',  ( -1.391500612822461846, 18.49999999999999645, -3.318681883310627523 ) ) ;
#4451 = VECTOR ( 'NONE', #2441, 1000.000000000000000 ) ;
#4452 = DIRECTION ( 'NONE',  ( 0.000000000000000000, 1.000000000000000000, 0.000000000000000000 ) ) ;
#4453 = ORIENTED_EDGE ( 'NONE', *, *, #6557, .T. ) ;
#4454 = CARTESIAN_POINT ( 'NONE',  ( -5.549999999999998934, 11.19999999999999929, 11.24999999999999645 ) ) ;
#4455 = FACE_OUTER_BOUND ( 'NONE', #2671, .T. ) ;
#4456 = STYLED_ITEM ( 'NONE', ( #2230 ), #3575 ) ;
#4457 = FILL_AREA_STYLE_COLOUR ( '', #848 ) ;
#4458 = PRESENTATION_LAYER_ASSIGNMENT (  '', '', ( #6501 ) ) ;
#4459 = DIRECTION ( 'NONE',  ( 0.000000000000000000, 0.000000000000000000, -1.000000000000000000 ) ) ;
#4460 = AXIS2_PLACEMENT_3D ( 'NONE', #9660, #7281, #3494 ) ;
#4461 = ORIENTED_EDGE ( 'NONE', *, *, #435, .F. ) ;
#4462 = CARTESIAN_POINT ( 'NONE',  ( -6.049999999999999822, 8.000000000000000000, 15.65000000000000036 ) ) ;
#4463 = CIRCLE ( 'NONE', #5396, 0.8400000000000001910 ) ;
#4464 = SURFACE_SIDE_STYLE ('',( #8183 ) ) ;
#4465 = DIRECTION ( 'NONE',  ( -1.000000000000000000, 0.000000000000000000, 0.000000000000000000 ) ) ;
#4466 = CARTESIAN_POINT ( 'NONE',  ( 1.962079626208466321, 18.49999999999999645, -4.939354471621991038 ) ) ;
#4467 = COLOUR_RGB ( '',0.7764705882352941346, 0.7568627450980391913, 0.7372549019607843590 ) ;
#4468 = EDGE_LOOP ( 'NONE', ( #7320, #500, #3388, #8312 ) ) ;
#4469 = LINE ( 'NONE', #5257, #7953 ) ;
#4470 = VECTOR ( 'NONE', #2198, 1000.000000000000000 ) ;
#4471 = COLOUR_RGB ( '',1.000000000000000000, 1.000000000000000000, 1.000000000000000000 ) ;
#4472 = EDGE_LOOP ( 'NONE', ( #3484, #106, #395, #173 ) ) ;
#4473 = MECHANICAL_DESIGN_GEOMETRIC_PRESENTATION_REPRESENTATION (  '', ( #4793 ), #6359 ) ;
#4474 = SURFACE_STYLE_FILL_AREA ( #2882 ) ;
#4475 = ADVANCED_FACE ( 'NONE', ( #1840 ), #5772, .T. ) ;
#4476 = CIRCLE ( 'NONE', #5881, 0.5000000000000004441 ) ;
#4477 = COLOUR_RGB ( '',0.7764705882352941346, 0.7568627450980391913, 0.7372549019607843590 ) ;
#4478 = ORIENTED_EDGE ( 'NONE', *, *, #2902, .T. ) ;
#4479 = COLOUR_RGB ( '',0.1058823529411764691, 0.6352941176470587870, 0.9411764705882352811 ) ;
#4480 = LINE ( 'NONE', #8300, #1247 ) ;
#4481 = ORIENTED_EDGE ( 'NONE', *, *, #3510, .T. ) ;
#4482 =( NAMED_UNIT ( * ) PLANE_ANGLE_UNIT ( ) SI_UNIT ( $, .RADIAN. ) );
#4483 = COLOUR_RGB ( '',0.7764705882352941346, 0.7568627450980391913, 0.7372549019607843590 ) ;
#4484 = ADVANCED_FACE ( 'NONE', ( #313 ), #3511, .T. ) ;
#4485 = SURFACE_STYLE_USAGE ( .BOTH. , #8406 ) ;
#4486 = AXIS2_PLACEMENT_3D ( 'NONE', #7507, #926, #5495 ) ;
#4487 = CARTESIAN_POINT ( 'NONE',  ( -6.002902679825810495, 11.20000000099759596, -4.288721075686338757 ) ) ;
#4488 = EDGE_LOOP ( 'NONE', ( #3742, #4335, #3856, #6465 ) ) ;
#4489 = MECHANICAL_DESIGN_GEOMETRIC_PRESENTATION_REPRESENTATION (  '', ( #3869 ), #8404 ) ;
#4490 =( LENGTH_UNIT ( ) NAMED_UNIT ( * ) SI_UNIT ( .MILLI., .METRE. ) );
#4491 = VERTEX_POINT ( 'NONE', #4070 ) ;
#4492 = FILL_AREA_STYLE ('',( #4394 ) ) ;
#4493 = DIRECTION ( 'NONE',  ( 0.000000000000000000, 0.000000000000000000, -1.000000000000000000 ) ) ;
#4494 = EDGE_LOOP ( 'NONE', ( #1759, #4363, #9743 ) ) ;
#4495 = CIRCLE ( 'NONE', #5282, 0.8399999999999996358 ) ;
#4496 = AXIS2_PLACEMENT_3D ( 'NONE', #2236, #3060, #801 ) ;
#4497 = DIRECTION ( 'NONE',  ( -0.000000000000000000, -1.000000000000000000, -0.000000000000000000 ) ) ;
#4498 =( LENGTH_UNIT ( ) NAMED_UNIT ( * ) SI_UNIT ( .MILLI., .METRE. ) );
#4499 =( BOUNDED_CURVE ( )  B_SPLINE_CURVE ( 3, ( #6627, #9625, #2856, #5865 ),
 .UNSPECIFIED., .F., .T. ) 
 B_SPLINE_CURVE_WITH_KNOTS ( ( 4, 4 ),
 ( 3.141592653589793116, 4.712388980384689674 ),
 .UNSPECIFIED. ) 
 CURVE ( )  GEOMETRIC_REPRESENTATION_ITEM ( )  RATIONAL_B_SPLINE_CURVE ( ( 1.000000000000000000, 0.8047378541243649375, 0.8047378541243649375, 1.000000000000000000 ) ) 
 REPRESENTATION_ITEM ( '' )  );
#4500 = CIRCLE ( 'NONE', #7157, 2.299999999999998046 ) ;
#4501 = DIRECTION ( 'NONE',  ( 0.000000000000000000, 0.000000000000000000, 1.000000000000000000 ) ) ;
#4502 = FILL_AREA_STYLE ('',( #5969 ) ) ;
#4503 = DIRECTION ( 'NONE',  ( -0.000000000000000000, 0.000000000000000000, -1.000000000000000000 ) ) ;
#4504 = ORIENTED_EDGE ( 'NONE', *, *, #3434, .T. ) ;
#4505 =( NAMED_UNIT ( * ) PLANE_ANGLE_UNIT ( ) SI_UNIT ( $, .RADIAN. ) );
#4506 = CARTESIAN_POINT ( 'NONE',  ( 1.074571710479121256, 18.49999999999999645, -3.645308457178689565 ) ) ;
#4507 = CARTESIAN_POINT ( 'NONE',  ( -7.296957046373735484E-16, 15.49999999999999467, -5.150000000000000355 ) ) ;
#4508 =( NAMED_UNIT ( * ) SI_UNIT ( $, .STERADIAN. ) SOLID_ANGLE_UNIT ( ) );
#4509 = DIRECTION ( 'NONE',  ( -0.6801727377709255729, 0.000000000000000000, 0.7330518718298205672 ) ) ;
#4510 = DIRECTION ( 'NONE',  ( 0.000000000000000000, 1.000000000000000000, 0.000000000000000000 ) ) ;
#4511 = FILL_AREA_STYLE ('',( #8326 ) ) ;
#4512 =( GEOMETRIC_REPRESENTATION_CONTEXT ( 3 ) GLOBAL_UNCERTAINTY_ASSIGNED_CONTEXT ( ( #8256 ) ) GLOBAL_UNIT_ASSIGNED_CONTEXT ( ( #9498, #7496, #2299 ) ) REPRESENTATION_CONTEXT ( 'NONE', 'WORKASPACE' ) );
#4513 =( NAMED_UNIT ( * ) PLANE_ANGLE_UNIT ( ) SI_UNIT ( $, .RADIAN. ) );
#4514 =( LENGTH_UNIT ( ) NAMED_UNIT ( * ) SI_UNIT ( .MILLI., .METRE. ) );
#4515 = FACE_OUTER_BOUND ( 'NONE', #6483, .T. ) ;
#4516 = CARTESIAN_POINT ( 'NONE',  ( -33.59650613054222390, 9.199999999999999289, 10.24999999999999822 ) ) ;
#4517 = DIRECTION ( 'NONE',  ( 0.000000000000000000, 1.000000000000000000, 0.000000000000000000 ) ) ;
#4518 = ORIENTED_EDGE ( 'NONE', *, *, #990, .T. ) ;
#4519 = ORIENTED_EDGE ( 'NONE', *, *, #411, .F. ) ;
#4520 = MECHANICAL_DESIGN_GEOMETRIC_PRESENTATION_REPRESENTATION (  '', ( #3901 ), #6413 ) ;
#4521 = DIRECTION ( 'NONE',  ( 0.000000000000000000, 1.000000000000000000, 0.000000000000000000 ) ) ;
#4522 = PRESENTATION_LAYER_ASSIGNMENT (  '', '', ( #3248 ) ) ;
#4523 = SURFACE_SIDE_STYLE ('',( #8393 ) ) ;
#4524 = AXIS2_PLACEMENT_3D ( 'NONE', #2168, #6078, #74 ) ;
#4525 =( NAMED_UNIT ( * ) PLANE_ANGLE_UNIT ( ) SI_UNIT ( $, .RADIAN. ) );
#4526 = ORIENTED_EDGE ( 'NONE', *, *, #3150, .F. ) ;
#4527 = EDGE_CURVE ( 'NONE', #7830, #776, #8619, .T. ) ;
#4528 = EDGE_LOOP ( 'NONE', ( #272, #6043, #8500, #8141 ) ) ;
#4529 = COLOUR_RGB ( '',0.7764705882352941346, 0.7568627450980391913, 0.7372549019607843590 ) ;
#4530 = AXIS2_PLACEMENT_3D ( 'NONE', #5650, #2695, #7912 ) ;
#4531 = CARTESIAN_POINT ( 'NONE',  ( 1.388025943102811466, 18.49999999999999645, -3.747319715871946233 ) ) ;
#4532 = CARTESIAN_POINT ( 'NONE',  ( -6.049999999999999822, 11.19999999999999929, -2.741681084241540667 ) ) ;
#4533 = UNCERTAINTY_MEASURE_WITH_UNIT (LENGTH_MEASURE( 1.000000000000000082E-05 ), #7781, 'distance_accuracy_value', 'NONE');
#4534 = FILL_AREA_STYLE ('',( #7415 ) ) ;
#4535 = FACE_OUTER_BOUND ( 'NONE', #3495, .T. ) ;
#4536 = DIRECTION ( 'NONE',  ( -0.000000000000000000, 1.000000000000000000, -0.000000000000000000 ) ) ;
#4537 = ORIENTED_EDGE ( 'NONE', *, *, #5144, .F. ) ;
#4538 = EDGE_CURVE ( 'NONE', #5076, #6911, #6733, .T. ) ;
#4539 = SURFACE_SIDE_STYLE ('',( #2421 ) ) ;
#4540 = ORIENTED_EDGE ( 'NONE', *, *, #4156, .T. ) ;
#4541 = SURFACE_STYLE_FILL_AREA ( #1541 ) ;
#4542 = DIRECTION ( 'NONE',  ( 0.000000000000000000, 1.000000000000000000, 0.000000000000000000 ) ) ;
#4543 = VECTOR ( 'NONE', #4929, 1000.000000000000000 ) ;
#4544 = LINE ( 'NONE', #5868, #357 ) ;
#4545 = SURFACE_SIDE_STYLE ('',( #1546 ) ) ;
#4546 = FACE_OUTER_BOUND ( 'NONE', #9455, .T. ) ;
#4547 = ORIENTED_EDGE ( 'NONE', *, *, #8121, .F. ) ;
#4548 = EDGE_CURVE ( 'NONE', #9240, #1967, #4207, .T. ) ;
#4549 = CARTESIAN_POINT ( 'NONE',  ( -6.049999999999999822, 6.000000000000000000, 15.65000000000000036 ) ) ;
#4550 = CARTESIAN_POINT ( 'NONE',  ( -0.1180935329719309951, 16.99999999999999289, -7.446966242126818791 ) ) ;
#4551 = LINE ( 'NONE', #5199, #3347 ) ;
#4552 =( GEOMETRIC_REPRESENTATION_CONTEXT ( 3 ) GLOBAL_UNCERTAINTY_ASSIGNED_CONTEXT ( ( #7094 ) ) GLOBAL_UNIT_ASSIGNED_CONTEXT ( ( #5846, #9555, #9651 ) ) REPRESENTATION_CONTEXT ( 'NONE', 'WORKASPACE' ) );
#4553 = UNCERTAINTY_MEASURE_WITH_UNIT (LENGTH_MEASURE( 1.000000000000000082E-05 ), #9333, 'distance_accuracy_value', 'NONE');
#4554 =( BOUNDED_SURFACE ( )  B_SPLINE_SURFACE ( 3, 2, ( 
 ( #7224, #9452, #2641 ),
 ( #1123, #7910, #3389 ),
 ( #5558, #7087, #9295 ),
 ( #1906, #7178, #7049 ),
 ( #3341, #3485, #1174 ),
 ( #4188, #2550, #4138 ),
 ( #8599, #446, #9506 ),
 ( #4097, #3438, #2747 ) ),
 .UNSPECIFIED., .F., .F., .F. ) 
 B_SPLINE_SURFACE_WITH_KNOTS ( ( 4, 2, 2, 4 ),
 ( 3, 3 ),
 ( 0.001287284942305475920, 0.001913597924141069613, 0.002539910905976663306, 0.003792536869647850691 ),
 ( 0.000000000000000000, 1.000000000000000000 ),
 .UNSPECIFIED. ) 
 GEOMETRIC_REPRESENTATION_ITEM ( )  RATIONAL_B_SPLINE_SURFACE ( (
 ( 1.000000000000000000, 0.7071067811865487940, 1.000000000000000000),
 ( 1.000000000000000000, 0.7603735874484282009, 1.000000000000000000),
 ( 1.000000000000000000, 0.8039164976355738235, 1.000000000000000000),
 ( 1.000000000000000000, 0.8771181702849329964, 1.000000000000000000),
 ( 1.000000000000000000, 0.9067141109021130685, 1.000000000000000000),
 ( 1.000000000000000000, 0.9773009403212379320, 1.000000000000000000),
 ( 1.000000000000000000, 0.9999013165846430962, 1.000000000000000000),
 ( 1.000000000000000000, 1.000000000000000000, 1.000000000000000000) ) ) 
 REPRESENTATION_ITEM ( '' )  SURFACE ( )  );
#4555 = DIRECTION ( 'NONE',  ( -0.000000000000000000, -1.000000000000000000, 0.000000000000000000 ) ) ;
#4556 = DIRECTION ( 'NONE',  ( 0.000000000000000000, -1.000000000000000000, 0.000000000000000000 ) ) ;
#4557 = LINE ( 'NONE', #4706, #6518 ) ;
#4558 = CARTESIAN_POINT ( 'NONE',  ( 0.5000000000000001110, 5.500000000000000000, 15.94289321881345245 ) ) ;
#4559 = DIRECTION ( 'NONE',  ( -0.000000000000000000, -1.000000000000000000, -0.000000000000000000 ) ) ;
#4560 = COLOUR_RGB ( '',0.1058823529411764691, 0.6352941176470587870, 0.9411764705882352811 ) ;
#4561 =( NAMED_UNIT ( * ) PLANE_ANGLE_UNIT ( ) SI_UNIT ( $, .RADIAN. ) );
#4562 = ADVANCED_FACE ( 'NONE', ( #7199 ), #7949, .T. ) ;
#4563 = AXIS2_PLACEMENT_3D ( 'NONE', #7162, #425, #4081 ) ;
#4564 =( NAMED_UNIT ( * ) PLANE_ANGLE_UNIT ( ) SI_UNIT ( $, .RADIAN. ) );
#4565 =( NAMED_UNIT ( * ) SI_UNIT ( $, .STERADIAN. ) SOLID_ANGLE_UNIT ( ) );
#4566 = STYLED_ITEM ( 'NONE', ( #6400 ), #8772 ) ;
#4567 =( LENGTH_UNIT ( ) NAMED_UNIT ( * ) SI_UNIT ( .MILLI., .METRE. ) );
#4568 = EDGE_LOOP ( 'NONE', ( #527, #1351, #3604, #7991 ) ) ;
#4569 = ORIENTED_EDGE ( 'NONE', *, *, #9553, .T. ) ;
#4570 = SURFACE_STYLE_FILL_AREA ( #8444 ) ;
#4571 = STYLED_ITEM ( 'NONE', ( #2133 ), #4694 ) ;
#4572 = DIRECTION ( 'NONE',  ( 1.000000000000000000, 0.000000000000000000, 0.000000000000000000 ) ) ;
#4573 = CARTESIAN_POINT ( 'NONE',  ( 1.000000000000000000, 7.500000000000000000, 16.15000000000000213 ) ) ;
#4574 = DIRECTION ( 'NONE',  ( 0.000000000000000000, 1.000000000000000000, 0.000000000000000000 ) ) ;
#4575 = DIRECTION ( 'NONE',  ( 0.000000000000000000, 1.000000000000000000, 0.000000000000000000 ) ) ;
#4576 = ORIENTED_EDGE ( 'NONE', *, *, #7161, .T. ) ;
#4577 = CARTESIAN_POINT ( 'NONE',  ( 5.549999999999998934, -11.19999999999999929, 10.74999999999999822 ) ) ;
#4578 = ORIENTED_EDGE ( 'NONE', *, *, #2836, .T. ) ;
#4579 = CIRCLE ( 'NONE', #5829, 1.849000000000000643 ) ;
#4580 = UNCERTAINTY_MEASURE_WITH_UNIT (LENGTH_MEASURE( 1.000000000000000082E-05 ), #5951, 'distance_accuracy_value', 'NONE');
#4581 = AXIS2_PLACEMENT_3D ( 'NONE', #8283, #6882, #166 ) ;
#4582 = SURFACE_STYLE_USAGE ( .BOTH. , #882 ) ;
#4583 = DIRECTION ( 'NONE',  ( 0.000000000000000000, -1.000000000000000000, -8.673617379884027583E-16 ) ) ;
#4584 = SURFACE_STYLE_FILL_AREA ( #7654 ) ;
#4585 = ADVANCED_FACE ( 'NONE', ( #9470 ), #8171, .T. ) ;
#4586 = SURFACE_SIDE_STYLE ('',( #782 ) ) ;
#4587 = MECHANICAL_DESIGN_GEOMETRIC_PRESENTATION_REPRESENTATION (  '', ( #2838 ), #6615 ) ;
#4588 = ORIENTED_EDGE ( 'NONE', *, *, #8836, .F. ) ;
#4589 = CARTESIAN_POINT ( 'NONE',  ( -5.549999999999998934, 7.500000000000000000, 15.65000000000000036 ) ) ;
#4590 = CARTESIAN_POINT ( 'NONE',  ( 5.625495188226649290, 11.19999999999999929, -7.384339349892974802 ) ) ;
#4591 = DIRECTION ( 'NONE',  ( 0.000000000000000000, 1.000000000000000000, 0.000000000000000000 ) ) ;
#4592 = ORIENTED_EDGE ( 'NONE', *, *, #2436, .T. ) ;
#4593 = CARTESIAN_POINT ( 'NONE',  ( 2.803180875801799754, 15.07759758330076849, 0.2114062499999989353 ) ) ;
#4594 = VERTEX_POINT ( 'NONE', #9723 ) ;
#4595 = DIRECTION ( 'NONE',  ( 0.000000000000000000, 0.000000000000000000, -1.000000000000000000 ) ) ;
#4596 = AXIS2_PLACEMENT_3D ( 'NONE', #7573, #8373, #853 ) ;
#4597 = EDGE_CURVE ( 'NONE', #1426, #972, #5761, .T. ) ;
#4598 =( LENGTH_UNIT ( ) NAMED_UNIT ( * ) SI_UNIT ( .MILLI., .METRE. ) );
#4599 = EDGE_CURVE ( 'NONE', #6083, #8517, #3397, .T. ) ;
#4600 = PRESENTATION_LAYER_ASSIGNMENT (  '', '', ( #1128 ) ) ;
#4601 = ORIENTED_EDGE ( 'NONE', *, *, #2495, .F. ) ;
#4602 = DIRECTION ( 'NONE',  ( 0.000000000000000000, -1.000000000000000000, 0.000000000000000000 ) ) ;
#4603 = FACE_OUTER_BOUND ( 'NONE', #9552, .T. ) ;
#4604 = CARTESIAN_POINT ( 'NONE',  ( -1.163464191873170739, 15.49999999999999467, -6.743888036355414783 ) ) ;
#4605 = FILL_AREA_STYLE_COLOUR ( '', #8961 ) ;
#4606 = DIRECTION ( 'NONE',  ( 0.000000000000000000, 0.000000000000000000, 1.000000000000000000 ) ) ;
#4607 = CYLINDRICAL_SURFACE ( 'NONE', #3525, 0.8400000000000005240 ) ;
#4608 = EDGE_CURVE ( 'NONE', #4594, #111, #4499, .T. ) ;
#4609 = CARTESIAN_POINT ( 'NONE',  ( 0.5000000000000004441, 5.500000000000000888, 15.65000000000000036 ) ) ;
#4610 = CARTESIAN_POINT ( 'NONE',  ( -7.296957046373735484E-16, 18.49999999999999645, -5.150000000000000355 ) ) ;
#4611 = CIRCLE ( 'NONE', #6974, 1.848999999999999977 ) ;
#4612 = CARTESIAN_POINT ( 'NONE',  ( -6.049999999999999822, 6.000000000000000000, -15.64999999999999325 ) ) ;
#4613 = AXIS2_PLACEMENT_3D ( 'NONE', #6031, #9028, #1700 ) ;
#4614 =( NAMED_UNIT ( * ) PLANE_ANGLE_UNIT ( ) SI_UNIT ( $, .RADIAN. ) );
#4615 = STYLED_ITEM ( 'NONE', ( #6491 ), #1956 ) ;
#4616 =( GEOMETRIC_REPRESENTATION_CONTEXT ( 3 ) GLOBAL_UNCERTAINTY_ASSIGNED_CONTEXT ( ( #6948 ) ) GLOBAL_UNIT_ASSIGNED_CONTEXT ( ( #6767, #688, #5998 ) ) REPRESENTATION_CONTEXT ( 'NONE', 'WORKASPACE' ) );
#4617 = DIRECTION ( 'NONE',  ( 0.000000000000000000, 0.000000000000000000, -1.000000000000000000 ) ) ;
#4618 = DIRECTION ( 'NONE',  ( 0.000000000000000000, -1.000000000000000000, 0.000000000000000000 ) ) ;
#4619 = SURFACE_SIDE_STYLE ('',( #2394 ) ) ;
#4620 = ORIENTED_EDGE ( 'NONE', *, *, #3747, .T. ) ;
#4621 = VERTEX_POINT ( 'NONE', #8862 ) ;
#4622 =( GEOMETRIC_REPRESENTATION_CONTEXT ( 3 ) GLOBAL_UNCERTAINTY_ASSIGNED_CONTEXT ( ( #9051 ) ) GLOBAL_UNIT_ASSIGNED_CONTEXT ( ( #4113, #9373, #7823 ) ) REPRESENTATION_CONTEXT ( 'NONE', 'WORKASPACE' ) );
#4623 = DIRECTION ( 'NONE',  ( 1.000000000000000000, 0.000000000000000000, 0.000000000000000000 ) ) ;
#4624 = CARTESIAN_POINT ( 'NONE',  ( 6.049999999999999822, 10.82053046427274268, -3.758880554267639340 ) ) ;
#4625 = VECTOR ( 'NONE', #6550, 1000.000000000000000 ) ;
#4626 = CARTESIAN_POINT ( 'NONE',  ( -1.840386956182415101, 18.49999999999999645, -5.328260628052380099 ) ) ;
#4627 = ADVANCED_FACE ( 'NONE', ( #8125 ), #7425, .F. ) ;
#4628 = UNCERTAINTY_MEASURE_WITH_UNIT (LENGTH_MEASURE( 1.000000000000000082E-05 ), #4598, 'distance_accuracy_value', 'NONE');
#4629 = CIRCLE ( 'NONE', #9656, 0.8400000000000003020 ) ;
#4630 =( NAMED_UNIT ( * ) PLANE_ANGLE_UNIT ( ) SI_UNIT ( $, .RADIAN. ) );
#4631 = STYLED_ITEM ( 'NONE', ( #3527 ), #3258 ) ;
#4632 = STYLED_ITEM ( 'NONE', ( #216 ), #7701 ) ;
#4633 = ORIENTED_EDGE ( 'NONE', *, *, #2488, .T. ) ;
#4634 = CARTESIAN_POINT ( 'NONE',  ( -7.296957046373735484E-16, 15.49999999999999467, -5.150000000000000355 ) ) ;
#4635 = AXIS2_PLACEMENT_3D ( 'NONE', #3579, #8820, #7939 ) ;
#4636 = ORIENTED_EDGE ( 'NONE', *, *, #3761, .T. ) ;
#4637 = CARTESIAN_POINT ( 'NONE',  ( 1.470347122539870544, 18.49999999999999645, -6.271106747477118049 ) ) ;
#4638 =( GEOMETRIC_REPRESENTATION_CONTEXT ( 3 ) GLOBAL_UNCERTAINTY_ASSIGNED_CONTEXT ( ( #5225 ) ) GLOBAL_UNIT_ASSIGNED_CONTEXT ( ( #9396, #4228, #5796 ) ) REPRESENTATION_CONTEXT ( 'NONE', 'WORKASPACE' ) );
#4639 = EDGE_CURVE ( 'NONE', #4859, #6564, #6408, .T. ) ;
#4640 = PRESENTATION_LAYER_ASSIGNMENT (  '', '', ( #3202 ) ) ;
#4641 = CARTESIAN_POINT ( 'NONE',  ( 6.049999999999999822, 8.000000000000000000, 10.74999999999999645 ) ) ;
#4642 = STYLED_ITEM ( 'NONE', ( #4990 ), #2343 ) ;
#4643 = CARTESIAN_POINT ( 'NONE',  ( -6.050000000000000711, 11.08820394168546031, -3.100915446945673004 ) ) ;
#4644 = UNCERTAINTY_MEASURE_WITH_UNIT (LENGTH_MEASURE( 1.000000000000000082E-05 ), #7976, 'distance_accuracy_value', 'NONE');
#4645 = DIRECTION ( 'NONE',  ( 0.000000000000000000, 0.000000000000000000, 1.000000000000000000 ) ) ;
#4646 = CARTESIAN_POINT ( 'NONE',  ( 0.9129125731638293439, 18.49999999999999645, -6.899490963671262911 ) ) ;
#4647 = DIRECTION ( 'NONE',  ( 0.000000000000000000, 0.000000000000000000, 1.000000000000000000 ) ) ;
#4648 = VERTEX_POINT ( 'NONE', #2517 ) ;
#4649 = DIRECTION ( 'NONE',  ( 0.000000000000000000, 0.000000000000000000, 1.000000000000000000 ) ) ;
#4650 = PRESENTATION_LAYER_ASSIGNMENT (  '', '', ( #4803 ) ) ;
#4651 = ORIENTED_EDGE ( 'NONE', *, *, #4791, .F. ) ;
#4652 =( NAMED_UNIT ( * ) PLANE_ANGLE_UNIT ( ) SI_UNIT ( $, .RADIAN. ) );
#4653 = CARTESIAN_POINT ( 'NONE',  ( -1.008092727557695412, 15.49999999999999467, -6.700016145930515421 ) ) ;
#4654 = DIRECTION ( 'NONE',  ( -0.2947551744108911076, 0.000000000000000000, -0.9555728057861447855 ) ) ;
#4655 = ORIENTED_EDGE ( 'NONE', *, *, #2205, .F. ) ;
#4656 = DIRECTION ( 'NONE',  ( -0.000000000000000000, -1.000000000000000000, 0.000000000000000000 ) ) ;
#4657 = SURFACE_SIDE_STYLE ('',( #6877 ) ) ;
#4658 = CARTESIAN_POINT ( 'NONE',  ( -6.663561837205168577E-16, 11.19999999999999929, -5.150000000000000355 ) ) ;
#4659 = DIRECTION ( 'NONE',  ( 0.000000000000000000, 0.000000000000000000, 1.000000000000000000 ) ) ;
#4660 = EDGE_CURVE ( 'NONE', #6994, #5707, #2557, .T. ) ;
#4661 = UNCERTAINTY_MEASURE_WITH_UNIT (LENGTH_MEASURE( 1.000000000000000082E-05 ), #6278, 'distance_accuracy_value', 'NONE');
#4662 =( NAMED_UNIT ( * ) PLANE_ANGLE_UNIT ( ) SI_UNIT ( $, .RADIAN. ) );
#4663 = FACE_OUTER_BOUND ( 'NONE', #821, .T. ) ;
#4664 = PRESENTATION_LAYER_ASSIGNMENT (  '', '', ( #2588 ) ) ;
#4665 = DIRECTION ( 'NONE',  ( 0.000000000000000000, 1.000000000000000000, -0.000000000000000000 ) ) ;
#4666 = SURFACE_STYLE_FILL_AREA ( #1651 ) ;
#4667 = DIRECTION ( 'NONE',  ( 0.000000000000000000, 1.000000000000000000, -7.744301232039317914E-17 ) ) ;
#4668 = PRESENTATION_STYLE_ASSIGNMENT (( #3169 ) ) ;
#4669 = AXIS2_PLACEMENT_3D ( 'NONE', #9276, #5733, #8720 ) ;
#4670 =( NAMED_UNIT ( * ) PLANE_ANGLE_UNIT ( ) SI_UNIT ( $, .RADIAN. ) );
#4671 = ORIENTED_EDGE ( 'NONE', *, *, #1272, .F. ) ;
#4672 = ADVANCED_FACE ( 'NONE', ( #1760 ), #6860, .T. ) ;
#4673 = VERTEX_POINT ( 'NONE', #4683 ) ;
#4674 = FACE_OUTER_BOUND ( 'NONE', #719, .T. ) ;
#4675 = MECHANICAL_DESIGN_GEOMETRIC_PRESENTATION_REPRESENTATION (  '', ( #2153 ), #9039 ) ;
#4676 = CIRCLE ( 'NONE', #419, 0.5000000000000004441 ) ;
#4677 = DIRECTION ( 'NONE',  ( 0.000000000000000000, 0.000000000000000000, 1.000000000000000000 ) ) ;
#4678 = ORIENTED_EDGE ( 'NONE', *, *, #8723, .T. ) ;
#4679 = EDGE_CURVE ( 'NONE', #9529, #9390, #260, .T. ) ;
#4680 = EDGE_LOOP ( 'NONE', ( #9664, #608, #9210, #8801 ) ) ;
#4681 = UNCERTAINTY_MEASURE_WITH_UNIT (LENGTH_MEASURE( 1.000000000000000082E-05 ), #3441, 'distance_accuracy_value', 'NONE');
#4682 =( LENGTH_UNIT ( ) NAMED_UNIT ( * ) SI_UNIT ( .MILLI., .METRE. ) );
#4683 = CARTESIAN_POINT ( 'NONE',  ( 5.549999999999998934, 8.000000000000000000, -11.25000000000000178 ) ) ;
#4684 = AXIS2_PLACEMENT_3D ( 'NONE', #9287, #4781, #9245 ) ;
#4685 = PRODUCT_DEFINITION_SHAPE ( 'NONE', 'NONE',  #5689 ) ;
#4686 = CIRCLE ( 'NONE', #8268, 2.875000000000000444 ) ;
#4687 = DIRECTION ( 'NONE',  ( 0.000000000000000000, -1.000000000000000000, 7.744301232039317914E-17 ) ) ;
#4688 = AXIS2_PLACEMENT_3D ( 'NONE', #3683, #3208, #7448 ) ;
#4689 = FACE_OUTER_BOUND ( 'NONE', #8240, .T. ) ;
#4690 = SURFACE_STYLE_USAGE ( .BOTH. , #4044 ) ;
#4691 = FILL_AREA_STYLE ('',( #6054 ) ) ;
#4692 = ORIENTED_EDGE ( 'NONE', *, *, #1208, .T. ) ;
#4693 = DIRECTION ( 'NONE',  ( -0.000000000000000000, 1.000000000000000000, -0.000000000000000000 ) ) ;
#4694 = ADVANCED_BREP_SHAPE_REPRESENTATION ( 'Fitec FS90R Micro Servo NoConnector', ( #1924, #5120, #2074, #5203, #5321, #8439, #952 ), #477 ) ;
#4695 = LINE ( 'NONE', #3754, #8471 ) ;
#4696 = MECHANICAL_DESIGN_GEOMETRIC_PRESENTATION_REPRESENTATION (  '', ( #2174 ), #2619 ) ;
#4697 = ORIENTED_EDGE ( 'NONE', *, *, #3024, .T. ) ;
#4698 = CARTESIAN_POINT ( 'NONE',  ( -0.5000000000000044409, 5.500000000000001776, 14.82979589711326796 ) ) ;
#4699 = DIRECTION ( 'NONE',  ( 0.000000000000000000, 0.000000000000000000, 1.000000000000000000 ) ) ;
#4700 = AXIS2_PLACEMENT_3D ( 'NONE', #4516, #2249, #9540 ) ;
#4701 = CARTESIAN_POINT ( 'NONE',  ( -1.930184350831115170, 15.49999999999999467, -6.400755120639792572 ) ) ;
#4702 = ORIENTED_EDGE ( 'NONE', *, *, #1565, .F. ) ;
#4703 = CARTESIAN_POINT ( 'NONE',  ( -0.5064307167314421321, 15.49999999999999467, -6.928293825314275622 ) ) ;
#4704 = DIRECTION ( 'NONE',  ( -0.000000000000000000, 1.000000000000000000, 0.000000000000000000 ) ) ;
#4705 = CARTESIAN_POINT ( 'NONE',  ( 1.470347122539855000, 18.49999999999999645, -4.028893252522862234 ) ) ;
#4706 = CARTESIAN_POINT ( 'NONE',  ( 2.265654786039951851, 16.99999999999999289, -5.545990391921630902 ) ) ;
#4707 = ADVANCED_FACE ( 'NONE', ( #1026, #931 ), #9188, .T. ) ;
#4708 = DIRECTION ( 'NONE',  ( 0.000000000000000000, 0.000000000000000000, 1.000000000000000000 ) ) ;
#4709 = CIRCLE ( 'NONE', #3273, 0.8400000000000000799 ) ;
#4710 = FACE_OUTER_BOUND ( 'NONE', #4680, .T. ) ;
#4711 =( NAMED_UNIT ( * ) SI_UNIT ( $, .STERADIAN. ) SOLID_ANGLE_UNIT ( ) );
#4712 = EDGE_LOOP ( 'NONE', ( #8336, #9696, #2490, #5355 ) ) ;
#4713 = ORIENTED_EDGE ( 'NONE', *, *, #7647, .F. ) ;
#4714 = DIRECTION ( 'NONE',  ( 0.000000000000000000, 1.000000000000000000, -0.000000000000000000 ) ) ;
#4715 = CARTESIAN_POINT ( 'NONE',  ( 0.5833158862620372309, 15.49999999999999467, -3.395422108644266412 ) ) ;
#4716 = VECTOR ( 'NONE', #2584, 1000.000000000000000 ) ;
#4717 = SPHERICAL_SURFACE ( 'NONE', #2210, 0.5000000000000000000 ) ;
#4718 = VECTOR ( 'NONE', #393, 1000.000000000000000 ) ;
#4719 = UNCERTAINTY_MEASURE_WITH_UNIT (LENGTH_MEASURE( 1.000000000000000082E-05 ), #4075, 'distance_accuracy_value', 'NONE');
#4720 = UNCERTAINTY_MEASURE_WITH_UNIT (LENGTH_MEASURE( 1.000000000000000082E-05 ), #1355, 'distance_accuracy_value', 'NONE');
#4721 = EDGE_CURVE ( 'NONE', #4621, #2375, #4362, .T. ) ;
#4722 = FILL_AREA_STYLE ('',( #1708 ) ) ;
#4723 = ORIENTED_EDGE ( 'NONE', *, *, #8573, .F. ) ;
#4724 = LINE ( 'NONE', #3982, #6277 ) ;
#4725 = ORIENTED_EDGE ( 'NONE', *, *, #1032, .T. ) ;
#4726 = AXIS2_PLACEMENT_3D ( 'NONE', #4015, #5523, #9163 ) ;
#4727 =( NAMED_UNIT ( * ) PLANE_ANGLE_UNIT ( ) SI_UNIT ( $, .RADIAN. ) );
#4728 = DIRECTION ( 'NONE',  ( -0.000000000000000000, -8.673617379883996029E-16, 1.000000000000000000 ) ) ;
#4729 = COLOUR_RGB ( '',0.7921568627450980005, 0.8196078431372548767, 0.9333333333333333481 ) ;
#4730 = PRESENTATION_LAYER_ASSIGNMENT (  '', '', ( #2036 ) ) ;
#4731 = DIRECTION ( 'NONE',  ( 0.000000000000000000, 0.000000000000000000, -1.000000000000000000 ) ) ;
#4732 = STYLED_ITEM ( 'NONE', ( #2967 ), #7255 ) ;
#4733 = EDGE_CURVE ( 'NONE', #7589, #5037, #4676, .T. ) ;
#4734 =( NAMED_UNIT ( * ) SI_UNIT ( $, .STERADIAN. ) SOLID_ANGLE_UNIT ( ) );
#4735 =( NAMED_UNIT ( * ) SI_UNIT ( $, .STERADIAN. ) SOLID_ANGLE_UNIT ( ) );
#4736 = DIRECTION ( 'NONE',  ( 0.000000000000000000, 1.000000000000000000, 0.000000000000000000 ) ) ;
#4737 = CARTESIAN_POINT ( 'NONE',  ( -6.049999999999999822, -5.749999999999995559, -10.00000000000000178 ) ) ;
#4738 = AXIS2_PLACEMENT_3D ( 'NONE', #5016, #663, #9691 ) ;
#4739 = ORIENTED_EDGE ( 'NONE', *, *, #1762, .F. ) ;
#4740 = LINE ( 'NONE', #2463, #3943 ) ;
#4741 = CARTESIAN_POINT ( 'NONE',  ( -7.296957046373735484E-16, 15.49999999999999467, -5.150000000000000355 ) ) ;
#4742 = ORIENTED_EDGE ( 'NONE', *, *, #307, .T. ) ;
#4743 = CYLINDRICAL_SURFACE ( 'NONE', #9408, 0.5000000000000004441 ) ;
#4744 = DIRECTION ( 'NONE',  ( -0.000000000000000000, 0.000000000000000000, 1.000000000000000000 ) ) ;
#4745 = VECTOR ( 'NONE', #9593, 1000.000000000000000 ) ;
#4746 = EDGE_CURVE ( 'NONE', #5018, #7164, #6094, .T. ) ;
#4747 = SURFACE_SIDE_STYLE ('',( #1728 ) ) ;
#4748 = VERTEX_POINT ( 'NONE', #9135 ) ;
#4749 = DIRECTION ( 'NONE',  ( 0.000000000000000000, -0.000000000000000000, 1.000000000000000000 ) ) ;
#4750 = SURFACE_STYLE_USAGE ( .BOTH. , #4798 ) ;
#4751 = LINE ( 'NONE', #3867, #4752 ) ;
#4752 = VECTOR ( 'NONE', #6878, 1000.000000000000000 ) ;
#4753 = CARTESIAN_POINT ( 'NONE',  ( 1.580786964577243658, 18.49999999999999645, -4.190878749780475587 ) ) ;
#4754 = MECHANICAL_DESIGN_GEOMETRIC_PRESENTATION_REPRESENTATION (  '', ( #3644 ), #175 ) ;
#4755 = DIRECTION ( 'NONE',  ( 0.000000000000000000, -0.000000000000000000, -1.000000000000000000 ) ) ;
#4756 = SURFACE_SIDE_STYLE ('',( #6024 ) ) ;
#4757 = CARTESIAN_POINT ( 'NONE',  ( -7.296957046373735484E-16, 18.49999999999999645, -5.150000000000000355 ) ) ;
#4758 = VERTEX_POINT ( 'NONE', #2410 ) ;
#4759 = DIRECTION ( 'NONE',  ( -0.000000000000000000, 1.000000000000000000, -7.744301232039317914E-17 ) ) ;
#4760 = VERTEX_POINT ( 'NONE', #5452 ) ;
#4761 = VECTOR ( 'NONE', #6810, 1000.000000000000000 ) ;
#4762 = ORIENTED_EDGE ( 'NONE', *, *, #6014, .F. ) ;
#4763 = CARTESIAN_POINT ( 'NONE',  ( -1.840386956182417766, 15.49999999999999467, -4.971739371947647257 ) ) ;
#4764 = FILL_AREA_STYLE ('',( #5390 ) ) ;
#4765 =( LENGTH_UNIT ( ) NAMED_UNIT ( * ) SI_UNIT ( .MILLI., .METRE. ) );
#4766 = AXIS2_PLACEMENT_3D ( 'NONE', #8555, #8510, #3333 ) ;
#4767 = DIRECTION ( 'NONE',  ( 1.000000000000000000, 0.000000000000000000, 0.000000000000000000 ) ) ;
#4768 = AXIS2_PLACEMENT_3D ( 'NONE', #5287, #6010, #2140 ) ;
#4769 = EDGE_LOOP ( 'NONE', ( #3219, #2677, #7284, #1110 ) ) ;
#4770 = MECHANICAL_DESIGN_GEOMETRIC_PRESENTATION_REPRESENTATION (  '', ( #2871 ), #6832 ) ;
#4771 = VECTOR ( 'NONE', #5530, 1000.000000000000000 ) ;
#4772 = EDGE_LOOP ( 'NONE', ( #6654, #2446, #9473, #7911 ) ) ;
#4773 = ADVANCED_FACE ( 'NONE', ( #533 ), #2737, .T. ) ;
#4774 = FILL_AREA_STYLE ('',( #3986 ) ) ;
#4775 = VECTOR ( 'NONE', #6591, 1000.000000000000000 ) ;
#4776 = PRESENTATION_LAYER_ASSIGNMENT (  '', '', ( #1780 ) ) ;
#4777 = FACE_OUTER_BOUND ( 'NONE', #7118, .T. ) ;
#4778 = DIRECTION ( 'NONE',  ( 0.000000000000000000, 0.000000000000000000, 1.000000000000000000 ) ) ;
#4779 = CARTESIAN_POINT ( 'NONE',  ( -7.296957046373735484E-16, 28.49999999999999645, -5.150000000000000355 ) ) ;
#4780 = MECHANICAL_DESIGN_GEOMETRIC_PRESENTATION_REPRESENTATION (  '', ( #1783 ), #2282 ) ;
#4781 = DIRECTION ( 'NONE',  ( -0.000000000000000000, 1.000000000000000000, -0.000000000000000000 ) ) ;
#4782 = DIRECTION ( 'NONE',  ( -0.000000000000000000, 1.000000000000000000, -0.000000000000000000 ) ) ;
#4783 = STYLED_ITEM ( 'NONE', ( #1269 ), #7478 ) ;
#4784 =( LENGTH_UNIT ( ) NAMED_UNIT ( * ) SI_UNIT ( .MILLI., .METRE. ) );
#4785 =( NAMED_UNIT ( * ) PLANE_ANGLE_UNIT ( ) SI_UNIT ( $, .RADIAN. ) );
#4786 = CARTESIAN_POINT ( 'NONE',  ( -5.549999999999998934, 11.19999999999999929, 10.74999999999999645 ) ) ;
#4787 = ORIENTED_EDGE ( 'NONE', *, *, #9217, .F. ) ;
#4788 = CARTESIAN_POINT ( 'NONE',  ( -1.859168329040493228, 15.49999999999999467, -4.488470618565742143 ) ) ;
#4789 = DIRECTION ( 'NONE',  ( 0.000000000000000000, 1.000000000000000000, 0.000000000000000000 ) ) ;
#4790 = ORIENTED_EDGE ( 'NONE', *, *, #4327, .F. ) ;
#4791 = EDGE_CURVE ( 'NONE', #7471, #7212, #6686, .T. ) ;
#4792 = CIRCLE ( 'NONE', #1795, 0.8400000000000005240 ) ;
#4793 = STYLED_ITEM ( 'NONE', ( #2141 ), #2139 ) ;
#4794 = PRESENTATION_STYLE_ASSIGNMENT (( #7711 ) ) ;
#4795 = CARTESIAN_POINT ( 'NONE',  ( -7.296957046373735484E-16, 18.49999999999999645, -5.150000000000000355 ) ) ;
#4796 = VERTEX_POINT ( 'NONE', #8729 ) ;
#4797 = LINE ( 'NONE', #3301, #3384 ) ;
#4798 = SURFACE_SIDE_STYLE ('',( #1732 ) ) ;
#4799 = SURFACE_SIDE_STYLE ('',( #5522 ) ) ;
#4800 = AXIS2_PLACEMENT_3D ( 'NONE', #9279, #4767, #282 ) ;
#4801 = ADVANCED_FACE ( 'NONE', ( #8686 ), #8831, .T. ) ;
#4802 = UNCERTAINTY_MEASURE_WITH_UNIT (LENGTH_MEASURE( 1.000000000000000082E-05 ), #5775, 'distance_accuracy_value', 'NONE');
#4803 = STYLED_ITEM ( 'NONE', ( #6113 ), #8185 ) ;
#4804 =( NAMED_UNIT ( * ) PLANE_ANGLE_UNIT ( ) SI_UNIT ( $, .RADIAN. ) );
#4805 = DIRECTION ( 'NONE',  ( 0.000000000000000000, 0.000000000000000000, 1.000000000000000000 ) ) ;
#4806 =( GEOMETRIC_REPRESENTATION_CONTEXT ( 3 ) GLOBAL_UNCERTAINTY_ASSIGNED_CONTEXT ( ( #7070 ) ) GLOBAL_UNIT_ASSIGNED_CONTEXT ( ( #6232, #3322, #2730 ) ) REPRESENTATION_CONTEXT ( 'NONE', 'WORKASPACE' ) );
#4807 = FACE_OUTER_BOUND ( 'NONE', #6858, .T. ) ;
#4808 = FILL_AREA_STYLE ('',( #1797 ) ) ;
#4809 = PRESENTATION_LAYER_ASSIGNMENT (  '', '', ( #3869 ) ) ;
#4810 = CARTESIAN_POINT ( 'NONE',  ( 6.049999999999999822, 10.69999999999999929, -7.558318915758455603 ) ) ;
#4811 = CARTESIAN_POINT ( 'NONE',  ( -0.2255705282762263675, 16.99999999999999289, -7.438911954788383518 ) ) ;
#4812 = FILL_AREA_STYLE_COLOUR ( '', #4244 ) ;
#4813 = EDGE_LOOP ( 'NONE', ( #9706, #6178, #3374, #9508 ) ) ;
#4814 = EDGE_CURVE ( 'NONE', #146, #3349, #2742, .T. ) ;
#4815 = VERTEX_POINT ( 'NONE', #5989 ) ;
#4816 = STYLED_ITEM ( 'NONE', ( #6622 ), #2773 ) ;
#4817 =( GEOMETRIC_REPRESENTATION_CONTEXT ( 3 ) GLOBAL_UNCERTAINTY_ASSIGNED_CONTEXT ( ( #9334 ) ) GLOBAL_UNIT_ASSIGNED_CONTEXT ( ( #850, #3110, #112 ) ) REPRESENTATION_CONTEXT ( 'NONE', 'WORKASPACE' ) );
#4818 =( NAMED_UNIT ( * ) PLANE_ANGLE_UNIT ( ) SI_UNIT ( $, .RADIAN. ) );
#4819 = UNCERTAINTY_MEASURE_WITH_UNIT (LENGTH_MEASURE( 1.000000000000000082E-05 ), #2721, 'distance_accuracy_value', 'NONE');
#4820 = STYLED_ITEM ( 'NONE', ( #7898 ), #3012 ) ;
#4821 = PRESENTATION_LAYER_ASSIGNMENT (  '', '', ( #9537 ) ) ;
#4822 =( LENGTH_UNIT ( ) NAMED_UNIT ( * ) SI_UNIT ( .MILLI., .METRE. ) );
#4823 = ORIENTED_EDGE ( 'NONE', *, *, #3891, .T. ) ;
#4824 = FACE_OUTER_BOUND ( 'NONE', #7382, .T. ) ;
#4825 = VERTEX_POINT ( 'NONE', #3689 ) ;
#4826 = DIRECTION ( 'NONE',  ( 0.000000000000000000, -0.000000000000000000, 1.000000000000000000 ) ) ;
#4827 = CIRCLE ( 'NONE', #3883, 2.000000000000000000 ) ;
#4828 = CARTESIAN_POINT ( 'NONE',  ( 6.049999999999999822, 10.69999999999999929, 10.74999999999999645 ) ) ;
#4829 = VECTOR ( 'NONE', #957, 1000.000000000000000 ) ;
#4830 = LINE ( 'NONE', #4128, #8957 ) ;
#4831 =( NAMED_UNIT ( * ) SI_UNIT ( $, .STERADIAN. ) SOLID_ANGLE_UNIT ( ) );
#4832 = EDGE_CURVE ( 'NONE', #3053, #7559, #145, .T. ) ;
#4833 = SURFACE_SIDE_STYLE ('',( #7085 ) ) ;
#4834 = ORIENTED_EDGE ( 'NONE', *, *, #5655, .F. ) ;
#4835 =( NAMED_UNIT ( * ) PLANE_ANGLE_UNIT ( ) SI_UNIT ( $, .RADIAN. ) );
#4836 = SURFACE_SIDE_STYLE ('',( #7762 ) ) ;
#4837 = ORIENTED_EDGE ( 'NONE', *, *, #4527, .T. ) ;
#4838 = PRESENTATION_LAYER_ASSIGNMENT (  '', '', ( #5302 ) ) ;
#4839 =( GEOMETRIC_REPRESENTATION_CONTEXT ( 3 ) GLOBAL_UNCERTAINTY_ASSIGNED_CONTEXT ( ( #1781 ) ) GLOBAL_UNIT_ASSIGNED_CONTEXT ( ( #5113, #9491, #7989 ) ) REPRESENTATION_CONTEXT ( 'NONE', 'WORKASPACE' ) );
#4840 = DIRECTION ( 'NONE',  ( 0.000000000000000000, 0.000000000000000000, 1.000000000000000000 ) ) ;
#4841 =( NAMED_UNIT ( * ) SI_UNIT ( $, .STERADIAN. ) SOLID_ANGLE_UNIT ( ) );
#4842 = ADVANCED_FACE ( 'NONE', ( #9644 ), #774, .T. ) ;
#4843 = PRESENTATION_LAYER_ASSIGNMENT (  '', '', ( #5940 ) ) ;
#4844 = PRESENTATION_STYLE_ASSIGNMENT (( #1829 ) ) ;
#4845 =( NAMED_UNIT ( * ) PLANE_ANGLE_UNIT ( ) SI_UNIT ( $, .RADIAN. ) );
#4846 = ORIENTED_EDGE ( 'NONE', *, *, #7909, .T. ) ;
#4847 =( LENGTH_UNIT ( ) NAMED_UNIT ( * ) SI_UNIT ( .MILLI., .METRE. ) );
#4848 = COLOUR_RGB ( '',0.1058823529411764691, 0.6352941176470587870, 0.9411764705882352811 ) ;
#4849 = SURFACE_STYLE_USAGE ( .BOTH. , #5618 ) ;
#4850 =( LENGTH_UNIT ( ) NAMED_UNIT ( * ) SI_UNIT ( .MILLI., .METRE. ) );
#4851 = LINE ( 'NONE', #261, #981 ) ;
#4852 = ADVANCED_FACE ( 'NONE', ( #2166 ), #5173, .T. ) ;
#4853 = PRESENTATION_STYLE_ASSIGNMENT (( #414 ) ) ;
#4854 = SURFACE_STYLE_FILL_AREA ( #1886 ) ;
#4855 = CARTESIAN_POINT ( 'NONE',  ( -7.296957046373735484E-16, 15.49999999999999467, -5.150000000000000355 ) ) ;
#4856 = VERTEX_POINT ( 'NONE', #2247 ) ;
#4857 =( GEOMETRIC_REPRESENTATION_CONTEXT ( 3 ) GLOBAL_UNCERTAINTY_ASSIGNED_CONTEXT ( ( #4966 ) ) GLOBAL_UNIT_ASSIGNED_CONTEXT ( ( #6161, #7572, #1550 ) ) REPRESENTATION_CONTEXT ( 'NONE', 'WORKASPACE' ) );
#4858 =( GEOMETRIC_REPRESENTATION_CONTEXT ( 3 ) GLOBAL_UNCERTAINTY_ASSIGNED_CONTEXT ( ( #6992 ) ) GLOBAL_UNIT_ASSIGNED_CONTEXT ( ( #4049, #4835, #9403 ) ) REPRESENTATION_CONTEXT ( 'NONE', 'WORKASPACE' ) );
#4859 = VERTEX_POINT ( 'NONE', #5253 ) ;
#4860 = SURFACE_STYLE_FILL_AREA ( #1891 ) ;
#4861 = ADVANCED_FACE ( 'NONE', ( #8237 ), #3070, .T. ) ;
#4862 = AXIS2_PLACEMENT_3D ( 'NONE', #3290, #1907, #1772 ) ;
#4863 = ORIENTED_EDGE ( 'NONE', *, *, #6330, .T. ) ;
#4864 =( LENGTH_UNIT ( ) NAMED_UNIT ( * ) SI_UNIT ( .MILLI., .METRE. ) );
#4865 = ORIENTED_EDGE ( 'NONE', *, *, #8735, .T. ) ;
#4866 = DIRECTION ( 'NONE',  ( -0.000000000000000000, 1.000000000000000000, 0.000000000000000000 ) ) ;
#4867 = AXIS2_PLACEMENT_3D ( 'NONE', #3895, #6902, #5268 ) ;
#4868 = SURFACE_SIDE_STYLE ('',( #9284 ) ) ;
#4869 = APPLICATION_CONTEXT ( 'automotive_design' ) ;
#4870 =( LENGTH_UNIT ( ) NAMED_UNIT ( * ) SI_UNIT ( .MILLI., .METRE. ) );
#4871 = CYLINDRICAL_SURFACE ( 'NONE', #3293, 2.299999999999998046 ) ;
#4872 = CARTESIAN_POINT ( 'NONE',  ( -6.150000000000000355, 1.500000000000000444, 8.000000000000000000 ) ) ;
#4873 = PRESENTATION_STYLE_ASSIGNMENT (( #1073 ) ) ;
#4874 = PRESENTATION_STYLE_ASSIGNMENT (( #5417 ) ) ;
#4875 =( LENGTH_UNIT ( ) NAMED_UNIT ( * ) SI_UNIT ( .MILLI., .METRE. ) );
#4876 = CARTESIAN_POINT ( 'NONE',  ( -1.621016850288213407, 15.49999999999999467, -6.039441044185437590 ) ) ;
#4877 = MECHANICAL_DESIGN_GEOMETRIC_PRESENTATION_REPRESENTATION (  '', ( #3620 ), #5644 ) ;
#4878 = FACE_OUTER_BOUND ( 'NONE', #1021, .T. ) ;
#4879 = ORIENTED_EDGE ( 'NONE', *, *, #3710, .F. ) ;
#4880 = STYLED_ITEM ( 'NONE', ( #1805 ), #9543 ) ;
#4881 = ORIENTED_EDGE ( 'NONE', *, *, #1821, .T. ) ;
#4882 = AXIS2_PLACEMENT_3D ( 'NONE', #7263, #2792, #535 ) ;
#4883 = SURFACE_STYLE_USAGE ( .BOTH. , #1126 ) ;
#4884 = EDGE_CURVE ( 'NONE', #4199, #8038, #1407, .T. ) ;
#4885 = DIRECTION ( 'NONE',  ( 0.000000000000000000, 0.000000000000000000, -1.000000000000000000 ) ) ;
#4886 = PRESENTATION_LAYER_ASSIGNMENT (  '', '', ( #9116 ) ) ;
#4887 = ORIENTED_EDGE ( 'NONE', *, *, #3321, .T. ) ;
#4888 = DIRECTION ( 'NONE',  ( 0.000000000000000000, 0.000000000000000000, -1.000000000000000000 ) ) ;
#4889 = CARTESIAN_POINT ( 'NONE',  ( -2.181329988624797434, 16.99999999999999289, -5.879245830105415571 ) ) ;
#4890 = VERTEX_POINT ( 'NONE', #664 ) ;
#4891 = CARTESIAN_POINT ( 'NONE',  ( 2.095041164010759793, 18.49999999999999645, -4.200893830438116261 ) ) ;
#4892 = CARTESIAN_POINT ( 'NONE',  ( 1.103014898469123262, 18.49999999999999645, -3.131743788872399126 ) ) ;
#4893 = UNCERTAINTY_MEASURE_WITH_UNIT (LENGTH_MEASURE( 1.000000000000000082E-05 ), #5580, 'distance_accuracy_value', 'NONE');
#4894 =( LENGTH_UNIT ( ) NAMED_UNIT ( * ) SI_UNIT ( .MILLI., .METRE. ) );
#4895 = UNCERTAINTY_MEASURE_WITH_UNIT (LENGTH_MEASURE( 1.000000000000000082E-05 ), #1547, 'distance_accuracy_value', 'NONE');
#4896 = ADVANCED_FACE ( 'NONE', ( #6693 ), #1603, .T. ) ;
#4897 = CIRCLE ( 'NONE', #325, 0.5000000000000004441 ) ;
#4898 = ADVANCED_FACE ( 'NONE', ( #4807 ), #3264, .T. ) ;
#4899 = CARTESIAN_POINT ( 'NONE',  ( 2.289650628371054708, 10.69999999999999929, -10.75000000000000178 ) ) ;
#4900 = DIRECTION ( 'NONE',  ( 0.000000000000000000, 0.000000000000000000, 1.000000000000000000 ) ) ;
#4901 = CARTESIAN_POINT ( 'NONE',  ( -6.150000000000000355, 3.500000000000000444, 9.999999999999998224 ) ) ;
#4902 = SURFACE_STYLE_FILL_AREA ( #2613 ) ;
#4903 = FACE_OUTER_BOUND ( 'NONE', #7286, .T. ) ;
#4904 = SPHERICAL_SURFACE ( 'NONE', #5719, 0.5000000000000000000 ) ;
#4905 = ORIENTED_EDGE ( 'NONE', *, *, #8174, .F. ) ;
#4906 = EDGE_CURVE ( 'NONE', #3173, #5959, #4298, .T. ) ;
#4907 = PRESENTATION_LAYER_ASSIGNMENT (  '', '', ( #8343 ) ) ;
#4908 = FACE_OUTER_BOUND ( 'NONE', #2978, .T. ) ;
#4909 =( NAMED_UNIT ( * ) PLANE_ANGLE_UNIT ( ) SI_UNIT ( $, .RADIAN. ) );
#4910 = FILL_AREA_STYLE ('',( #4167 ) ) ;
#4911 = UNCERTAINTY_MEASURE_WITH_UNIT (LENGTH_MEASURE( 1.000000000000000082E-05 ), #4567, 'distance_accuracy_value', 'NONE');
#4912 = COLOUR_RGB ( '',0.7764705882352941346, 0.7568627450980391913, 0.7372549019607843590 ) ;
#4913 = ORIENTED_EDGE ( 'NONE', *, *, #8332, .F. ) ;
#4914 = CARTESIAN_POINT ( 'NONE',  ( -1.420181275598394466, 18.49999999999999645, -3.965987270153010780 ) ) ;
#4915 = ORIENTED_EDGE ( 'NONE', *, *, #8242, .T. ) ;
#4916 = SURFACE_SIDE_STYLE ('',( #8453 ) ) ;
#4917 = EDGE_CURVE ( 'NONE', #5240, #8320, #6934, .T. ) ;
#4918 = DIRECTION ( 'NONE',  ( 0.000000000000000000, 0.000000000000000000, 1.000000000000000000 ) ) ;
#4919 =( NAMED_UNIT ( * ) PLANE_ANGLE_UNIT ( ) SI_UNIT ( $, .RADIAN. ) );
#4920 = CARTESIAN_POINT ( 'NONE',  ( -7.296957046373735484E-16, 18.49999999999999645, -5.150000000000000355 ) ) ;
#4921 = CARTESIAN_POINT ( 'NONE',  ( 0.4591195798372789683, 16.99999999999999289, -7.403710099238593578 ) ) ;
#4922 = CARTESIAN_POINT ( 'NONE',  ( 0.5207437878910534668, 15.49999999999999467, -3.246594130097081976 ) ) ;
#4923 = PRESENTATION_LAYER_ASSIGNMENT (  '', '', ( #2553 ) ) ;
#4924 = PRESENTATION_STYLE_ASSIGNMENT (( #9350 ) ) ;
#4925 = PRESENTATION_LAYER_ASSIGNMENT (  '', '', ( #353 ) ) ;
#4926 = SURFACE_STYLE_USAGE ( .BOTH. , #2001 ) ;
#4927 = CARTESIAN_POINT ( 'NONE',  ( 1.385416237438740872, 11.05000138163432055, -11.25000000000000178 ) ) ;
#4928 = ORIENTED_EDGE ( 'NONE', *, *, #7260, .T. ) ;
#4929 = DIRECTION ( 'NONE',  ( 1.000000000000000000, 0.000000000000000000, 0.000000000000000000 ) ) ;
#4930 = EDGE_LOOP ( 'NONE', ( #8109, #8763, #6287, #2778, #2787, #1307, #5139, #3616 ) ) ;
#4931 = EDGE_CURVE ( 'NONE', #8742, #6575, #914, .T. ) ;
#4932 = AXIS2_PLACEMENT_3D ( 'NONE', #6474, #360, #3361 ) ;
#4933 =( GEOMETRIC_REPRESENTATION_CONTEXT ( 3 ) GLOBAL_UNCERTAINTY_ASSIGNED_CONTEXT ( ( #3850 ) ) GLOBAL_UNIT_ASSIGNED_CONTEXT ( ( #9300, #3443, #6459 ) ) REPRESENTATION_CONTEXT ( 'NONE', 'WORKASPACE' ) );
#4934 = COLOUR_RGB ( '',0.1058823529411764691, 0.6352941176470587870, 0.9411764705882352811 ) ;
#4935 = DIRECTION ( 'NONE',  ( 0.000000000000000000, -0.000000000000000000, 1.000000000000000000 ) ) ;
#4936 = SPHERICAL_SURFACE ( 'NONE', #1417, 0.5000000000000000000 ) ;
#4937 = EDGE_LOOP ( 'NONE', ( #1664, #8257, #3707, #3315 ) ) ;
#4938 = DIRECTION ( 'NONE',  ( -1.000000000000000000, -0.000000000000000000, -0.000000000000000000 ) ) ;
#4939 = VECTOR ( 'NONE', #5599, 1000.000000000000000 ) ;
#4940 = PRESENTATION_STYLE_ASSIGNMENT (( #5138 ) ) ;
#4941 = ORIENTED_EDGE ( 'NONE', *, *, #8133, .T. ) ;
#4942 = PRESENTATION_STYLE_ASSIGNMENT (( #1282 ) ) ;
#4943 = DIRECTION ( 'NONE',  ( 0.000000000000000000, 0.000000000000000000, -1.000000000000000000 ) ) ;
#4944 = DIRECTION ( 'NONE',  ( -1.000000000000000000, 0.000000000000000000, 0.000000000000000000 ) ) ;
#4945 = STYLED_ITEM ( 'NONE', ( #6796 ), #4861 ) ;
#4946 = CARTESIAN_POINT ( 'NONE',  ( -7.296957046373735484E-16, 18.49999999999999645, -5.150000000000000355 ) ) ;
#4947 =( LENGTH_UNIT ( ) NAMED_UNIT ( * ) SI_UNIT ( .MILLI., .METRE. ) );
#4948 = AXIS2_PLACEMENT_3D ( 'NONE', #610, #5727, #566 ) ;
#4949 = COLOUR_RGB ( '',0.7764705882352941346, 0.7568627450980391913, 0.7372549019607843590 ) ;
#4950 = CYLINDRICAL_SURFACE ( 'NONE', #6520, 0.8399999999999996358 ) ;
#4951 = EDGE_CURVE ( 'NONE', #3340, #6059, #1621, .T. ) ;
#4952 = ORIENTED_EDGE ( 'NONE', *, *, #2596, .F. ) ;
#4953 = CARTESIAN_POINT ( 'NONE',  ( 5.049999999999998934, -9.199999999999999289, -10.24999999999999822 ) ) ;
#4954 = LINE ( 'NONE', #7936, #378 ) ;
#4955 =( LENGTH_UNIT ( ) NAMED_UNIT ( * ) SI_UNIT ( .MILLI., .METRE. ) );
#4956 = ORIENTED_EDGE ( 'NONE', *, *, #6738, .F. ) ;
#4957 = CARTESIAN_POINT ( 'NONE',  ( -1.295030796935197959, 18.49999999999999645, -6.638967169952849190 ) ) ;
#4958 =( GEOMETRIC_REPRESENTATION_CONTEXT ( 3 ) GLOBAL_UNCERTAINTY_ASSIGNED_CONTEXT ( ( #968 ) ) GLOBAL_UNIT_ASSIGNED_CONTEXT ( ( #3934, #3077, #5441 ) ) REPRESENTATION_CONTEXT ( 'NONE', 'WORKASPACE' ) );
#4959 = CARTESIAN_POINT ( 'NONE',  ( 6.049999999999999822, 5.500000000000000888, 11.24999999999999645 ) ) ;
#4960 = CIRCLE ( 'NONE', #709, 2.299999999999998490 ) ;
#4961 = EDGE_CURVE ( 'NONE', #7208, #3059, #6124, .T. ) ;
#4962 = DIRECTION ( 'NONE',  ( -0.000000000000000000, 1.000000000000000000, -0.000000000000000000 ) ) ;
#4963 = PRESENTATION_STYLE_ASSIGNMENT (( #8676 ) ) ;
#4964 = VERTEX_POINT ( 'NONE', #8434 ) ;
#4965 = CIRCLE ( 'NONE', #6862, 2.299999999999998046 ) ;
#4966 = UNCERTAINTY_MEASURE_WITH_UNIT (LENGTH_MEASURE( 1.000000000000000082E-05 ), #6161, 'distance_accuracy_value', 'NONE');
#4967 = ORIENTED_EDGE ( 'NONE', *, *, #2023, .F. ) ;
#4968 = MECHANICAL_DESIGN_GEOMETRIC_PRESENTATION_REPRESENTATION (  '', ( #400 ), #6823 ) ;
#4969 = LINE ( 'NONE', #4277, #7385 ) ;
#4970 = SURFACE_STYLE_USAGE ( .BOTH. , #290 ) ;
#4971 = DIRECTION ( 'NONE',  ( 0.000000000000000000, 1.000000000000000000, 0.000000000000000000 ) ) ;
#4972 = CIRCLE ( 'NONE', #8576, 5.549999999999998934 ) ;
#4973 = PRESENTATION_LAYER_ASSIGNMENT (  '', '', ( #8570 ) ) ;
#4974 = EDGE_CURVE ( 'NONE', #7559, #6324, #1696, .T. ) ;
#4975 =( NAMED_UNIT ( * ) PLANE_ANGLE_UNIT ( ) SI_UNIT ( $, .RADIAN. ) );
#4976 = FILL_AREA_STYLE_COLOUR ( '', #993 ) ;
#4977 = ORIENTED_EDGE ( 'NONE', *, *, #1456, .F. ) ;
#4978 = CYLINDRICAL_SURFACE ( 'NONE', #3939, 0.8400000000000000799 ) ;
#4979 =( LENGTH_UNIT ( ) NAMED_UNIT ( * ) SI_UNIT ( .MILLI., .METRE. ) );
#4980 = DIRECTION ( 'NONE',  ( -0.000000000000000000, 1.000000000000000000, -0.000000000000000000 ) ) ;
#4981 = VERTEX_POINT ( 'NONE', #1976 ) ;
#4982 = PRESENTATION_LAYER_ASSIGNMENT (  '', '', ( #2598 ) ) ;
#4983 = SURFACE_SIDE_STYLE ('',( #7365 ) ) ;
#4984 =( GEOMETRIC_REPRESENTATION_CONTEXT ( 3 ) GLOBAL_UNCERTAINTY_ASSIGNED_CONTEXT ( ( #3140 ) ) GLOBAL_UNIT_ASSIGNED_CONTEXT ( ( #4947, #7102, #2714 ) ) REPRESENTATION_CONTEXT ( 'NONE', 'WORKASPACE' ) );
#4985 = CARTESIAN_POINT ( 'NONE',  ( 5.049999999999999822, 0.000000000000000000, 0.000000000000000000 ) ) ;
#4986 = FILL_AREA_STYLE_COLOUR ( '', #5201 ) ;
#4987 = PRESENTATION_STYLE_ASSIGNMENT (( #1963 ) ) ;
#4988 = ADVANCED_FACE ( 'NONE', ( #4308 ), #5047, .T. ) ;
#4989 = EDGE_LOOP ( 'NONE', ( #135, #7649, #9259, #4008, #7351, #2893, #8841, #6507, #319, #7075, #7447, #8452, #1345, #1122, #1943 ) ) ;
#4990 = PRESENTATION_STYLE_ASSIGNMENT (( #7188 ) ) ;
#4991 = LINE ( 'NONE', #7967, #6053 ) ;
#4992 = ORIENTED_EDGE ( 'NONE', *, *, #6303, .T. ) ;
#4993 = SURFACE_SIDE_STYLE ('',( #5616 ) ) ;
#4994 = SURFACE_SIDE_STYLE ('',( #2016 ) ) ;
#4995 =( NAMED_UNIT ( * ) SI_UNIT ( $, .STERADIAN. ) SOLID_ANGLE_UNIT ( ) );
#4996 = EDGE_CURVE ( 'NONE', #9637, #7180, #1299, .T. ) ;
#4997 = AXIS2_PLACEMENT_3D ( 'NONE', #2434, #4704, #4659 ) ;
#4998 = CARTESIAN_POINT ( 'NONE',  ( 0.7071067811865476838, 5.707106781186546129, -16.14999999999999503 ) ) ;
#4999 = MECHANICAL_DESIGN_GEOMETRIC_PRESENTATION_REPRESENTATION (  '', ( #5160 ), #8741 ) ;
#5000 = DIRECTION ( 'NONE',  ( 0.000000000000000000, 1.000000000000000000, 0.000000000000000000 ) ) ;
#5001 = AXIS2_PLACEMENT_3D ( 'NONE', #187, #8458, #2505 ) ;
#5002 = SURFACE_STYLE_FILL_AREA ( #1974 ) ;
#5003 = DIRECTION ( 'NONE',  ( 0.000000000000000000, 0.000000000000000000, 1.000000000000000000 ) ) ;
#5004 =( NAMED_UNIT ( * ) SI_UNIT ( $, .STERADIAN. ) SOLID_ANGLE_UNIT ( ) );
#5005 =( LENGTH_UNIT ( ) NAMED_UNIT ( * ) SI_UNIT ( .MILLI., .METRE. ) );
#5006 = ORIENTED_EDGE ( 'NONE', *, *, #7401, .F. ) ;
#5007 = SURFACE_SIDE_STYLE ('',( #6479 ) ) ;
#5008 = PRESENTATION_STYLE_ASSIGNMENT (( #8031 ) ) ;
#5009 = FILL_AREA_STYLE_COLOUR ( '', #1323 ) ;
#5010 = CARTESIAN_POINT ( 'NONE',  ( 0.5000000000000027756, 8.000000000000000000, 14.82979589711326440 ) ) ;
#5011 = COLOUR_RGB ( '',0.1058823529411764691, 0.6352941176470587870, 0.9411764705882352811 ) ;
#5012 = ORIENTED_EDGE ( 'NONE', *, *, #4364, .T. ) ;
#5013 = DIRECTION ( 'NONE',  ( 1.000000000000000000, 0.000000000000000000, -0.000000000000000000 ) ) ;
#5014 = SURFACE_SIDE_STYLE ('',( #323 ) ) ;
#5015 = EDGE_CURVE ( 'NONE', #5994, #2349, #5773, .T. ) ;
#5016 = CARTESIAN_POINT ( 'NONE',  ( -6.049999999999999822, 8.000000000000000000, 16.15000000000000213 ) ) ;
#5017 = AXIS2_PLACEMENT_3D ( 'NONE', #3255, #4149, #4943 ) ;
#5018 = VERTEX_POINT ( 'NONE', #1093 ) ;
#5019 = ORIENTED_EDGE ( 'NONE', *, *, #3914, .T. ) ;
#5020 =( LENGTH_UNIT ( ) NAMED_UNIT ( * ) SI_UNIT ( .MILLI., .METRE. ) );
#5021 = PRESENTATION_STYLE_ASSIGNMENT (( #1114 ) ) ;
#5022 = CARTESIAN_POINT ( 'NONE',  ( -6.049999999999999822, 3.500000000000000444, 8.000000000000000000 ) ) ;
#5023 = EDGE_CURVE ( 'NONE', #7468, #2880, #2705, .T. ) ;
#5024 = AXIS2_PLACEMENT_3D ( 'NONE', #8804, #8069, #9519 ) ;
#5025 = FILL_AREA_STYLE ('',( #3543 ) ) ;
#5026 = ORIENTED_EDGE ( 'NONE', *, *, #8657, .T. ) ;
#5027 = LINE ( 'NONE', #7131, #4718 ) ;
#5028 = AXIS2_PLACEMENT_3D ( 'NONE', #2267, #3743, #2214 ) ;
#5029 = CARTESIAN_POINT ( 'NONE',  ( -0.7650914599417517614, 10.89937800958597514, -11.25000000000000178 ) ) ;
#5030 = ORIENTED_EDGE ( 'NONE', *, *, #3585, .T. ) ;
#5031 = DIRECTION ( 'NONE',  ( 0.000000000000000000, 0.000000000000000000, 1.000000000000000000 ) ) ;
#5032 = EDGE_CURVE ( 'NONE', #8415, #7889, #6379, .T. ) ;
#5033 = PRESENTATION_STYLE_ASSIGNMENT (( #2437 ) ) ;
#5034 = STYLED_ITEM ( 'NONE', ( #7308 ), #1397 ) ;
#5035 = DIRECTION ( 'NONE',  ( 0.000000000000000000, 0.000000000000000000, -1.000000000000000000 ) ) ;
#5036 = VERTEX_POINT ( 'NONE', #9471 ) ;
#5037 = VERTEX_POINT ( 'NONE', #2663 ) ;
#5038 = ORIENTED_EDGE ( 'NONE', *, *, #4884, .T. ) ;
#5039 = UNCERTAINTY_MEASURE_WITH_UNIT (LENGTH_MEASURE( 1.000000000000000082E-05 ), #4850, 'distance_accuracy_value', 'NONE');
#5040 =( GEOMETRIC_REPRESENTATION_CONTEXT ( 3 ) GLOBAL_UNCERTAINTY_ASSIGNED_CONTEXT ( ( #1618 ) ) GLOBAL_UNIT_ASSIGNED_CONTEXT ( ( #7576, #6792, #9117 ) ) REPRESENTATION_CONTEXT ( 'NONE', 'WORKASPACE' ) );
#5041 = ADVANCED_FACE ( 'NONE', ( #5579 ), #1884, .F. ) ;
#5042 = PRESENTATION_STYLE_ASSIGNMENT (( #8810 ) ) ;
#5043 = VERTEX_POINT ( 'NONE', #2656 ) ;
#5044 = SURFACE_STYLE_FILL_AREA ( #6523 ) ;
#5045 = VECTOR ( 'NONE', #2307, 1000.000000000000000 ) ;
#5046 = FILL_AREA_STYLE_COLOUR ( '', #582 ) ;
#5047 = CYLINDRICAL_SURFACE ( 'NONE', #3501, 0.8400000000000000799 ) ;
#5048 = DIRECTION ( 'NONE',  ( -0.000000000000000000, 1.000000000000000000, -0.000000000000000000 ) ) ;
#5049 = DIRECTION ( 'NONE',  ( 0.000000000000000000, 1.000000000000000000, -7.744301232039317914E-17 ) ) ;
#5050 = ORIENTED_EDGE ( 'NONE', *, *, #2635, .F. ) ;
#5051 = DIRECTION ( 'NONE',  ( -0.000000000000000000, 1.000000000000000000, -0.000000000000000000 ) ) ;
#5052 =( LENGTH_UNIT ( ) NAMED_UNIT ( * ) SI_UNIT ( .MILLI., .METRE. ) );
#5053 = FILL_AREA_STYLE ('',( #1348 ) ) ;
#5054 = AXIS2_PLACEMENT_3D ( 'NONE', #3727, #4665, #7581 ) ;
#5055 = SURFACE_STYLE_USAGE ( .BOTH. , #1252 ) ;
#5056 = ORIENTED_EDGE ( 'NONE', *, *, #6848, .F. ) ;
#5057 = CARTESIAN_POINT ( 'NONE',  ( 0.9129125731638293439, 15.49999999999999467, -6.899490963671262911 ) ) ;
#5058 =( NAMED_UNIT ( * ) SI_UNIT ( $, .STERADIAN. ) SOLID_ANGLE_UNIT ( ) );
#5059 = CARTESIAN_POINT ( 'NONE',  ( -1.163464191873192943, 15.49999999999999467, -3.556111963644601470 ) ) ;
#5060 = SURFACE_STYLE_FILL_AREA ( #2038 ) ;
#5061 = DIRECTION ( 'NONE',  ( -0.000000000000000000, 1.000000000000000000, -0.000000000000000000 ) ) ;
#5062 = STYLED_ITEM ( 'NONE', ( #4340 ), #9425 ) ;
#5063 = DIRECTION ( 'NONE',  ( 0.000000000000000000, 3.469446951953610639E-15, 1.000000000000000000 ) ) ;
#5064 = EDGE_LOOP ( 'NONE', ( #7141, #2839, #9463, #6000 ) ) ;
#5065 = DIRECTION ( 'NONE',  ( 0.000000000000000000, 0.000000000000000000, -1.000000000000000000 ) ) ;
#5066 = UNCERTAINTY_MEASURE_WITH_UNIT (LENGTH_MEASURE( 1.000000000000000082E-05 ), #8410, 'distance_accuracy_value', 'NONE');
#5067 = EDGE_LOOP ( 'NONE', ( #2017, #6829, #1162, #7570 ) ) ;
#5068 = PRESENTATION_LAYER_ASSIGNMENT (  '', '', ( #3648 ) ) ;
#5069 = CARTESIAN_POINT ( 'NONE',  ( -1.286832269749442537, 15.49999999999999467, -3.822271221396666530 ) ) ;
#5070 = CARTESIAN_POINT ( 'NONE',  ( -6.049999999999999822, 10.69999999999999929, -2.741681084241538002 ) ) ;
#5071 =( NAMED_UNIT ( * ) SI_UNIT ( $, .STERADIAN. ) SOLID_ANGLE_UNIT ( ) );
#5072 = CARTESIAN_POINT ( 'NONE',  ( -0.1180935329719633997, 16.99999999999999289, -2.853033757873183252 ) ) ;
#5073 = ORIENTED_EDGE ( 'NONE', *, *, #641, .F. ) ;
#5074 = EDGE_CURVE ( 'NONE', #1102, #8262, #1144, .T. ) ;
#5075 = SURFACE_SIDE_STYLE ('',( #7319 ) ) ;
#5076 = VERTEX_POINT ( 'NONE', #8078 ) ;
#5077 = FILL_AREA_STYLE ('',( #5806 ) ) ;
#5078 =( LENGTH_UNIT ( ) NAMED_UNIT ( * ) SI_UNIT ( .MILLI., .METRE. ) );
#5079 = MECHANICAL_DESIGN_GEOMETRIC_PRESENTATION_REPRESENTATION (  '', ( #1138 ), #3665 ) ;
#5080 = LINE ( 'NONE', #547, #9477 ) ;
#5081 = AXIS2_PLACEMENT_3D ( 'NONE', #1653, #1605, #6887 ) ;
#5082 = ORIENTED_EDGE ( 'NONE', *, *, #8321, .T. ) ;
#5083 = COLOUR_RGB ( '',0.7764705882352941346, 0.7568627450980391913, 0.7372549019607843590 ) ;
#5084 = CIRCLE ( 'NONE', #1458, 0.8400000000000005240 ) ;
#5085 = CARTESIAN_POINT ( 'NONE',  ( -6.049999999999999822, 10.69999999999999929, 0.000000000000000000 ) ) ;
#5086 =( LENGTH_UNIT ( ) NAMED_UNIT ( * ) SI_UNIT ( .MILLI., .METRE. ) );
#5087 = EDGE_LOOP ( 'NONE', ( #3917, #4175, #3204, #9505, #2279, #8290, #2254, #1785, #3572, #9183, #6553, #7858, #8260, #3100, #6082, #5012, #6306, #6588, #2178, #8953, #1109, #7807, #8370, #3449, #8989, #891, #1800, #3292, #4742, #4823, #9032, #4127, #5449, #1173, #9653, #4119, #8769, #3608, #4713, #6868, #3685, #3584, #9712, #1284, #9042, #2889, #578, #2195, #8919, #9430, #5766, #8852, #816, #3499, #3587, #6737, #4881, #5194, #5887, #4048, #3366, #8897, #4655, #6131, #6944, #454, #7177, #8886, #7259, #4237, #9280, #2939, #4145, #1869, #785, #1037, #8958, #2560, #8188, #9650, #6542, #568, #5100, #3146 ) ) ;
#5088 = EDGE_CURVE ( 'NONE', #1102, #194, #8369, .T. ) ;
#5089 = CARTESIAN_POINT ( 'NONE',  ( -2.299368599416794279, 15.49999999999999467, -5.203889182736837427 ) ) ;
#5090 = DIRECTION ( 'NONE',  ( 0.000000000000000000, 1.000000000000000000, 0.000000000000000000 ) ) ;
#5092 = ORIENTED_EDGE ( 'NONE', *, *, #1480, .F. ) ;
#5091 = VECTOR ( 'NONE', #1007, 1000.000000000000000 ) ;
#5093 = COLOUR_RGB ( '',0.1058823529411764691, 0.6352941176470587870, 0.9411764705882352811 ) ;
#5094 = CARTESIAN_POINT ( 'NONE',  ( 1.000000000000000000, 6.000000000000000000, -16.14999999999999503 ) ) ;
#5095 = AXIS2_PLACEMENT_3D ( 'NONE', #3816, #2965, #4459 ) ;
#5096 = DIRECTION ( 'NONE',  ( 0.000000000000000000, 1.000000000000000000, 0.000000000000000000 ) ) ;
#5097 = CIRCLE ( 'NONE', #2715, 0.8400000000000003020 ) ;
#5098 = DIRECTION ( 'NONE',  ( 0.000000000000000000, 1.000000000000000000, 0.000000000000000000 ) ) ;
#5099 =( GEOMETRIC_REPRESENTATION_CONTEXT ( 3 ) GLOBAL_UNCERTAINTY_ASSIGNED_CONTEXT ( ( #1734 ) ) GLOBAL_UNIT_ASSIGNED_CONTEXT ( ( #1745, #1056, #6938 ) ) REPRESENTATION_CONTEXT ( 'NONE', 'WORKASPACE' ) );
#5100 = ORIENTED_EDGE ( 'NONE', *, *, #62, .F. ) ;
#5101 = EDGE_CURVE ( 'NONE', #4748, #2901, #8964, .T. ) ;
#5102 = FILL_AREA_STYLE_COLOUR ( '', #237 ) ;
#5103 = LINE ( 'NONE', #4550, #4007 ) ;
#5104 = FACE_OUTER_BOUND ( 'NONE', #2069, .T. ) ;
#5105 = VERTEX_POINT ( 'NONE', #701 ) ;
#5106 = PRESENTATION_LAYER_ASSIGNMENT (  '', '', ( #4945 ) ) ;
#5107 = MECHANICAL_DESIGN_GEOMETRIC_PRESENTATION_REPRESENTATION (  '', ( #3848 ), #1158 ) ;
#5108 =( NAMED_UNIT ( * ) SI_UNIT ( $, .STERADIAN. ) SOLID_ANGLE_UNIT ( ) );
#5109 = COLOUR_RGB ( '',0.7764705882352941346, 0.7568627450980391913, 0.7372549019607843590 ) ;
#5110 = EDGE_CURVE ( 'NONE', #5964, #495, #6168, .T. ) ;
#5111 = AXIS2_PLACEMENT_3D ( 'NONE', #5196, #8872, #8766 ) ;
#5112 = ORIENTED_EDGE ( 'NONE', *, *, #3036, .T. ) ;
#5113 =( LENGTH_UNIT ( ) NAMED_UNIT ( * ) SI_UNIT ( .MILLI., .METRE. ) );
#5114 = AXIS2_PLACEMENT_3D ( 'NONE', #9208, #6417, #1082 ) ;
#5115 = ORIENTED_EDGE ( 'NONE', *, *, #4548, .T. ) ;
#5116 = FACE_OUTER_BOUND ( 'NONE', #4488, .T. ) ;
#5117 = LINE ( 'NONE', #9642, #4745 ) ;
#5118 = CYLINDRICAL_SURFACE ( 'NONE', #3946, 0.5000000000000004441 ) ;
#5119 =( NAMED_UNIT ( * ) SI_UNIT ( $, .STERADIAN. ) SOLID_ANGLE_UNIT ( ) );
#5120 = MANIFOLD_SOLID_BREP ( 'FS90R_Housing-1-solid2', #7962 ) ;
#5121 = CIRCLE ( 'NONE', #4496, 0.8400000000000003020 ) ;
#5122 = DIRECTION ( 'NONE',  ( 0.000000000000000000, 1.000000000000000000, 0.000000000000000000 ) ) ;
#5123 = DIRECTION ( 'NONE',  ( -0.9308737486442002496, 0.000000000000000000, -0.3653410243664052537 ) ) ;
#5124 = DIRECTION ( 'NONE',  ( 0.000000000000000000, 1.000000000000000000, 0.000000000000000000 ) ) ;
#5125 = EDGE_LOOP ( 'NONE', ( #8449, #8701, #9198, #7521 ) ) ;
#5126 = SURFACE_STYLE_USAGE ( .BOTH. , #2840 ) ;
#5127 = SURFACE_STYLE_FILL_AREA ( #5694 ) ;
#5128 =( LENGTH_UNIT ( ) NAMED_UNIT ( * ) SI_UNIT ( .MILLI., .METRE. ) );
#5129 = AXIS2_PLACEMENT_3D ( 'NONE', #9566, #2848, #643 ) ;
#5130 = VERTEX_POINT ( 'NONE', #8917 ) ;
#5131 = CARTESIAN_POINT ( 'NONE',  ( 6.049999999999999822, 5.500000000000000888, -11.25000000000000178 ) ) ;
#5132 = STYLED_ITEM ( 'NONE', ( #1892 ), #3245 ) ;
#5133 =( NAMED_UNIT ( * ) SI_UNIT ( $, .STERADIAN. ) SOLID_ANGLE_UNIT ( ) );
#5134 = EDGE_CURVE ( 'NONE', #9356, #4815, #2085, .T. ) ;
#5135 = DIRECTION ( 'NONE',  ( 0.000000000000000000, 1.000000000000000000, 0.000000000000000000 ) ) ;
#5136 = ORIENTED_EDGE ( 'NONE', *, *, #5603, .T. ) ;
#5137 = STYLED_ITEM ( 'NONE', ( #6583 ), #2515 ) ;
#5138 = SURFACE_STYLE_USAGE ( .BOTH. , #3653 ) ;
#5139 = ORIENTED_EDGE ( 'NONE', *, *, #2662, .T. ) ;
#5140 =( LENGTH_UNIT ( ) NAMED_UNIT ( * ) SI_UNIT ( .MILLI., .METRE. ) );
#5141 = ORIENTED_EDGE ( 'NONE', *, *, #1356, .T. ) ;
#5142 = PLANE ( 'NONE',  #9236 ) ;
#5143 = AXIS2_PLACEMENT_3D ( 'NONE', #2565, #4152, #7146 ) ;
#5144 = EDGE_CURVE ( 'NONE', #7559, #5288, #3715, .T. ) ;
#5145 = STYLED_ITEM ( 'NONE', ( #9221 ), #4449 ) ;
#5146 = DIRECTION ( 'NONE',  ( 1.000000000000000000, 0.000000000000000000, 0.000000000000000000 ) ) ;
#5147 = SURFACE_STYLE_USAGE ( .BOTH. , #5924 ) ;
#5148 = LINE ( 'NONE', #607, #7298 ) ;
#5149 = ORIENTED_EDGE ( 'NONE', *, *, #2836, .F. ) ;
#5150 = DIRECTION ( 'NONE',  ( -0.4338837391175651148, 0.000000000000000000, 0.9009688679024158153 ) ) ;
#5151 = CARTESIAN_POINT ( 'NONE',  ( -7.296957046373735484E-16, 18.49999999999999645, -5.150000000000000355 ) ) ;
#5152 = MECHANICAL_DESIGN_GEOMETRIC_PRESENTATION_REPRESENTATION (  '', ( #9384 ), #7033 ) ;
#5153 = VERTEX_POINT ( 'NONE', #2287 ) ;
#5154 = SURFACE_STYLE_USAGE ( .BOTH. , #9734 ) ;
#5155 = CIRCLE ( 'NONE', #2319, 2.299999999999998046 ) ;
#5156 = CARTESIAN_POINT ( 'NONE',  ( -6.049999999999999822, 5.500000000000000888, 16.15000000000000213 ) ) ;
#5157 = EDGE_CURVE ( 'NONE', #3122, #3466, #1497, .T. ) ;
#5158 = STYLED_ITEM ( 'NONE', ( #721 ), #1553 ) ;
#5159 =( NAMED_UNIT ( * ) PLANE_ANGLE_UNIT ( ) SI_UNIT ( $, .RADIAN. ) );
#5160 = STYLED_ITEM ( 'NONE', ( #2061 ), #3981 ) ;
#5161 = CARTESIAN_POINT ( 'NONE',  ( 6.049999999999999822, 10.69999999999999929, 11.24999999999999645 ) ) ;
#5162 = CARTESIAN_POINT ( 'NONE',  ( 0.2182122599358948811, 11.19999999988427497, -11.19955941248212028 ) ) ;
#5163 = CARTESIAN_POINT ( 'NONE',  ( -1.621016850288213407, 15.49999999999999467, -6.039441044185437590 ) ) ;
#5164 = ORIENTED_EDGE ( 'NONE', *, *, #7236, .F. ) ;
#5165 = CARTESIAN_POINT ( 'NONE',  ( -0.8383069948729963139, 18.49999999999999645, -6.798041984400581939 ) ) ;
#5166 = AXIS2_PLACEMENT_3D ( 'NONE', #8071, #5818, #8806 ) ;
#5167 = EDGE_LOOP ( 'NONE', ( #3561, #6643, #2513 ) ) ;
#5168 = LINE ( 'NONE', #1415, #6713 ) ;
#5169 = EDGE_CURVE ( 'NONE', #8415, #8442, #5492, .T. ) ;
#5170 = AXIS2_PLACEMENT_3D ( 'NONE', #7004, #1718, #7047 ) ;
#5171 = CARTESIAN_POINT ( 'NONE',  ( -7.296957046373735484E-16, 15.49999999999999467, -5.150000000000000355 ) ) ;
#5172 = STYLED_ITEM ( 'NONE', ( #4238 ), #1810 ) ;
#5173 = CYLINDRICAL_SURFACE ( 'NONE', #6033, 0.5000000000000004441 ) ;
#5174 =( NAMED_UNIT ( * ) SI_UNIT ( $, .STERADIAN. ) SOLID_ANGLE_UNIT ( ) );
#5175 = DIRECTION ( 'NONE',  ( 1.000000000000000000, -0.000000000000000000, -0.000000000000000000 ) ) ;
#5176 = ORIENTED_EDGE ( 'NONE', *, *, #5134, .F. ) ;
#5177 = CARTESIAN_POINT ( 'NONE',  ( -1.930184350831115170, 16.99999999999999289, -6.400755120639792572 ) ) ;
#5178 = ORIENTED_EDGE ( 'NONE', *, *, #892, .T. ) ;
#5179 = FACE_OUTER_BOUND ( 'NONE', #4568, .T. ) ;
#5180 = SURFACE_SIDE_STYLE ('',( #7230 ) ) ;
#5181 = PRESENTATION_LAYER_ASSIGNMENT (  '', '', ( #4235 ) ) ;
#5182 = ORIENTED_EDGE ( 'NONE', *, *, #6793, .F. ) ;
#5183 = CARTESIAN_POINT ( 'NONE',  ( -7.296957046373735484E-16, 18.49999999999999645, -5.150000000000000355 ) ) ;
#5184 = VERTEX_POINT ( 'NONE', #9676 ) ;
#5185 = SURFACE_SIDE_STYLE ('',( #7519 ) ) ;
#5186 = VERTEX_POINT ( 'NONE', #1545 ) ;
#5187 =( NAMED_UNIT ( * ) SI_UNIT ( $, .STERADIAN. ) SOLID_ANGLE_UNIT ( ) );
#5188 = CARTESIAN_POINT ( 'NONE',  ( -2.181329988624797434, 18.49999999999999645, -5.879245830105415571 ) ) ;
#5189 =( LENGTH_UNIT ( ) NAMED_UNIT ( * ) SI_UNIT ( .MILLI., .METRE. ) );
#5190 = STYLED_ITEM ( 'NONE', ( #4023 ), #6264 ) ;
#5191 = DIRECTION ( 'NONE',  ( 0.9972037971811803514, 0.000000000000000000, -0.07473009358642103417 ) ) ;
#5192 = DIRECTION ( 'NONE',  ( 0.000000000000000000, 1.000000000000000000, 0.000000000000000000 ) ) ;
#5193 = DIRECTION ( 'NONE',  ( 0.000000000000000000, 0.000000000000000000, 1.000000000000000000 ) ) ;
#5194 = ORIENTED_EDGE ( 'NONE', *, *, #73, .T. ) ;
#5195 =( NAMED_UNIT ( * ) PLANE_ANGLE_UNIT ( ) SI_UNIT ( $, .RADIAN. ) );
#5196 = CARTESIAN_POINT ( 'NONE',  ( -5.549999999999998934, 8.000000000000000000, -15.64999999999999325 ) ) ;
#5197 = AXIS2_PLACEMENT_3D ( 'NONE', #7560, #6103, #3802 ) ;
#5198 = EDGE_CURVE ( 'NONE', #7933, #5347, #4544, .T. ) ;
#5199 = CARTESIAN_POINT ( 'NONE',  ( 1.722210408787544722, 16.99999999999999289, -3.625535730866797479 ) ) ;
#5200 = EDGE_CURVE ( 'NONE', #9102, #230, #6012, .T. ) ;
#5201 = COLOUR_RGB ( '',0.7764705882352941346, 0.7568627450980391913, 0.7372549019607843590 ) ;
#5202 = ORIENTED_EDGE ( 'NONE', *, *, #4832, .F. ) ;
#5203 = MANIFOLD_SOLID_BREP ( 'FS90R_Housing-1-solid4', #3900 ) ;
#5204 = PRESENTATION_LAYER_ASSIGNMENT (  '', '', ( #9622 ) ) ;
#5205 =( NAMED_UNIT ( * ) PLANE_ANGLE_UNIT ( ) SI_UNIT ( $, .RADIAN. ) );
#5206 = FILL_AREA_STYLE_COLOUR ( '', #8382 ) ;
#5207 = COLOUR_RGB ( '',0.1058823529411764691, 0.6352941176470587870, 0.9411764705882352811 ) ;
#5208 = CARTESIAN_POINT ( 'NONE',  ( -6.049999999999999822, 5.500000000000000888, 15.65000000000000036 ) ) ;
#5209 = CARTESIAN_POINT ( 'NONE',  ( -5.549999999999998934, 10.69999999999999929, 11.24999999999999645 ) ) ;
#5210 = MECHANICAL_DESIGN_GEOMETRIC_PRESENTATION_REPRESENTATION (  '', ( #953 ), #3298 ) ;
#5211 = CARTESIAN_POINT ( 'NONE',  ( 0.9584739931839826310, 10.86159341717631222, -11.25000000000000178 ) ) ;
#5212 = CARTESIAN_POINT ( 'NONE',  ( -6.150000000000000355, -5.749999999999999112, -8.000000000000001776 ) ) ;
#5213 = ORIENTED_EDGE ( 'NONE', *, *, #3635, .F. ) ;
#5214 = ADVANCED_FACE ( 'NONE', ( #6348 ), #7482, .T. ) ;
#5215 = ORIENTED_EDGE ( 'NONE', *, *, #5088, .F. ) ;
#5216 = DIRECTION ( 'NONE',  ( 0.000000000000000000, 1.000000000000000000, 0.000000000000000000 ) ) ;
#5217 = CARTESIAN_POINT ( 'NONE',  ( -6.049999999999998046, 10.77979715384017467, -3.559007748531242576 ) ) ;
#5218 = ORIENTED_EDGE ( 'NONE', *, *, #41, .F. ) ;
#5219 = EDGE_CURVE ( 'NONE', #8067, #4430, #4629, .T. ) ;
#5220 = DIRECTION ( 'NONE',  ( 1.000000000000000000, -0.000000000000000000, -0.000000000000000000 ) ) ;
#5221 = VECTOR ( 'NONE', #8899, 1000.000000000000000 ) ;
#5222 = VERTEX_POINT ( 'NONE', #2379 ) ;
#5223 = AXIS2_PLACEMENT_3D ( 'NONE', #6195, #7045, #2414 ) ;
#5224 = CARTESIAN_POINT ( 'NONE',  ( 1.388025943102831450, 15.49999999999999467, -6.552680284128033605 ) ) ;
#5225 = UNCERTAINTY_MEASURE_WITH_UNIT (LENGTH_MEASURE( 1.000000000000000082E-05 ), #9396, 'distance_accuracy_value', 'NONE');
#5226 = ORIENTED_EDGE ( 'NONE', *, *, #5626, .F. ) ;
#5227 = DIRECTION ( 'NONE',  ( -0.5633200580636115173, 0.000000000000000000, -0.8262387743160021225 ) ) ;
#5228 = FACE_OUTER_BOUND ( 'NONE', #5167, .T. ) ;
#5229 = FACE_OUTER_BOUND ( 'NONE', #1101, .T. ) ;
#5230 = ORIENTED_EDGE ( 'NONE', *, *, #7849, .F. ) ;
#5231 = EDGE_CURVE ( 'NONE', #5792, #3076, #6402, .T. ) ;
#5232 = DIRECTION ( 'NONE',  ( 0.000000000000000000, 1.000000000000000000, -0.000000000000000000 ) ) ;
#5233 = CIRCLE ( 'NONE', #7875, 2.875000000000000444 ) ;
#5234 = ORIENTED_EDGE ( 'NONE', *, *, #2261, .T. ) ;
#5235 = UNCERTAINTY_MEASURE_WITH_UNIT (LENGTH_MEASURE( 1.000000000000000082E-05 ), #731, 'distance_accuracy_value', 'NONE');
#5236 = DIRECTION ( 'NONE',  ( 0.000000000000000000, 0.000000000000000000, -1.000000000000000000 ) ) ;
#5237 = LINE ( 'NONE', #8220, #8525 ) ;
#5238 = CARTESIAN_POINT ( 'NONE',  ( -6.049999999999999822, 10.69999999999999929, 0.000000000000000000 ) ) ;
#5239 = FACE_OUTER_BOUND ( 'NONE', #792, .T. ) ;
#5240 = VERTEX_POINT ( 'NONE', #8318 ) ;
#5241 = FILL_AREA_STYLE_COLOUR ( '', #3599 ) ;
#5242 = STYLED_ITEM ( 'NONE', ( #3490 ), #3970 ) ;
#5243 = CARTESIAN_POINT ( 'NONE',  ( 1.625000000000000000, -7.700000000000000178, -11.25000000000000178 ) ) ;
#5244 = SURFACE_SIDE_STYLE ('',( #3720 ) ) ;
#5245 = AXIS2_PLACEMENT_3D ( 'NONE', #2722, #2667, #1149 ) ;
#5246 = CARTESIAN_POINT ( 'NONE',  ( -5.549999999999998934, 6.000000000000000000, -15.64999999999999325 ) ) ;
#5247 = SPHERICAL_SURFACE ( 'NONE', #100, 0.5000000000000000000 ) ;
#5248 = CIRCLE ( 'NONE', #1925, 1.849000000000000199 ) ;
#5249 =( NAMED_UNIT ( * ) PLANE_ANGLE_UNIT ( ) SI_UNIT ( $, .RADIAN. ) );
#5250 = DIRECTION ( 'NONE',  ( -0.8660254037844432595, 0.000000000000000000, 0.4999999999999920064 ) ) ;
#5251 = CARTESIAN_POINT ( 'NONE',  ( -0.7986154343352661611, 18.49999999999999645, -6.954533564733420548 ) ) ;
#5252 = EDGE_CURVE ( 'NONE', #8081, #6260, #1593, .T. ) ;
#5253 = CARTESIAN_POINT ( 'NONE',  ( -0.5064307167314677782, 15.49999999999999467, -3.371706174685731749 ) ) ;
#5254 = CARTESIAN_POINT ( 'NONE',  ( 0.2105696383296791485, 11.09641725207182006, -11.24999999999967315 ) ) ;
#5255 = PRESENTATION_LAYER_ASSIGNMENT (  '', '', ( #3523 ) ) ;
#5256 = EDGE_LOOP ( 'NONE', ( #348, #1742, #5518, #6199 ) ) ;
#5257 = CARTESIAN_POINT ( 'NONE',  ( -1.840386956182417766, 15.49999999999999467, -4.971739371947647257 ) ) ;
#5258 = CIRCLE ( 'NONE', #529, 0.8400000000000000799 ) ;
#5259 = VECTOR ( 'NONE', #8986, 1000.000000000000000 ) ;
#5260 = EDGE_LOOP ( 'NONE', ( #1013, #7310 ) ) ;
#5261 = STYLED_ITEM ( 'NONE', ( #4209 ), #2071 ) ;
#5262 = EDGE_CURVE ( 'NONE', #9440, #2349, #5097, .T. ) ;
#5263 = CIRCLE ( 'NONE', #8855, 6.049999999999999822 ) ;
#5264 = SURFACE_STYLE_USAGE ( .BOTH. , #3837 ) ;
#5265 = AXIS2_PLACEMENT_3D ( 'NONE', #6466, #6664, #6614 ) ;
#5266 = FILL_AREA_STYLE ('',( #2935 ) ) ;
#5267 = ORIENTED_EDGE ( 'NONE', *, *, #2556, .F. ) ;
#5268 = DIRECTION ( 'NONE',  ( 1.000000000000000000, 0.000000000000000000, 0.000000000000000000 ) ) ;
#5269 = ORIENTED_EDGE ( 'NONE', *, *, #9205, .T. ) ;
#5270 = LINE ( 'NONE', #139, #9136 ) ;
#5271 = AXIS2_PLACEMENT_3D ( 'NONE', #8028, #8918, #5193 ) ;
#5272 = DIRECTION ( 'NONE',  ( -0.000000000000000000, 0.000000000000000000, 1.000000000000000000 ) ) ;
#5273 = MECHANICAL_DESIGN_GEOMETRIC_PRESENTATION_REPRESENTATION (  '', ( #72 ), #4806 ) ;
#5274 = EDGE_CURVE ( 'NONE', #6324, #727, #5551, .T. ) ;
#5275 = FILL_AREA_STYLE_COLOUR ( '', #8202 ) ;
#5276 = ORIENTED_EDGE ( 'NONE', *, *, #6724, .F. ) ;
#5277 = CARTESIAN_POINT ( 'NONE',  ( -1.420181275598377812, 15.49999999999999467, -6.334012729847009027 ) ) ;
#5278 =( GEOMETRIC_REPRESENTATION_CONTEXT ( 3 ) GLOBAL_UNCERTAINTY_ASSIGNED_CONTEXT ( ( #7819 ) ) GLOBAL_UNIT_ASSIGNED_CONTEXT ( ( #5086, #6617, #8749 ) ) REPRESENTATION_CONTEXT ( 'NONE', 'WORKASPACE' ) );
#5279 = ORIENTED_EDGE ( 'NONE', *, *, #3462, .F. ) ;
#5280 = LINE ( 'NONE', #9665, #2452 ) ;
#5281 = ORIENTED_EDGE ( 'NONE', *, *, #9331, .F. ) ;
#5282 = AXIS2_PLACEMENT_3D ( 'NONE', #8730, #1265, #1993 ) ;
#5283 = COLOUR_RGB ( '',0.1058823529411764691, 0.6352941176470587870, 0.9411764705882352811 ) ;
#5284 = DIRECTION ( 'NONE',  ( -0.000000000000000000, -0.000000000000000000, -1.000000000000000000 ) ) ;
#5285 = CARTESIAN_POINT ( 'NONE',  ( -5.549999999999998934, 10.69999999999999929, 10.74999999999999645 ) ) ;
#5286 = EDGE_CURVE ( 'NONE', #6685, #7164, #4463, .T. ) ;
#5287 = CARTESIAN_POINT ( 'NONE',  ( -5.549999999999998934, 6.000000000000000000, -15.64999999999999325 ) ) ;
#5288 = VERTEX_POINT ( 'NONE', #6921 ) ;
#5289 = CARTESIAN_POINT ( 'NONE',  ( -6.663561837205168577E-16, 11.19999999999999929, -5.150000000000000355 ) ) ;
#5290 = FILL_AREA_STYLE ('',( #3668 ) ) ;
#5291 = DIRECTION ( 'NONE',  ( 1.000000000000000000, 0.000000000000000000, 0.000000000000000000 ) ) ;
#5292 = CARTESIAN_POINT ( 'NONE',  ( -5.549999999999998934, -10.69999999999999929, -10.75000000000000000 ) ) ;
#5293 = VECTOR ( 'NONE', #4559, 1000.000000000000000 ) ;
#5294 = CARTESIAN_POINT ( 'NONE',  ( -0.06343012666721820070, 15.49999999999999467, -3.177665186323835211 ) ) ;
#5295 = DIRECTION ( 'NONE',  ( 1.000000000000000000, -0.000000000000000000, 0.000000000000000000 ) ) ;
#5296 = DIRECTION ( 'NONE',  ( 0.000000000000000000, 1.000000000000000000, 0.000000000000000000 ) ) ;
#5297 = CARTESIAN_POINT ( 'NONE',  ( -0.3152944646524485361, 15.49999999999999467, -6.971919427570694161 ) ) ;
#5298 = SURFACE_STYLE_FILL_AREA ( #3731 ) ;
#5299 = COLOUR_RGB ( '',0.1058823529411764691, 0.6352941176470587870, 0.9411764705882352811 ) ;
#5300 = DIRECTION ( 'NONE',  ( 0.000000000000000000, 0.000000000000000000, 1.000000000000000000 ) ) ;
#5301 = ORIENTED_EDGE ( 'NONE', *, *, #4527, .F. ) ;
#5302 = STYLED_ITEM ( 'NONE', ( #9448 ), #181 ) ;
#5303 = VERTEX_POINT ( 'NONE', #1119 ) ;
#5304 = ADVANCED_FACE ( 'NONE', ( #7527 ), #9154, .T. ) ;
#5305 = AXIS2_PLACEMENT_3D ( 'NONE', #8374, #9744, #3966 ) ;
#5306 =( NAMED_UNIT ( * ) PLANE_ANGLE_UNIT ( ) SI_UNIT ( $, .RADIAN. ) );
#5307 = DIRECTION ( 'NONE',  ( 0.000000000000000000, 1.000000000000000000, 0.000000000000000000 ) ) ;
#5308 = AXIS2_PLACEMENT_3D ( 'NONE', #6598, #5175, #5900 ) ;
#5309 = DIRECTION ( 'NONE',  ( 0.000000000000000000, 0.000000000000000000, 1.000000000000000000 ) ) ;
#5310 = ORIENTED_EDGE ( 'NONE', *, *, #6108, .F. ) ;
#5311 = LINE ( 'NONE', #6857, #3769 ) ;
#5312 = ORIENTED_EDGE ( 'NONE', *, *, #8520, .F. ) ;
#5313 = EDGE_CURVE ( 'NONE', #8517, #5790, #5248, .T. ) ;
#5314 = DIRECTION ( 'NONE',  ( 0.000000000000000000, -0.000000000000000000, -1.000000000000000000 ) ) ;
#5315 = EDGE_CURVE ( 'NONE', #1747, #5076, #676, .T. ) ;
#5316 =( GEOMETRIC_REPRESENTATION_CONTEXT ( 3 ) GLOBAL_UNCERTAINTY_ASSIGNED_CONTEXT ( ( #5066 ) ) GLOBAL_UNIT_ASSIGNED_CONTEXT ( ( #8410, #9488, #766 ) ) REPRESENTATION_CONTEXT ( 'NONE', 'WORKASPACE' ) );
#5317 = CARTESIAN_POINT ( 'NONE',  ( -6.049999999999999822, 8.000000000000000000, 16.15000000000000213 ) ) ;
#5318 = PRESENTATION_STYLE_ASSIGNMENT (( #6907 ) ) ;
#5319 = UNCERTAINTY_MEASURE_WITH_UNIT (LENGTH_MEASURE( 1.000000000000000082E-05 ), #7335, 'distance_accuracy_value', 'NONE');
#5320 = DIRECTION ( 'NONE',  ( 1.000000000000000000, 0.000000000000000000, 0.000000000000000000 ) ) ;
#5321 = MANIFOLD_SOLID_BREP ( 'spur gear_din-1-solid1', #9228 ) ;
#5322 = ORIENTED_EDGE ( 'NONE', *, *, #1667, .T. ) ;
#5323 = LINE ( 'NONE', #2511, #4387 ) ;
#5324 =( GEOMETRIC_REPRESENTATION_CONTEXT ( 3 ) GLOBAL_UNCERTAINTY_ASSIGNED_CONTEXT ( ( #8682 ) ) GLOBAL_UNIT_ASSIGNED_CONTEXT ( ( #2818, #1347, #4404 ) ) REPRESENTATION_CONTEXT ( 'NONE', 'WORKASPACE' ) );
#5325 = PRESENTATION_STYLE_ASSIGNMENT (( #3909 ) ) ;
#5326 = ORIENTED_EDGE ( 'NONE', *, *, #9254, .T. ) ;
#5327 = DIRECTION ( 'NONE',  ( -1.000000000000000000, 0.000000000000000000, -0.000000000000000000 ) ) ;
#5328 = EDGE_CURVE ( 'NONE', #2763, #3522, #8677, .T. ) ;
#5329 = DIRECTION ( 'NONE',  ( 0.000000000000000000, 0.000000000000000000, 1.000000000000000000 ) ) ;
#5330 = SURFACE_SIDE_STYLE ('',( #2334 ) ) ;
#5331 = LINE ( 'NONE', #6824, #8530 ) ;
#5332 = CIRCLE ( 'NONE', #1077, 0.5000000000000004441 ) ;
#5333 = CARTESIAN_POINT ( 'NONE',  ( 3.469446951953614189E-15, 8.000000000000000000, 13.84999999999999964 ) ) ;
#5334 = SURFACE_STYLE_USAGE ( .BOTH. , #2960 ) ;
#5335 = ORIENTED_EDGE ( 'NONE', *, *, #9091, .T. ) ;
#5336 = DIRECTION ( 'NONE',  ( -0.000000000000000000, 0.000000000000000000, -1.000000000000000000 ) ) ;
#5337 =( LENGTH_UNIT ( ) NAMED_UNIT ( * ) SI_UNIT ( .MILLI., .METRE. ) );
#5338 = CARTESIAN_POINT ( 'NONE',  ( 0.000000000000000000, -7.074999999999997513, -11.75000000000000178 ) ) ;
#5339 = EDGE_CURVE ( 'NONE', #2797, #6015, #5797, .T. ) ;
#5340 = PRESENTATION_LAYER_ASSIGNMENT (  '', '', ( #7062 ) ) ;
#5341 = LINE ( 'NONE', #1451, #1729 ) ;
#5342 = CARTESIAN_POINT ( 'NONE',  ( -1.811166969963616147, 15.49999999999999467, -5.522122569743917353 ) ) ;
#5343 = VECTOR ( 'NONE', #3546, 1000.000000000000000 ) ;
#5344 = CIRCLE ( 'NONE', #4563, 0.5000000000000002220 ) ;
#5345 =( GEOMETRIC_REPRESENTATION_CONTEXT ( 3 ) GLOBAL_UNCERTAINTY_ASSIGNED_CONTEXT ( ( #3868 ) ) GLOBAL_UNIT_ASSIGNED_CONTEXT ( ( #9700, #2741, #5119 ) ) REPRESENTATION_CONTEXT ( 'NONE', 'WORKASPACE' ) );
#5346 = CARTESIAN_POINT ( 'NONE',  ( -7.296957046373735484E-16, 15.49999999999999467, -5.150000000000000355 ) ) ;
#5347 = VERTEX_POINT ( 'NONE', #8790 ) ;
#5348 = EDGE_CURVE ( 'NONE', #8805, #7541, #1371, .T. ) ;
#5349 = ORIENTED_EDGE ( 'NONE', *, *, #9241, .F. ) ;
#5350 = DIRECTION ( 'NONE',  ( -0.000000000000000000, 1.000000000000000000, 0.000000000000000000 ) ) ;
#5351 = VECTOR ( 'NONE', #4268, 1000.000000000000000 ) ;
#5352 = CARTESIAN_POINT ( 'NONE',  ( 0.2357333623994358474, 18.49999999999999645, -6.983911334239432556 ) ) ;
#5353 = ORIENTED_EDGE ( 'NONE', *, *, #5965, .T. ) ;
#5354 = SURFACE_STYLE_USAGE ( .BOTH. , #2937 ) ;
#5355 = ORIENTED_EDGE ( 'NONE', *, *, #3321, .F. ) ;
#5356 = UNCERTAINTY_MEASURE_WITH_UNIT (LENGTH_MEASURE( 1.000000000000000082E-05 ), #8187, 'distance_accuracy_value', 'NONE');
#5357 = AXIS2_PLACEMENT_3D ( 'NONE', #3773, #5295, #9121 ) ;
#5358 = FILL_AREA_STYLE ('',( #2990 ) ) ;
#5359 = SURFACE_SIDE_STYLE ('',( #3280 ) ) ;
#5360 = EDGE_CURVE ( 'NONE', #2901, #3896, #6987, .T. ) ;
#5361 = CARTESIAN_POINT ( 'NONE',  ( 2.281718317874902091, 16.99999999999999289, -5.439415821741168777 ) ) ;
#5362 = ORIENTED_EDGE ( 'NONE', *, *, #1750, .T. ) ;
#5363 = FILL_AREA_STYLE ('',( #2373 ) ) ;
#5364 = DIRECTION ( 'NONE',  ( 0.000000000000000000, 0.000000000000000000, 1.000000000000000000 ) ) ;
#5365 = ORIENTED_EDGE ( 'NONE', *, *, #5200, .T. ) ;
#5366 = AXIS2_PLACEMENT_3D ( 'NONE', #3111, #6453, #6162 ) ;
#5367 = CARTESIAN_POINT ( 'NONE',  ( 1.735475740250853383, 18.49999999999999645, -4.512093302276304563 ) ) ;
#5368 = EDGE_CURVE ( 'NONE', #180, #6385, #3991, .T. ) ;
#5369 = COLOUR_RGB ( '',0.1058823529411764691, 0.6352941176470587870, 0.9411764705882352811 ) ;
#5370 = SURFACE_SIDE_STYLE ('',( #2380 ) ) ;
#5371 = PRESENTATION_STYLE_ASSIGNMENT (( #5334 ) ) ;
#5372 = ORIENTED_EDGE ( 'NONE', *, *, #4538, .F. ) ;
#5373 = CARTESIAN_POINT ( 'NONE',  ( -6.663561837205168577E-16, 15.00000000000000000, -5.150000000000000355 ) ) ;
#5374 = FACE_OUTER_BOUND ( 'NONE', #4468, .T. ) ;
#5375 = DIRECTION ( 'NONE',  ( 0.000000000000000000, 0.000000000000000000, -1.000000000000000000 ) ) ;
#5376 = SPHERICAL_SURFACE ( 'NONE', #7943, 0.5000000000000000000 ) ;
#5377 = DIRECTION ( 'NONE',  ( -0.000000000000000000, -1.000000000000000000, -0.000000000000000000 ) ) ;
#5378 = CARTESIAN_POINT ( 'NONE',  ( 2.281718317874902091, 15.49999999999999467, -4.860584178258831933 ) ) ;
#5379 = LINE ( 'NONE', #6122, #4829 ) ;
#5380 = ADVANCED_FACE ( 'NONE', ( #4281 ), #5899, .T. ) ;
#5381 = MECHANICAL_DESIGN_GEOMETRIC_PRESENTATION_REPRESENTATION (  '', ( #4456 ), #3493 ) ;
#5382 = SURFACE_SIDE_STYLE ('',( #6884 ) ) ;
#5383 = CARTESIAN_POINT ( 'NONE',  ( 1.196353700947688337, 18.49999999999999645, -7.114367028390763181 ) ) ;
#5384 = STYLED_ITEM ( 'NONE', ( #2218 ), #6612 ) ;
#5385 = FILL_AREA_STYLE ('',( #9125 ) ) ;
#5386 = SURFACE_STYLE_FILL_AREA ( #3267 ) ;
#5387 = ORIENTED_EDGE ( 'NONE', *, *, #435, .T. ) ;
#5388 = ORIENTED_EDGE ( 'NONE', *, *, #2736, .T. ) ;
#5389 = DIRECTION ( 'NONE',  ( 0.000000000000000000, 0.000000000000000000, 1.000000000000000000 ) ) ;
#5390 = FILL_AREA_STYLE_COLOUR ( '', #700 ) ;
#5391 =( GEOMETRIC_REPRESENTATION_CONTEXT ( 3 ) GLOBAL_UNCERTAINTY_ASSIGNED_CONTEXT ( ( #95 ) ) GLOBAL_UNIT_ASSIGNED_CONTEXT ( ( #9562, #1233, #4339 ) ) REPRESENTATION_CONTEXT ( 'NONE', 'WORKASPACE' ) );
#5392 = CARTESIAN_POINT ( 'NONE',  ( 5.549999999999998934, 8.000000000000000000, 16.15000000000000213 ) ) ;
#5393 = CARTESIAN_POINT ( 'NONE',  ( 6.049999999999999822, 7.500000000000000000, -15.64999999999999325 ) ) ;
#5394 = UNCERTAINTY_MEASURE_WITH_UNIT (LENGTH_MEASURE( 1.000000000000000082E-05 ), #6850, 'distance_accuracy_value', 'NONE');
#5395 = EDGE_CURVE ( 'NONE', #8114, #7559, #3033, .T. ) ;
#5396 = AXIS2_PLACEMENT_3D ( 'NONE', #1686, #7622, #902 ) ;
#5397 = DIRECTION ( 'NONE',  ( 0.000000000000000000, 1.000000000000000000, -0.000000000000000000 ) ) ;
#5398 = MECHANICAL_DESIGN_GEOMETRIC_PRESENTATION_REPRESENTATION (  '', ( #6027 ), #1787 ) ;
#5399 = VECTOR ( 'NONE', #2393, 1000.000000000000000 ) ;
#5400 = VERTEX_POINT ( 'NONE', #5352 ) ;
#5401 = CARTESIAN_POINT ( 'NONE',  ( -2.656939630551782727, 15.33849098299532798, 0.1445653366385813432 ) ) ;
#5402 = CIRCLE ( 'NONE', #7748, 0.8400000000000003020 ) ;
#5403 = ORIENTED_EDGE ( 'NONE', *, *, #8632, .F. ) ;
#5404 =( LENGTH_UNIT ( ) NAMED_UNIT ( * ) SI_UNIT ( .MILLI., .METRE. ) );
#5405 = DIRECTION ( 'NONE',  ( 0.000000000000000000, 1.000000000000000000, 0.000000000000000000 ) ) ;
#5406 = MECHANICAL_DESIGN_GEOMETRIC_PRESENTATION_REPRESENTATION (  '', ( #1003 ), #4638 ) ;
#5407 = DIRECTION ( 'NONE',  ( 1.000000000000000000, 0.000000000000000000, 0.000000000000000000 ) ) ;
#5408 = CARTESIAN_POINT ( 'NONE',  ( -7.296957046373735484E-16, 15.49999999999999467, -5.150000000000000355 ) ) ;
#5409 = SURFACE_SIDE_STYLE ('',( #5678 ) ) ;
#5410 = LINE ( 'NONE', #6817, #8864 ) ;
#5411 = ORIENTED_EDGE ( 'NONE', *, *, #7852, .F. ) ;
#5412 = CARTESIAN_POINT ( 'NONE',  ( -5.549999999999998934, 11.19999999999999929, -10.75000000000000178 ) ) ;
#5413 =( NAMED_UNIT ( * ) SI_UNIT ( $, .STERADIAN. ) SOLID_ANGLE_UNIT ( ) );
#5414 = ORIENTED_EDGE ( 'NONE', *, *, #4906, .T. ) ;
#5415 = VECTOR ( 'NONE', #8355, 1000.000000000000000 ) ;
#5416 = ADVANCED_FACE ( 'NONE', ( #87 ), #1571, .T. ) ;
#5417 = SURFACE_STYLE_USAGE ( .BOTH. , #4131 ) ;
#5418 = DIRECTION ( 'NONE',  ( 0.000000000000000000, 1.000000000000000000, 0.000000000000000000 ) ) ;
#5419 = CIRCLE ( 'NONE', #3220, 0.5000000000000004441 ) ;
#5420 = DIRECTION ( 'NONE',  ( 0.000000000000000000, 0.000000000000000000, 1.000000000000000000 ) ) ;
#5421 = PRESENTATION_LAYER_ASSIGNMENT (  '', '', ( #9689 ) ) ;
#5422 = ORIENTED_EDGE ( 'NONE', *, *, #8735, .F. ) ;
#5423 = LINE ( 'NONE', #1731, #6714 ) ;
#5424 = PLANE ( 'NONE',  #925 ) ;
#5425 =( NAMED_UNIT ( * ) SI_UNIT ( $, .STERADIAN. ) SOLID_ANGLE_UNIT ( ) );
#5426 = COLOUR_RGB ( '',0.7921568627450980005, 0.8196078431372548767, 0.9333333333333333481 ) ;
#5427 = FILL_AREA_STYLE_COLOUR ( '', #8952 ) ;
#5428 = ADVANCED_FACE ( 'NONE', ( #8296 ), #4428, .T. ) ;
#5429 = CARTESIAN_POINT ( 'NONE',  ( -7.296957046373735484E-16, 18.49999999999999645, -5.150000000000000355 ) ) ;
#5430 = DIRECTION ( 'NONE',  ( 0.000000000000000000, 1.000000000000000000, 0.000000000000000000 ) ) ;
#5431 = STYLED_ITEM ( 'NONE', ( #1366 ), #3124 ) ;
#5432 = CIRCLE ( 'NONE', #1187, 0.5000000000000004441 ) ;
#5433 = SURFACE_STYLE_USAGE ( .BOTH. , #1130 ) ;
#5434 = CARTESIAN_POINT ( 'NONE',  ( -5.549999999999998934, 5.500000000000000888, 15.65000000000000036 ) ) ;
#5435 = FILL_AREA_STYLE_COLOUR ( '', #4467 ) ;
#5436 = CYLINDRICAL_SURFACE ( 'NONE', #5780, 0.5000000000000004441 ) ;
#5437 = DIRECTION ( 'NONE',  ( -0.000000000000000000, 1.000000000000000000, -0.000000000000000000 ) ) ;
#5438 = ORIENTED_EDGE ( 'NONE', *, *, #4385, .T. ) ;
#5439 = EDGE_LOOP ( 'NONE', ( #464, #9679, #9238, #2404 ) ) ;
#5440 = EDGE_CURVE ( 'NONE', #1770, #776, #2119, .T. ) ;
#5441 =( NAMED_UNIT ( * ) SI_UNIT ( $, .STERADIAN. ) SOLID_ANGLE_UNIT ( ) );
#5442 = DIRECTION ( 'NONE',  ( 0.000000000000000000, 1.000000000000000000, 0.000000000000000000 ) ) ;
#5443 = STYLED_ITEM ( 'NONE', ( #2029 ), #728 ) ;
#5444 = SURFACE_STYLE_FILL_AREA ( #1807 ) ;
#5445 = EDGE_LOOP ( 'NONE', ( #5611, #6386, #5656 ) ) ;
#5446 = CARTESIAN_POINT ( 'NONE',  ( 5.549999999999998934, 6.000000000000000000, -15.64999999999999325 ) ) ;
#5447 = MECHANICAL_DESIGN_GEOMETRIC_PRESENTATION_REPRESENTATION (  '', ( #2930 ), #3246 ) ;
#5448 = B_SPLINE_CURVE_WITH_KNOTS ( 'NONE', 3,
 ( #6762, #7509, #1811, #5401, #9185, #7694, #9239, #229 ),
 .UNSPECIFIED., .F., .F.,
 ( 4, 2, 2, 4 ),
 ( -4.472463562707965084E-06, 0.0004532450818521496934, 0.0006821038545595789005, 0.0009109626272670082701 ),
 .UNSPECIFIED. ) ;
#5449 = ORIENTED_EDGE ( 'NONE', *, *, #5843, .T. ) ;
#5450 = UNCERTAINTY_MEASURE_WITH_UNIT (LENGTH_MEASURE( 1.000000000000000082E-05 ), #2120, 'distance_accuracy_value', 'NONE');
#5451 = ADVANCED_FACE ( 'NONE', ( #7841 ), #9237, .F. ) ;
#5452 = CARTESIAN_POINT ( 'NONE',  ( 2.281718317874902091, 18.49999999999999645, -5.439415821741168777 ) ) ;
#5453 = AXIS2_PLACEMENT_3D ( 'NONE', #8112, #4240, #498 ) ;
#5454 = STYLED_ITEM ( 'NONE', ( #2322 ), #12 ) ;
#5455 =( LENGTH_UNIT ( ) NAMED_UNIT ( * ) SI_UNIT ( .MILLI., .METRE. ) );
#5456 = AXIS2_PLACEMENT_3D ( 'NONE', #6495, #6447, #2684 ) ;
#5457 = DIRECTION ( 'NONE',  ( -0.9308737486442002496, 0.000000000000000000, -0.3653410243664052537 ) ) ;
#5458 = SURFACE_SIDE_STYLE ('',( #9248 ) ) ;
#5459 = ORIENTED_EDGE ( 'NONE', *, *, #2332, .T. ) ;
#5460 = SURFACE_STYLE_USAGE ( .BOTH. , #6200 ) ;
#5461 = SURFACE_SIDE_STYLE ('',( #1036 ) ) ;
#5462 = COLOUR_RGB ( '',0.1058823529411764691, 0.6352941176470587870, 0.9411764705882352811 ) ;
#5463 = ORIENTED_EDGE ( 'NONE', *, *, #4931, .F. ) ;
#5464 = ADVANCED_FACE ( 'NONE', ( #3941 ), #546, .T. ) ;
#5465 = MECHANICAL_DESIGN_GEOMETRIC_PRESENTATION_REPRESENTATION (  '', ( #127 ), #8604 ) ;
#5466 = CARTESIAN_POINT ( 'NONE',  ( 1.812821074135908983, 15.49999999999999467, -4.370379738990362917 ) ) ;
#5467 = CIRCLE ( 'NONE', #8601, 2.000000000000000000 ) ;
#5468 = FACE_OUTER_BOUND ( 'NONE', #6490, .T. ) ;
#5469 = EDGE_LOOP ( 'NONE', ( #1594, #3603, #2371, #5073 ) ) ;
#5470 = DIRECTION ( 'NONE',  ( 0.000000000000000000, -1.000000000000000000, 0.000000000000000000 ) ) ;
#5471 = DIRECTION ( 'NONE',  ( 0.000000000000000000, 1.000000000000000000, 0.000000000000000000 ) ) ;
#5472 = UNCERTAINTY_MEASURE_WITH_UNIT (LENGTH_MEASURE( 1.000000000000000082E-05 ), #1042, 'distance_accuracy_value', 'NONE');
#5473 = SURFACE_STYLE_USAGE ( .BOTH. , #954 ) ;
#5474 =( LENGTH_UNIT ( ) NAMED_UNIT ( * ) SI_UNIT ( .MILLI., .METRE. ) );
#5475 = STYLED_ITEM ( 'NONE', ( #7373 ), #867 ) ;
#5476 = CARTESIAN_POINT ( 'NONE',  ( -0.2312395857285642065, 18.49999999999999645, -3.190240766777691750 ) ) ;
#5477 = PRESENTATION_STYLE_ASSIGNMENT (( #9122 ) ) ;
#5478 = DIRECTION ( 'NONE',  ( -0.000000000000000000, 1.000000000000000000, -0.000000000000000000 ) ) ;
#5479 = ADVANCED_FACE ( 'NONE', ( #8546 ), #9336, .T. ) ;
#5480 = MECHANICAL_DESIGN_GEOMETRIC_PRESENTATION_REPRESENTATION (  '', ( #8616 ), #7983 ) ;
#5481 = CARTESIAN_POINT ( 'NONE',  ( 5.549999999999998934, 11.19999999999999929, -5.150000000000000355 ) ) ;
#5482 = CARTESIAN_POINT ( 'NONE',  ( -7.296957046373735484E-16, 28.49999999999999645, -5.150000000000000355 ) ) ;
#5483 = CYLINDRICAL_SURFACE ( 'NONE', #7217, 0.5000000000000004441 ) ;
#5484 = ORIENTED_EDGE ( 'NONE', *, *, #4223, .F. ) ;
#5485 = ORIENTED_EDGE ( 'NONE', *, *, #2476, .F. ) ;
#5486 =( NAMED_UNIT ( * ) PLANE_ANGLE_UNIT ( ) SI_UNIT ( $, .RADIAN. ) );
#5487 = CARTESIAN_POINT ( 'NONE',  ( 5.625495188211771413, 11.19999999999999929, -2.915660650073743643 ) ) ;
#5488 = AXIS2_PLACEMENT_3D ( 'NONE', #4634, #9087, #2313 ) ;
#5489 = CARTESIAN_POINT ( 'NONE',  ( -1.475765132078674657, 15.49999999999999467, -6.914119404955573422 ) ) ;
#5490 = PRESENTATION_LAYER_ASSIGNMENT (  '', '', ( #3127 ) ) ;
#5491 = UNCERTAINTY_MEASURE_WITH_UNIT (LENGTH_MEASURE( 1.000000000000000082E-05 ), #1932, 'distance_accuracy_value', 'NONE');
#5492 =( BOUNDED_CURVE ( )  B_SPLINE_CURVE ( 3, ( #8865, #561, #9626, #2857 ),
 .UNSPECIFIED., .F., .T. ) 
 B_SPLINE_CURVE_WITH_KNOTS ( ( 4, 4 ),
 ( 4.712388980384689674, 6.283185307179586232 ),
 .UNSPECIFIED. ) 
 CURVE ( )  GEOMETRIC_REPRESENTATION_ITEM ( )  RATIONAL_B_SPLINE_CURVE ( ( 1.000000000000000000, 0.8047378541243649375, 0.8047378541243649375, 1.000000000000000000 ) ) 
 REPRESENTATION_ITEM ( '' )  );
#5493 = UNCERTAINTY_MEASURE_WITH_UNIT (LENGTH_MEASURE( 1.000000000000000082E-05 ), #5474, 'distance_accuracy_value', 'NONE');
#5494 = EDGE_CURVE ( 'NONE', #1276, #9086, #8710, .T. ) ;
#5495 = DIRECTION ( 'NONE',  ( 0.9308737486442050235, 0.000000000000000000, -0.3653410243663926527 ) ) ;
#5496 = ORIENTED_EDGE ( 'NONE', *, *, #7169, .T. ) ;
#5497 =( NAMED_UNIT ( * ) SI_UNIT ( $, .STERADIAN. ) SOLID_ANGLE_UNIT ( ) );
#5498 = EDGE_LOOP ( 'NONE', ( #3084, #2156, #9751, #7514 ) ) ;
#5499 = FILL_AREA_STYLE ('',( #974 ) ) ;
#5500 = COLOUR_RGB ( '',0.7764705882352941346, 0.7568627450980391913, 0.7372549019607843590 ) ;
#5501 = DIRECTION ( 'NONE',  ( 0.000000000000000000, 1.000000000000000000, 0.000000000000000000 ) ) ;
#5502 = FILL_AREA_STYLE_COLOUR ( '', #2669 ) ;
#5503 =( NAMED_UNIT ( * ) SI_UNIT ( $, .STERADIAN. ) SOLID_ANGLE_UNIT ( ) );
#5504 = EDGE_CURVE ( 'NONE', #1426, #624, #1656, .T. ) ;
#5505 = CARTESIAN_POINT ( 'NONE',  ( -5.549999999999998934, 10.69999999999999929, -11.25000000000000178 ) ) ;
#5506 = FILL_AREA_STYLE_COLOUR ( '', #4067 ) ;
#5507 = FILL_AREA_STYLE ('',( #9247 ) ) ;
#5508 = COLOUR_RGB ( '',0.1058823529411764691, 0.6352941176470587870, 0.9411764705882352811 ) ;
#5509 = SURFACE_STYLE_USAGE ( .BOTH. , #1868 ) ;
#5510 = VERTEX_POINT ( 'NONE', #1940 ) ;
#5511 = DIRECTION ( 'NONE',  ( 0.000000000000000000, 1.000000000000000000, 0.000000000000000000 ) ) ;
#5512 = ORIENTED_EDGE ( 'NONE', *, *, #1986, .T. ) ;
#5513 = CARTESIAN_POINT ( 'NONE',  ( -5.549999999999998934, 7.500000000000000000, 16.15000000000000213 ) ) ;
#5514 = VECTOR ( 'NONE', #6242, 1000.000000000000000 ) ;
#5515 = EDGE_CURVE ( 'NONE', #2349, #5792, #4965, .T. ) ;
#5516 = UNCERTAINTY_MEASURE_WITH_UNIT (LENGTH_MEASURE( 1.000000000000000082E-05 ), #8039, 'distance_accuracy_value', 'NONE');
#5517 = FILL_AREA_STYLE ('',( #3251 ) ) ;
#5518 = ORIENTED_EDGE ( 'NONE', *, *, #9026, .F. ) ;
#5519 = CARTESIAN_POINT ( 'NONE',  ( -6.049999999999999822, 3.500000000000000444, -8.000000000000001776 ) ) ;
#5520 = DIRECTION ( 'NONE',  ( 0.000000000000000000, 1.000000000000000000, 0.000000000000000000 ) ) ;
#5521 = MECHANICAL_DESIGN_GEOMETRIC_PRESENTATION_REPRESENTATION (  '', ( #3166 ), #6806 ) ;
#5522 = SURFACE_STYLE_FILL_AREA ( #5572 ) ;
#5523 = DIRECTION ( 'NONE',  ( 0.000000000000000000, 1.000000000000000000, 0.000000000000000000 ) ) ;
#5524 = CARTESIAN_POINT ( 'NONE',  ( -5.549999999999998934, 10.69999999999999929, 10.74999999999999645 ) ) ;
#5525 = SURFACE_STYLE_FILL_AREA ( #356 ) ;
#5526 = CARTESIAN_POINT ( 'NONE',  ( -0.06343012666721820070, 18.49999999999999645, -3.177665186323835211 ) ) ;
#5527 =( NAMED_UNIT ( * ) SI_UNIT ( $, .STERADIAN. ) SOLID_ANGLE_UNIT ( ) );
#5528 = CARTESIAN_POINT ( 'NONE',  ( 1.722210408787544500, 15.49999999999999467, -3.625535730866797923 ) ) ;
#5529 = ORIENTED_EDGE ( 'NONE', *, *, #4599, .T. ) ;
#5530 = DIRECTION ( 'NONE',  ( -0.000000000000000000, -1.000000000000000000, -0.000000000000000000 ) ) ;
#5531 = SURFACE_STYLE_FILL_AREA ( #5385 ) ;
#5532 =( NAMED_UNIT ( * ) SI_UNIT ( $, .STERADIAN. ) SOLID_ANGLE_UNIT ( ) );
#5533 = ORIENTED_EDGE ( 'NONE', *, *, #8441, .T. ) ;
#5534 = EDGE_LOOP ( 'NONE', ( #8739, #321, #4787, #7625 ) ) ;
#5535 = CARTESIAN_POINT ( 'NONE',  ( 0.5833158862620616558, 15.49999999999999467, -6.904577891355725860 ) ) ;
#5536 =( LENGTH_UNIT ( ) NAMED_UNIT ( * ) SI_UNIT ( .MILLI., .METRE. ) );
#5537 = EDGE_CURVE ( 'NONE', #7317, #8070, #1499, .T. ) ;
#5538 = PRESENTATION_LAYER_ASSIGNMENT (  '', '', ( #4456 ) ) ;
#5539 = MECHANICAL_DESIGN_GEOMETRIC_PRESENTATION_REPRESENTATION (  '', ( #7111 ), #4133 ) ;
#5540 = DIRECTION ( 'NONE',  ( 1.000000000000000000, 0.000000000000000000, 0.000000000000000000 ) ) ;
#5541 = COLOUR_RGB ( '',0.1058823529411764691, 0.6352941176470587870, 0.9411764705882352811 ) ;
#5542 = CARTESIAN_POINT ( 'NONE',  ( 0.000000000000000000, 15.00000000000000000, 0.8500000000000000888 ) ) ;
#5543 = VERTEX_POINT ( 'NONE', #4953 ) ;
#5544 = AXIS2_PLACEMENT_3D ( 'NONE', #151, #199, #4699 ) ;
#5545 = VECTOR ( 'NONE', #8625, 1000.000000000000000 ) ;
#5546 = ORIENTED_EDGE ( 'NONE', *, *, #4639, .T. ) ;
#5547 =( NAMED_UNIT ( * ) SI_UNIT ( $, .STERADIAN. ) SOLID_ANGLE_UNIT ( ) );
#5548 = CARTESIAN_POINT ( 'NONE',  ( -5.549999999999998934, 11.19999999999999929, 11.24999999999999645 ) ) ;
#5549 = SURFACE_STYLE_USAGE ( .BOTH. , #5595 ) ;
#5550 = EDGE_CURVE ( 'NONE', #918, #7468, #6536, .T. ) ;
#5551 = CIRCLE ( 'NONE', #2422, 1.100000000000000311 ) ;
#5552 = COLOUR_RGB ( '',0.7764705882352941346, 0.7568627450980391913, 0.7372549019607843590 ) ;
#5553 = CYLINDRICAL_SURFACE ( 'NONE', #7869, 0.5000000000000004441 ) ;
#5554 = COLOUR_RGB ( '',1.000000000000000000, 1.000000000000000000, 1.000000000000000000 ) ;
#5555 = DIRECTION ( 'NONE',  ( 0.000000000000000000, 1.000000000000000000, 0.000000000000000000 ) ) ;
#5556 = PRESENTATION_STYLE_ASSIGNMENT (( #9293 ) ) ;
#5557 = ORIENTED_EDGE ( 'NONE', *, *, #8076, .F. ) ;
#5558 = CARTESIAN_POINT ( 'NONE',  ( -6.049999999999999822, 10.71950899118817979, -7.147446085451849562 ) ) ;
#5559 =( NAMED_UNIT ( * ) SI_UNIT ( $, .STERADIAN. ) SOLID_ANGLE_UNIT ( ) );
#5560 = ORIENTED_EDGE ( 'NONE', *, *, #2286, .F. ) ;
#5561 = AXIS2_PLACEMENT_3D ( 'NONE', #9225, #7730, #3929 ) ;
#5562 = EDGE_CURVE ( 'NONE', #7235, #3853, #6705, .T. ) ;
#5563 = AXIS2_PLACEMENT_3D ( 'NONE', #9528, #5048, #9677 ) ;
#5564 = CARTESIAN_POINT ( 'NONE',  ( -7.296957046373735484E-16, 18.49999999999999645, -5.150000000000000355 ) ) ;
#5565 = CARTESIAN_POINT ( 'NONE',  ( -6.049999999999999822, 6.000000000000000000, 16.15000000000000213 ) ) ;
#5566 = FILL_AREA_STYLE_COLOUR ( '', #859 ) ;
#5567 = VECTOR ( 'NONE', #6070, 1000.000000000000000 ) ;
#5568 = EDGE_LOOP ( 'NONE', ( #988, #2947, #9618, #1199 ) ) ;
#5569 = SURFACE_SIDE_STYLE ('',( #4296 ) ) ;
#5570 = DIRECTION ( 'NONE',  ( 0.000000000000000000, 0.000000000000000000, -1.000000000000000000 ) ) ;
#5571 =( GEOMETRIC_REPRESENTATION_CONTEXT ( 3 ) GLOBAL_UNCERTAINTY_ASSIGNED_CONTEXT ( ( #2503 ) ) GLOBAL_UNIT_ASSIGNED_CONTEXT ( ( #2013, #2759, #642 ) ) REPRESENTATION_CONTEXT ( 'NONE', 'WORKASPACE' ) );
#5572 = FILL_AREA_STYLE ('',( #7192 ) ) ;
#5573 = UNCERTAINTY_MEASURE_WITH_UNIT (LENGTH_MEASURE( 1.000000000000000082E-05 ), #2278, 'distance_accuracy_value', 'NONE');
#5574 = EDGE_CURVE ( 'NONE', #8040, #2880, #7934, .T. ) ;
#5575 = FILL_AREA_STYLE_COLOUR ( '', #251 ) ;
#5576 = COLOUR_RGB ( '',0.1058823529411764691, 0.6352941176470587870, 0.9411764705882352811 ) ;
#5577 = DIRECTION ( 'NONE',  ( 1.000000000000000000, 0.000000000000000000, 0.000000000000000000 ) ) ;
#5578 = AXIS2_PLACEMENT_3D ( 'NONE', #3617, #5971, #17 ) ;
#5579 = FACE_OUTER_BOUND ( 'NONE', #4472, .T. ) ;
#5580 =( LENGTH_UNIT ( ) NAMED_UNIT ( * ) SI_UNIT ( .MILLI., .METRE. ) );
#5581 = CARTESIAN_POINT ( 'NONE',  ( 6.049999999999999822, 10.77979715384018000, -6.740992251468752805 ) ) ;
#5582 = PRESENTATION_STYLE_ASSIGNMENT (( #4074 ) ) ;
#5583 = VERTEX_POINT ( 'NONE', #1248 ) ;
#5584 = VERTEX_POINT ( 'NONE', #511 ) ;
#5585 = AXIS2_PLACEMENT_3D ( 'NONE', #9061, #5501, #3989 ) ;
#5586 = DIRECTION ( 'NONE',  ( 0.000000000000000000, 1.000000000000000000, 0.000000000000000000 ) ) ;
#5587 = AXIS2_PLACEMENT_3D ( 'NONE', #8474, #4749, #1642 ) ;
#5588 = UNCERTAINTY_MEASURE_WITH_UNIT (LENGTH_MEASURE( 1.000000000000000082E-05 ), #5764, 'distance_accuracy_value', 'NONE');
#5589 =( GEOMETRIC_REPRESENTATION_CONTEXT ( 3 ) GLOBAL_UNCERTAINTY_ASSIGNED_CONTEXT ( ( #279 ) ) GLOBAL_UNIT_ASSIGNED_CONTEXT ( ( #3329, #5594, #1314 ) ) REPRESENTATION_CONTEXT ( 'NONE', 'WORKASPACE' ) );
#5590 = ORIENTED_EDGE ( 'NONE', *, *, #5231, .F. ) ;
#5591 = EDGE_CURVE ( 'NONE', #4673, #6419, #363, .T. ) ;
#5592 = ORIENTED_EDGE ( 'NONE', *, *, #108, .T. ) ;
#5593 = COLOUR_RGB ( '',0.1058823529411764691, 0.6352941176470587870, 0.9411764705882352811 ) ;
#5594 =( NAMED_UNIT ( * ) PLANE_ANGLE_UNIT ( ) SI_UNIT ( $, .RADIAN. ) );
#5595 = SURFACE_SIDE_STYLE ('',( #9286 ) ) ;
#5596 =( GEOMETRIC_REPRESENTATION_CONTEXT ( 3 ) GLOBAL_UNCERTAINTY_ASSIGNED_CONTEXT ( ( #4644 ) ) GLOBAL_UNIT_ASSIGNED_CONTEXT ( ( #7976, #1052, #506 ) ) REPRESENTATION_CONTEXT ( 'NONE', 'WORKASPACE' ) );
#5597 =( NAMED_UNIT ( * ) PLANE_ANGLE_UNIT ( ) SI_UNIT ( $, .RADIAN. ) );
#5598 =( NAMED_UNIT ( * ) PLANE_ANGLE_UNIT ( ) SI_UNIT ( $, .RADIAN. ) );
#5599 = DIRECTION ( 'NONE',  ( -0.000000000000000000, -1.000000000000000000, -0.000000000000000000 ) ) ;
#5600 = FILL_AREA_STYLE_COLOUR ( '', #2264 ) ;
#5601 = ADVANCED_FACE ( 'NONE', ( #1979 ), #565, .T. ) ;
#5602 = ORIENTED_EDGE ( 'NONE', *, *, #276, .T. ) ;
#5603 = EDGE_CURVE ( 'NONE', #3932, #778, #4018, .T. ) ;
#5604 = SPHERICAL_SURFACE ( 'NONE', #4862, 0.5000000000000000000 ) ;
#5605 = MECHANICAL_DESIGN_GEOMETRIC_PRESENTATION_REPRESENTATION (  '', ( #8732 ), #8900 ) ;
#5606 = ORIENTED_EDGE ( 'NONE', *, *, #1611, .F. ) ;
#5607 = VECTOR ( 'NONE', #4230, 1000.000000000000000 ) ;
#5608 = STYLED_ITEM ( 'NONE', ( #5712 ), #1581 ) ;
#5609 = CARTESIAN_POINT ( 'NONE',  ( -1.391500612822435645, 15.49999999999999467, -6.981318116689391395 ) ) ;
#5610 = CIRCLE ( 'NONE', #6253, 1.849000000000000199 ) ;
#5611 = ORIENTED_EDGE ( 'NONE', *, *, #781, .T. ) ;
#5612 = PLANE ( 'NONE',  #7594 ) ;
#5613 = LINE ( 'NONE', #4889, #7010 ) ;
#5614 = ORIENTED_EDGE ( 'NONE', *, *, #8076, .T. ) ;
#5615 = ADVANCED_FACE ( 'NONE', ( #8816 ), #3363, .T. ) ;
#5616 = SURFACE_STYLE_FILL_AREA ( #159 ) ;
#5617 = CIRCLE ( 'NONE', #1540, 2.299999999999998490 ) ;
#5618 = SURFACE_SIDE_STYLE ('',( #3352 ) ) ;
#5619 = UNCERTAINTY_MEASURE_WITH_UNIT (LENGTH_MEASURE( 1.000000000000000082E-05 ), #6621, 'distance_accuracy_value', 'NONE');
#5620 = PRESENTATION_LAYER_ASSIGNMENT (  '', '', ( #123 ) ) ;
#5621 = DIRECTION ( 'NONE',  ( 0.000000000000000000, 1.000000000000000000, 0.000000000000000000 ) ) ;
#5622 = PRESENTATION_LAYER_ASSIGNMENT (  '', '', ( #7653 ) ) ;
#5623 = FILL_AREA_STYLE ('',( #1142 ) ) ;
#5624 =( LENGTH_UNIT ( ) NAMED_UNIT ( * ) SI_UNIT ( .MILLI., .METRE. ) );
#5625 = FILL_AREA_STYLE_COLOUR ( '', #3996 ) ;
#5626 = EDGE_CURVE ( 'NONE', #9066, #5994, #5121, .T. ) ;
#5627 = SURFACE_SIDE_STYLE ('',( #4902 ) ) ;
#5628 = FILL_AREA_STYLE ('',( #1798 ) ) ;
#5629 = FILL_AREA_STYLE ('',( #5009 ) ) ;
#5630 = STYLED_ITEM ( 'NONE', ( #3061 ), #764 ) ;
#5631 = VECTOR ( 'NONE', #244, 1000.000000000000000 ) ;
#5632 = ORIENTED_EDGE ( 'NONE', *, *, #191, .F. ) ;
#5633 = FACE_OUTER_BOUND ( 'NONE', #7073, .T. ) ;
#5634 = FILL_AREA_STYLE ('',( #1984 ) ) ;
#5635 = COLOUR_RGB ( '',0.1058823529411764691, 0.6352941176470587870, 0.9411764705882352811 ) ;
#5636 = EDGE_CURVE ( 'NONE', #9602, #2408, #753, .T. ) ;
#5637 = ORIENTED_EDGE ( 'NONE', *, *, #8285, .F. ) ;
#5638 = UNCERTAINTY_MEASURE_WITH_UNIT (LENGTH_MEASURE( 1.000000000000000082E-05 ), #5337, 'distance_accuracy_value', 'NONE');
#5639 = ORIENTED_EDGE ( 'NONE', *, *, #8821, .F. ) ;
#5640 = VECTOR ( 'NONE', #9170, 1000.000000000000000 ) ;
#5641 = CARTESIAN_POINT ( 'NONE',  ( 1.722210408787565816, 18.49999999999999645, -6.674464269133179251 ) ) ;
#5642 = CARTESIAN_POINT ( 'NONE',  ( 1.388025943102831450, 18.49999999999999645, -6.552680284128033605 ) ) ;
#5643 = SURFACE_STYLE_FILL_AREA ( #1719 ) ;
#5644 =( GEOMETRIC_REPRESENTATION_CONTEXT ( 3 ) GLOBAL_UNCERTAINTY_ASSIGNED_CONTEXT ( ( #7838 ) ) GLOBAL_UNIT_ASSIGNED_CONTEXT ( ( #295, #6354, #9353 ) ) REPRESENTATION_CONTEXT ( 'NONE', 'WORKASPACE' ) );
#5645 = CARTESIAN_POINT ( 'NONE',  ( -1.570717672133123077, 11.05512212865756894, -11.25000000000016342 ) ) ;
#5646 = ORIENTED_EDGE ( 'NONE', *, *, #5562, .F. ) ;
#5647 = MECHANICAL_DESIGN_GEOMETRIC_PRESENTATION_REPRESENTATION (  '', ( #7071 ), #8787 ) ;
#5648 = VERTEX_POINT ( 'NONE', #1446 ) ;
#5649 = MECHANICAL_DESIGN_GEOMETRIC_PRESENTATION_REPRESENTATION (  '', ( #4409 ), #6455 ) ;
#5650 = CARTESIAN_POINT ( 'NONE',  ( -0.06343012666719076431, 15.49999999999999467, -7.122334813676165055 ) ) ;
#5651 = COLOUR_RGB ( '',0.1058823529411764691, 0.6352941176470587870, 0.9411764705882352811 ) ;
#5652 = AXIS2_PLACEMENT_3D ( 'NONE', #9018, #4510, #9733 ) ;
#5653 = SURFACE_SIDE_STYLE ('',( #300 ) ) ;
#5654 = PRESENTATION_STYLE_ASSIGNMENT (( #5433 ) ) ;
#5655 = EDGE_CURVE ( 'NONE', #2694, #8462, #6069, .T. ) ;
#5656 = ORIENTED_EDGE ( 'NONE', *, *, #3036, .F. ) ;
#5657 = CARTESIAN_POINT ( 'NONE',  ( -7.296957046373735484E-16, 15.49999999999999467, -5.150000000000000355 ) ) ;
#5658 = SURFACE_STYLE_FILL_AREA ( #7919 ) ;
#5659 = ORIENTED_EDGE ( 'NONE', *, *, #9290, .T. ) ;
#5660 = CARTESIAN_POINT ( 'NONE',  ( 5.049999999999998934, 9.199999999999999289, -10.25000000000000178 ) ) ;
#5661 =( NAMED_UNIT ( * ) SI_UNIT ( $, .STERADIAN. ) SOLID_ANGLE_UNIT ( ) );
#5662 = UNCERTAINTY_MEASURE_WITH_UNIT (LENGTH_MEASURE( 1.000000000000000082E-05 ), #8577, 'distance_accuracy_value', 'NONE');
#5663 =( GEOMETRIC_REPRESENTATION_CONTEXT ( 3 ) GLOBAL_UNCERTAINTY_ASSIGNED_CONTEXT ( ( #7574 ) ) GLOBAL_UNIT_ASSIGNED_CONTEXT ( ( #9458, #8699, #7863 ) ) REPRESENTATION_CONTEXT ( 'NONE', 'WORKASPACE' ) );
#5664 = VERTEX_POINT ( 'NONE', #2770 ) ;
#5665 = PRESENTATION_STYLE_ASSIGNMENT (( #8527 ) ) ;
#5666 = EDGE_CURVE ( 'NONE', #9529, #6130, #6049, .T. ) ;
#5667 = PRESENTATION_STYLE_ASSIGNMENT (( #1793 ) ) ;
#5668 = DIRECTION ( 'NONE',  ( 0.000000000000000000, 0.000000000000000000, 1.000000000000000000 ) ) ;
#5669 = ORIENTED_EDGE ( 'NONE', *, *, #2318, .F. ) ;
#5670 = PRESENTATION_LAYER_ASSIGNMENT (  '', '', ( #3159 ) ) ;
#5671 = LINE ( 'NONE', #9270, #4771 ) ;
#5672 = CARTESIAN_POINT ( 'NONE',  ( 6.049999999999999822, 11.19999999999999929, 11.24999999999999645 ) ) ;
#5673 = ORIENTED_EDGE ( 'NONE', *, *, #5368, .F. ) ;
#5674 = AXIS2_PLACEMENT_3D ( 'NONE', #3965, #3156, #1643 ) ;
#5675 = EDGE_CURVE ( 'NONE', #1709, #6419, #2917, .T. ) ;
#5676 = CARTESIAN_POINT ( 'NONE',  ( -7.296957046373735484E-16, 15.49999999999999467, -5.150000000000000355 ) ) ;
#5677 = SURFACE_STYLE_FILL_AREA ( #2625 ) ;
#5678 = SURFACE_STYLE_FILL_AREA ( #9142 ) ;
#5679 = EDGE_LOOP ( 'NONE', ( #8648, #283, #6211, #2529 ) ) ;
#5680 =( NAMED_UNIT ( * ) PLANE_ANGLE_UNIT ( ) SI_UNIT ( $, .RADIAN. ) );
#5681 = ORIENTED_EDGE ( 'NONE', *, *, #7343, .F. ) ;
#5682 = DIRECTION ( 'NONE',  ( -0.000000000000000000, 1.000000000000000000, 0.000000000000000000 ) ) ;
#5683 = SURFACE_STYLE_USAGE ( .BOTH. , #1948 ) ;
#5684 = ADVANCED_FACE ( 'NONE', ( #9067 ), #1394, .F. ) ;
#5685 = AXIS2_PLACEMENT_3D ( 'NONE', #5408, #4782, #291 ) ;
#5686 = DIRECTION ( 'NONE',  ( 0.000000000000000000, 0.000000000000000000, 1.000000000000000000 ) ) ;
#5687 = CARTESIAN_POINT ( 'NONE',  ( -1.930184350831132489, 15.49999999999999467, -3.899244879360234783 ) ) ;
#5688 = COLOUR_RGB ( '',0.7764705882352941346, 0.7568627450980391913, 0.7372549019607843590 ) ;
#5689 = PRODUCT_DEFINITION ( 'UNKNOWN', '', #1583, #6836 ) ;
#5690 = FACE_OUTER_BOUND ( 'NONE', #4528, .T. ) ;
#5691 = CIRCLE ( 'NONE', #6981, 0.8399999999999999689 ) ;
#5692 = CARTESIAN_POINT ( 'NONE',  ( -2.123244439153906704, 11.19999999999999929, -10.81803786656247190 ) ) ;
#5693 = ORIENTED_EDGE ( 'NONE', *, *, #4373, .T. ) ;
#5694 = FILL_AREA_STYLE ('',( #1274 ) ) ;
#5695 =( LENGTH_UNIT ( ) NAMED_UNIT ( * ) SI_UNIT ( .MILLI., .METRE. ) );
#5696 =( GEOMETRIC_REPRESENTATION_CONTEXT ( 3 ) GLOBAL_UNCERTAINTY_ASSIGNED_CONTEXT ( ( #5491 ) ) GLOBAL_UNIT_ASSIGNED_CONTEXT ( ( #1932, #6482, #2670 ) ) REPRESENTATION_CONTEXT ( 'NONE', 'WORKASPACE' ) );
#5697 = ORIENTED_EDGE ( 'NONE', *, *, #2261, .F. ) ;
#5698 = SURFACE_STYLE_USAGE ( .BOTH. , #4983 ) ;
#5699 = VECTOR ( 'NONE', #6549, 1000.000000000000000 ) ;
#5700 = CIRCLE ( 'NONE', #3187, 2.299999999999998046 ) ;
#5701 = MECHANICAL_DESIGN_GEOMETRIC_PRESENTATION_REPRESENTATION (  '', ( #7278 ), #6510 ) ;
#5702 =( NAMED_UNIT ( * ) PLANE_ANGLE_UNIT ( ) SI_UNIT ( $, .RADIAN. ) );
#5703 = LINE ( 'NONE', #8847, #2865 ) ;
#5704 = ORIENTED_EDGE ( 'NONE', *, *, #2080, .T. ) ;
#5705 = CARTESIAN_POINT ( 'NONE',  ( 0.000000000000000000, -7.074999999999997513, -10.25000000000000178 ) ) ;
#5706 = SURFACE_STYLE_USAGE ( .BOTH. , #5813 ) ;
#5707 = VERTEX_POINT ( 'NONE', #4549 ) ;
#5708 =( NAMED_UNIT ( * ) SI_UNIT ( $, .STERADIAN. ) SOLID_ANGLE_UNIT ( ) );
#5709 = DIRECTION ( 'NONE',  ( 0.000000000000000000, 0.000000000000000000, 1.000000000000000000 ) ) ;
#5710 = STYLED_ITEM ( 'NONE', ( #2782 ), #3348 ) ;
#5711 =( GEOMETRIC_REPRESENTATION_CONTEXT ( 3 ) GLOBAL_UNCERTAINTY_ASSIGNED_CONTEXT ( ( #2605 ) ) GLOBAL_UNIT_ASSIGNED_CONTEXT ( ( #7683, #3121, #1799 ) ) REPRESENTATION_CONTEXT ( 'NONE', 'WORKASPACE' ) );
#5712 = PRESENTATION_STYLE_ASSIGNMENT (( #9416 ) ) ;
#5713 = ADVANCED_FACE ( 'NONE', ( #6016 ), #6631, .F. ) ;
#5714 = SURFACE_SIDE_STYLE ('',( #5819 ) ) ;
#5715 =( NAMED_UNIT ( * ) PLANE_ANGLE_UNIT ( ) SI_UNIT ( $, .RADIAN. ) );
#5716 = CARTESIAN_POINT ( 'NONE',  ( 0.5000000000000002220, -7.074999999999997513, -10.25000000000000178 ) ) ;
#5717 = SURFACE_STYLE_FILL_AREA ( #8575 ) ;
#5718 = FILL_AREA_STYLE_COLOUR ( '', #5299 ) ;
#5719 = AXIS2_PLACEMENT_3D ( 'NONE', #7879, #4161, #3414 ) ;
#5720 = VECTOR ( 'NONE', #4938, 1000.000000000000000 ) ;
#5721 = PRESENTATION_STYLE_ASSIGNMENT (( #3514 ) ) ;
#5722 = FILL_AREA_STYLE_COLOUR ( '', #3356 ) ;
#5723 = CARTESIAN_POINT ( 'NONE',  ( -1.295030796935197959, 15.49999999999999467, -6.638967169952849190 ) ) ;
#5724 = MECHANICAL_DESIGN_GEOMETRIC_PRESENTATION_REPRESENTATION (  '', ( #4324 ), #1327 ) ;
#5725 = ORIENTED_EDGE ( 'NONE', *, *, #4599, .F. ) ;
#5726 = DIRECTION ( 'NONE',  ( 0.000000000000000000, 0.000000000000000000, 1.000000000000000000 ) ) ;
#5727 = DIRECTION ( 'NONE',  ( 0.000000000000000000, 1.000000000000000000, 0.000000000000000000 ) ) ;
#5728 = DIRECTION ( 'NONE',  ( -0.000000000000000000, 1.000000000000000000, -0.000000000000000000 ) ) ;
#5729 = PRESENTATION_STYLE_ASSIGNMENT (( #4361 ) ) ;
#5730 = EDGE_CURVE ( 'NONE', #2640, #8728, #7619, .T. ) ;
#5731 = VERTEX_POINT ( 'NONE', #6115 ) ;
#5732 =( NAMED_UNIT ( * ) PLANE_ANGLE_UNIT ( ) SI_UNIT ( $, .RADIAN. ) );
#5733 = DIRECTION ( 'NONE',  ( 0.000000000000000000, -1.000000000000000000, 0.000000000000000000 ) ) ;
#5734 = SURFACE_SIDE_STYLE ('',( #1852 ) ) ;
#5735 = CARTESIAN_POINT ( 'NONE',  ( 6.049999999999999822, 11.19999999999999929, -10.75000000000000000 ) ) ;
#5736 = PRESENTATION_LAYER_ASSIGNMENT (  '', '', ( #1339 ) ) ;
#5737 =( NAMED_UNIT ( * ) SI_UNIT ( $, .STERADIAN. ) SOLID_ANGLE_UNIT ( ) );
#5738 = ORIENTED_EDGE ( 'NONE', *, *, #6496, .T. ) ;
#5739 = EDGE_CURVE ( 'NONE', #6656, #1485, #5423, .T. ) ;
#5740 = FILL_AREA_STYLE ('',( #2094 ) ) ;
#5741 = UNCERTAINTY_MEASURE_WITH_UNIT (LENGTH_MEASURE( 1.000000000000000082E-05 ), #6914, 'distance_accuracy_value', 'NONE');
#5742 = ORIENTED_EDGE ( 'NONE', *, *, #6030, .F. ) ;
#5743 = CARTESIAN_POINT ( 'NONE',  ( -7.296957046373735484E-16, 28.49999999999999645, -5.150000000000000355 ) ) ;
#5744 = SURFACE_STYLE_FILL_AREA ( #7355 ) ;
#5745 = AXIS2_PLACEMENT_3D ( 'NONE', #8391, #2493, #3832 ) ;
#5746 =( GEOMETRIC_REPRESENTATION_CONTEXT ( 3 ) GLOBAL_UNCERTAINTY_ASSIGNED_CONTEXT ( ( #967 ) ) GLOBAL_UNIT_ASSIGNED_CONTEXT ( ( #4847, #552, #5708 ) ) REPRESENTATION_CONTEXT ( 'NONE', 'WORKASPACE' ) );
#5747 = CARTESIAN_POINT ( 'NONE',  ( 1.846399722430719592, 15.49999999999999467, -5.051974161529932061 ) ) ;
#5748 = CARTESIAN_POINT ( 'NONE',  ( 5.549999999999998934, 6.000000000000000000, -15.64999999999999325 ) ) ;
#5749 = CARTESIAN_POINT ( 'NONE',  ( -0.5064307167314677782, 18.49999999999999645, -3.371706174685731749 ) ) ;
#5750 =( NAMED_UNIT ( * ) SI_UNIT ( $, .STERADIAN. ) SOLID_ANGLE_UNIT ( ) );
#5751 = EDGE_LOOP ( 'NONE', ( #8887, #9572, #1566, #4913 ) ) ;
#5752 = EDGE_CURVE ( 'NONE', #8401, #1322, #4797, .T. ) ;
#5753 = PRESENTATION_STYLE_ASSIGNMENT (( #6304 ) ) ;
#5754 = ORIENTED_EDGE ( 'NONE', *, *, #2662, .F. ) ;
#5755 = AXIS2_PLACEMENT_3D ( 'NONE', #8526, #8658, #4110 ) ;
#5756 = VECTOR ( 'NONE', #6933, 1000.000000000000000 ) ;
#5757 = SURFACE_STYLE_FILL_AREA ( #345 ) ;
#5758 =( NAMED_UNIT ( * ) SI_UNIT ( $, .STERADIAN. ) SOLID_ANGLE_UNIT ( ) );
#5759 = EDGE_LOOP ( 'NONE', ( #9565 ) ) ;
#5760 = CYLINDRICAL_SURFACE ( 'NONE', #5265, 0.8399999999999996358 ) ;
#5761 = CIRCLE ( 'NONE', #900, 0.8400000000000005240 ) ;
#5762 = ORIENTED_EDGE ( 'NONE', *, *, #8913, .F. ) ;
#5763 = ADVANCED_FACE ( 'NONE', ( #4064 ), #1044, .T. ) ;
#5764 =( LENGTH_UNIT ( ) NAMED_UNIT ( * ) SI_UNIT ( .MILLI., .METRE. ) );
#5765 = DIRECTION ( 'NONE',  ( 0.000000000000000000, 0.000000000000000000, 1.000000000000000000 ) ) ;
#5766 = ORIENTED_EDGE ( 'NONE', *, *, #1968, .F. ) ;
#5767 = CARTESIAN_POINT ( 'NONE',  ( -6.049999999999998934, 7.792893218813452982, -11.04289321881345387 ) ) ;
#5768 = CIRCLE ( 'NONE', #7037, 0.5000000000000004441 ) ;
#5769 = SURFACE_SIDE_STYLE ('',( #8859 ) ) ;
#5770 = CARTESIAN_POINT ( 'NONE',  ( 0.5999999999999998668, -7.074999999999999289, -11.75000000000000178 ) ) ;
#5771 = CIRCLE ( 'NONE', #1376, 0.8400000000000004130 ) ;
#5772 = CYLINDRICAL_SURFACE ( 'NONE', #2457, 0.8400000000000005240 ) ;
#5773 = LINE ( 'NONE', #462, #9156 ) ;
#5774 = CARTESIAN_POINT ( 'NONE',  ( 6.049999999999999822, 6.000000000000000000, 10.74999999999999467 ) ) ;
#5775 =( LENGTH_UNIT ( ) NAMED_UNIT ( * ) SI_UNIT ( .MILLI., .METRE. ) );
#5776 = VERTEX_POINT ( 'NONE', #5519 ) ;
#5777 = CARTESIAN_POINT ( 'NONE',  ( -7.296957046373735484E-16, 28.49999999999999645, -5.150000000000000355 ) ) ;
#5778 = CARTESIAN_POINT ( 'NONE',  ( -0.5000000000000019984, 8.000000000000000000, 14.82979589711326263 ) ) ;
#5779 = DIRECTION ( 'NONE',  ( 0.000000000000000000, -1.000000000000000000, 0.000000000000000000 ) ) ;
#5780 = AXIS2_PLACEMENT_3D ( 'NONE', #6681, #9629, #609 ) ;
#5781 = ORIENTED_EDGE ( 'NONE', *, *, #798, .T. ) ;
#5782 =( LENGTH_UNIT ( ) NAMED_UNIT ( * ) SI_UNIT ( .MILLI., .METRE. ) );
#5783 = CIRCLE ( 'NONE', #3105, 1.849000000000000199 ) ;
#5784 = DIRECTION ( 'NONE',  ( -0.000000000000000000, 0.000000000000000000, 1.000000000000000000 ) ) ;
#5785 = FILL_AREA_STYLE_COLOUR ( '', #1258 ) ;
#5786 = DIRECTION ( 'NONE',  ( 0.000000000000000000, 1.000000000000000000, 0.000000000000000000 ) ) ;
#5787 = EDGE_CURVE ( 'NONE', #4063, #8515, #255, .T. ) ;
#5788 = STYLED_ITEM ( 'NONE', ( #3401 ), #808 ) ;
#5789 = LINE ( 'NONE', #8775, #6580 ) ;
#5790 = VERTEX_POINT ( 'NONE', #4703 ) ;
#5791 = LINE ( 'NONE', #3586, #5935 ) ;
#5792 = VERTEX_POINT ( 'NONE', #3155 ) ;
#5793 = CARTESIAN_POINT ( 'NONE',  ( 0.04022988571096710458, 18.49999999999999645, -3.301437705595053007 ) ) ;
#5794 = DIRECTION ( 'NONE',  ( -1.642476599057391178E-16, 0.000000000000000000, 1.000000000000000000 ) ) ;
#5795 = EDGE_CURVE ( 'NONE', #4430, #7764, #3865, .T. ) ;
#5796 =( NAMED_UNIT ( * ) SI_UNIT ( $, .STERADIAN. ) SOLID_ANGLE_UNIT ( ) );
#5797 = LINE ( 'NONE', #7954, #5699 ) ;
#5798 = SURFACE_SIDE_STYLE ('',( #1953 ) ) ;
#5799 = CARTESIAN_POINT ( 'NONE',  ( -1.391500612822461624, 15.49999999999999467, -3.318681883310627523 ) ) ;
#5800 = VERTEX_POINT ( 'NONE', #6314 ) ;
#5801 = STYLED_ITEM ( 'NONE', ( #8107 ), #1157 ) ;
#5802 = CARTESIAN_POINT ( 'NONE',  ( -6.150000000000000355, -5.749999999999999112, -8.000000000000001776 ) ) ;
#5803 = DIRECTION ( 'NONE',  ( 1.642476599057391178E-16, 0.000000000000000000, -1.000000000000000000 ) ) ;
#5804 = ORIENTED_EDGE ( 'NONE', *, *, #6320, .F. ) ;
#5805 = DIRECTION ( 'NONE',  ( 0.000000000000000000, 0.000000000000000000, -1.000000000000000000 ) ) ;
#5806 = FILL_AREA_STYLE_COLOUR ( '', #4142 ) ;
#5807 = FACE_OUTER_BOUND ( 'NONE', #2192, .T. ) ;
#5808 = EDGE_CURVE ( 'NONE', #4796, #3109, #9159, .T. ) ;
#5809 = MECHANICAL_DESIGN_GEOMETRIC_PRESENTATION_REPRESENTATION (  '', ( #2817 ), #4839 ) ;
#5810 = MECHANICAL_DESIGN_GEOMETRIC_PRESENTATION_REPRESENTATION (  '', ( #8782 ), #5696 ) ;
#5811 = EDGE_LOOP ( 'NONE', ( #7663, #4887, #4196, #5267 ) ) ;
#5812 = CIRCLE ( 'NONE', #3456, 1.100000000000000311 ) ;
#5813 = SURFACE_SIDE_STYLE ('',( #5658 ) ) ;
#5814 = ORIENTED_EDGE ( 'NONE', *, *, #662, .T. ) ;
#5815 = CARTESIAN_POINT ( 'NONE',  ( -7.296957046373735484E-16, 28.49999999999999645, -5.150000000000000355 ) ) ;
#5816 =( NAMED_UNIT ( * ) PLANE_ANGLE_UNIT ( ) SI_UNIT ( $, .RADIAN. ) );
#5817 = VERTEX_POINT ( 'NONE', #9112 ) ;
#5818 = DIRECTION ( 'NONE',  ( -0.000000000000000000, 1.000000000000000000, -0.000000000000000000 ) ) ;
#5819 = SURFACE_STYLE_FILL_AREA ( #9418 ) ;
#5820 = DIRECTION ( 'NONE',  ( 0.000000000000000000, 0.000000000000000000, -1.000000000000000000 ) ) ;
#5821 = AXIS2_PLACEMENT_3D ( 'NONE', #9433, #8721, #3674 ) ;
#5822 = FACE_OUTER_BOUND ( 'NONE', #5469, .T. ) ;
#5823 = COLOUR_RGB ( '',0.1058823529411764691, 0.6352941176470587870, 0.9411764705882352811 ) ;
#5824 = EDGE_CURVE ( 'NONE', #5879, #8750, #7307, .T. ) ;
#5825 = DIRECTION ( 'NONE',  ( 0.000000000000000000, 0.000000000000000000, -1.000000000000000000 ) ) ;
#5826 = DIRECTION ( 'NONE',  ( 0.2947551744109047633, 0.000000000000000000, -0.9555728057861405667 ) ) ;
#5827 = ADVANCED_FACE ( 'NONE', ( #3918 ), #2431, .T. ) ;
#5828 = ORIENTED_EDGE ( 'NONE', *, *, #5219, .T. ) ;
#5829 = AXIS2_PLACEMENT_3D ( 'NONE', #2892, #2841, #2749 ) ;
#5830 = VECTOR ( 'NONE', #3164, 1000.000000000000000 ) ;
#5831 = DIRECTION ( 'NONE',  ( -0.000000000000000000, 1.000000000000000000, 0.000000000000000000 ) ) ;
#5832 = ORIENTED_EDGE ( 'NONE', *, *, #3722, .T. ) ;
#5833 = DIRECTION ( 'NONE',  ( 0.000000000000000000, 1.000000000000000000, 0.000000000000000000 ) ) ;
#5834 = DIRECTION ( 'NONE',  ( 1.000000000000000000, 0.000000000000000000, 0.000000000000000000 ) ) ;
#5835 =( LENGTH_UNIT ( ) NAMED_UNIT ( * ) SI_UNIT ( .MILLI., .METRE. ) );
#5836 = VECTOR ( 'NONE', #7996, 1000.000000000000000 ) ;
#5837 = LINE ( 'NONE', #5161, #7344 ) ;
#5838 = VERTEX_POINT ( 'NONE', #6468 ) ;
#5839 = CARTESIAN_POINT ( 'NONE',  ( -7.296957046373735484E-16, 15.49999999999999467, -5.150000000000000355 ) ) ;
#5840 = UNCERTAINTY_MEASURE_WITH_UNIT (LENGTH_MEASURE( 1.000000000000000082E-05 ), #7266, 'distance_accuracy_value', 'NONE');
#5841 = VERTEX_POINT ( 'NONE', #4891 ) ;
#5842 = CIRCLE ( 'NONE', #4596, 1.849000000000000199 ) ;
#5843 = EDGE_CURVE ( 'NONE', #8262, #667, #5908, .T. ) ;
#5844 = CARTESIAN_POINT ( 'NONE',  ( 5.842893218813452805, 8.000000000000000000, -11.25000000000000178 ) ) ;
#5845 = ORIENTED_EDGE ( 'NONE', *, *, #7193, .F. ) ;
#5846 =( LENGTH_UNIT ( ) NAMED_UNIT ( * ) SI_UNIT ( .MILLI., .METRE. ) );
#5847 = ORIENTED_EDGE ( 'NONE', *, *, #828, .F. ) ;
#5848 = ADVANCED_FACE ( 'NONE', ( #2015, #1135 ), #2764, .T. ) ;
#5849 = DIRECTION ( 'NONE',  ( -0.000000000000000000, 1.000000000000000000, -0.000000000000000000 ) ) ;
#5850 = FILL_AREA_STYLE ('',( #9611 ) ) ;
#5851 =( GEOMETRIC_REPRESENTATION_CONTEXT ( 3 ) GLOBAL_UNCERTAINTY_ASSIGNED_CONTEXT ( ( #7645 ) ) GLOBAL_UNIT_ASSIGNED_CONTEXT ( ( #7629, #9021, #6218 ) ) REPRESENTATION_CONTEXT ( 'NONE', 'WORKASPACE' ) );
#5852 = CIRCLE ( 'NONE', #2708, 2.299999999999998046 ) ;
#5853 = ORIENTED_EDGE ( 'NONE', *, *, #1104, .F. ) ;
#5854 = AXIS2_PLACEMENT_3D ( 'NONE', #4372, #9590, #434 ) ;
#5855 = MECHANICAL_DESIGN_GEOMETRIC_PRESENTATION_REPRESENTATION (  '', ( #8674 ), #9152 ) ;
#5856 = DIRECTION ( 'NONE',  ( -1.000000000000000000, -0.000000000000000000, 0.000000000000000000 ) ) ;
#5857 = ORIENTED_EDGE ( 'NONE', *, *, #8063, .F. ) ;
#5858 = CARTESIAN_POINT ( 'NONE',  ( 1.502485414192142432, 15.49999999999999467, -6.429322312143376017 ) ) ;
#5859 =( NAMED_UNIT ( * ) SI_UNIT ( $, .STERADIAN. ) SOLID_ANGLE_UNIT ( ) );
#5861 = EDGE_LOOP ( 'NONE', ( #1059, #7374, #4391, #2170, #5269, #6114, #800, #2788 ) ) ;
#5860 =( GEOMETRIC_REPRESENTATION_CONTEXT ( 3 ) GLOBAL_UNCERTAINTY_ASSIGNED_CONTEXT ( ( #8951 ) ) GLOBAL_UNIT_ASSIGNED_CONTEXT ( ( #5624, #7243, #8621 ) ) REPRESENTATION_CONTEXT ( 'NONE', 'WORKASPACE' ) );
#5862 = ADVANCED_FACE ( 'NONE', ( #406 ), #3400, .F. ) ;
#5863 = PRESENTATION_LAYER_ASSIGNMENT (  '', '', ( #831 ) ) ;
#5864 = CARTESIAN_POINT ( 'NONE',  ( -7.296957046373735484E-16, 18.49999999999999645, -5.150000000000000355 ) ) ;
#5865 = CARTESIAN_POINT ( 'NONE',  ( -1.000000000000000000, 6.000000000000000000, 16.15000000000000213 ) ) ;
#5866 = MECHANICAL_DESIGN_GEOMETRIC_PRESENTATION_REPRESENTATION (  '', ( #2092 ), #6676 ) ;
#5867 = AXIS2_PLACEMENT_3D ( 'NONE', #2037, #5784, #5834 ) ;
#5868 = CARTESIAN_POINT ( 'NONE',  ( -6.049999999999999822, 7.500000000000000000, -16.14999999999999503 ) ) ;
#5869 = FILL_AREA_STYLE_COLOUR ( '', #1937 ) ;
#5870 = AXIS2_PLACEMENT_3D ( 'NONE', #5212, #1459, #2348 ) ;
#5871 = SURFACE_STYLE_FILL_AREA ( #509 ) ;
#5872 = EDGE_LOOP ( 'NONE', ( #5141, #1675, #7115 ) ) ;
#5873 = STYLED_ITEM ( 'NONE', ( #1298 ), #7091 ) ;
#5874 = CIRCLE ( 'NONE', #3043, 0.5000000000000003331 ) ;
#5875 = SURFACE_SIDE_STYLE ('',( #3619 ) ) ;
#5876 = CARTESIAN_POINT ( 'NONE',  ( 6.049999999999999822, 7.500000000000000000, 15.65000000000000036 ) ) ;
#5877 = CARTESIAN_POINT ( 'NONE',  ( -6.050000000000000711, 11.08160810058623191, -5.544446237487707485 ) ) ;
#5878 = EDGE_CURVE ( 'NONE', #918, #2880, #5432, .T. ) ;
#5879 = VERTEX_POINT ( 'NONE', #8068 ) ;
#5880 = LINE ( 'NONE', #118, #7784 ) ;
#5881 = AXIS2_PLACEMENT_3D ( 'NONE', #1887, #8665, #1931 ) ;
#5882 = DIRECTION ( 'NONE',  ( 0.4338837391175525693, 0.000000000000000000, 0.9009688679024218105 ) ) ;
#5883 = SURFACE_STYLE_FILL_AREA ( #7348 ) ;
#5884 = CARTESIAN_POINT ( 'NONE',  ( 2.265654786039946522, 18.49999999999999645, -4.754009608078336946 ) ) ;
#5885 = CARTESIAN_POINT ( 'NONE',  ( -0.3699492767353659839, 10.96175793319875780, -11.25000000000000178 ) ) ;
#5886 = CARTESIAN_POINT ( 'NONE',  ( -7.296957046373735484E-16, 15.49999999999999467, -5.150000000000000355 ) ) ;
#5887 = ORIENTED_EDGE ( 'NONE', *, *, #7720, .F. ) ;
#5888 = CARTESIAN_POINT ( 'NONE',  ( -7.296957046373735484E-16, 15.49999999999999467, -5.150000000000000355 ) ) ;
#5889 = AXIS2_PLACEMENT_3D ( 'NONE', #3829, #174, #2400 ) ;
#5890 = VERTEX_POINT ( 'NONE', #8212 ) ;
#5891 = COLOUR_RGB ( '',0.1058823529411764691, 0.6352941176470587870, 0.9411764705882352811 ) ;
#5892 = CARTESIAN_POINT ( 'NONE',  ( 0.04022988571099352095, 15.49999999999999467, -6.998562294404946371 ) ) ;
#5893 = DIRECTION ( 'NONE',  ( 0.000000000000000000, 0.000000000000000000, 1.000000000000000000 ) ) ;
#5894 = COLOUR_RGB ( '',0.1058823529411764691, 0.6352941176470587870, 0.9411764705882352811 ) ;
#5895 = CARTESIAN_POINT ( 'NONE',  ( -5.549999999999998934, 7.500000000000000000, 16.15000000000000213 ) ) ;
#5896 = MECHANICAL_DESIGN_GEOMETRIC_PRESENTATION_REPRESENTATION (  '', ( #4816 ), #3861 ) ;
#5897 = COLOUR_RGB ( '',0.1058823529411764691, 0.6352941176470587870, 0.9411764705882352811 ) ;
#5898 = EDGE_CURVE ( 'NONE', #7468, #6130, #5280, .T. ) ;
#5899 = CYLINDRICAL_SURFACE ( 'NONE', #703, 0.5000000000000004441 ) ;
#5900 = DIRECTION ( 'NONE',  ( 0.000000000000000000, -1.734723475976807094E-15, 1.000000000000000000 ) ) ;
#5901 = DIRECTION ( 'NONE',  ( 0.6801727377709154698, 0.000000000000000000, 0.7330518718298300040 ) ) ;
#5902 = VERTEX_POINT ( 'NONE', #598 ) ;
#5903 = LINE ( 'NONE', #589, #8623 ) ;
#5904 = DIRECTION ( 'NONE',  ( 0.9972037971811803514, 0.000000000000000000, -0.07473009358642103417 ) ) ;
#5905 = ORIENTED_EDGE ( 'NONE', *, *, #2436, .F. ) ;
#5906 = CARTESIAN_POINT ( 'NONE',  ( -6.150000000000000355, 1.500000000000000444, -8.000000000000001776 ) ) ;
#5907 = MECHANICAL_DESIGN_GEOMETRIC_PRESENTATION_REPRESENTATION (  '', ( #5431 ), #9695 ) ;
#5908 = CIRCLE ( 'NONE', #2911, 0.8400000000000000799 ) ;
#5909 = FACE_OUTER_BOUND ( 'NONE', #5439, .T. ) ;
#5910 = EDGE_CURVE ( 'NONE', #5130, #9602, #1509, .T. ) ;
#5911 = ADVANCED_FACE ( 'NONE', ( #2903 ), #2999, .T. ) ;
#5912 = VERTEX_POINT ( 'NONE', #5089 ) ;
#5913 = SURFACE_STYLE_FILL_AREA ( #2701 ) ;
#5914 = LINE ( 'NONE', #6722, #716 ) ;
#5915 = EDGE_LOOP ( 'NONE', ( #1655, #1703, #7299 ) ) ;
#5916 = SURFACE_STYLE_FILL_AREA ( #4346 ) ;
#5917 = FACE_OUTER_BOUND ( 'NONE', #1292, .T. ) ;
#5918 = MECHANICAL_DESIGN_GEOMETRIC_PRESENTATION_REPRESENTATION (  '', ( #5145 ), #8421 ) ;
#5919 = ORIENTED_EDGE ( 'NONE', *, *, #9624, .F. ) ;
#5920 = FACE_OUTER_BOUND ( 'NONE', #1445, .T. ) ;
#5921 = CARTESIAN_POINT ( 'NONE',  ( -7.296957046373735484E-16, 15.49999999999999467, -5.150000000000000355 ) ) ;
#5922 = CIRCLE ( 'NONE', #7630, 0.5000000000000004441 ) ;
#5923 = ADVANCED_FACE ( 'NONE', ( #8117 ), #790, .T. ) ;
#5924 = SURFACE_SIDE_STYLE ('',( #8712 ) ) ;
#5925 = VERTEX_POINT ( 'NONE', #893 ) ;
#5926 = CARTESIAN_POINT ( 'NONE',  ( 5.549999999999998934, -10.69999999999999929, 0.000000000000000000 ) ) ;
#5927 = MECHANICAL_DESIGN_GEOMETRIC_PRESENTATION_REPRESENTATION (  '', ( #5608 ), #6566 ) ;
#5928 = SURFACE_STYLE_FILL_AREA ( #1250 ) ;
#5929 = SURFACE_SIDE_STYLE ('',( #2918 ) ) ;
#5930 = MECHANICAL_DESIGN_GEOMETRIC_PRESENTATION_REPRESENTATION (  '', ( #1684 ), #1210 ) ;
#5931 = VERTEX_POINT ( 'NONE', #147 ) ;
#5932 = DIRECTION ( 'NONE',  ( 1.000000000000000000, 0.000000000000000000, 0.000000000000000000 ) ) ;
#5933 = STYLED_ITEM ( 'NONE', ( #7219 ), #163 ) ;
#5934 = DIRECTION ( 'NONE',  ( 0.000000000000000000, 0.000000000000000000, 1.000000000000000000 ) ) ;
#5935 = VECTOR ( 'NONE', #6644, 1000.000000000000000 ) ;
#5936 = PRESENTATION_STYLE_ASSIGNMENT (( #1985 ) ) ;
#5937 = DIRECTION ( 'NONE',  ( 0.000000000000000000, 1.000000000000000000, 0.000000000000000000 ) ) ;
#5938 = EDGE_CURVE ( 'NONE', #9582, #4648, #3908, .T. ) ;
#5939 = SURFACE_STYLE_USAGE ( .BOTH. , #7497 ) ;
#5940 = STYLED_ITEM ( 'NONE', ( #122 ), #262 ) ;
#5941 = CARTESIAN_POINT ( 'NONE',  ( 0.2019828582015921470, 10.98121313213106198, -11.25000000000000178 ) ) ;
#5942 =( NAMED_UNIT ( * ) PLANE_ANGLE_UNIT ( ) SI_UNIT ( $, .RADIAN. ) );
#5943 = VERTEX_POINT ( 'NONE', #3854 ) ;
#5944 = SURFACE_SIDE_STYLE ('',( #6926 ) ) ;
#5945 = ORIENTED_EDGE ( 'NONE', *, *, #7909, .F. ) ;
#5946 = CARTESIAN_POINT ( 'NONE',  ( 1.000000000000000000, 7.500000000000000000, 16.15000000000000213 ) ) ;
#5947 = CIRCLE ( 'NONE', #9076, 0.5000000000000004441 ) ;
#5948 = EDGE_CURVE ( 'NONE', #2044, #3001, #9250, .T. ) ;
#5949 = MECHANICAL_DESIGN_GEOMETRIC_PRESENTATION_REPRESENTATION (  '', ( #5172 ), #1220 ) ;
#5950 = SURFACE_SIDE_STYLE ('',( #133 ) ) ;
#5951 =( LENGTH_UNIT ( ) NAMED_UNIT ( * ) SI_UNIT ( .MILLI., .METRE. ) );
#5952 = ORIENTED_EDGE ( 'NONE', *, *, #6856, .F. ) ;
#5953 = CARTESIAN_POINT ( 'NONE',  ( 0.2357333623994096738, 15.49999999999999467, -3.316088665760563714 ) ) ;
#5954 = ORIENTED_EDGE ( 'NONE', *, *, #9241, .T. ) ;
#5955 = SURFACE_STYLE_FILL_AREA ( #1525 ) ;
#5956 =( GEOMETRIC_REPRESENTATION_CONTEXT ( 3 ) GLOBAL_UNCERTAINTY_ASSIGNED_CONTEXT ( ( #7894 ) ) GLOBAL_UNIT_ASSIGNED_CONTEXT ( ( #5140, #2765, #1239 ) ) REPRESENTATION_CONTEXT ( 'NONE', 'WORKASPACE' ) );
#5957 = DIRECTION ( 'NONE',  ( 0.000000000000000000, 1.000000000000000000, 0.000000000000000000 ) ) ;
#5958 = CARTESIAN_POINT ( 'NONE',  ( -6.050000000000001599, 11.19999999999999929, -5.150000000000000355 ) ) ;
#5959 = VERTEX_POINT ( 'NONE', #103 ) ;
#5960 = CARTESIAN_POINT ( 'NONE',  ( -6.049999999999999822, 3.500000000000000444, -10.00000000000000178 ) ) ;
#5961 = SURFACE_SIDE_STYLE ('',( #9052 ) ) ;
#5962 = EDGE_LOOP ( 'NONE', ( #8609 ) ) ;
#5963 =( NAMED_UNIT ( * ) PLANE_ANGLE_UNIT ( ) SI_UNIT ( $, .RADIAN. ) );
#5964 = VERTEX_POINT ( 'NONE', #6151 ) ;
#5965 = EDGE_CURVE ( 'NONE', #5776, #2551, #6869, .T. ) ;
#5966 = COLOUR_RGB ( '',0.4941176470588235503, 0.3058823529411764941, 0.000000000000000000 ) ;
#5967 = SURFACE_STYLE_USAGE ( .BOTH. , #5330 ) ;
#5968 = DIRECTION ( 'NONE',  ( -0.7818314824680221431, 0.000000000000000000, -0.6234898018587431423 ) ) ;
#5969 = FILL_AREA_STYLE_COLOUR ( '', #5109 ) ;
#5970 = ORIENTED_EDGE ( 'NONE', *, *, #1002, .F. ) ;
#5971 = DIRECTION ( 'NONE',  ( -1.000000000000000000, 0.000000000000000000, 1.642476599057395862E-16 ) ) ;
#5972 = DIRECTION ( 'NONE',  ( 0.000000000000000000, 0.000000000000000000, -1.000000000000000000 ) ) ;
#5973 = DIRECTION ( 'NONE',  ( 0.000000000000000000, 0.000000000000000000, 1.000000000000000000 ) ) ;
#5974 = FILL_AREA_STYLE ('',( #657 ) ) ;
#5975 = MECHANICAL_DESIGN_GEOMETRIC_PRESENTATION_REPRESENTATION (  '', ( #4732 ), #5040 ) ;
#5976 = CARTESIAN_POINT ( 'NONE',  ( -6.049999999999998046, 11.19999999999999929, -5.150000000000000355 ) ) ;
#5977 = STYLED_ITEM ( 'NONE', ( #3887 ), #8883 ) ;
#5978 = EDGE_CURVE ( 'NONE', #776, #1134, #7679, .T. ) ;
#5979 = CYLINDRICAL_SURFACE ( 'NONE', #9123, 0.8400000000000005240 ) ;
#5980 = SURFACE_STYLE_USAGE ( .BOTH. , #8688 ) ;
#5981 =( GEOMETRIC_REPRESENTATION_CONTEXT ( 3 ) GLOBAL_UNCERTAINTY_ASSIGNED_CONTEXT ( ( #8375 ) ) GLOBAL_UNIT_ASSIGNED_CONTEXT ( ( #4870, #3428, #6399 ) ) REPRESENTATION_CONTEXT ( 'NONE', 'WORKASPACE' ) );
#5982 = CARTESIAN_POINT ( 'NONE',  ( 6.049999999999999822, 7.500000000000000000, 0.000000000000000000 ) ) ;
#5983 = CARTESIAN_POINT ( 'NONE',  ( -0.1862108383503508213, 11.09708792324715709, -11.25000000000033040 ) ) ;
#5984 = VERTEX_POINT ( 'NONE', #7661 ) ;
#5985 =( LENGTH_UNIT ( ) NAMED_UNIT ( * ) SI_UNIT ( .MILLI., .METRE. ) );
#5986 = ORIENTED_EDGE ( 'NONE', *, *, #4961, .F. ) ;
#5987 = EDGE_CURVE ( 'NONE', #1666, #6685, #4740, .T. ) ;
#5988 = CARTESIAN_POINT ( 'NONE',  ( -6.150000000000000355, -7.749999999999999112, 8.000000000000000000 ) ) ;
#5989 = CARTESIAN_POINT ( 'NONE',  ( -5.549999999999998934, 5.500000000000000888, -15.64999999999999325 ) ) ;
#5990 = CARTESIAN_POINT ( 'NONE',  ( -1.908769730993870928, 15.49999999999999467, -5.650725585774879711 ) ) ;
#5991 = CIRCLE ( 'NONE', #2389, 6.049999999999999822 ) ;
#5992 = ORIENTED_EDGE ( 'NONE', *, *, #1495, .F. ) ;
#5993 = CARTESIAN_POINT ( 'NONE',  ( 1.521674108054143382, 10.76021839269624891, -11.25000000000000355 ) ) ;
#5994 = VERTEX_POINT ( 'NONE', #7615 ) ;
#5995 = EDGE_CURVE ( 'NONE', #3827, #5543, #5323, .T. ) ;
#5996 = MECHANICAL_DESIGN_GEOMETRIC_PRESENTATION_REPRESENTATION (  '', ( #9289 ), #4261 ) ;
#5997 = EDGE_CURVE ( 'NONE', #8298, #1632, #8516, .T. ) ;
#5998 =( NAMED_UNIT ( * ) SI_UNIT ( $, .STERADIAN. ) SOLID_ANGLE_UNIT ( ) );
#5999 = UNCERTAINTY_MEASURE_WITH_UNIT (LENGTH_MEASURE( 1.000000000000000082E-05 ), #747, 'distance_accuracy_value', 'NONE');
#6000 = ORIENTED_EDGE ( 'NONE', *, *, #5626, .T. ) ;
#6001 = LINE ( 'NONE', #786, #3260 ) ;
#6002 = DIRECTION ( 'NONE',  ( -0.000000000000000000, 1.000000000000000000, -0.000000000000000000 ) ) ;
#6003 = VERTEX_POINT ( 'NONE', #5412 ) ;
#6004 = ORIENTED_EDGE ( 'NONE', *, *, #4291, .T. ) ;
#6005 = UNCERTAINTY_MEASURE_WITH_UNIT (LENGTH_MEASURE( 1.000000000000000082E-05 ), #4682, 'distance_accuracy_value', 'NONE');
#6006 = CYLINDRICAL_SURFACE ( 'NONE', #5585, 0.8400000000000000799 ) ;
#6007 = AXIS2_PLACEMENT_3D ( 'NONE', #2022, #8024, #2909 ) ;
#6008 = SURFACE_STYLE_USAGE ( .BOTH. , #7620 ) ;
#6009 = MECHANICAL_DESIGN_GEOMETRIC_PRESENTATION_REPRESENTATION (  '', ( #4448 ), #3019 ) ;
#6010 = DIRECTION ( 'NONE',  ( -1.000000000000000000, -0.000000000000000000, -0.000000000000000000 ) ) ;
#6011 = FACE_OUTER_BOUND ( 'NONE', #6357, .T. ) ;
#6012 = CIRCLE ( 'NONE', #1776, 0.5000000000000004441 ) ;
#6013 = CYLINDRICAL_SURFACE ( 'NONE', #6382, 1.848999999999999977 ) ;
#6014 = EDGE_CURVE ( 'NONE', #5800, #5912, #604, .T. ) ;
#6015 = VERTEX_POINT ( 'NONE', #1771 ) ;
#6016 = FACE_OUTER_BOUND ( 'NONE', #6773, .T. ) ;
#6017 = CIRCLE ( 'NONE', #8372, 0.8399999999999996358 ) ;
#6018 = CARTESIAN_POINT ( 'NONE',  ( -1.100000000000000089, -7.074999999999999289, -11.75000000000000178 ) ) ;
#6019 = MECHANICAL_DESIGN_GEOMETRIC_PRESENTATION_REPRESENTATION (  '', ( #353 ), #2256 ) ;
#6020 = STYLED_ITEM ( 'NONE', ( #6442 ), #2010 ) ;
#6021 = UNCERTAINTY_MEASURE_WITH_UNIT (LENGTH_MEASURE( 1.000000000000000082E-05 ), #2087, 'distance_accuracy_value', 'NONE');
#6022 = SURFACE_STYLE_USAGE ( .BOTH. , #6119 ) ;
#6023 = CARTESIAN_POINT ( 'NONE',  ( -6.150000000000000355, 1.500000000000001332, -10.00000000000000178 ) ) ;
#6024 = SURFACE_STYLE_FILL_AREA ( #1557 ) ;
#6025 = CARTESIAN_POINT ( 'NONE',  ( -0.06343012666719076431, 15.49999999999999467, -7.122334813676165055 ) ) ;
#6026 = LINE ( 'NONE', #1997, #6750 ) ;
#6027 = STYLED_ITEM ( 'NONE', ( #2870 ), #3380 ) ;
#6028 = AXIS2_PLACEMENT_3D ( 'NONE', #3286, #8557, #5457 ) ;
#6029 =( LENGTH_UNIT ( ) NAMED_UNIT ( * ) SI_UNIT ( .MILLI., .METRE. ) );
#6030 = EDGE_CURVE ( 'NONE', #8750, #4890, #6476, .T. ) ;
#6031 = CARTESIAN_POINT ( 'NONE',  ( -0.2312395857285642065, 15.49999999999999467, -3.190240766777691750 ) ) ;
#6032 = FILL_AREA_STYLE_COLOUR ( '', #1005 ) ;
#6033 = AXIS2_PLACEMENT_3D ( 'NONE', #2091, #8093, #763 ) ;
#6034 = EDGE_LOOP ( 'NONE', ( #4478, #3265, #8086, #2466 ) ) ;
#6035 = VECTOR ( 'NONE', #9165, 1000.000000000000000 ) ;
#6036 = VERTEX_POINT ( 'NONE', #939 ) ;
#6037 = CARTESIAN_POINT ( 'NONE',  ( 6.049999999999999822, 10.77957578592375221, -3.557784549701709320 ) ) ;
#6038 = DIRECTION ( 'NONE',  ( 0.000000000000000000, 1.000000000000000000, -0.000000000000000000 ) ) ;
#6039 = FILL_AREA_STYLE ('',( #1706 ) ) ;
#6040 = MECHANICAL_DESIGN_GEOMETRIC_PRESENTATION_REPRESENTATION (  '', ( #1015 ), #3052 ) ;
#6041 = EDGE_CURVE ( 'NONE', #4096, #1426, #839, .T. ) ;
#6042 = COLOUR_RGB ( '',0.1058823529411764691, 0.6352941176470587870, 0.9411764705882352811 ) ;
#6043 = ORIENTED_EDGE ( 'NONE', *, *, #1312, .F. ) ;
#6044 = CARTESIAN_POINT ( 'NONE',  ( 1.901991183335872915, 10.69999999999999751, -11.25000000000000178 ) ) ;
#6045 = EDGE_LOOP ( 'NONE', ( #5438, #8945, #7809, #1898 ) ) ;
#6046 = UNCERTAINTY_MEASURE_WITH_UNIT (LENGTH_MEASURE( 1.000000000000000082E-05 ), #1769, 'distance_accuracy_value', 'NONE');
#6047 = SURFACE_SIDE_STYLE ('',( #6904 ) ) ;
#6048 = SURFACE_STYLE_FILL_AREA ( #3948 ) ;
#6049 = CIRCLE ( 'NONE', #1809, 0.5000000000000004441 ) ;
#6050 = CARTESIAN_POINT ( 'NONE',  ( -6.049999999999999822, 10.96227110830066742, -4.359542550205392608 ) ) ;
#6051 = EDGE_CURVE ( 'NONE', #8960, #9685, #9434, .T. ) ;
#6052 =( LENGTH_UNIT ( ) NAMED_UNIT ( * ) SI_UNIT ( .MILLI., .METRE. ) );
#6053 = VECTOR ( 'NONE', #550, 1000.000000000000000 ) ;
#6054 = FILL_AREA_STYLE_COLOUR ( '', #2555 ) ;
#6055 = PRESENTATION_STYLE_ASSIGNMENT (( #9098 ) ) ;
#6056 = ORIENTED_EDGE ( 'NONE', *, *, #6793, .T. ) ;
#6057 = CARTESIAN_POINT ( 'NONE',  ( -7.296957046373735484E-16, 18.49999999999999645, -5.150000000000000355 ) ) ;
#6058 = FILL_AREA_STYLE_COLOUR ( '', #2011 ) ;
#6059 = VERTEX_POINT ( 'NONE', #9100 ) ;
#6060 = AXIS2_PLACEMENT_3D ( 'NONE', #9285, #2540, #234 ) ;
#6061 = CARTESIAN_POINT ( 'NONE',  ( -7.296957046373735484E-16, 15.49999999999999645, -5.150000000000000355 ) ) ;
#6062 = PRESENTATION_LAYER_ASSIGNMENT (  '', '', ( #8097 ) ) ;
#6063 = DIRECTION ( 'NONE',  ( 0.000000000000000000, 1.000000000000000000, -0.000000000000000000 ) ) ;
#6064 = PRESENTATION_STYLE_ASSIGNMENT (( #6008 ) ) ;
#6065 = PRESENTATION_LAYER_ASSIGNMENT (  '', '', ( #2451 ) ) ;
#6066 = EDGE_CURVE ( 'NONE', #4078, #9338, #150, .T. ) ;
#6067 =( NAMED_UNIT ( * ) PLANE_ANGLE_UNIT ( ) SI_UNIT ( $, .RADIAN. ) );
#6068 = EDGE_LOOP ( 'NONE', ( #7669, #3790, #7501, #1330 ) ) ;
#6069 = LINE ( 'NONE', #4454, #2907 ) ;
#6070 = DIRECTION ( 'NONE',  ( 1.000000000000000000, 0.000000000000000000, 0.000000000000000000 ) ) ;
#6071 = CIRCLE ( 'NONE', #1828, 0.5000000000000004441 ) ;
#6072 = DIRECTION ( 'NONE',  ( 0.000000000000000000, 0.000000000000000000, -1.000000000000000000 ) ) ;
#6073 = FACE_OUTER_BOUND ( 'NONE', #6995, .T. ) ;
#6074 = VECTOR ( 'NONE', #1738, 1000.000000000000000 ) ;
#6075 = FACE_OUTER_BOUND ( 'NONE', #8492, .T. ) ;
#6076 = SURFACE_STYLE_USAGE ( .BOTH. , #69 ) ;
#6077 = DIRECTION ( 'NONE',  ( 0.000000000000000000, -1.000000000000000000, 0.000000000000000000 ) ) ;
#6078 = DIRECTION ( 'NONE',  ( -0.000000000000000000, 1.000000000000000000, -0.000000000000000000 ) ) ;
#6079 =( NAMED_UNIT ( * ) SI_UNIT ( $, .STERADIAN. ) SOLID_ANGLE_UNIT ( ) );
#6080 = AXIS2_PLACEMENT_3D ( 'NONE', #9092, #883, #2317 ) ;
#6081 = DIRECTION ( 'NONE',  ( -1.000000000000000000, 0.000000000000000000, 0.000000000000000000 ) ) ;
#6082 = ORIENTED_EDGE ( 'NONE', *, *, #9415, .F. ) ;
#6083 = VERTEX_POINT ( 'NONE', #192 ) ;
#6084 =( NAMED_UNIT ( * ) SI_UNIT ( $, .STERADIAN. ) SOLID_ANGLE_UNIT ( ) );
#6085 = AXIS2_PLACEMENT_3D ( 'NONE', #8777, #2043, #5065 ) ;
#6086 = ADVANCED_FACE ( 'NONE', ( #7706 ), #4554, .T. ) ;
#6087 = AXIS2_PLACEMENT_3D ( 'NONE', #830, #6097, #8948 ) ;
#6088 = UNCERTAINTY_MEASURE_WITH_UNIT (LENGTH_MEASURE( 1.000000000000000082E-05 ), #1050, 'distance_accuracy_value', 'NONE');
#6089 = VECTOR ( 'NONE', #2323, 1000.000000000000000 ) ;
#6090 = SURFACE_STYLE_USAGE ( .BOTH. , #2259 ) ;
#6091 = ORIENTED_EDGE ( 'NONE', *, *, #7002, .T. ) ;
#6092 = CARTESIAN_POINT ( 'NONE',  ( 2.289650628371054708, 10.69999999999999929, -11.25000000000000178 ) ) ;
#6093 = ORIENTED_EDGE ( 'NONE', *, *, #7360, .T. ) ;
#6094 = LINE ( 'NONE', #3136, #7743 ) ;
#6095 = STYLED_ITEM ( 'NONE', ( #4963 ), #474 ) ;
#6096 = ADVANCED_FACE ( 'NONE', ( #8560 ), #4978, .T. ) ;
#6097 = DIRECTION ( 'NONE',  ( 0.000000000000000000, 1.000000000000000000, 0.000000000000000000 ) ) ;
#6098 = UNCERTAINTY_MEASURE_WITH_UNIT (LENGTH_MEASURE( 1.000000000000000082E-05 ), #7323, 'distance_accuracy_value', 'NONE');
#6099 = CARTESIAN_POINT ( 'NONE',  ( 5.549999999999998934, 5.500000000000000888, -11.25000000000000178 ) ) ;
#6100 = LINE ( 'NONE', #5277, #8124 ) ;
#6101 = CARTESIAN_POINT ( 'NONE',  ( 5.694942117872481724, 11.19999999949835967, -7.201856971875882252 ) ) ;
#6102 = ORIENTED_EDGE ( 'NONE', *, *, #9179, .F. ) ;
#6103 = DIRECTION ( 'NONE',  ( 0.000000000000000000, 1.000000000000000000, 0.000000000000000000 ) ) ;
#6104 = VECTOR ( 'NONE', #6261, 1000.000000000000000 ) ;
#6105 = LINE ( 'NONE', #6726, #3119 ) ;
#6106 = AXIS2_PLACEMENT_3D ( 'NONE', #5815, #3147, #4649 ) ;
#6107 = ORIENTED_EDGE ( 'NONE', *, *, #570, .T. ) ;
#6108 = EDGE_CURVE ( 'NONE', #8692, #7317, #4234, .T. ) ;
#6109 = LINE ( 'NONE', #3959, #522 ) ;
#6110 = MECHANICAL_DESIGN_GEOMETRIC_PRESENTATION_REPRESENTATION (  '', ( #4235 ), #9747 ) ;
#6111 =( NAMED_UNIT ( * ) SI_UNIT ( $, .STERADIAN. ) SOLID_ANGLE_UNIT ( ) );
#6112 = FILL_AREA_STYLE ('',( #3763 ) ) ;
#6113 = PRESENTATION_STYLE_ASSIGNMENT (( #1444 ) ) ;
#6114 = ORIENTED_EDGE ( 'NONE', *, *, #8206, .F. ) ;
#6115 = CARTESIAN_POINT ( 'NONE',  ( -1.420181275598378035, 18.49999999999999645, -6.334012729847009027 ) ) ;
#6116 = DIRECTION ( 'NONE',  ( 0.000000000000000000, 0.000000000000000000, -1.000000000000000000 ) ) ;
#6117 = CIRCLE ( 'NONE', #5028, 0.5000000000000004441 ) ;
#6118 = UNCERTAINTY_MEASURE_WITH_UNIT (LENGTH_MEASURE( 1.000000000000000082E-05 ), #8294, 'distance_accuracy_value', 'NONE');
#6119 = SURFACE_SIDE_STYLE ('',( #68 ) ) ;
#6120 = EDGE_CURVE ( 'NONE', #3522, #1212, #5027, .T. ) ;
#6121 = DIRECTION ( 'NONE',  ( -0.000000000000000000, -0.000000000000000000, 1.000000000000000000 ) ) ;
#6122 = CARTESIAN_POINT ( 'NONE',  ( 1.103014898469150573, 16.99999999999999289, -7.168256211127586042 ) ) ;
#6123 = ADVANCED_FACE ( 'NONE', ( #6129 ), #6889, .T. ) ;
#6124 = LINE ( 'NONE', #6170, #4451 ) ;
#6125 = VECTOR ( 'NONE', #9146, 1000.000000000000000 ) ;
#6126 = PRESENTATION_LAYER_ASSIGNMENT (  '', '', ( #4880 ) ) ;
#6127 = LINE ( 'NONE', #4811, #5399 ) ;
#6128 = AXIS2_PLACEMENT_3D ( 'NONE', #3429, #3331, #5686 ) ;
#6129 = FACE_OUTER_BOUND ( 'NONE', #4930, .T. ) ;
#6130 = VERTEX_POINT ( 'NONE', #4331 ) ;
#6131 = ORIENTED_EDGE ( 'NONE', *, *, #4020, .T. ) ;
#6132 = SURFACE_STYLE_FILL_AREA ( #8849 ) ;
#6133 = SURFACE_STYLE_USAGE ( .BOTH. , #3176 ) ;
#6134 = AXIS2_PLACEMENT_3D ( 'NONE', #1806, #5540, #1854 ) ;
#6135 = PRESENTATION_STYLE_ASSIGNMENT (( #8247 ) ) ;
#6136 = ORIENTED_EDGE ( 'NONE', *, *, #6672, .F. ) ;
#6137 = ADVANCED_FACE ( 'NONE', ( #7318 ), #1273, .T. ) ;
#6138 = DIRECTION ( 'NONE',  ( 0.000000000000000000, 0.000000000000000000, 1.000000000000000000 ) ) ;
#6139 = ORIENTED_EDGE ( 'NONE', *, *, #7710, .T. ) ;
#6140 = UNCERTAINTY_MEASURE_WITH_UNIT (LENGTH_MEASURE( 1.000000000000000082E-05 ), #8876, 'distance_accuracy_value', 'NONE');
#6141 = AXIS2_PLACEMENT_3D ( 'NONE', #6025, #9022, #5250 ) ;
#6142 = DIRECTION ( 'NONE',  ( 0.000000000000000000, 1.000000000000000000, 0.000000000000000000 ) ) ;
#6143 = FILL_AREA_STYLE ('',( #1866 ) ) ;
#6144 = DIRECTION ( 'NONE',  ( -1.000000000000000000, -0.000000000000000000, -0.000000000000000000 ) ) ;
#6145 = VECTOR ( 'NONE', #5586, 1000.000000000000000 ) ;
#6146 = PRESENTATION_STYLE_ASSIGNMENT (( #9713 ) ) ;
#6147 = DIRECTION ( 'NONE',  ( 0.000000000000000000, 0.000000000000000000, -1.000000000000000000 ) ) ;
#6148 = FILL_AREA_STYLE ('',( #7857 ) ) ;
#6149 = VERTEX_POINT ( 'NONE', #2055 ) ;
#6150 = EDGE_CURVE ( 'NONE', #4673, #1572, #7270, .T. ) ;
#6151 = CARTESIAN_POINT ( 'NONE',  ( 1.793262986480893773, 18.49999999999999645, -4.699434953289069128 ) ) ;
#6152 = ORIENTED_EDGE ( 'NONE', *, *, #8133, .F. ) ;
#6153 = FACE_OUTER_BOUND ( 'NONE', #7065, .T. ) ;
#6154 = COLOUR_RGB ( '',0.7764705882352941346, 0.7568627450980391913, 0.7372549019607843590 ) ;
#6155 = CARTESIAN_POINT ( 'NONE',  ( 0.5000000000000027756, -11.20000000000000107, 14.82979589711326440 ) ) ;
#6156 =( GEOMETRIC_REPRESENTATION_CONTEXT ( 3 ) GLOBAL_UNCERTAINTY_ASSIGNED_CONTEXT ( ( #6005 ) ) GLOBAL_UNIT_ASSIGNED_CONTEXT ( ( #4682, #4482, #5547 ) ) REPRESENTATION_CONTEXT ( 'NONE', 'WORKASPACE' ) );
#6157 = DIRECTION ( 'NONE',  ( 0.000000000000000000, 0.000000000000000000, 1.000000000000000000 ) ) ;
#6158 = LINE ( 'NONE', #6828, #699 ) ;
#6159 = EDGE_LOOP ( 'NONE', ( #2816, #5639, #1237, #1261 ) ) ;
#6160 = ADVANCED_FACE ( 'NONE', ( #9554 ), #8054, .T. ) ;
#6161 =( LENGTH_UNIT ( ) NAMED_UNIT ( * ) SI_UNIT ( .MILLI., .METRE. ) );
#6162 = DIRECTION ( 'NONE',  ( 0.000000000000000000, 0.000000000000000000, 1.000000000000000000 ) ) ;
#6163 = DIRECTION ( 'NONE',  ( -1.000000000000000000, 0.000000000000000000, 0.000000000000000000 ) ) ;
#6164 = AXIS2_PLACEMENT_3D ( 'NONE', #2539, #4866, #4826 ) ;
#6165 = SURFACE_STYLE_USAGE ( .BOTH. , #8327 ) ;
#6166 = FILL_AREA_STYLE ('',( #7631 ) ) ;
#6167 = LINE ( 'NONE', #2525, #3889 ) ;
#6168 = CIRCLE ( 'NONE', #7723, 0.8400000000000004130 ) ;
#6169 = VECTOR ( 'NONE', #1440, 1000.000000000000000 ) ;
#6170 = CARTESIAN_POINT ( 'NONE',  ( -6.150000000000000355, -7.749999999999999112, -10.00000000000000178 ) ) ;
#6171 = STYLED_ITEM ( 'NONE', ( #4668 ), #8509 ) ;
#6172 = DIRECTION ( 'NONE',  ( 0.000000000000000000, 1.000000000000000000, 0.000000000000000000 ) ) ;
#6173 = DIRECTION ( 'NONE',  ( 0.000000000000000000, 0.000000000000000000, 1.000000000000000000 ) ) ;
#6174 = CIRCLE ( 'NONE', #42, 2.299999999999998046 ) ;
#6175 = CARTESIAN_POINT ( 'NONE',  ( 6.049999999999999822, 10.69999999999999929, -5.150000000000000355 ) ) ;
#6176 = SURFACE_SIDE_STYLE ('',( #267 ) ) ;
#6177 = CARTESIAN_POINT ( 'NONE',  ( 1.000000000000000000, -11.20000000000000107, 15.65000000000000036 ) ) ;
#6178 = ORIENTED_EDGE ( 'NONE', *, *, #3710, .T. ) ;
#6179 = VERTEX_POINT ( 'NONE', #7731 ) ;
#6180 = STYLED_ITEM ( 'NONE', ( #9578 ), #5203 ) ;
#6181 = FACE_OUTER_BOUND ( 'NONE', #866, .T. ) ;
#6182 = PRESENTATION_LAYER_ASSIGNMENT (  '', '', ( #4783 ) ) ;
#6183 = CARTESIAN_POINT ( 'NONE',  ( 0.000000000000000000, -7.074999999999997513, -11.75000000000000178 ) ) ;
#6184 =( NAMED_UNIT ( * ) PLANE_ANGLE_UNIT ( ) SI_UNIT ( $, .RADIAN. ) );
#6185 = UNCERTAINTY_MEASURE_WITH_UNIT (LENGTH_MEASURE( 1.000000000000000082E-05 ), #8044, 'distance_accuracy_value', 'NONE');
#6186 = EDGE_CURVE ( 'NONE', #7353, #5036, #1087, .T. ) ;
#6187 = PRESENTATION_LAYER_ASSIGNMENT (  '', '', ( #8060 ) ) ;
#6188 = ORIENTED_EDGE ( 'NONE', *, *, #5824, .T. ) ;
#6189 = SURFACE_STYLE_FILL_AREA ( #6234 ) ;
#6190 = STYLED_ITEM ( 'NONE', ( #3615 ), #2074 ) ;
#6191 = VERTEX_POINT ( 'NONE', #1012 ) ;
#6192 = B_SPLINE_CURVE_WITH_KNOTS ( 'NONE', 3,
 ( #5070, #6702, #2933, #5217, #8194, #8047, #9497, #1467 ),
 .UNSPECIFIED., .F., .F.,
 ( 4, 2, 2, 4 ),
 ( 0.000000000000000000, 0.0006149605320156904071, 0.001229921064031380814, 0.002459842128062762930 ),
 .UNSPECIFIED. ) ;
#6193 = DIRECTION ( 'NONE',  ( 0.000000000000000000, 0.000000000000000000, 1.000000000000000000 ) ) ;
#6194 = STYLED_ITEM ( 'NONE', ( #5008 ), #8009 ) ;
#6195 = CARTESIAN_POINT ( 'NONE',  ( -7.296957046373735484E-16, 18.49999999999999645, -5.150000000000000355 ) ) ;
#6196 = CARTESIAN_POINT ( 'NONE',  ( -1.000000000000000000, 6.000000000000000000, -16.14999999999999503 ) ) ;
#6197 = DIRECTION ( 'NONE',  ( 0.000000000000000000, -0.000000000000000000, 1.000000000000000000 ) ) ;
#6198 = DIRECTION ( 'NONE',  ( 0.000000000000000000, 1.000000000000000000, 0.000000000000000000 ) ) ;
#6199 = ORIENTED_EDGE ( 'NONE', *, *, #5032, .F. ) ;
#6200 = SURFACE_SIDE_STYLE ('',( #8357 ) ) ;
#6201 = DIRECTION ( 'NONE',  ( 0.000000000000000000, -0.000000000000000000, 1.000000000000000000 ) ) ;
#6202 = AXIS2_PLACEMENT_3D ( 'NONE', #7483, #750, #3764 ) ;
#6203 = ORIENTED_EDGE ( 'NONE', *, *, #3659, .T. ) ;
#6204 = SURFACE_STYLE_USAGE ( .BOTH. , #3002 ) ;
#6205 = STYLED_ITEM ( 'NONE', ( #2448 ), #2426 ) ;
#6206 = PRESENTATION_LAYER_ASSIGNMENT (  '', '', ( #4324 ) ) ;
#6207 = DIRECTION ( 'NONE',  ( 1.000000000000000000, -0.000000000000000000, 0.000000000000000000 ) ) ;
#6208 = EDGE_CURVE ( 'NONE', #1183, #9390, #9273, .T. ) ;
#6209 = CARTESIAN_POINT ( 'NONE',  ( -5.549999999999998934, 11.19999999999999929, -10.75000000000000000 ) ) ;
#6210 = SURFACE_STYLE_FILL_AREA ( #9364 ) ;
#6211 = ORIENTED_EDGE ( 'NONE', *, *, #2587, .T. ) ;
#6212 = DIRECTION ( 'NONE',  ( 0.000000000000000000, -0.000000000000000000, 1.000000000000000000 ) ) ;
#6213 = FACE_OUTER_BOUND ( 'NONE', #5861, .T. ) ;
#6214 = LINE ( 'NONE', #6925, #3473 ) ;
#6215 = DIRECTION ( 'NONE',  ( 0.000000000000000000, 1.000000000000000000, 0.000000000000000000 ) ) ;
#6216 = MECHANICAL_DESIGN_GEOMETRIC_PRESENTATION_REPRESENTATION (  '', ( #7154 ), #1962 ) ;
#6217 = LINE ( 'NONE', #9218, #9701 ) ;
#6218 =( NAMED_UNIT ( * ) SI_UNIT ( $, .STERADIAN. ) SOLID_ANGLE_UNIT ( ) );
#6219 = CIRCLE ( 'NONE', #1185, 0.8400000000000000799 ) ;
#6220 = ADVANCED_FACE ( 'NONE', ( #7785 ), #917, .T. ) ;
#6221 = DIRECTION ( 'NONE',  ( -0.000000000000000000, -1.000000000000000000, 0.000000000000000000 ) ) ;
#6222 = PRESENTATION_STYLE_ASSIGNMENT (( #1739 ) ) ;
#6223 =( NAMED_UNIT ( * ) SI_UNIT ( $, .STERADIAN. ) SOLID_ANGLE_UNIT ( ) );
#6224 = DIRECTION ( 'NONE',  ( 0.5633200580636229526, 0.000000000000000000, -0.8262387743159942399 ) ) ;
#6225 = MECHANICAL_DESIGN_GEOMETRIC_PRESENTATION_REPRESENTATION (  '', ( #5137 ), #410 ) ;
#6226 = VERTEX_POINT ( 'NONE', #1100 ) ;
#6227 = VERTEX_POINT ( 'NONE', #7064 ) ;
#6228 = CARTESIAN_POINT ( 'NONE',  ( 5.550000000000000711, 11.19999999999999929, -2.741681084241545552 ) ) ;
#6229 = EDGE_CURVE ( 'NONE', #2027, #7601, #8386, .T. ) ;
#6230 =( NAMED_UNIT ( * ) SI_UNIT ( $, .STERADIAN. ) SOLID_ANGLE_UNIT ( ) );
#6231 =( NAMED_UNIT ( * ) PLANE_ANGLE_UNIT ( ) SI_UNIT ( $, .RADIAN. ) );
#6232 =( LENGTH_UNIT ( ) NAMED_UNIT ( * ) SI_UNIT ( .MILLI., .METRE. ) );
#6233 = ORIENTED_EDGE ( 'NONE', *, *, #1468, .F. ) ;
#6234 = FILL_AREA_STYLE ('',( #3230 ) ) ;
#6235 = CIRCLE ( 'NONE', #4997, 0.5000000000000004441 ) ;
#6236 = ORIENTED_EDGE ( 'NONE', *, *, #879, .F. ) ;
#6237 =( NAMED_UNIT ( * ) SI_UNIT ( $, .STERADIAN. ) SOLID_ANGLE_UNIT ( ) );
#6238 =( NAMED_UNIT ( * ) SI_UNIT ( $, .STERADIAN. ) SOLID_ANGLE_UNIT ( ) );
#6239 = COLOUR_RGB ( '',0.1058823529411764691, 0.6352941176470587870, 0.9411764705882352811 ) ;
#6240 =( BOUNDED_CURVE ( )  B_SPLINE_CURVE ( 3, ( #3165, #7632, #8480, #71 ),
 .UNSPECIFIED., .F., .T. ) 
 B_SPLINE_CURVE_WITH_KNOTS ( ( 4, 4 ),
 ( 4.712388980384689674, 6.283185307179586232 ),
 .UNSPECIFIED. ) 
 CURVE ( )  GEOMETRIC_REPRESENTATION_ITEM ( )  RATIONAL_B_SPLINE_CURVE ( ( 1.000000000000000000, 0.8047378541243649375, 0.8047378541243649375, 1.000000000000000000 ) ) 
 REPRESENTATION_ITEM ( '' )  );
#6241 = FILL_AREA_STYLE ('',( #13 ) ) ;
#6242 = DIRECTION ( 'NONE',  ( -0.000000000000000000, -1.000000000000000000, -0.000000000000000000 ) ) ;
#6243 = EDGE_CURVE ( 'NONE', #2746, #6994, #2478, .T. ) ;
#6244 = CIRCLE ( 'NONE', #9548, 2.299999999999998490 ) ;
#6245 = DIRECTION ( 'NONE',  ( 0.6801727377709155808, 0.000000000000000000, 0.7330518718298300040 ) ) ;
#6246 = SURFACE_SIDE_STYLE ('',( #4179 ) ) ;
#6247 = CARTESIAN_POINT ( 'NONE',  ( -7.296957046373735484E-16, 15.49999999999999467, -5.150000000000000355 ) ) ;
#6248 = PLANE ( 'NONE',  #9005 ) ;
#6249 = DIRECTION ( 'NONE',  ( 0.000000000000000000, 0.000000000000000000, 1.000000000000000000 ) ) ;
#6250 = ORIENTED_EDGE ( 'NONE', *, *, #3577, .T. ) ;
#6251 = DIRECTION ( 'NONE',  ( -0.1490422661761817980, 0.000000000000000000, 0.9888308262251274128 ) ) ;
#6252 = CARTESIAN_POINT ( 'NONE',  ( -6.049999999999999822, 5.500000000000000888, -15.64999999999999325 ) ) ;
#6253 = AXIS2_PLACEMENT_3D ( 'NONE', #9647, #6172, #5123 ) ;
#6254 = ORIENTED_EDGE ( 'NONE', *, *, #386, .T. ) ;
#6255 = VECTOR ( 'NONE', #9456, 1000.000000000000000 ) ;
#6256 = CARTESIAN_POINT ( 'NONE',  ( -5.549999999999998934, 7.500000000000000000, 15.65000000000000036 ) ) ;
#6257 = AXIS2_PLACEMENT_3D ( 'NONE', #599, #3500, #5765 ) ;
#6258 = DIRECTION ( 'NONE',  ( 0.000000000000000000, -1.000000000000000000, 0.000000000000000000 ) ) ;
#6259 = PLANE ( 'NONE',  #4021 ) ;
#6260 = VERTEX_POINT ( 'NONE', #9226 ) ;
#6261 = DIRECTION ( 'NONE',  ( 0.000000000000000000, 1.000000000000000000, 0.000000000000000000 ) ) ;
#6262 = SURFACE_STYLE_USAGE ( .BOTH. , #3256 ) ;
#6263 = DIRECTION ( 'NONE',  ( 0.000000000000000000, 0.000000000000000000, 1.000000000000000000 ) ) ;
#6264 = ADVANCED_FACE ( 'NONE', ( #2486 ), #5483, .T. ) ;
#6265 = UNCERTAINTY_MEASURE_WITH_UNIT (LENGTH_MEASURE( 1.000000000000000082E-05 ), #1640, 'distance_accuracy_value', 'NONE');
#6266 = SURFACE_STYLE_FILL_AREA ( #6929 ) ;
#6267 = CARTESIAN_POINT ( 'NONE',  ( -7.296957046373735484E-16, 28.49999999999999645, -5.150000000000000355 ) ) ;
#6268 = AXIS2_PLACEMENT_3D ( 'NONE', #4347, #645, #7616 ) ;
#6269 = DIRECTION ( 'NONE',  ( 1.000000000000000000, 0.000000000000000000, 0.000000000000000000 ) ) ;
#6270 = DIRECTION ( 'NONE',  ( 0.000000000000000000, 0.000000000000000000, -1.000000000000000000 ) ) ;
#6271 = DIRECTION ( 'NONE',  ( -0.000000000000000000, -0.000000000000000000, 1.000000000000000000 ) ) ;
#6272 = CARTESIAN_POINT ( 'NONE',  ( -1.420181275598377812, 15.49999999999999467, -6.334012729847009027 ) ) ;
#6273 = ORIENTED_EDGE ( 'NONE', *, *, #7634, .F. ) ;
#6274 = EDGE_CURVE ( 'NONE', #3340, #4171, #3521, .T. ) ;
#6275 = ORIENTED_EDGE ( 'NONE', *, *, #9205, .F. ) ;
#6276 = CARTESIAN_POINT ( 'NONE',  ( 6.049999999999999822, 11.19999999999928519, -4.719613146690800676 ) ) ;
#6277 = VECTOR ( 'NONE', #1160, 1000.000000000000000 ) ;
#6278 =( LENGTH_UNIT ( ) NAMED_UNIT ( * ) SI_UNIT ( .MILLI., .METRE. ) );
#6279 =( NAMED_UNIT ( * ) SI_UNIT ( $, .STERADIAN. ) SOLID_ANGLE_UNIT ( ) );
#6280 = UNCERTAINTY_MEASURE_WITH_UNIT (LENGTH_MEASURE( 1.000000000000000082E-05 ), #6760, 'distance_accuracy_value', 'NONE');
#6281 = UNCERTAINTY_MEASURE_WITH_UNIT (LENGTH_MEASURE( 1.000000000000000082E-05 ), #3935, 'distance_accuracy_value', 'NONE');
#6282 = VECTOR ( 'NONE', #4376, 1000.000000000000000 ) ;
#6283 = FILL_AREA_STYLE_COLOUR ( '', #4479 ) ;
#6284 = EDGE_LOOP ( 'NONE', ( #3765, #8580, #1335, #2496 ) ) ;
#6285 = ADVANCED_FACE ( 'NONE', ( #8085 ), #8818, .F. ) ;
#6286 = PRESENTATION_STYLE_ASSIGNMENT (( #380 ) ) ;
#6287 = ORIENTED_EDGE ( 'NONE', *, *, #4961, .T. ) ;
#6288 = MECHANICAL_DESIGN_GEOMETRIC_PRESENTATION_REPRESENTATION (  '', ( #9267 ), #7680 ) ;
#6289 = FILL_AREA_STYLE ('',( #286 ) ) ;
#6290 = CIRCLE ( 'NONE', #2040, 0.5000000000000004441 ) ;
#6291 = MECHANICAL_DESIGN_GEOMETRIC_PRESENTATION_REPRESENTATION (  '', ( #5977 ), #6797 ) ;
#6292 = CARTESIAN_POINT ( 'NONE',  ( 5.549999999999998934, 5.500000000000000888, -15.64999999999999325 ) ) ;
#6293 = FILL_AREA_STYLE ('',( #288 ) ) ;
#6294 =( LENGTH_UNIT ( ) NAMED_UNIT ( * ) SI_UNIT ( .MILLI., .METRE. ) );
#6295 = CYLINDRICAL_SURFACE ( 'NONE', #8191, 0.5000000000000002220 ) ;
#6296 = SURFACE_STYLE_FILL_AREA ( #2416 ) ;
#6297 = LINE ( 'NONE', #3951, #3422 ) ;
#6298 = LINE ( 'NONE', #9196, #6671 ) ;
#6299 = AXIS2_PLACEMENT_3D ( 'NONE', #8896, #6604, #9605 ) ;
#6300 = PRESENTATION_LAYER_ASSIGNMENT (  '', '', ( #6802 ) ) ;
#6301 =( NAMED_UNIT ( * ) PLANE_ANGLE_UNIT ( ) SI_UNIT ( $, .RADIAN. ) );
#6302 = EDGE_LOOP ( 'NONE', ( #202, #8571, #9173, #35 ) ) ;
#6303 = EDGE_CURVE ( 'NONE', #6059, #8484, #4303, .T. ) ;
#6304 = SURFACE_STYLE_USAGE ( .BOTH. , #340 ) ;
#6305 = FILL_AREA_STYLE ('',( #4050 ) ) ;
#6306 = ORIENTED_EDGE ( 'NONE', *, *, #5110, .T. ) ;
#6307 = PRESENTATION_STYLE_ASSIGNMENT (( #299 ) ) ;
#6308 = CIRCLE ( 'NONE', #3640, 0.5000000000000004441 ) ;
#6309 = PRESENTATION_STYLE_ASSIGNMENT (( #3295 ) ) ;
#6310 = DIRECTION ( 'NONE',  ( 0.000000000000000000, 1.000000000000000000, 0.000000000000000000 ) ) ;
#6311 = CARTESIAN_POINT ( 'NONE',  ( -1.859168329040483902, 18.49999999999999645, -5.811529381434284325 ) ) ;
#6312 = CARTESIAN_POINT ( 'NONE',  ( -6.049999999999999822, 7.500000000000000000, 15.65000000000000036 ) ) ;
#6313 = ORIENTED_EDGE ( 'NONE', *, *, #5315, .F. ) ;
#6314 = CARTESIAN_POINT ( 'NONE',  ( -1.840386956182414879, 15.49999999999999467, -5.328260628052380099 ) ) ;
#6315 = CIRCLE ( 'NONE', #2060, 0.8400000000000000799 ) ;
#6316 = FILL_AREA_STYLE_COLOUR ( '', #8274 ) ;
#6317 = SURFACE_STYLE_FILL_AREA ( #1837 ) ;
#6318 = DIRECTION ( 'NONE',  ( 0.5633200580636232857, 0.000000000000000000, -0.8262387743159941289 ) ) ;
#6319 = SURFACE_STYLE_FILL_AREA ( #7061 ) ;
#6320 = EDGE_CURVE ( 'NONE', #8401, #8442, #469, .T. ) ;
#6321 = CARTESIAN_POINT ( 'NONE',  ( 0.3566829148483540157, 15.49999999999999467, -3.209148306422335395 ) ) ;
#6322 = DIRECTION ( 'NONE',  ( 1.000000000000000000, 0.000000000000000000, 0.000000000000000000 ) ) ;
#6323 = FILL_AREA_STYLE ('',( #1847 ) ) ;
#6324 = VERTEX_POINT ( 'NONE', #5010 ) ;
#6325 = EDGE_LOOP ( 'NONE', ( #8412, #8131, #9586, #2042 ) ) ;
#6326 = CARTESIAN_POINT ( 'NONE',  ( 1.625000000000000000, -6.450000000000000178, 16.15099999999999980 ) ) ;
#6327 = DIRECTION ( 'NONE',  ( 0.000000000000000000, 0.000000000000000000, 1.000000000000000000 ) ) ;
#6328 = CIRCLE ( 'NONE', #4613, 0.8399999999999999689 ) ;
#6329 = PLANE ( 'NONE',  #4738 ) ;
#6330 = EDGE_CURVE ( 'NONE', #6527, #9589, #6531, .T. ) ;
#6331 = ADVANCED_FACE ( 'NONE', ( #5104 ), #2079, .T. ) ;
#6332 =( GEOMETRIC_REPRESENTATION_CONTEXT ( 3 ) GLOBAL_UNCERTAINTY_ASSIGNED_CONTEXT ( ( #3756 ) ) GLOBAL_UNIT_ASSIGNED_CONTEXT ( ( #5020, #7992, #9441 ) ) REPRESENTATION_CONTEXT ( 'NONE', 'WORKASPACE' ) );
#6333 = CIRCLE ( 'NONE', #8366, 0.8400000000000003020 ) ;
#6334 =( GEOMETRIC_REPRESENTATION_CONTEXT ( 3 ) GLOBAL_UNCERTAINTY_ASSIGNED_CONTEXT ( ( #5319 ) ) GLOBAL_UNIT_ASSIGNED_CONTEXT ( ( #7335, #9726, #606 ) ) REPRESENTATION_CONTEXT ( 'NONE', 'WORKASPACE' ) );
#6335 = ORIENTED_EDGE ( 'NONE', *, *, #1169, .F. ) ;
#6336 = FILL_AREA_STYLE_COLOUR ( '', #5966 ) ;
#6337 = CIRCLE ( 'NONE', #5544, 2.000000000000000000 ) ;
#6338 = STYLED_ITEM ( 'NONE', ( #5556 ), #7462 ) ;
#6339 = ORIENTED_EDGE ( 'NONE', *, *, #9568, .F. ) ;
#6340 = AXIS2_PLACEMENT_3D ( 'NONE', #8276, #8179, #8130 ) ;
#6341 = FACE_OUTER_BOUND ( 'NONE', #4295, .T. ) ;
#6342 = AXIS2_PLACEMENT_3D ( 'NONE', #2687, #2106, #7999 ) ;
#6343 = SURFACE_SIDE_STYLE ('',( #1030 ) ) ;
#6344 = EDGE_CURVE ( 'NONE', #3300, #3122, #4407, .T. ) ;
#6345 = AXIS2_PLACEMENT_3D ( 'NONE', #5156, #661, #2968 ) ;
#6346 = FACE_OUTER_BOUND ( 'NONE', #6416, .T. ) ;
#6347 = PRESENTATION_LAYER_ASSIGNMENT (  '', '', ( #4317 ) ) ;
#6348 = FACE_OUTER_BOUND ( 'NONE', #471, .T. ) ;
#6349 = DIRECTION ( 'NONE',  ( 0.000000000000000000, -1.000000000000000000, 0.000000000000000000 ) ) ;
#6350 =( GEOMETRIC_REPRESENTATION_CONTEXT ( 3 ) GLOBAL_UNCERTAINTY_ASSIGNED_CONTEXT ( ( #231 ) ) GLOBAL_UNIT_ASSIGNED_CONTEXT ( ( #5782, #6582, #2084 ) ) REPRESENTATION_CONTEXT ( 'NONE', 'WORKASPACE' ) );
#6351 = CARTESIAN_POINT ( 'NONE',  ( 6.002902679825599996, 11.20000000099772741, -6.011278924314044758 ) ) ;
#6352 = SPHERICAL_SURFACE ( 'NONE', #7565, 0.5000000000000000000 ) ;
#6353 = ORIENTED_EDGE ( 'NONE', *, *, #6344, .F. ) ;
#6354 =( NAMED_UNIT ( * ) PLANE_ANGLE_UNIT ( ) SI_UNIT ( $, .RADIAN. ) );
#6355 = PLANE ( 'NONE',  #3760 ) ;
#6357 = EDGE_LOOP ( 'NONE', ( #2680, #1872, #5681, #1947 ) ) ;
#6356 = MECHANICAL_DESIGN_GEOMETRIC_PRESENTATION_REPRESENTATION (  '', ( #691 ), #1156 ) ;
#6358 = DIRECTION ( 'NONE',  ( 0.000000000000000000, 1.000000000000000000, 0.000000000000000000 ) ) ;
#6359 =( GEOMETRIC_REPRESENTATION_CONTEXT ( 3 ) GLOBAL_UNCERTAINTY_ASSIGNED_CONTEXT ( ( #2604 ) ) GLOBAL_UNIT_ASSIGNED_CONTEXT ( ( #2718, #562, #6573 ) ) REPRESENTATION_CONTEXT ( 'NONE', 'WORKASPACE' ) );
#6360 = DIRECTION ( 'NONE',  ( -1.000000000000000000, 0.000000000000000000, 0.000000000000000000 ) ) ;
#6361 = EDGE_CURVE ( 'NONE', #9467, #9467, #7575, .T. ) ;
#6362 = VERTEX_POINT ( 'NONE', #9017 ) ;
#6363 = MECHANICAL_DESIGN_GEOMETRIC_PRESENTATION_REPRESENTATION (  '', ( #6194 ), #3057 ) ;
#6364 = CARTESIAN_POINT ( 'NONE',  ( 5.549999999999998934, 8.325123824442263091E-16, 10.74999999999999645 ) ) ;
#6365 = VERTEX_POINT ( 'NONE', #6684 ) ;
#6366 = FILL_AREA_STYLE ('',( #8017 ) ) ;
#6367 = CARTESIAN_POINT ( 'NONE',  ( 0.5833158862620616558, 15.49999999999999467, -6.904577891355725860 ) ) ;
#6368 = AXIS2_PLACEMENT_3D ( 'NONE', #1673, #3143, #6147 ) ;
#6369 = CARTESIAN_POINT ( 'NONE',  ( -7.296957046373735484E-16, 18.49999999999999645, -5.150000000000000355 ) ) ;
#6370 = STYLED_ITEM ( 'NONE', ( #6135 ), #5428 ) ;
#6371 = UNCERTAINTY_MEASURE_WITH_UNIT (LENGTH_MEASURE( 1.000000000000000082E-05 ), #6736, 'distance_accuracy_value', 'NONE');
#6372 =( NAMED_UNIT ( * ) SI_UNIT ( $, .STERADIAN. ) SOLID_ANGLE_UNIT ( ) );
#6373 = UNCERTAINTY_MEASURE_WITH_UNIT (LENGTH_MEASURE( 1.000000000000000082E-05 ), #1996, 'distance_accuracy_value', 'NONE');
#6374 = DIRECTION ( 'NONE',  ( 0.000000000000000000, 0.000000000000000000, 1.000000000000000000 ) ) ;
#6375 = MECHANICAL_DESIGN_GEOMETRIC_PRESENTATION_REPRESENTATION (  '', ( #2134 ), #8094 ) ;
#6376 = CARTESIAN_POINT ( 'NONE',  ( 0.5000000000000004441, 5.500000000000000888, -15.09899959967968286 ) ) ;
#6377 = EDGE_CURVE ( 'NONE', #7164, #7203, #8208, .T. ) ;
#6378 = PRESENTATION_LAYER_ASSIGNMENT (  '', '', ( #3222 ) ) ;
#6379 = LINE ( 'NONE', #3459, #6827 ) ;
#6380 = SURFACE_SIDE_STYLE ('',( #7152 ) ) ;
#6381 =( NAMED_UNIT ( * ) PLANE_ANGLE_UNIT ( ) SI_UNIT ( $, .RADIAN. ) );
#6382 = AXIS2_PLACEMENT_3D ( 'NONE', #8472, #3299, #7866 ) ;
#6383 = FACE_OUTER_BOUND ( 'NONE', #8016, .T. ) ;
#6384 = DIRECTION ( 'NONE',  ( 0.000000000000000000, 1.000000000000000000, 0.000000000000000000 ) ) ;
#6385 = VERTEX_POINT ( 'NONE', #2293 ) ;
#6386 = ORIENTED_EDGE ( 'NONE', *, *, #2456, .T. ) ;
#6387 = AXIS2_PLACEMENT_3D ( 'NONE', #1019, #4029, #7642 ) ;
#6388 = MECHANICAL_DESIGN_GEOMETRIC_PRESENTATION_REPRESENTATION (  '', ( #1966 ), #4338 ) ;
#6389 = SURFACE_STYLE_USAGE ( .BOTH. , #5014 ) ;
#6390 =( NAMED_UNIT ( * ) PLANE_ANGLE_UNIT ( ) SI_UNIT ( $, .RADIAN. ) );
#6391 = UNCERTAINTY_MEASURE_WITH_UNIT (LENGTH_MEASURE( 1.000000000000000082E-05 ), #4822, 'distance_accuracy_value', 'NONE');
#6392 = PRESENTATION_LAYER_ASSIGNMENT (  '', '', ( #5137 ) ) ;
#6393 = ORIENTED_EDGE ( 'NONE', *, *, #1190, .T. ) ;
#6394 = DIRECTION ( 'NONE',  ( 0.000000000000000000, 0.000000000000000000, -1.000000000000000000 ) ) ;
#6395 = ORIENTED_EDGE ( 'NONE', *, *, #3510, .F. ) ;
#6396 = EDGE_CURVE ( 'NONE', #9158, #9704, #8056, .T. ) ;
#6397 = COLOUR_RGB ( '',0.7764705882352941346, 0.7568627450980391913, 0.7372549019607843590 ) ;
#6398 = DIRECTION ( 'NONE',  ( 0.000000000000000000, 0.000000000000000000, 1.000000000000000000 ) ) ;
#6399 =( NAMED_UNIT ( * ) SI_UNIT ( $, .STERADIAN. ) SOLID_ANGLE_UNIT ( ) );
#6400 = PRESENTATION_STYLE_ASSIGNMENT (( #4970 ) ) ;
#6401 = FACE_OUTER_BOUND ( 'NONE', #5915, .T. ) ;
#6402 = LINE ( 'NONE', #947, #4939 ) ;
#6403 = PLANE ( 'NONE',  #6415 ) ;
#6404 = CARTESIAN_POINT ( 'NONE',  ( -0.9847874073185131083, 11.05600717658698962, -11.25000000000016698 ) ) ;
#6405 = ORIENTED_EDGE ( 'NONE', *, *, #5666, .F. ) ;
#6406 = DIRECTION ( 'NONE',  ( 0.000000000000000000, 1.000000000000000000, 0.000000000000000000 ) ) ;
#6407 = FACE_OUTER_BOUND ( 'NONE', #2809, .T. ) ;
#6408 = CIRCLE ( 'NONE', #9547, 1.849000000000000199 ) ;
#6409 = ORIENTED_EDGE ( 'NONE', *, *, #6738, .T. ) ;
#6410 =( NAMED_UNIT ( * ) PLANE_ANGLE_UNIT ( ) SI_UNIT ( $, .RADIAN. ) );
#6411 = EDGE_CURVE ( 'NONE', #2057, #7137, #3834, .T. ) ;
#6412 =( GEOMETRIC_REPRESENTATION_CONTEXT ( 3 ) GLOBAL_UNCERTAINTY_ASSIGNED_CONTEXT ( ( #7214 ) ) GLOBAL_UNIT_ASSIGNED_CONTEXT ( ( #4784, #7757, #4735 ) ) REPRESENTATION_CONTEXT ( 'NONE', 'WORKASPACE' ) );
#6413 =( GEOMETRIC_REPRESENTATION_CONTEXT ( 3 ) GLOBAL_UNCERTAINTY_ASSIGNED_CONTEXT ( ( #7768 ) ) GLOBAL_UNIT_ASSIGNED_CONTEXT ( ( #5985, #2928, #209 ) ) REPRESENTATION_CONTEXT ( 'NONE', 'WORKASPACE' ) );
#6414 =( LENGTH_UNIT ( ) NAMED_UNIT ( * ) SI_UNIT ( .MILLI., .METRE. ) );
#6415 = AXIS2_PLACEMENT_3D ( 'NONE', #862, #3168, #4667 ) ;
#6416 = EDGE_LOOP ( 'NONE', ( #6393 ) ) ;
#6417 = DIRECTION ( 'NONE',  ( 0.000000000000000000, 0.000000000000000000, 1.000000000000000000 ) ) ;
#6418 = CARTESIAN_POINT ( 'NONE',  ( -5.549999999999998934, 10.69999999999999929, -10.75000000000000000 ) ) ;
#6419 = VERTEX_POINT ( 'NONE', #2240 ) ;
#6420 = PRESENTATION_STYLE_ASSIGNMENT (( #7096 ) ) ;
#6421 =( LENGTH_UNIT ( ) NAMED_UNIT ( * ) SI_UNIT ( .MILLI., .METRE. ) );
#6422 = EDGE_CURVE ( 'NONE', #8070, #2054, #4551, .T. ) ;
#6423 = PRESENTATION_LAYER_ASSIGNMENT (  '', '', ( #6095 ) ) ;
#6424 = LINE ( 'NONE', #2711, #6791 ) ;
#6425 = CARTESIAN_POINT ( 'NONE',  ( -5.549999999999998934, 5.500000000000000888, 16.15000000000000213 ) ) ;
#6426 = PRESENTATION_LAYER_ASSIGNMENT (  '', '', ( #919 ) ) ;
#6427 = CARTESIAN_POINT ( 'NONE',  ( -1.295030796935197959, 15.49999999999999467, -6.638967169952849190 ) ) ;
#6428 = VERTEX_POINT ( 'NONE', #658 ) ;
#6429 = CARTESIAN_POINT ( 'NONE',  ( 1.103014898469123262, 15.49999999999999467, -3.131743788872399126 ) ) ;
#6430 = FILL_AREA_STYLE_COLOUR ( '', #2090 ) ;
#6431 = EDGE_CURVE ( 'NONE', #1485, #6179, #3508, .T. ) ;
#6432 = VERTEX_POINT ( 'NONE', #9631 ) ;
#6433 = CARTESIAN_POINT ( 'NONE',  ( -7.296957046373735484E-16, 15.49999999999999467, -5.150000000000000355 ) ) ;
#6434 = FACE_OUTER_BOUND ( 'NONE', #2220, .T. ) ;
#6435 = PRESENTATION_STYLE_ASSIGNMENT (( #2579 ) ) ;
#6436 = PRESENTATION_LAYER_ASSIGNMENT (  '', '', ( #8616 ) ) ;
#6437 = DIRECTION ( 'NONE',  ( 0.000000000000000000, 1.000000000000000000, 0.000000000000000000 ) ) ;
#6438 = ORIENTED_EDGE ( 'NONE', *, *, #7890, .T. ) ;
#6439 = DIRECTION ( 'NONE',  ( 0.000000000000000000, -0.000000000000000000, -1.000000000000000000 ) ) ;
#6440 = UNCERTAINTY_MEASURE_WITH_UNIT (LENGTH_MEASURE( 1.000000000000000082E-05 ), #3142, 'distance_accuracy_value', 'NONE');
#6441 = VERTEX_POINT ( 'NONE', #757 ) ;
#6442 = PRESENTATION_STYLE_ASSIGNMENT (( #532 ) ) ;
#6443 = AXIS2_PLACEMENT_3D ( 'NONE', #7406, #3130, #6138 ) ;
#6444 = PRESENTATION_STYLE_ASSIGNMENT (( #5683 ) ) ;
#6445 = FILL_AREA_STYLE ('',( #5502 ) ) ;
#6446 =( NAMED_UNIT ( * ) PLANE_ANGLE_UNIT ( ) SI_UNIT ( $, .RADIAN. ) );
#6447 = DIRECTION ( 'NONE',  ( -1.000000000000000000, 0.000000000000000000, 0.000000000000000000 ) ) ;
#6448 = EDGE_CURVE ( 'NONE', #6892, #5731, #835, .T. ) ;
#6449 = FILL_AREA_STYLE ('',( #442 ) ) ;
#6450 = CARTESIAN_POINT ( 'NONE',  ( -0.3878170654962293518, 11.08790634952957710, -11.25000000000000178 ) ) ;
#6451 = ORIENTED_EDGE ( 'NONE', *, *, #4349, .T. ) ;
#6452 = SURFACE_STYLE_USAGE ( .BOTH. , #7225 ) ;
#6453 = DIRECTION ( 'NONE',  ( -0.000000000000000000, 1.000000000000000000, -0.000000000000000000 ) ) ;
#6454 = ORIENTED_EDGE ( 'NONE', *, *, #6330, .F. ) ;
#6455 =( GEOMETRIC_REPRESENTATION_CONTEXT ( 3 ) GLOBAL_UNCERTAINTY_ASSIGNED_CONTEXT ( ( #9162 ) ) GLOBAL_UNIT_ASSIGNED_CONTEXT ( ( #3835, #6184, #2402 ) ) REPRESENTATION_CONTEXT ( 'NONE', 'WORKASPACE' ) );
#6456 = CARTESIAN_POINT ( 'NONE',  ( -5.049999999999998934, 9.199999999999999289, 10.24999999999999822 ) ) ;
#6457 = VECTOR ( 'NONE', #5803, 1000.000000000000000 ) ;
#6458 = PRESENTATION_LAYER_ASSIGNMENT (  '', '', ( #1420 ) ) ;
#6459 =( NAMED_UNIT ( * ) SI_UNIT ( $, .STERADIAN. ) SOLID_ANGLE_UNIT ( ) );
#6460 = DIRECTION ( 'NONE',  ( 0.000000000000000000, 1.000000000000000000, 0.000000000000000000 ) ) ;
#6461 = CIRCLE ( 'NONE', #5821, 2.430000000000000160 ) ;
#6462 = CARTESIAN_POINT ( 'NONE',  ( -5.549999999999998934, 7.500000000000000000, -16.14999999999999503 ) ) ;
#6463 = PRESENTATION_LAYER_ASSIGNMENT (  '', '', ( #3786 ) ) ;
#6464 = EDGE_CURVE ( 'NONE', #1617, #5222, #2357, .T. ) ;
#6465 = ORIENTED_EDGE ( 'NONE', *, *, #5562, .T. ) ;
#6466 = CARTESIAN_POINT ( 'NONE',  ( 1.739807116745609283, 15.49999999999999467, -6.081235305779014944 ) ) ;
#6467 = ORIENTED_EDGE ( 'NONE', *, *, #3069, .F. ) ;
#6468 = CARTESIAN_POINT ( 'NONE',  ( 0.6875000000000008882, 8.000000000000000000, -14.70868722477978174 ) ) ;
#6469 = DIRECTION ( 'NONE',  ( 0.000000000000000000, 1.000000000000000000, 0.000000000000000000 ) ) ;
#6470 = AXIS2_PLACEMENT_3D ( 'NONE', #2756, #4289, #2647 ) ;
#6471 = CARTESIAN_POINT ( 'NONE',  ( -1.008092727557695412, 18.49999999999999645, -6.700016145930515421 ) ) ;
#6472 = SURFACE_SIDE_STYLE ('',( #6319 ) ) ;
#6473 = ADVANCED_FACE ( 'NONE', ( #20 ), #3011, .T. ) ;
#6474 = CARTESIAN_POINT ( 'NONE',  ( -5.549999999999998934, -10.69999999999999929, -10.75000000000000000 ) ) ;
#6475 = CARTESIAN_POINT ( 'NONE',  ( -0.6419679961125553946, 15.49999999999999467, -7.016013153805524816 ) ) ;
#6476 = B_SPLINE_CURVE_WITH_KNOTS ( 'NONE', 3,
 ( #3098, #4593, #8413, #9199, #1676, #7761, #3193, #8464 ),
 .UNSPECIFIED., .F., .F.,
 ( 4, 2, 2, 4 ),
 ( 0.000000000000000000, 0.0002291113283287547775, 0.0004582226566575095549, 0.0009164453133150162909 ),
 .UNSPECIFIED. ) ;
#6477 = DIRECTION ( 'NONE',  ( 0.000000000000000000, 1.000000000000000000, 0.000000000000000000 ) ) ;
#6478 = ORIENTED_EDGE ( 'NONE', *, *, #1716, .F. ) ;
#6479 = SURFACE_STYLE_FILL_AREA ( #3518 ) ;
#6480 = CYLINDRICAL_SURFACE ( 'NONE', #1139, 0.5000000000000004441 ) ;
#6481 = PRESENTATION_STYLE_ASSIGNMENT (( #8716 ) ) ;
#6482 =( NAMED_UNIT ( * ) PLANE_ANGLE_UNIT ( ) SI_UNIT ( $, .RADIAN. ) );
#6483 = EDGE_LOOP ( 'NONE', ( #9294, #270, #5845, #4834 ) ) ;
#6484 = SURFACE_STYLE_USAGE ( .BOTH. , #517 ) ;
#6485 = FACE_OUTER_BOUND ( 'NONE', #502, .T. ) ;
#6486 =( NAMED_UNIT ( * ) SI_UNIT ( $, .STERADIAN. ) SOLID_ANGLE_UNIT ( ) );
#6487 = EDGE_CURVE ( 'NONE', #1524, #7830, #6333, .T. ) ;
#6488 = DIRECTION ( 'NONE',  ( 0.000000000000000000, 1.000000000000000000, 0.000000000000000000 ) ) ;
#6489 = ORIENTED_EDGE ( 'NONE', *, *, #358, .T. ) ;
#6490 = EDGE_LOOP ( 'NONE', ( #3350, #9186, #5614, #7036 ) ) ;
#6491 = PRESENTATION_STYLE_ASSIGNMENT (( #8684 ) ) ;
#6492 = PRESENTATION_LAYER_ASSIGNMENT (  '', '', ( #8042 ) ) ;
#6493 = SURFACE_SIDE_STYLE ('',( #7454 ) ) ;
#6494 = FACE_OUTER_BOUND ( 'NONE', #591, .T. ) ;
#6495 = CARTESIAN_POINT ( 'NONE',  ( -5.549999999999998934, 7.500000000000000000, -15.64999999999999325 ) ) ;
#6496 = EDGE_CURVE ( 'NONE', #1722, #727, #5080, .T. ) ;
#6497 = CARTESIAN_POINT ( 'NONE',  ( -1.000000000000000000, 8.000000000000000000, 15.65000000000000036 ) ) ;
#6498 = SURFACE_SIDE_STYLE ('',( #7173 ) ) ;
#6499 = CARTESIAN_POINT ( 'NONE',  ( -6.150000000000000355, 3.500000000000000444, -10.00000000000000178 ) ) ;
#6500 =( GEOMETRIC_REPRESENTATION_CONTEXT ( 3 ) GLOBAL_UNCERTAINTY_ASSIGNED_CONTEXT ( ( #4628 ) ) GLOBAL_UNIT_ASSIGNED_CONTEXT ( ( #4598, #7566, #6780 ) ) REPRESENTATION_CONTEXT ( 'NONE', 'WORKASPACE' ) );
#6501 = STYLED_ITEM ( 'NONE', ( #1034 ), #8463 ) ;
#6502 =( NAMED_UNIT ( * ) SI_UNIT ( $, .STERADIAN. ) SOLID_ANGLE_UNIT ( ) );
#6503 = CARTESIAN_POINT ( 'NONE',  ( -1.325957779322411989, 10.79540240677202867, -11.25000000000000178 ) ) ;
#6504 = EDGE_LOOP ( 'NONE', ( #7551, #7106, #9275, #5738 ) ) ;
#6505 = FILL_AREA_STYLE_COLOUR ( '', #8027 ) ;
#6506 = VECTOR ( 'NONE', #9533, 1000.000000000000000 ) ;
#6507 = ORIENTED_EDGE ( 'NONE', *, *, #4660, .T. ) ;
#6508 = AXIS2_PLACEMENT_3D ( 'NONE', #388, #8420, #154 ) ;
#6509 = CIRCLE ( 'NONE', #7736, 0.8400000000000003020 ) ;
#6510 =( GEOMETRIC_REPRESENTATION_CONTEXT ( 3 ) GLOBAL_UNCERTAINTY_ASSIGNED_CONTEXT ( ( #9090 ) ) GLOBAL_UNIT_ASSIGNED_CONTEXT ( ( #4490, #888, #8999 ) ) REPRESENTATION_CONTEXT ( 'NONE', 'WORKASPACE' ) );
#6511 = CARTESIAN_POINT ( 'NONE',  ( -7.296957046373735484E-16, 15.49999999999999467, -5.150000000000000355 ) ) ;
#6512 =( BOUNDED_CURVE ( )  B_SPLINE_CURVE ( 3, ( #4227, #3017, #2923, #3430 ),
 .UNSPECIFIED., .F., .T. ) 
 B_SPLINE_CURVE_WITH_KNOTS ( ( 4, 4 ),
 ( 3.141592653589793116, 4.712388980384689674 ),
 .UNSPECIFIED. ) 
 CURVE ( )  GEOMETRIC_REPRESENTATION_ITEM ( )  RATIONAL_B_SPLINE_CURVE ( ( 1.000000000000000000, 0.8047378541243649375, 0.8047378541243649375, 1.000000000000000000 ) ) 
 REPRESENTATION_ITEM ( '' )  );
#6513 = ORIENTED_EDGE ( 'NONE', *, *, #141, .T. ) ;
#6514 = CARTESIAN_POINT ( 'NONE',  ( 1.227851083701571921, 15.49999999999999467, -3.767544678388167867 ) ) ;
#6515 = CYLINDRICAL_SURFACE ( 'NONE', #9189, 0.8400000000000000799 ) ;
#6516 = ORIENTED_EDGE ( 'NONE', *, *, #5231, .T. ) ;
#6517 = FILL_AREA_STYLE_COLOUR ( '', #3553 ) ;
#6518 = VECTOR ( 'NONE', #5377, 1000.000000000000000 ) ;
#6519 = DIRECTION ( 'NONE',  ( 0.000000000000000000, 0.000000000000000000, 1.000000000000000000 ) ) ;
#6520 = AXIS2_PLACEMENT_3D ( 'NONE', #6475, #2076, #4255 ) ;
#6521 = EDGE_CURVE ( 'NONE', #2880, #8728, #9460, .T. ) ;
#6522 = VERTEX_POINT ( 'NONE', #8707 ) ;
#6523 = FILL_AREA_STYLE ('',( #2135 ) ) ;
#6524 = CARTESIAN_POINT ( 'NONE',  ( 1.103014898469123262, 16.99999999999999289, -3.131743788872399126 ) ) ;
#6525 = VECTOR ( 'NONE', #7487, 1000.000000000000000 ) ;
#6526 = CARTESIAN_POINT ( 'NONE',  ( 0.5000000000000000000, -11.20000000000000107, -15.64999999999999325 ) ) ;
#6527 = VERTEX_POINT ( 'NONE', #6610 ) ;
#6528 = DIRECTION ( 'NONE',  ( -0.000000000000000000, -1.000000000000000000, -0.000000000000000000 ) ) ;
#6529 = SURFACE_STYLE_USAGE ( .BOTH. , #7981 ) ;
#6530 = SURFACE_SIDE_STYLE ('',( #567 ) ) ;
#6531 = LINE ( 'NONE', #2617, #6506 ) ;
#6532 = PRESENTATION_LAYER_ASSIGNMENT (  '', '', ( #6194 ) ) ;
#6533 = ORIENTED_EDGE ( 'NONE', *, *, #9359, .T. ) ;
#6534 =( NAMED_UNIT ( * ) SI_UNIT ( $, .STERADIAN. ) SOLID_ANGLE_UNIT ( ) );
#6535 = EDGE_CURVE ( 'NONE', #180, #7327, #5084, .T. ) ;
#6536 = CIRCLE ( 'NONE', #7457, 0.5000000000000004441 ) ;
#6537 = PRESENTATION_LAYER_ASSIGNMENT (  '', '', ( #2134 ) ) ;
#6538 = AXIS2_PLACEMENT_3D ( 'NONE', #1070, #6063, #5329 ) ;
#6539 = ORIENTED_EDGE ( 'NONE', *, *, #3846, .F. ) ;
#6540 = AXIS2_PLACEMENT_3D ( 'NONE', #3205, #7571, #5336 ) ;
#6541 = UNCERTAINTY_MEASURE_WITH_UNIT (LENGTH_MEASURE( 1.000000000000000082E-05 ), #4378, 'distance_accuracy_value', 'NONE');
#6542 = ORIENTED_EDGE ( 'NONE', *, *, #8668, .T. ) ;
#6543 = CARTESIAN_POINT ( 'NONE',  ( 5.549999999999998934, 10.69999999999999929, 0.000000000000000000 ) ) ;
#6544 = EDGE_CURVE ( 'NONE', #5347, #3896, #5703, .T. ) ;
#6545 = FILL_AREA_STYLE ('',( #3379 ) ) ;
#6546 = CARTESIAN_POINT ( 'NONE',  ( 1.793262986480900434, 15.49999999999999467, -5.600565046710904937 ) ) ;
#6547 = DIRECTION ( 'NONE',  ( 0.000000000000000000, 0.000000000000000000, -1.000000000000000000 ) ) ;
#6548 = COLOUR_RGB ( '',0.7764705882352941346, 0.7568627450980391913, 0.7372549019607843590 ) ;
#6549 = DIRECTION ( 'NONE',  ( -0.000000000000000000, 1.000000000000000000, -0.000000000000000000 ) ) ;
#6550 = DIRECTION ( 'NONE',  ( -0.000000000000000000, -1.000000000000000000, -0.000000000000000000 ) ) ;
#6551 = ORIENTED_EDGE ( 'NONE', *, *, #4608, .F. ) ;
#6552 = LINE ( 'NONE', #9556, #6457 ) ;
#6553 = ORIENTED_EDGE ( 'NONE', *, *, #5537, .F. ) ;
#6554 = MECHANICAL_DESIGN_GEOMETRIC_PRESENTATION_REPRESENTATION (  '', ( #2598 ), #8579 ) ;
#6555 = EDGE_CURVE ( 'NONE', #8038, #972, #6174, .T. ) ;
#6556 = SURFACE_STYLE_FILL_AREA ( #5850 ) ;
#6557 = EDGE_CURVE ( 'NONE', #2408, #7815, #827, .T. ) ;
#6558 = CARTESIAN_POINT ( 'NONE',  ( 6.049999999999999822, -10.69999999999999929, -10.75000000000000000 ) ) ;
#6559 = EDGE_LOOP ( 'NONE', ( #881, #7733, #4286 ) ) ;
#6560 = FACE_OUTER_BOUND ( 'NONE', #2275, .T. ) ;
#6561 =( NAMED_UNIT ( * ) PLANE_ANGLE_UNIT ( ) SI_UNIT ( $, .RADIAN. ) );
#6562 = ORIENTED_EDGE ( 'NONE', *, *, #9089, .T. ) ;
#6563 =( NAMED_UNIT ( * ) SI_UNIT ( $, .STERADIAN. ) SOLID_ANGLE_UNIT ( ) );
#6564 = VERTEX_POINT ( 'NONE', #3445 ) ;
#6565 = DIRECTION ( 'NONE',  ( -0.000000000000000000, 1.000000000000000000, -0.000000000000000000 ) ) ;
#6566 =( GEOMETRIC_REPRESENTATION_CONTEXT ( 3 ) GLOBAL_UNCERTAINTY_ASSIGNED_CONTEXT ( ( #5039 ) ) GLOBAL_UNIT_ASSIGNED_CONTEXT ( ( #4850, #4066, #5661 ) ) REPRESENTATION_CONTEXT ( 'NONE', 'WORKASPACE' ) );
#6567 = CARTESIAN_POINT ( 'NONE',  ( 6.049999999999998934, 5.707106781186548794, 11.04289321881345032 ) ) ;
#6568 = CARTESIAN_POINT ( 'NONE',  ( -0.8902177050524614499, 18.49999999999999645, -3.029266061569456880 ) ) ;
#6569 =( GEOMETRIC_REPRESENTATION_CONTEXT ( 3 ) GLOBAL_UNCERTAINTY_ASSIGNED_CONTEXT ( ( #6098 ) ) GLOBAL_UNIT_ASSIGNED_CONTEXT ( ( #7323, #9658, #6715 ) ) REPRESENTATION_CONTEXT ( 'NONE', 'WORKASPACE' ) );
#6570 = AXIS2_PLACEMENT_3D ( 'NONE', #5183, #6770, #2995 ) ;
#6571 = STYLED_ITEM ( 'NONE', ( #2018 ), #1657 ) ;
#6572 = SURFACE_STYLE_FILL_AREA ( #4353 ) ;
#6573 =( NAMED_UNIT ( * ) SI_UNIT ( $, .STERADIAN. ) SOLID_ANGLE_UNIT ( ) );
#6574 = SURFACE_STYLE_USAGE ( .BOTH. , #2914 ) ;
#6575 = VERTEX_POINT ( 'NONE', #3556 ) ;
#6576 = PRESENTATION_STYLE_ASSIGNMENT (( #8624 ) ) ;
#6577 = SURFACE_STYLE_FILL_AREA ( #8967 ) ;
#6578 = FILL_AREA_STYLE_COLOUR ( '', #2104 ) ;
#6579 =( NAMED_UNIT ( * ) PLANE_ANGLE_UNIT ( ) SI_UNIT ( $, .RADIAN. ) );
#6580 = VECTOR ( 'NONE', #1408, 1000.000000000000000 ) ;
#6581 = ORIENTED_EDGE ( 'NONE', *, *, #5134, .T. ) ;
#6582 =( NAMED_UNIT ( * ) PLANE_ANGLE_UNIT ( ) SI_UNIT ( $, .RADIAN. ) );
#6583 = PRESENTATION_STYLE_ASSIGNMENT (( #5154 ) ) ;
#6584 = PRESENTATION_STYLE_ASSIGNMENT (( #572 ) ) ;
#6585 = DIRECTION ( 'NONE',  ( -0.4338837391175651703, 0.000000000000000000, 0.9009688679024158153 ) ) ;
#6586 = EDGE_CURVE ( 'NONE', #3196, #7693, #675, .T. ) ;
#6587 = STYLED_ITEM ( 'NONE', ( #4065 ), #854 ) ;
#6588 = ORIENTED_EDGE ( 'NONE', *, *, #6766, .T. ) ;
#6589 = FILL_AREA_STYLE_COLOUR ( '', #9262 ) ;
#6590 = VERTEX_POINT ( 'NONE', #6462 ) ;
#6591 = DIRECTION ( 'NONE',  ( 0.000000000000000000, 1.000000000000000000, 0.000000000000000000 ) ) ;
#6592 = DIRECTION ( 'NONE',  ( 0.9972037971811804624, 0.000000000000000000, -0.07473009358642071498 ) ) ;
#6593 = DIRECTION ( 'NONE',  ( 0.000000000000000000, 0.000000000000000000, -1.000000000000000000 ) ) ;
#6594 = AXIS2_PLACEMENT_3D ( 'NONE', #4741, #4789, #3240 ) ;
#6595 =( LENGTH_UNIT ( ) NAMED_UNIT ( * ) SI_UNIT ( .MILLI., .METRE. ) );
#6596 = ADVANCED_FACE ( 'NONE', ( #4195 ), #3602, .T. ) ;
#6597 =( LENGTH_UNIT ( ) NAMED_UNIT ( * ) SI_UNIT ( .MILLI., .METRE. ) );
#6598 = CARTESIAN_POINT ( 'NONE',  ( -6.049999999999999822, 1.500000000000000444, 8.000000000000000000 ) ) ;
#6599 = SURFACE_STYLE_FILL_AREA ( #8738 ) ;
#6600 = ORIENTED_EDGE ( 'NONE', *, *, #3271, .F. ) ;
#6601 = SURFACE_STYLE_FILL_AREA ( #3596 ) ;
#6602 = CIRCLE ( 'NONE', #8477, 2.299999999999998490 ) ;
#6603 = FACE_OUTER_BOUND ( 'NONE', #4038, .T. ) ;
#6604 = DIRECTION ( 'NONE',  ( 0.000000000000000000, -1.000000000000000000, 0.000000000000000000 ) ) ;
#6605 = EDGE_LOOP ( 'NONE', ( #596, #5136, #243, #1413 ) ) ;
#6606 =( NAMED_UNIT ( * ) SI_UNIT ( $, .STERADIAN. ) SOLID_ANGLE_UNIT ( ) );
#6607 = CYLINDRICAL_SURFACE ( 'NONE', #5453, 2.299999999999998046 ) ;
#6608 =( NAMED_UNIT ( * ) PLANE_ANGLE_UNIT ( ) SI_UNIT ( $, .RADIAN. ) );
#6609 =( GEOMETRIC_REPRESENTATION_CONTEXT ( 3 ) GLOBAL_UNCERTAINTY_ASSIGNED_CONTEXT ( ( #5516 ) ) GLOBAL_UNIT_ASSIGNED_CONTEXT ( ( #8039, #5680, #4173 ) ) REPRESENTATION_CONTEXT ( 'NONE', 'WORKASPACE' ) );
#6610 = CARTESIAN_POINT ( 'NONE',  ( -0.7898896539612367818, 15.49999999999999467, -7.310109796877231503 ) ) ;
#6611 = MECHANICAL_DESIGN_GEOMETRIC_PRESENTATION_REPRESENTATION (  '', ( #5190 ), #7674 ) ;
#6612 = ADVANCED_FACE ( 'NONE', ( #734 ), #2221, .T. ) ;
#6613 = ORIENTED_EDGE ( 'NONE', *, *, #23, .F. ) ;
#6614 = DIRECTION ( 'NONE',  ( 0.000000000000000000, 0.000000000000000000, 1.000000000000000000 ) ) ;
#6615 =( GEOMETRIC_REPRESENTATION_CONTEXT ( 3 ) GLOBAL_UNCERTAINTY_ASSIGNED_CONTEXT ( ( #2385 ) ) GLOBAL_UNIT_ASSIGNED_CONTEXT ( ( #6595, #2739, #8889 ) ) REPRESENTATION_CONTEXT ( 'NONE', 'WORKASPACE' ) );
#6616 = COLOUR_RGB ( '',0.1058823529411764691, 0.6352941176470587870, 0.9411764705882352811 ) ;
#6617 =( NAMED_UNIT ( * ) PLANE_ANGLE_UNIT ( ) SI_UNIT ( $, .RADIAN. ) );
#6618 = ORIENTED_EDGE ( 'NONE', *, *, #6041, .F. ) ;
#6619 =( LENGTH_UNIT ( ) NAMED_UNIT ( * ) SI_UNIT ( .MILLI., .METRE. ) );
#6620 = ORIENTED_EDGE ( 'NONE', *, *, #3103, .T. ) ;
#6621 =( LENGTH_UNIT ( ) NAMED_UNIT ( * ) SI_UNIT ( .MILLI., .METRE. ) );
#6622 = PRESENTATION_STYLE_ASSIGNMENT (( #9670 ) ) ;
#6623 = APPLICATION_PROTOCOL_DEFINITION ( 'draft international standard', 'automotive_design', 1998, #4869 ) ;
#6624 =( GEOMETRIC_REPRESENTATION_CONTEXT ( 3 ) GLOBAL_UNCERTAINTY_ASSIGNED_CONTEXT ( ( #6021 ) ) GLOBAL_UNIT_ASSIGNED_CONTEXT ( ( #2087, #2072, #355 ) ) REPRESENTATION_CONTEXT ( 'NONE', 'WORKASPACE' ) );
#6625 = DIRECTION ( 'NONE',  ( 0.7818314824680312469, 0.000000000000000000, -0.6234898018587318180 ) ) ;
#6626 = AXIS2_PLACEMENT_3D ( 'NONE', #4414, #7388, #1713 ) ;
#6627 = CARTESIAN_POINT ( 'NONE',  ( -0.4999999999999994449, 5.500000000000000888, 15.65000000000000036 ) ) ;
#6628 = CARTESIAN_POINT ( 'NONE',  ( -6.049999999999999822, 8.000000000000000000, 15.65000000000000036 ) ) ;
#6629 = DIRECTION ( 'NONE',  ( 0.4338837391175525693, 0.000000000000000000, 0.9009688679024218105 ) ) ;
#6630 = ORIENTED_EDGE ( 'NONE', *, *, #5515, .F. ) ;
#6631 = PLANE ( 'NONE',  #6540 ) ;
#6632 = CARTESIAN_POINT ( 'NONE',  ( 2.803180875801798422, 15.50000000000000000, 0.2114062499999989075 ) ) ;
#6633 = FACE_OUTER_BOUND ( 'NONE', #669, .T. ) ;
#6634 = PRESENTATION_STYLE_ASSIGNMENT (( #1349 ) ) ;
#6635 = COLOUR_RGB ( '',0.1058823529411764691, 0.6352941176470587870, 0.9411764705882352811 ) ;
#6636 = ORIENTED_EDGE ( 'NONE', *, *, #3903, .T. ) ;
#6637 = DIRECTION ( 'NONE',  ( -0.000000000000000000, -1.000000000000000000, -0.000000000000000000 ) ) ;
#6638 =( LENGTH_UNIT ( ) NAMED_UNIT ( * ) SI_UNIT ( .MILLI., .METRE. ) );
#6639 = ADVANCED_FACE ( 'NONE', ( #5909 ), #46, .T. ) ;
#6640 = DIRECTION ( 'NONE',  ( -0.5633200580636115173, 0.000000000000000000, -0.8262387743160020115 ) ) ;
#6641 = DIRECTION ( 'NONE',  ( 0.000000000000000000, -0.000000000000000000, -1.000000000000000000 ) ) ;
#6642 =( NAMED_UNIT ( * ) PLANE_ANGLE_UNIT ( ) SI_UNIT ( $, .RADIAN. ) );
#6643 = ORIENTED_EDGE ( 'NONE', *, *, #8620, .F. ) ;
#6644 = DIRECTION ( 'NONE',  ( -0.000000000000000000, -1.000000000000000000, -0.000000000000000000 ) ) ;
#6645 = ORIENTED_EDGE ( 'NONE', *, *, #4906, .F. ) ;
#6646 = EDGE_CURVE ( 'NONE', #5994, #3076, #515, .T. ) ;
#6647 = DIRECTION ( 'NONE',  ( 0.000000000000000000, 1.000000000000000000, 0.000000000000000000 ) ) ;
#6648 = ADVANCED_FACE ( 'NONE', ( #4689 ), #5553, .T. ) ;
#6649 = CARTESIAN_POINT ( 'NONE',  ( -6.049999999999999822, 1.500000000000001332, 9.999999999999998224 ) ) ;
#6650 =( GEOMETRIC_REPRESENTATION_CONTEXT ( 3 ) GLOBAL_UNCERTAINTY_ASSIGNED_CONTEXT ( ( #2955 ) ) GLOBAL_UNIT_ASSIGNED_CONTEXT ( ( #1958, #3598, #6606 ) ) REPRESENTATION_CONTEXT ( 'NONE', 'WORKASPACE' ) );
#6651 = DIRECTION ( 'NONE',  ( 0.000000000000000000, 0.000000000000000000, -1.000000000000000000 ) ) ;
#6652 = DIRECTION ( 'NONE',  ( 0.000000000000000000, -1.000000000000000000, 0.000000000000000000 ) ) ;
#6653 = DIRECTION ( 'NONE',  ( 0.000000000000000000, 0.000000000000000000, 1.000000000000000000 ) ) ;
#6654 = ORIENTED_EDGE ( 'NONE', *, *, #1304, .T. ) ;
#6655 = CYLINDRICAL_SURFACE ( 'NONE', #7384, 0.8400000000000000799 ) ;
#6656 = VERTEX_POINT ( 'NONE', #6954 ) ;
#6657 = DIRECTION ( 'NONE',  ( -0.4338837391175651148, 0.000000000000000000, 0.9009688679024158153 ) ) ;
#6658 = FILL_AREA_STYLE_COLOUR ( '', #650 ) ;
#6659 = EDGE_CURVE ( 'NONE', #6015, #4796, #7124, .T. ) ;
#6660 = DIRECTION ( 'NONE',  ( 0.000000000000000000, -1.000000000000000000, 0.000000000000000000 ) ) ;
#6661 = CIRCLE ( 'NONE', #5245, 0.5000000000000004441 ) ;
#6662 = ORIENTED_EDGE ( 'NONE', *, *, #6659, .T. ) ;
#6663 = STYLED_ITEM ( 'NONE', ( #4987 ), #6596 ) ;
#6664 = DIRECTION ( 'NONE',  ( 0.000000000000000000, 1.000000000000000000, 0.000000000000000000 ) ) ;
#6665 = FACE_OUTER_BOUND ( 'NONE', #6068, .T. ) ;
#6666 = ORIENTED_EDGE ( 'NONE', *, *, #3635, .T. ) ;
#6667 =( NAMED_UNIT ( * ) PLANE_ANGLE_UNIT ( ) SI_UNIT ( $, .RADIAN. ) );
#6668 = FILL_AREA_STYLE ('',( #3655 ) ) ;
#6669 = ORIENTED_EDGE ( 'NONE', *, *, #2805, .T. ) ;
#6670 = VECTOR ( 'NONE', #8363, 1000.000000000000000 ) ;
#6671 = VECTOR ( 'NONE', #8460, 1000.000000000000000 ) ;
#6672 = EDGE_CURVE ( 'NONE', #4252, #4252, #2845, .T. ) ;
#6673 = SURFACE_STYLE_FILL_AREA ( #4350 ) ;
#6674 = CYLINDRICAL_SURFACE ( 'NONE', #6007, 0.5000000000000004441 ) ;
#6675 =( NAMED_UNIT ( * ) SI_UNIT ( $, .STERADIAN. ) SOLID_ANGLE_UNIT ( ) );
#6676 =( GEOMETRIC_REPRESENTATION_CONTEXT ( 3 ) GLOBAL_UNCERTAINTY_ASSIGNED_CONTEXT ( ( #9234 ) ) GLOBAL_UNIT_ASSIGNED_CONTEXT ( ( #6597, #7356, #8893 ) ) REPRESENTATION_CONTEXT ( 'NONE', 'WORKASPACE' ) );
#6677 = SURFACE_STYLE_FILL_AREA ( #2190 ) ;
#6678 = PRESENTATION_STYLE_ASSIGNMENT (( #4310 ) ) ;
#6679 = ORIENTED_EDGE ( 'NONE', *, *, #5997, .F. ) ;
#6680 = SURFACE_STYLE_USAGE ( .BOTH. , #8920 ) ;
#6681 = CARTESIAN_POINT ( 'NONE',  ( -1.000000000000000000, -11.20000000000000107, -15.64999999999999325 ) ) ;
#6682 = DIRECTION ( 'NONE',  ( 0.000000000000000000, 1.000000000000000000, 0.000000000000000000 ) ) ;
#6683 =( LENGTH_UNIT ( ) NAMED_UNIT ( * ) SI_UNIT ( .MILLI., .METRE. ) );
#6684 = CARTESIAN_POINT ( 'NONE',  ( 1.793262986480893773, 15.49999999999999467, -4.699434953289069128 ) ) ;
#6685 = VERTEX_POINT ( 'NONE', #4043 ) ;
#6686 = CIRCLE ( 'NONE', #2427, 0.8400000000000003020 ) ;
#6687 = EDGE_CURVE ( 'NONE', #4760, #941, #1443, .T. ) ;
#6688 = VECTOR ( 'NONE', #707, 1000.000000000000000 ) ;
#6689 = FACE_OUTER_BOUND ( 'NONE', #3277, .T. ) ;
#6690 = SURFACE_STYLE_FILL_AREA ( #1301 ) ;
#6691 =( GEOMETRIC_REPRESENTATION_CONTEXT ( 3 ) GLOBAL_UNCERTAINTY_ASSIGNED_CONTEXT ( ( #4201 ) ) GLOBAL_UNIT_ASSIGNED_CONTEXT ( ( #799, #3716, #110 ) ) REPRESENTATION_CONTEXT ( 'NONE', 'WORKASPACE' ) );
#6692 = CYLINDRICAL_SURFACE ( 'NONE', #7322, 0.5000000000000004441 ) ;
#6693 = FACE_OUTER_BOUND ( 'NONE', #1808, .T. ) ;
#6694 = CARTESIAN_POINT ( 'NONE',  ( -6.150000000000000355, 1.500000000000000444, -8.000000000000001776 ) ) ;
#6695 = CARTESIAN_POINT ( 'NONE',  ( 2.134678317518069690, 11.13663713169431269, -11.24999999999921485 ) ) ;
#6696 = EDGE_LOOP ( 'NONE', ( #2821, #8145, #7461, #128 ) ) ;
#6697 = SURFACE_SIDE_STYLE ('',( #951 ) ) ;
#6698 = VECTOR ( 'NONE', #5350, 1000.000000000000000 ) ;
#6699 = ORIENTED_EDGE ( 'NONE', *, *, #5395, .T. ) ;
#6700 = DIRECTION ( 'NONE',  ( 0.000000000000000000, 1.000000000000000000, 0.000000000000000000 ) ) ;
#6701 = CIRCLE ( 'NONE', #82, 2.299999999999998046 ) ;
#6702 = CARTESIAN_POINT ( 'NONE',  ( -6.050000000000000711, 10.69999999999999751, -2.949085865778112936 ) ) ;
#6703 =( LENGTH_UNIT ( ) NAMED_UNIT ( * ) SI_UNIT ( .MILLI., .METRE. ) );
#6704 = STYLED_ITEM ( 'NONE', ( #6444 ), #2980 ) ;
#6705 = CIRCLE ( 'NONE', #713, 0.8399999999999997469 ) ;
#6706 = CYLINDRICAL_SURFACE ( 'NONE', #4524, 0.5000000000000004441 ) ;
#6707 = DIRECTION ( 'NONE',  ( 0.1490422661761676149, 0.000000000000000000, 0.9888308262251295222 ) ) ;
#6708 = VERTEX_POINT ( 'NONE', #1765 ) ;
#6709 = ADVANCED_FACE ( 'NONE', ( #6346, #7001 ), #6295, .T. ) ;
#6710 = CARTESIAN_POINT ( 'NONE',  ( 6.049999999999999822, 11.19999999999999929, 10.74999999999999645 ) ) ;
#6711 = AXIS2_PLACEMENT_3D ( 'NONE', #8160, #6772, #3800 ) ;
#6712 = ORIENTED_EDGE ( 'NONE', *, *, #3605, .F. ) ;
#6713 = VECTOR ( 'NONE', #3687, 1000.000000000000000 ) ;
#6714 = VECTOR ( 'NONE', #204, 1000.000000000000000 ) ;
#6715 =( NAMED_UNIT ( * ) SI_UNIT ( $, .STERADIAN. ) SOLID_ANGLE_UNIT ( ) );
#6716 = DIRECTION ( 'NONE',  ( 0.000000000000000000, 0.000000000000000000, 1.000000000000000000 ) ) ;
#6717 = CARTESIAN_POINT ( 'NONE',  ( -5.625495188226617316, 11.19999999999999929, -2.915660650107254170 ) ) ;
#6718 = ORIENTED_EDGE ( 'NONE', *, *, #4306, .F. ) ;
#6719 = SURFACE_STYLE_FILL_AREA ( #98 ) ;
#6720 = PRESENTATION_STYLE_ASSIGNMENT (( #2996 ) ) ;
#6721 = PRESENTATION_LAYER_ASSIGNMENT (  '', '', ( #8891 ) ) ;
#6722 = CARTESIAN_POINT ( 'NONE',  ( -6.049999999999999822, 6.000000000000000000, 16.15000000000000213 ) ) ;
#6723 = ORIENTED_EDGE ( 'NONE', *, *, #7747, .T. ) ;
#6724 = EDGE_CURVE ( 'NONE', #3522, #4748, #6214, .T. ) ;
#6725 = DIRECTION ( 'NONE',  ( -0.9308737486442002496, 0.000000000000000000, -0.3653410243664051982 ) ) ;
#6726 = CARTESIAN_POINT ( 'NONE',  ( 1.196353700947688337, 16.99999999999999289, -7.114367028390763181 ) ) ;
#6727 = COLOUR_RGB ( '',0.7764705882352941346, 0.7568627450980391913, 0.7372549019607843590 ) ;
#6728 = ORIENTED_EDGE ( 'NONE', *, *, #5395, .F. ) ;
#6729 = CARTESIAN_POINT ( 'NONE',  ( -5.549999999999998934, 6.000000000000000000, 15.65000000000000036 ) ) ;
#6730 =( LENGTH_UNIT ( ) NAMED_UNIT ( * ) SI_UNIT ( .MILLI., .METRE. ) );
#6731 = APPLICATION_PROTOCOL_DEFINITION ( 'draft international standard', 'automotive_design', 1998, #1774 ) ;
#6732 =( NAMED_UNIT ( * ) SI_UNIT ( $, .STERADIAN. ) SOLID_ANGLE_UNIT ( ) );
#6733 = CIRCLE ( 'NONE', #1678, 2.299999999999998490 ) ;
#6734 = MECHANICAL_DESIGN_GEOMETRIC_PRESENTATION_REPRESENTATION (  '', ( #7951 ), #7172 ) ;
#6735 = SURFACE_STYLE_USAGE ( .BOTH. , #2814 ) ;
#6736 =( LENGTH_UNIT ( ) NAMED_UNIT ( * ) SI_UNIT ( .MILLI., .METRE. ) );
#6737 = ORIENTED_EDGE ( 'NONE', *, *, #8988, .T. ) ;
#6738 = EDGE_CURVE ( 'NONE', #7212, #1500, #207, .T. ) ;
#6739 = CARTESIAN_POINT ( 'NONE',  ( 0.7658152457033085003, 15.49999999999999467, -6.832952170873665132 ) ) ;
#6740 = CARTESIAN_POINT ( 'NONE',  ( -6.049999999999999822, 6.000000000000000000, 15.65000000000000036 ) ) ;
#6741 = CARTESIAN_POINT ( 'NONE',  ( 1.648902502870863263, 15.49999999999999467, -3.546528598313586578 ) ) ;
#6742 =( NAMED_UNIT ( * ) PLANE_ANGLE_UNIT ( ) SI_UNIT ( $, .RADIAN. ) );
#6743 = CARTESIAN_POINT ( 'NONE',  ( -6.050000000000000711, 10.77979323619982743, -6.741014443895286590 ) ) ;
#6744 = DIRECTION ( 'NONE',  ( 1.000000000000000000, 0.000000000000000000, 0.000000000000000000 ) ) ;
#6745 = FILL_AREA_STYLE ('',( #8134 ) ) ;
#6746 = STYLED_ITEM ( 'NONE', ( #1766 ), #96 ) ;
#6747 = COLOUR_RGB ( '',0.7764705882352941346, 0.7568627450980391913, 0.7372549019607843590 ) ;
#6748 = LINE ( 'NONE', #119, #2675 ) ;
#6749 = FILL_AREA_STYLE ('',( #3320 ) ) ;
#6750 = VECTOR ( 'NONE', #441, 1000.000000000000000 ) ;
#6751 = ADVANCED_FACE ( 'NONE', ( #8650 ), #4189, .T. ) ;
#6752 = DIRECTION ( 'NONE',  ( -0.000000000000000000, -0.000000000000000000, -1.000000000000000000 ) ) ;
#6753 = CARTESIAN_POINT ( 'NONE',  ( 1.406442327004499893, 11.19999999946981006, -11.03751430844884496 ) ) ;
#6754 = ORIENTED_EDGE ( 'NONE', *, *, #386, .F. ) ;
#6755 =( NAMED_UNIT ( * ) PLANE_ANGLE_UNIT ( ) SI_UNIT ( $, .RADIAN. ) );
#6756 = AXIS2_PLACEMENT_3D ( 'NONE', #5906, #2894, #5805 ) ;
#6757 = ORIENTED_EDGE ( 'NONE', *, *, #8620, .T. ) ;
#6758 = CARTESIAN_POINT ( 'NONE',  ( 5.549999999999998934, 6.000000000000000000, 15.65000000000000036 ) ) ;
#6759 = VECTOR ( 'NONE', #6469, 1000.000000000000000 ) ;
#6760 =( LENGTH_UNIT ( ) NAMED_UNIT ( * ) SI_UNIT ( .MILLI., .METRE. ) );
#6761 = VERTEX_POINT ( 'NONE', #7179 ) ;
#6762 = CARTESIAN_POINT ( 'NONE',  ( -2.196564625987929897, 15.50000000000000000, -0.05317708333333397153 ) ) ;
#6763 = ORIENTED_EDGE ( 'NONE', *, *, #2854, .F. ) ;
#6764 = FACE_OUTER_BOUND ( 'NONE', #9352, .T. ) ;
#6765 = MECHANICAL_DESIGN_GEOMETRIC_PRESENTATION_REPRESENTATION (  '', ( #6919 ), #9251 ) ;
#6766 = EDGE_CURVE ( 'NONE', #495, #3642, #2226, .T. ) ;
#6767 =( LENGTH_UNIT ( ) NAMED_UNIT ( * ) SI_UNIT ( .MILLI., .METRE. ) );
#6768 = CIRCLE ( 'NONE', #5024, 0.5000000000000004441 ) ;
#6769 = ORIENTED_EDGE ( 'NONE', *, *, #1002, .T. ) ;
#6770 = DIRECTION ( 'NONE',  ( 0.000000000000000000, 1.000000000000000000, 0.000000000000000000 ) ) ;
#6771 = CARTESIAN_POINT ( 'NONE',  ( -0.7898896539612677570, 18.49999999999999645, -2.989890203122780754 ) ) ;
#6772 = DIRECTION ( 'NONE',  ( 0.000000000000000000, 1.000000000000000000, 0.000000000000000000 ) ) ;
#6773 = EDGE_LOOP ( 'NONE', ( #7252, #9490, #2126, #7484 ) ) ;
#6774 = CARTESIAN_POINT ( 'NONE',  ( -6.049999999999999822, 8.000000000000000000, -16.14999999999999503 ) ) ;
#6775 = FACE_OUTER_BOUND ( 'NONE', #3578, .T. ) ;
#6776 = ORIENTED_EDGE ( 'NONE', *, *, #4639, .F. ) ;
#6777 = PRESENTATION_STYLE_ASSIGNMENT (( #9148 ) ) ;
#6778 = PRESENTATION_LAYER_ASSIGNMENT (  '', '', ( #5801 ) ) ;
#6779 =( NAMED_UNIT ( * ) SI_UNIT ( $, .STERADIAN. ) SOLID_ANGLE_UNIT ( ) );
#6780 =( NAMED_UNIT ( * ) SI_UNIT ( $, .STERADIAN. ) SOLID_ANGLE_UNIT ( ) );
#6781 = EDGE_CURVE ( 'NONE', #5222, #7345, #653, .T. ) ;
#6782 = PRESENTATION_STYLE_ASSIGNMENT (( #2813 ) ) ;
#6783 = CIRCLE ( 'NONE', #8789, 1.848999999999999977 ) ;
#6784 = LINE ( 'NONE', #2338, #3212 ) ;
#6785 = ORIENTED_EDGE ( 'NONE', *, *, #6361, .F. ) ;
#6786 = DIRECTION ( 'NONE',  ( 0.000000000000000000, 0.000000000000000000, 1.000000000000000000 ) ) ;
#6787 = CARTESIAN_POINT ( 'NONE',  ( 1.722210408787544722, 18.49999999999999645, -3.625535730866797479 ) ) ;
#6788 = SURFACE_STYLE_FILL_AREA ( #5974 ) ;
#6789 = PRESENTATION_LAYER_ASSIGNMENT (  '', '', ( #9267 ) ) ;
#6790 = CARTESIAN_POINT ( 'NONE',  ( -6.049999999999999822, 10.96252930732782715, -5.939567941946846119 ) ) ;
#6791 = VECTOR ( 'NONE', #3358, 1000.000000000000000 ) ;
#6792 =( NAMED_UNIT ( * ) PLANE_ANGLE_UNIT ( ) SI_UNIT ( $, .RADIAN. ) );
#6793 = EDGE_CURVE ( 'NONE', #3001, #3781, #4013, .T. ) ;
#6794 = LINE ( 'NONE', #858, #797 ) ;
#6795 = DIRECTION ( 'NONE',  ( -0.1490422661761819367, 0.000000000000000000, 0.9888308262251274128 ) ) ;
#6796 = PRESENTATION_STYLE_ASSIGNMENT (( #8880 ) ) ;
#6797 =( GEOMETRIC_REPRESENTATION_CONTEXT ( 3 ) GLOBAL_UNCERTAINTY_ASSIGNED_CONTEXT ( ( #6118 ) ) GLOBAL_UNIT_ASSIGNED_CONTEXT ( ( #8294, #3785, #176 ) ) REPRESENTATION_CONTEXT ( 'NONE', 'WORKASPACE' ) );
#6798 = CARTESIAN_POINT ( 'NONE',  ( 5.549999999999998934, 5.500000000000000888, -11.25000000000000178 ) ) ;
#6799 = EDGE_LOOP ( 'NONE', ( #5952, #8895, #695 ) ) ;
#6800 = ORIENTED_EDGE ( 'NONE', *, *, #6972, .T. ) ;
#6801 = CARTESIAN_POINT ( 'NONE',  ( 6.050000000000500755, 11.12956694662121038, -2.903995094558538881 ) ) ;
#6802 = STYLED_ITEM ( 'NONE', ( #4177 ), #9128 ) ;
#6803 = CARTESIAN_POINT ( 'NONE',  ( -6.663561837205168577E-16, 11.19999999999999929, -5.150000000000000355 ) ) ;
#6804 = EDGE_CURVE ( 'NONE', #8226, #7450, #6315, .T. ) ;
#6805 = CARTESIAN_POINT ( 'NONE',  ( 1.196353700947660359, 16.99999999999999289, -3.185632971609219322 ) ) ;
#6806 =( GEOMETRIC_REPRESENTATION_CONTEXT ( 3 ) GLOBAL_UNCERTAINTY_ASSIGNED_CONTEXT ( ( #3791 ) ) GLOBAL_UNIT_ASSIGNED_CONTEXT ( ( #5128, #4382, #4432 ) ) REPRESENTATION_CONTEXT ( 'NONE', 'WORKASPACE' ) );
#6807 = ORIENTED_EDGE ( 'NONE', *, *, #5978, .F. ) ;
#6808 = FILL_AREA_STYLE_COLOUR ( '', #9094 ) ;
#6809 = ORIENTED_EDGE ( 'NONE', *, *, #3775, .F. ) ;
#6810 = DIRECTION ( 'NONE',  ( -0.000000000000000000, 1.000000000000000000, -0.000000000000000000 ) ) ;
#6811 = MECHANICAL_DESIGN_GEOMETRIC_PRESENTATION_REPRESENTATION (  '', ( #2696 ), #6650 ) ;
#6812 = DIRECTION ( 'NONE',  ( 0.1490422661761676704, 0.000000000000000000, 0.9888308262251295222 ) ) ;
#6813 = CARTESIAN_POINT ( 'NONE',  ( -6.049999999999999822, 11.07922383682679346, -4.303491800922871313 ) ) ;
#6814 = UNCERTAINTY_MEASURE_WITH_UNIT (LENGTH_MEASURE( 1.000000000000000082E-05 ), #1, 'distance_accuracy_value', 'NONE');
#6815 = SURFACE_SIDE_STYLE ('',( #3797 ) ) ;
#6816 = FACE_OUTER_BOUND ( 'NONE', #3171, .T. ) ;
#6817 = CARTESIAN_POINT ( 'NONE',  ( 0.2357333623994358474, 15.49999999999999467, -6.983911334239432556 ) ) ;
#6818 = CYLINDRICAL_SURFACE ( 'NONE', #8205, 0.8400000000000005240 ) ;
#6819 = ORIENTED_EDGE ( 'NONE', *, *, #7341, .T. ) ;
#6820 = CARTESIAN_POINT ( 'NONE',  ( -7.296957046373735484E-16, 15.49999999999999467, -5.150000000000000355 ) ) ;
#6821 = ORIENTED_EDGE ( 'NONE', *, *, #3891, .F. ) ;
#6822 = COLOUR_RGB ( '',0.1058823529411764691, 0.6352941176470587870, 0.9411764705882352811 ) ;
#6823 =( GEOMETRIC_REPRESENTATION_CONTEXT ( 3 ) GLOBAL_UNCERTAINTY_ASSIGNED_CONTEXT ( ( #9215 ) ) GLOBAL_UNIT_ASSIGNED_CONTEXT ( ( #4047, #7659, #937 ) ) REPRESENTATION_CONTEXT ( 'NONE', 'WORKASPACE' ) );
#6824 = CARTESIAN_POINT ( 'NONE',  ( -6.049999999999999822, 7.500000000000000000, 16.15000000000000213 ) ) ;
#6825 = FILL_AREA_STYLE ('',( #335 ) ) ;
#6826 = PRESENTATION_STYLE_ASSIGNMENT (( #7528 ) ) ;
#6827 = VECTOR ( 'NONE', #7200, 1000.000000000000000 ) ;
#6828 = CARTESIAN_POINT ( 'NONE',  ( 1.648902502870863263, 16.99999999999999289, -3.546528598313586578 ) ) ;
#6829 = ORIENTED_EDGE ( 'NONE', *, *, #6066, .T. ) ;
#6830 = DIRECTION ( 'NONE',  ( 0.000000000000000000, 1.000000000000000000, 0.000000000000000000 ) ) ;
#6831 = SURFACE_SIDE_STYLE ('',( #3814 ) ) ;
#6832 =( GEOMETRIC_REPRESENTATION_CONTEXT ( 3 ) GLOBAL_UNCERTAINTY_ASSIGNED_CONTEXT ( ( #2945 ) ) GLOBAL_UNIT_ASSIGNED_CONTEXT ( ( #6414, #7092, #1827 ) ) REPRESENTATION_CONTEXT ( 'NONE', 'WORKASPACE' ) );
#6833 = DIRECTION ( 'NONE',  ( 0.000000000000000000, 0.000000000000000000, 1.000000000000000000 ) ) ;
#6834 = CARTESIAN_POINT ( 'NONE',  ( -7.296957046373735484E-16, 18.49999999999999645, -5.150000000000000355 ) ) ;
#6835 = EDGE_CURVE ( 'NONE', #2395, #1860, #5842, .T. ) ;
#6836 = PRODUCT_DEFINITION_CONTEXT ( 'detailed design', #4869, 'design' ) ;
#6837 = SPHERICAL_SURFACE ( 'NONE', #949, 0.5000000000000000000 ) ;
#6838 = CARTESIAN_POINT ( 'NONE',  ( -7.296957046373735484E-16, 15.49999999999999467, -5.150000000000000355 ) ) ;
#6839 =( GEOMETRIC_REPRESENTATION_CONTEXT ( 3 ) GLOBAL_UNCERTAINTY_ASSIGNED_CONTEXT ( ( #8544 ) ) GLOBAL_UNIT_ASSIGNED_CONTEXT ( ( #9646, #8736, #8832 ) ) REPRESENTATION_CONTEXT ( 'NONE', 'WORKASPACE' ) );
#6840 = FILL_AREA_STYLE ('',( #3163 ) ) ;
#6841 = SURFACE_STYLE_USAGE ( .BOTH. , #3876 ) ;
#6842 = MECHANICAL_DESIGN_GEOMETRIC_PRESENTATION_REPRESENTATION (  '', ( #5710 ), #3684 ) ;
#6843 = PRESENTATION_LAYER_ASSIGNMENT (  '', '', ( #7278 ) ) ;
#6844 = FILL_AREA_STYLE ('',( #9224 ) ) ;
#6845 = FILL_AREA_STYLE_COLOUR ( '', #4471 ) ;
#6846 = FILL_AREA_STYLE_COLOUR ( '', #8315 ) ;
#6847 = EDGE_LOOP ( 'NONE', ( #4248, #1374, #6718, #6613 ) ) ;
#6848 = EDGE_CURVE ( 'NONE', #5879, #9361, #4751, .T. ) ;
#6849 = VERTEX_POINT ( 'NONE', #9160 ) ;
#6850 =( LENGTH_UNIT ( ) NAMED_UNIT ( * ) SI_UNIT ( .MILLI., .METRE. ) );
#6851 = PRESENTATION_LAYER_ASSIGNMENT (  '', '', ( #4793 ) ) ;
#6852 = SURFACE_STYLE_USAGE ( .BOTH. , #7543 ) ;
#6853 = CARTESIAN_POINT ( 'NONE',  ( -7.296957046373735484E-16, 18.49999999999999645, -5.150000000000000355 ) ) ;
#6854 = STYLED_ITEM ( 'NONE', ( #756 ), #7941 ) ;
#6855 = ORIENTED_EDGE ( 'NONE', *, *, #1667, .F. ) ;
#6856 = EDGE_CURVE ( 'NONE', #1617, #2694, #5991, .T. ) ;
#6857 = CARTESIAN_POINT ( 'NONE',  ( -5.549999999999998934, -11.19999999999999929, 11.24999999999999822 ) ) ;
#6858 = EDGE_LOOP ( 'NONE', ( #4164, #8002, #5176, #8309 ) ) ;
#6859 = UNCERTAINTY_MEASURE_WITH_UNIT (LENGTH_MEASURE( 1.000000000000000082E-05 ), #2944, 'distance_accuracy_value', 'NONE');
#6860 = CYLINDRICAL_SURFACE ( 'NONE', #1203, 0.8399999999999996358 ) ;
#6861 =( NAMED_UNIT ( * ) PLANE_ANGLE_UNIT ( ) SI_UNIT ( $, .RADIAN. ) );
#6862 = AXIS2_PLACEMENT_3D ( 'NONE', #9437, #4962, #9580 ) ;
#6863 = CARTESIAN_POINT ( 'NONE',  ( -6.049999999999999822, 11.04923262857999866, -3.703791830506860006 ) ) ;
#6864 = LINE ( 'NONE', #5361, #3580 ) ;
#6865 = FILL_AREA_STYLE_COLOUR ( '', #4529 ) ;
#6866 =( GEOMETRIC_REPRESENTATION_CONTEXT ( 3 ) GLOBAL_UNCERTAINTY_ASSIGNED_CONTEXT ( ( #4895 ) ) GLOBAL_UNIT_ASSIGNED_CONTEXT ( ( #1547, #4845, #347 ) ) REPRESENTATION_CONTEXT ( 'NONE', 'WORKASPACE' ) );
#6867 = CARTESIAN_POINT ( 'NONE',  ( -6.150000000000000355, -7.749999999999999112, 8.000000000000000000 ) ) ;
#6868 = ORIENTED_EDGE ( 'NONE', *, *, #828, .T. ) ;
#6869 = LINE ( 'NONE', #2328, #6125 ) ;
#6870 = ORIENTED_EDGE ( 'NONE', *, *, #5675, .F. ) ;
#6871 = FILL_AREA_STYLE_COLOUR ( '', #8456 ) ;
#6872 = FILL_AREA_STYLE ('',( #3056 ) ) ;
#6873 = DIRECTION ( 'NONE',  ( 0.000000000000000000, 0.000000000000000000, 1.000000000000000000 ) ) ;
#6874 =( NAMED_UNIT ( * ) SI_UNIT ( $, .STERADIAN. ) SOLID_ANGLE_UNIT ( ) );
#6875 = EDGE_LOOP ( 'NONE', ( #4671 ) ) ;
#6876 = CARTESIAN_POINT ( 'NONE',  ( 1.625000000000000000, -6.450000000000000178, -11.25000000000000178 ) ) ;
#6877 = SURFACE_STYLE_FILL_AREA ( #3919 ) ;
#6878 = DIRECTION ( 'NONE',  ( -0.000000000000000000, -1.000000000000000000, -0.000000000000000000 ) ) ;
#6879 = LINE ( 'NONE', #1554, #4412 ) ;
#6880 = CIRCLE ( 'NONE', #3234, 0.8400000000000000799 ) ;
#6881 = DIRECTION ( 'NONE',  ( 0.000000000000000000, 0.000000000000000000, 1.000000000000000000 ) ) ;
#6882 = DIRECTION ( 'NONE',  ( 0.000000000000000000, -1.000000000000000000, 0.000000000000000000 ) ) ;
#6883 = ADVANCED_FACE ( 'NONE', ( #5374 ), #3920, .T. ) ;
#6884 = SURFACE_STYLE_FILL_AREA ( #958 ) ;
#6885 =( NAMED_UNIT ( * ) SI_UNIT ( $, .STERADIAN. ) SOLID_ANGLE_UNIT ( ) );
#6886 = FILL_AREA_STYLE_COLOUR ( '', #422 ) ;
#6887 = DIRECTION ( 'NONE',  ( 0.000000000000000000, 0.000000000000000000, -1.000000000000000000 ) ) ;
#6888 = AXIS2_PLACEMENT_3D ( 'NONE', #3660, #3005, #3614 ) ;
#6889 = PLANE ( 'NONE',  #7828 ) ;
#6890 = ORIENTED_EDGE ( 'NONE', *, *, #1434, .T. ) ;
#6891 = MECHANICAL_DESIGN_GEOMETRIC_PRESENTATION_REPRESENTATION (  '', ( #6746 ), #6412 ) ;
#6892 = VERTEX_POINT ( 'NONE', #1321 ) ;
#6893 = SURFACE_STYLE_FILL_AREA ( #9655 ) ;
#6894 = CARTESIAN_POINT ( 'NONE',  ( 6.050000000000000711, 11.07922383682646661, -4.303491800936320111 ) ) ;
#6895 = PRESENTATION_LAYER_ASSIGNMENT (  '', '', ( #2930 ) ) ;
#6896 = CARTESIAN_POINT ( 'NONE',  ( -6.663561837205168577E-16, 11.19999999999999929, -5.150000000000000355 ) ) ;
#6897 = UNCERTAINTY_MEASURE_WITH_UNIT (LENGTH_MEASURE( 1.000000000000000082E-05 ), #3281, 'distance_accuracy_value', 'NONE');
#6898 = ADVANCED_FACE ( 'NONE', ( #8794 ), #6655, .T. ) ;
#6899 = PRESENTATION_LAYER_ASSIGNMENT (  '', '', ( #6571 ) ) ;
#6900 = DIRECTION ( 'NONE',  ( 0.000000000000000000, 0.000000000000000000, -1.000000000000000000 ) ) ;
#6901 = EDGE_LOOP ( 'NONE', ( #6963, #6699, #8779, #6915 ) ) ;
#6902 = DIRECTION ( 'NONE',  ( 0.000000000000000000, 0.000000000000000000, 1.000000000000000000 ) ) ;
#6903 = ORIENTED_EDGE ( 'NONE', *, *, #450, .T. ) ;
#6904 = SURFACE_STYLE_FILL_AREA ( #2269 ) ;
#6905 = VECTOR ( 'NONE', #8286, 1000.000000000000000 ) ;
#6906 = EDGE_CURVE ( 'NONE', #9014, #4245, #795, .T. ) ;
#6907 = SURFACE_STYLE_USAGE ( .BOTH. , #9050 ) ;
#6908 = UNCERTAINTY_MEASURE_WITH_UNIT (LENGTH_MEASURE( 1.000000000000000082E-05 ), #3378, 'distance_accuracy_value', 'NONE');
#6909 = CARTESIAN_POINT ( 'NONE',  ( -0.7986154343352918072, 18.49999999999999645, -3.345466435266591265 ) ) ;
#6910 = DIRECTION ( 'NONE',  ( 0.000000000000000000, 0.000000000000000000, 1.000000000000000000 ) ) ;
#6911 = VERTEX_POINT ( 'NONE', #9652 ) ;
#6912 = DIRECTION ( 'NONE',  ( 0.000000000000000000, 0.000000000000000000, -1.000000000000000000 ) ) ;
#6913 = MECHANICAL_DESIGN_GEOMETRIC_PRESENTATION_REPRESENTATION (  '', ( #5443 ), #5324 ) ;
#6914 =( LENGTH_UNIT ( ) NAMED_UNIT ( * ) SI_UNIT ( .MILLI., .METRE. ) );
#6915 = ORIENTED_EDGE ( 'NONE', *, *, #3828, .F. ) ;
#6916 = FILL_AREA_STYLE ('',( #195 ) ) ;
#6917 = DIRECTION ( 'NONE',  ( 0.000000000000000000, 0.000000000000000000, 1.000000000000000000 ) ) ;
#6918 = EDGE_CURVE ( 'NONE', #735, #1460, #4579, .T. ) ;
#6919 = STYLED_ITEM ( 'NONE', ( #4297 ), #924 ) ;
#6920 = UNCERTAINTY_MEASURE_WITH_UNIT (LENGTH_MEASURE( 1.000000000000000082E-05 ), #4979, 'distance_accuracy_value', 'NONE');
#6921 = CARTESIAN_POINT ( 'NONE',  ( 5.549999999999998934, 8.000000000000000000, 15.65000000000000036 ) ) ;
#6922 = SURFACE_STYLE_FILL_AREA ( #4502 ) ;
#6923 = ORIENTED_EDGE ( 'NONE', *, *, #1750, .F. ) ;
#6924 = FILL_AREA_STYLE_COLOUR ( '', #9204 ) ;
#6925 = CARTESIAN_POINT ( 'NONE',  ( 0.5000000000000004441, 5.500000000000000888, 16.15000000000000213 ) ) ;
#6926 = SURFACE_STYLE_FILL_AREA ( #8189 ) ;
#6927 = AXIS2_PLACEMENT_3D ( 'NONE', #1614, #4431, #8944 ) ;
#6928 = UNCERTAINTY_MEASURE_WITH_UNIT (LENGTH_MEASURE( 1.000000000000000082E-05 ), #733, 'distance_accuracy_value', 'NONE');
#6929 = FILL_AREA_STYLE ('',( #3210 ) ) ;
#6930 = LINE ( 'NONE', #164, #7469 ) ;
#6931 = SURFACE_STYLE_FILL_AREA ( #6840 ) ;
#6932 = DIRECTION ( 'NONE',  ( 0.000000000000000000, 1.000000000000000000, -0.000000000000000000 ) ) ;
#6933 = DIRECTION ( 'NONE',  ( 0.000000000000000000, -1.000000000000000000, 7.744301232039317914E-17 ) ) ;
#6934 = LINE ( 'NONE', #3877, #7411 ) ;
#6935 = CARTESIAN_POINT ( 'NONE',  ( 5.549999999999998934, 10.69999999999999929, 11.24999999999999645 ) ) ;
#6936 = MECHANICAL_DESIGN_GEOMETRIC_PRESENTATION_REPRESENTATION (  '', ( #3468 ), #3308 ) ;
#6937 = DIRECTION ( 'NONE',  ( 0.000000000000000000, 1.000000000000000000, 0.000000000000000000 ) ) ;
#6938 =( NAMED_UNIT ( * ) SI_UNIT ( $, .STERADIAN. ) SOLID_ANGLE_UNIT ( ) );
#6939 = DIRECTION ( 'NONE',  ( 0.000000000000000000, 0.000000000000000000, 1.000000000000000000 ) ) ;
#6940 = ORIENTED_EDGE ( 'NONE', *, *, #1882, .F. ) ;
#6941 = EDGE_LOOP ( 'NONE', ( #9078, #2509, #4233, #1773 ) ) ;
#6942 = CARTESIAN_POINT ( 'NONE',  ( 1.580786964577243658, 15.49999999999999467, -4.190878749780475587 ) ) ;
#6943 = AXIS2_PLACEMENT_3D ( 'NONE', #1900, #7899, #1816 ) ;
#6944 = ORIENTED_EDGE ( 'NONE', *, *, #5286, .T. ) ;
#6945 =( NAMED_UNIT ( * ) PLANE_ANGLE_UNIT ( ) SI_UNIT ( $, .RADIAN. ) );
#6946 = ORIENTED_EDGE ( 'NONE', *, *, #3309, .F. ) ;
#6947 = EDGE_CURVE ( 'NONE', #2976, #6428, #2832, .T. ) ;
#6948 = UNCERTAINTY_MEASURE_WITH_UNIT (LENGTH_MEASURE( 1.000000000000000082E-05 ), #6767, 'distance_accuracy_value', 'NONE');
#6949 = VECTOR ( 'NONE', #7440, 1000.000000000000000 ) ;
#6950 = CARTESIAN_POINT ( 'NONE',  ( -6.049999999999999822, 8.000000000000000000, 15.65000000000000036 ) ) ;
#6951 = EDGE_CURVE ( 'NONE', #778, #2329, #4109, .T. ) ;
#6952 = SURFACE_STYLE_USAGE ( .BOTH. , #5359 ) ;
#6953 = SURFACE_STYLE_USAGE ( .BOTH. , #7607 ) ;
#6954 = CARTESIAN_POINT ( 'NONE',  ( -0.8383069948729963139, 15.49999999999999467, -6.798041984400581939 ) ) ;
#6955 = DIRECTION ( 'NONE',  ( 0.000000000000000000, 0.000000000000000000, 1.000000000000000000 ) ) ;
#6956 = AXIS2_PLACEMENT_3D ( 'NONE', #7687, #8584, #2531 ) ;
#6957 = SURFACE_SIDE_STYLE ('',( #1768 ) ) ;
#6958 = CARTESIAN_POINT ( 'NONE',  ( 5.871576869484282035, 11.19999999950113256, -6.623302605040287006 ) ) ;
#6959 = FACE_OUTER_BOUND ( 'NONE', #1271, .T. ) ;
#6960 = ORIENTED_EDGE ( 'NONE', *, *, #9278, .T. ) ;
#6961 = DIRECTION ( 'NONE',  ( 0.000000000000000000, 0.000000000000000000, 1.000000000000000000 ) ) ;
#6962 = CARTESIAN_POINT ( 'NONE',  ( 1.580786964577256759, 15.49999999999999467, -6.109121250219502031 ) ) ;
#6963 = ORIENTED_EDGE ( 'NONE', *, *, #8206, .T. ) ;
#6964 =( LENGTH_UNIT ( ) NAMED_UNIT ( * ) SI_UNIT ( .MILLI., .METRE. ) );
#6965 = EDGE_CURVE ( 'NONE', #2694, #3466, #6308, .T. ) ;
#6966 = CARTESIAN_POINT ( 'NONE',  ( -0.8383069948730195176, 15.49999999999999467, -3.501958015599429430 ) ) ;
#6967 = DIRECTION ( 'NONE',  ( 0.000000000000000000, 0.000000000000000000, 1.000000000000000000 ) ) ;
#6968 = CARTESIAN_POINT ( 'NONE',  ( -5.549999999999998934, 11.19999999999999929, -11.25000000000000178 ) ) ;
#6969 = ORIENTED_EDGE ( 'NONE', *, *, #4169, .F. ) ;
#6970 = CARTESIAN_POINT ( 'NONE',  ( 6.049999999999999822, 10.69999999999999929, 10.74999999999999645 ) ) ;
#6971 = FILL_AREA_STYLE ('',( #1908 ) ) ;
#6972 = EDGE_CURVE ( 'NONE', #5984, #727, #6552, .T. ) ;
#6973 = UNCERTAINTY_MEASURE_WITH_UNIT (LENGTH_MEASURE( 1.000000000000000082E-05 ), #3852, 'distance_accuracy_value', 'NONE');
#6974 = AXIS2_PLACEMENT_3D ( 'NONE', #4946, #5000, #6318 ) ;
#6975 = CARTESIAN_POINT ( 'NONE',  ( -5.549999999999998934, 6.000000000000000000, 15.65000000000000036 ) ) ;
#6976 = PRESENTATION_LAYER_ASSIGNMENT (  '', '', ( #4448 ) ) ;
#6977 = DIRECTION ( 'NONE',  ( 0.000000000000000000, 0.000000000000000000, 1.000000000000000000 ) ) ;
#6978 = CARTESIAN_POINT ( 'NONE',  ( 2.048277883803077071, 18.49999999999999645, -4.103788878512956373 ) ) ;
#6979 = VECTOR ( 'NONE', #5098, 1000.000000000000000 ) ;
#6980 = CARTESIAN_POINT ( 'NONE',  ( -7.296957046373735484E-16, 28.49999999999999645, -5.150000000000000355 ) ) ;
#6981 = AXIS2_PLACEMENT_3D ( 'NONE', #3311, #7729, #2615 ) ;
#6982 = STYLED_ITEM ( 'NONE', ( #2194 ), #6473 ) ;
#6983 = FACE_OUTER_BOUND ( 'NONE', #5872, .T. ) ;
#6984 = ORIENTED_EDGE ( 'NONE', *, *, #1526, .F. ) ;
#6985 = ADVANCED_FACE ( 'NONE', ( #3931 ), #1241, .T. ) ;
#6986 = EDGE_LOOP ( 'NONE', ( #9134, #1978, #8795, #1433 ) ) ;
#6987 = CIRCLE ( 'NONE', #8214, 0.5000000000000004441 ) ;
#6988 = SURFACE_STYLE_USAGE ( .BOTH. , #129 ) ;
#6989 = AXIS2_PLACEMENT_3D ( 'NONE', #637, #687, #1429 ) ;
#6990 = VECTOR ( 'NONE', #7220, 1000.000000000000000 ) ;
#6991 = DIRECTION ( 'NONE',  ( 0.5633200580636232857, 0.000000000000000000, -0.8262387743159941289 ) ) ;
#6992 = UNCERTAINTY_MEASURE_WITH_UNIT (LENGTH_MEASURE( 1.000000000000000082E-05 ), #4049, 'distance_accuracy_value', 'NONE');
#6993 = UNCERTAINTY_MEASURE_WITH_UNIT (LENGTH_MEASURE( 1.000000000000000082E-05 ), #9383, 'distance_accuracy_value', 'NONE');
#6994 = VERTEX_POINT ( 'NONE', #9707 ) ;
#6995 = EDGE_LOOP ( 'NONE', ( #2599, #6107, #6405 ) ) ;
#6996 = SURFACE_STYLE_USAGE ( .BOTH. , #4916 ) ;
#6997 = LINE ( 'NONE', #5548, #84 ) ;
#6998 = FACE_OUTER_BOUND ( 'NONE', #6941, .T. ) ;
#6999 =( NAMED_UNIT ( * ) SI_UNIT ( $, .STERADIAN. ) SOLID_ANGLE_UNIT ( ) );
#7000 = STYLED_ITEM ( 'NONE', ( #1687 ), #2164 ) ;
#7001 = FACE_OUTER_BOUND ( 'NONE', #3326, .T. ) ;
#7002 = EDGE_CURVE ( 'NONE', #5902, #78, #1428, .T. ) ;
#7003 = PLANE ( 'NONE',  #4053 ) ;
#7004 = CARTESIAN_POINT ( 'NONE',  ( -0.9999999999999997780, 5.500000000000001776, -15.09899959967967575 ) ) ;
#7005 = SURFACE_STYLE_USAGE ( .BOTH. , #241 ) ;
#7006 = ORIENTED_EDGE ( 'NONE', *, *, #3469, .F. ) ;
#7007 = STYLED_ITEM ( 'NONE', ( #6678 ), #8092 ) ;
#7008 = ORIENTED_EDGE ( 'NONE', *, *, #1495, .T. ) ;
#7009 = LINE ( 'NONE', #6456, #2793 ) ;
#7010 = VECTOR ( 'NONE', #8610, 1000.000000000000000 ) ;
#7011 = ADVANCED_FACE ( 'NONE', ( #4674 ), #8797, .T. ) ;
#7012 = UNCERTAINTY_MEASURE_WITH_UNIT (LENGTH_MEASURE( 1.000000000000000082E-05 ), #9404, 'distance_accuracy_value', 'NONE');
#7013 = COLOUR_RGB ( '',1.000000000000000000, 0.8352941176470588536, 0.000000000000000000 ) ;
#7014 = ORIENTED_EDGE ( 'NONE', *, *, #3585, .F. ) ;
#7015 = CARTESIAN_POINT ( 'NONE',  ( 5.549999999999998934, 6.000000000000000000, 15.65000000000000036 ) ) ;
#7016 = FILL_AREA_STYLE ('',( #999 ) ) ;
#7017 = DIRECTION ( 'NONE',  ( 0.000000000000000000, 1.000000000000000000, 0.000000000000000000 ) ) ;
#7018 = SURFACE_SIDE_STYLE ('',( #258 ) ) ;
#7019 = DIRECTION ( 'NONE',  ( 0.000000000000000000, 0.000000000000000000, -1.000000000000000000 ) ) ;
#7020 = COLOUR_RGB ( '',0.7764705882352941346, 0.7568627450980391913, 0.7372549019607843590 ) ;
#7021 = ADVANCED_FACE ( 'NONE', ( #870 ), #3647, .T. ) ;
#7022 =( NAMED_UNIT ( * ) SI_UNIT ( $, .STERADIAN. ) SOLID_ANGLE_UNIT ( ) );
#7023 =( NAMED_UNIT ( * ) SI_UNIT ( $, .STERADIAN. ) SOLID_ANGLE_UNIT ( ) );
#7024 = VERTEX_POINT ( 'NONE', #4763 ) ;
#7025 =( NAMED_UNIT ( * ) PLANE_ANGLE_UNIT ( ) SI_UNIT ( $, .RADIAN. ) );
#7026 = CYLINDRICAL_SURFACE ( 'NONE', #9337, 2.299999999999998046 ) ;
#7027 = PRESENTATION_LAYER_ASSIGNMENT (  '', '', ( #1519 ) ) ;
#7028 =( NAMED_UNIT ( * ) PLANE_ANGLE_UNIT ( ) SI_UNIT ( $, .RADIAN. ) );
#7029 = ORIENTED_EDGE ( 'NONE', *, *, #3024, .F. ) ;
#7030 = VECTOR ( 'NONE', #3924, 1000.000000000000000 ) ;
#7031 = EDGE_LOOP ( 'NONE', ( #8534, #8250, #8819, #9249 ) ) ;
#7032 = FILL_AREA_STYLE ('',( #7595 ) ) ;
#7033 =( GEOMETRIC_REPRESENTATION_CONTEXT ( 3 ) GLOBAL_UNCERTAINTY_ASSIGNED_CONTEXT ( ( #7467 ) ) GLOBAL_UNIT_ASSIGNED_CONTEXT ( ( #3569, #2188, #6675 ) ) REPRESENTATION_CONTEXT ( 'NONE', 'WORKASPACE' ) );
#7034 = SURFACE_STYLE_USAGE ( .BOTH. , #4084 ) ;
#7035 = EDGE_CURVE ( 'NONE', #6365, #5964, #7788, .T. ) ;
#7036 = ORIENTED_EDGE ( 'NONE', *, *, #507, .F. ) ;
#7037 = AXIS2_PLACEMENT_3D ( 'NONE', #7818, #1086, #350 ) ;
#7038 = ORIENTED_EDGE ( 'NONE', *, *, #1217, .T. ) ;
#7039 = SURFACE_STYLE_USAGE ( .BOTH. , #7699 ) ;
#7040 = PRESENTATION_STYLE_ASSIGNMENT (( #975 ) ) ;
#7041 = CYLINDRICAL_SURFACE ( 'NONE', #1741, 2.875000000000000444 ) ;
#7042 =( GEOMETRIC_REPRESENTATION_CONTEXT ( 3 ) GLOBAL_UNCERTAINTY_ASSIGNED_CONTEXT ( ( #8778 ) ) GLOBAL_UNIT_ASSIGNED_CONTEXT ( ( #1604, #4614, #5071 ) ) REPRESENTATION_CONTEXT ( 'NONE', 'WORKASPACE' ) );
#7043 = FILL_AREA_STYLE_COLOUR ( '', #7684 ) ;
#7044 = AXIS2_PLACEMENT_3D ( 'NONE', #1285, #2906, #4300 ) ;
#7045 = DIRECTION ( 'NONE',  ( -0.000000000000000000, 1.000000000000000000, -0.000000000000000000 ) ) ;
#7046 = CARTESIAN_POINT ( 'NONE',  ( 1.000000000000000000, 8.000000000000000000, -16.14999999999999503 ) ) ;
#7047 = DIRECTION ( 'NONE',  ( 0.000000000000000000, 0.000000000000000000, -1.000000000000000000 ) ) ;
#7048 = ORIENTED_EDGE ( 'NONE', *, *, #411, .T. ) ;
#7049 = CARTESIAN_POINT ( 'NONE',  ( -5.817996659520657587, 11.20000000050162114, -6.821346045425459970 ) ) ;
#7050 = CIRCLE ( 'NONE', #2791, 6.049999999999999822 ) ;
#7051 = VERTEX_POINT ( 'NONE', #5535 ) ;
#7052 = SURFACE_SIDE_STYLE ('',( #1873 ) ) ;
#7053 = DIRECTION ( 'NONE',  ( 0.000000000000000000, 1.000000000000000000, -0.000000000000000000 ) ) ;
#7054 = ORIENTED_EDGE ( 'NONE', *, *, #4548, .F. ) ;
#7055 = CARTESIAN_POINT ( 'NONE',  ( -1.811166969963616147, 15.49999999999999467, -5.522122569743917353 ) ) ;
#7056 = UNCERTAINTY_MEASURE_WITH_UNIT (LENGTH_MEASURE( 1.000000000000000082E-05 ), #767, 'distance_accuracy_value', 'NONE');
#7057 = EDGE_CURVE ( 'NONE', #8611, #3744, #9230, .T. ) ;
#7058 = EDGE_CURVE ( 'NONE', #1632, #8742, #1017, .T. ) ;
#7059 =( NAMED_UNIT ( * ) SI_UNIT ( $, .STERADIAN. ) SOLID_ANGLE_UNIT ( ) );
#7060 = STYLED_ITEM ( 'NONE', ( #940 ), #945 ) ;
#7061 = FILL_AREA_STYLE ('',( #4112 ) ) ;
#7062 = STYLED_ITEM ( 'NONE', ( #7074 ), #1328 ) ;
#7063 = FACE_OUTER_BOUND ( 'NONE', #1988, .T. ) ;
#7064 = CARTESIAN_POINT ( 'NONE',  ( 1.000000000000000000, 6.000000000000000000, 16.15000000000000213 ) ) ;
#7065 = EDGE_LOOP ( 'NONE', ( #2327, #218, #4292, #5422, #3910, #6776, #7014, #587, #10, #4190, #4651, #3025, #7518, #28, #4702, #2202, #8635, #7831, #2538, #2720, #2098, #285, #9133, #6236, #4762, #4087, #1363, #2859, #1229, #2537, #304, #6946, #2927, #8747, #8598, #1393, #5646, #4967, #8521, #9542, #8715, #3035, #5725, #3487, #4136, #5697, #4905, #6855, #6102, #3826, #1913, #2381, #5215, #3704, #4315, #4440, #7215, #6395, #6339, #8272, #5226, #3700, #2093, #5372, #6313, #7397, #4879, #429, #8667, #4187, #8856, #4588, #6645, #6754, #2454, #3343, #1929, #294, #7549, #2453, #79, #6984, #5312, #9171 ) ) ;
#7066 = EDGE_LOOP ( 'NONE', ( #4024, #7842, #8335, #2751 ) ) ;
#7067 = ADVANCED_FACE ( 'NONE', ( #6181 ), #2621, .F. ) ;
#7068 = PRESENTATION_STYLE_ASSIGNMENT (( #6389 ) ) ;
#7069 = SURFACE_STYLE_USAGE ( .BOTH. , #8673 ) ;
#7070 = UNCERTAINTY_MEASURE_WITH_UNIT (LENGTH_MEASURE( 1.000000000000000082E-05 ), #6232, 'distance_accuracy_value', 'NONE');
#7071 = STYLED_ITEM ( 'NONE', ( #4030 ), #9496 ) ;
#7072 = SURFACE_STYLE_USAGE ( .BOTH. , #7692 ) ;
#7073 = EDGE_LOOP ( 'NONE', ( #4025, #597, #5411, #8116 ) ) ;
#7074 = PRESENTATION_STYLE_ASSIGNMENT (( #7795 ) ) ;
#7075 = ORIENTED_EDGE ( 'NONE', *, *, #1882, .T. ) ;
#7076 =( LENGTH_UNIT ( ) NAMED_UNIT ( * ) SI_UNIT ( .MILLI., .METRE. ) );
#7077 = ADVANCED_FACE ( 'NONE', ( #5633 ), #2576, .T. ) ;
#7078 = MECHANICAL_DESIGN_GEOMETRIC_PRESENTATION_REPRESENTATION (  '', ( #4571 ), #8955 ) ;
#7079 = CIRCLE ( 'NONE', #4103, 1.849000000000000199 ) ;
#7080 = CARTESIAN_POINT ( 'NONE',  ( -1.625000000000000000, -6.450000000000000178, -10.25000000000000178 ) ) ;
#7081 = LINE ( 'NONE', #3990, #5514 ) ;
#7082 = SURFACE_STYLE_FILL_AREA ( #3381 ) ;
#7083 = DIRECTION ( 'NONE',  ( 0.000000000000000000, 1.000000000000000000, 0.000000000000000000 ) ) ;
#7084 = CARTESIAN_POINT ( 'NONE',  ( 5.549999999999998934, 0.000000000000000000, -10.75000000000000000 ) ) ;
#7085 = SURFACE_STYLE_FILL_AREA ( #5507 ) ;
#7086 = ORIENTED_EDGE ( 'NONE', *, *, #7526, .T. ) ;
#7087 = CARTESIAN_POINT ( 'NONE',  ( -6.050000000000093081, 11.08820394169406143, -7.199084553105876694 ) ) ;
#7088 = LINE ( 'NONE', #8466, #7211 ) ;
#7089 = ORIENTED_EDGE ( 'NONE', *, *, #913, .F. ) ;
#7090 = LINE ( 'NONE', #7765, #6255 ) ;
#7091 = ADVANCED_FACE ( 'NONE', ( #1935 ), #9479, .T. ) ;
#7092 =( NAMED_UNIT ( * ) PLANE_ANGLE_UNIT ( ) SI_UNIT ( $, .RADIAN. ) );
#7093 = VECTOR ( 'NONE', #9594, 1000.000000000000000 ) ;
#7094 = UNCERTAINTY_MEASURE_WITH_UNIT (LENGTH_MEASURE( 1.000000000000000082E-05 ), #5846, 'distance_accuracy_value', 'NONE');
#7095 = ORIENTED_EDGE ( 'NONE', *, *, #5965, .F. ) ;
#7096 = SURFACE_STYLE_USAGE ( .BOTH. , #5569 ) ;
#7097 = VECTOR ( 'NONE', #1031, 1000.000000000000000 ) ;
#7098 = DIRECTION ( 'NONE',  ( -0.000000000000000000, 1.000000000000000000, -0.000000000000000000 ) ) ;
#7099 = FACE_OUTER_BOUND ( 'NONE', #3718, .T. ) ;
#7100 = DIRECTION ( 'NONE',  ( 0.000000000000000000, 0.000000000000000000, -1.000000000000000000 ) ) ;
#7101 = COLOUR_RGB ( '',0.1058823529411764691, 0.6352941176470587870, 0.9411764705882352811 ) ;
#7102 =( NAMED_UNIT ( * ) PLANE_ANGLE_UNIT ( ) SI_UNIT ( $, .RADIAN. ) );
#7103 = EDGE_CURVE ( 'NONE', #8548, #9589, #1313, .T. ) ;
#7104 = CARTESIAN_POINT ( 'NONE',  ( -6.049999999999999822, 6.000000000000000000, 10.74999999999999645 ) ) ;
#7105 = ORIENTED_EDGE ( 'NONE', *, *, #7545, .F. ) ;
#7106 = ORIENTED_EDGE ( 'NONE', *, *, #9081, .T. ) ;
#7107 = CARTESIAN_POINT ( 'NONE',  ( 6.049999999999999822, 11.19999999999999929, -5.150000000000000355 ) ) ;
#7108 = DIRECTION ( 'NONE',  ( 0.000000000000000000, 0.000000000000000000, 1.000000000000000000 ) ) ;
#7109 = DIRECTION ( 'NONE',  ( 0.000000000000000000, -1.000000000000000000, 0.000000000000000000 ) ) ;
#7110 = PRESENTATION_LAYER_ASSIGNMENT (  '', '', ( #1138 ) ) ;
#7111 = STYLED_ITEM ( 'NONE', ( #1744 ), #8581 ) ;
#7112 = VECTOR ( 'NONE', #4243, 1000.000000000000000 ) ;
#7113 = EDGE_CURVE ( 'NONE', #8440, #7387, #8061, .T. ) ;
#7114 = AXIS2_PLACEMENT_3D ( 'NONE', #3167, #121, #3117 ) ;
#7115 = ORIENTED_EDGE ( 'NONE', *, *, #2736, .F. ) ;
#7116 = CARTESIAN_POINT ( 'NONE',  ( 1.100000000000000089, -7.074999999999999289, -11.75000000000000178 ) ) ;
#7117 = PRESENTATION_LAYER_ASSIGNMENT (  '', '', ( #1624 ) ) ;
#7118 = EDGE_LOOP ( 'NONE', ( #5326, #5030, #1535, #445 ) ) ;
#7119 = DIRECTION ( 'NONE',  ( -0.000000000000000000, 0.000000000000000000, 1.000000000000000000 ) ) ;
#7120 = DIRECTION ( 'NONE',  ( -0.000000000000000000, 1.000000000000000000, -0.000000000000000000 ) ) ;
#7121 = LINE ( 'NONE', #4921, #1259 ) ;
#7122 = CARTESIAN_POINT ( 'NONE',  ( -7.296957046373735484E-16, 15.49999999999999289, -5.150000000000000355 ) ) ;
#7123 = PRESENTATION_LAYER_ASSIGNMENT (  '', '', ( #3513 ) ) ;
#7124 = LINE ( 'NONE', #3139, #7097 ) ;
#7125 = AXIS2_PLACEMENT_3D ( 'NONE', #2301, #4517, #3825 ) ;
#7126 = EDGE_CURVE ( 'NONE', #9461, #9066, #3843, .T. ) ;
#7127 = CIRCLE ( 'NONE', #5563, 0.8399999999999996358 ) ;
#7128 = CARTESIAN_POINT ( 'NONE',  ( 6.049999999999999822, 10.96227110830030860, -5.940457449794784850 ) ) ;
#7129 = CARTESIAN_POINT ( 'NONE',  ( -0.3997336094065722656, 11.20000000023430786, -11.19025846336267982 ) ) ;
#7130 = ORIENTED_EDGE ( 'NONE', *, *, #4291, .F. ) ;
#7131 = CARTESIAN_POINT ( 'NONE',  ( 0.5000000000000000000, -11.20000000000000107, -15.09899959967968286 ) ) ;
#7132 = CARTESIAN_POINT ( 'NONE',  ( 6.049999999999999822, -11.19999999999999929, 11.24999999999999822 ) ) ;
#7134 = VERTEX_POINT ( 'NONE', #1353 ) ;
#7133 = MECHANICAL_DESIGN_GEOMETRIC_PRESENTATION_REPRESENTATION (  '', ( #3040 ), #9662 ) ;
#7135 =( LENGTH_UNIT ( ) NAMED_UNIT ( * ) SI_UNIT ( .MILLI., .METRE. ) );
#7136 = ADVANCED_FACE ( 'NONE', ( #3418 ), #6837, .T. ) ;
#7137 = VERTEX_POINT ( 'NONE', #4265 ) ;
#7138 = DIRECTION ( 'NONE',  ( 0.000000000000000000, 1.000000000000000000, -0.000000000000000000 ) ) ;
#7139 = VECTOR ( 'NONE', #4401, 1000.000000000000000 ) ;
#7140 = CARTESIAN_POINT ( 'NONE',  ( 1.074571710479143016, 18.49999999999999645, -6.654691542821295158 ) ) ;
#7141 = ORIENTED_EDGE ( 'NONE', *, *, #5015, .T. ) ;
#7142 = FILL_AREA_STYLE_COLOUR ( '', #1863 ) ;
#7143 = PRESENTATION_LAYER_ASSIGNMENT (  '', '', ( #6205 ) ) ;
#7144 = COLOUR_RGB ( '',0.7764705882352941346, 0.7568627450980391913, 0.7372549019607843590 ) ;
#7145 = UNCERTAINTY_MEASURE_WITH_UNIT (LENGTH_MEASURE( 1.000000000000000082E-05 ), #2031, 'distance_accuracy_value', 'NONE');
#7146 = DIRECTION ( 'NONE',  ( 0.000000000000000000, 0.000000000000000000, -1.000000000000000000 ) ) ;
#7147 = LINE ( 'NONE', #408, #9442 ) ;
#7148 = CARTESIAN_POINT ( 'NONE',  ( 1.625000000000000000, -7.700000000000000178, -10.25000000000000178 ) ) ;
#7149 = AXIS2_PLACEMENT_3D ( 'NONE', #2810, #1439, #5820 ) ;
#7150 = PRESENTATION_LAYER_ASSIGNMENT (  '', '', ( #2583 ) ) ;
#7151 = DIRECTION ( 'NONE',  ( 0.000000000000000000, 1.000000000000000000, 0.000000000000000000 ) ) ;
#7152 = SURFACE_STYLE_FILL_AREA ( #361 ) ;
#7153 = DIRECTION ( 'NONE',  ( 0.000000000000000000, 0.000000000000000000, 1.000000000000000000 ) ) ;
#7154 = STYLED_ITEM ( 'NONE', ( #3048 ), #8439 ) ;
#7155 = FILL_AREA_STYLE ('',( #417 ) ) ;
#7156 = ORIENTED_EDGE ( 'NONE', *, *, #2488, .F. ) ;
#7157 = AXIS2_PLACEMENT_3D ( 'NONE', #1517, #7399, #3028 ) ;
#7158 = SURFACE_STYLE_FILL_AREA ( #9536 ) ;
#7159 = LINE ( 'NONE', #4028, #7449 ) ;
#7160 = SURFACE_STYLE_USAGE ( .BOTH. , #473 ) ;
#7161 = EDGE_CURVE ( 'NONE', #9704, #3752, #6879, .T. ) ;
#7162 = CARTESIAN_POINT ( 'NONE',  ( 1.100000000000000089, -7.074999999999999289, -11.75000000000000178 ) ) ;
#7163 = MECHANICAL_DESIGN_GEOMETRIC_PRESENTATION_REPRESENTATION (  '', ( #1830 ), #4984 ) ;
#7164 = VERTEX_POINT ( 'NONE', #8181 ) ;
#7165 = SURFACE_STYLE_USAGE ( .BOTH. , #7891 ) ;
#7166 = ORIENTED_EDGE ( 'NONE', *, *, #2413, .F. ) ;
#7167 = VECTOR ( 'NONE', #7873, 1000.000000000000000 ) ;
#7168 = SURFACE_SIDE_STYLE ('',( #9394 ) ) ;
#7169 = EDGE_CURVE ( 'NONE', #7387, #7371, #7688, .T. ) ;
#7170 = DIRECTION ( 'NONE',  ( 0.000000000000000000, -1.000000000000000000, 0.000000000000000000 ) ) ;
#7171 = DIRECTION ( 'NONE',  ( 0.000000000000000000, 0.000000000000000000, 1.000000000000000000 ) ) ;
#7172 =( GEOMETRIC_REPRESENTATION_CONTEXT ( 3 ) GLOBAL_UNCERTAINTY_ASSIGNED_CONTEXT ( ( #9588 ) ) GLOBAL_UNIT_ASSIGNED_CONTEXT ( ( #5052, #5195, #3574 ) ) REPRESENTATION_CONTEXT ( 'NONE', 'WORKASPACE' ) );
#7173 = SURFACE_STYLE_FILL_AREA ( #489 ) ;
#7174 = SURFACE_STYLE_USAGE ( .BOTH. , #5798 ) ;
#7175 =( NAMED_UNIT ( * ) SI_UNIT ( $, .STERADIAN. ) SOLID_ANGLE_UNIT ( ) );
#7176 = CARTESIAN_POINT ( 'NONE',  ( -1.947408095237125547, 11.09658712097756350, -11.24999999999982592 ) ) ;
#7177 = ORIENTED_EDGE ( 'NONE', *, *, #9534, .F. ) ;
#7178 = CARTESIAN_POINT ( 'NONE',  ( -6.049999999999914557, 11.05015568775049140, -6.802365630716413314 ) ) ;
#7179 = CARTESIAN_POINT ( 'NONE',  ( -5.549999999999998934, 10.69999999999999929, 11.24999999999999645 ) ) ;
#7180 = VERTEX_POINT ( 'NONE', #7436 ) ;
#7181 = CLOSED_SHELL ( 'NONE', ( #7478, #1341, #5862 ) ) ;
#7182 = EDGE_CURVE ( 'NONE', #624, #3733, #2661, .T. ) ;
#7183 = FACE_OUTER_BOUND ( 'NONE', #4380, .T. ) ;
#7184 =( NAMED_UNIT ( * ) SI_UNIT ( $, .STERADIAN. ) SOLID_ANGLE_UNIT ( ) );
#7185 = FILL_AREA_STYLE_COLOUR ( '', #987 ) ;
#7186 = AXIS2_PLACEMENT_3D ( 'NONE', #9447, #1559, #1951 ) ;
#7187 = ORIENTED_EDGE ( 'NONE', *, *, #7710, .F. ) ;
#7188 = SURFACE_STYLE_USAGE ( .BOTH. , #1379 ) ;
#7189 = FILL_AREA_STYLE_COLOUR ( '', #7455 ) ;
#7190 = ORIENTED_EDGE ( 'NONE', *, *, #5666, .T. ) ;
#7191 =( NAMED_UNIT ( * ) SI_UNIT ( $, .STERADIAN. ) SOLID_ANGLE_UNIT ( ) );
#7192 = FILL_AREA_STYLE_COLOUR ( '', #113 ) ;
#7193 = EDGE_CURVE ( 'NONE', #8462, #3122, #3949, .T. ) ;
#7194 = CARTESIAN_POINT ( 'NONE',  ( -5.549999999999998934, -11.19999999999999929, 10.74999999999999822 ) ) ;
#7195 = MECHANICAL_DESIGN_GEOMETRIC_PRESENTATION_REPRESENTATION (  '', ( #123 ), #898 ) ;
#7196 = CARTESIAN_POINT ( 'NONE',  ( -0.5999999999999997558, -7.074999999999999289, -11.75000000000000178 ) ) ;
#7197 =( LENGTH_UNIT ( ) NAMED_UNIT ( * ) SI_UNIT ( .MILLI., .METRE. ) );
#7198 =( GEOMETRIC_REPRESENTATION_CONTEXT ( 3 ) GLOBAL_UNCERTAINTY_ASSIGNED_CONTEXT ( ( #7872 ) ) GLOBAL_UNIT_ASSIGNED_CONTEXT ( ( #6964, #7664, #793 ) ) REPRESENTATION_CONTEXT ( 'NONE', 'WORKASPACE' ) );
#7199 = FACE_OUTER_BOUND ( 'NONE', #8559, .T. ) ;
#7200 = DIRECTION ( 'NONE',  ( 0.000000000000000000, -0.000000000000000000, 1.000000000000000000 ) ) ;
#7201 = FILL_AREA_STYLE_COLOUR ( '', #5083 ) ;
#7202 = LINE ( 'NONE', #6526, #2895 ) ;
#7203 = VERTEX_POINT ( 'NONE', #2196 ) ;
#7204 = CARTESIAN_POINT ( 'NONE',  ( -6.049999999999999822, 0.000000000000000000, -10.75000000000000000 ) ) ;
#7205 = CARTESIAN_POINT ( 'NONE',  ( -5.549999999999998934, 6.000000000000000000, 16.15000000000000213 ) ) ;
#7206 =( NAMED_UNIT ( * ) SI_UNIT ( $, .STERADIAN. ) SOLID_ANGLE_UNIT ( ) );
#7207 = DIRECTION ( 'NONE',  ( -1.000000000000000000, 0.000000000000000000, 0.000000000000000000 ) ) ;
#7208 = VERTEX_POINT ( 'NONE', #117 ) ;
#7209 = EDGE_CURVE ( 'NONE', #91, #9356, #5341, .T. ) ;
#7210 = DIRECTION ( 'NONE',  ( 0.000000000000000000, -0.000000000000000000, -1.000000000000000000 ) ) ;
#7211 = VECTOR ( 'NONE', #7707, 1000.000000000000000 ) ;
#7212 = VERTEX_POINT ( 'NONE', #3013 ) ;
#7213 = PLANE ( 'NONE',  #7522 ) ;
#7214 = UNCERTAINTY_MEASURE_WITH_UNIT (LENGTH_MEASURE( 1.000000000000000082E-05 ), #4784, 'distance_accuracy_value', 'NONE');
#7215 = ORIENTED_EDGE ( 'NONE', *, *, #7113, .F. ) ;
#7216 = DIRECTION ( 'NONE',  ( 0.000000000000000000, 0.000000000000000000, -1.000000000000000000 ) ) ;
#7217 = AXIS2_PLACEMENT_3D ( 'NONE', #7251, #1296, #3621 ) ;
#7218 = DIRECTION ( 'NONE',  ( 1.000000000000000000, 0.000000000000000000, 0.000000000000000000 ) ) ;
#7219 = PRESENTATION_STYLE_ASSIGNMENT (( #2591 ) ) ;
#7220 = DIRECTION ( 'NONE',  ( -0.000000000000000000, -0.000000000000000000, -1.000000000000000000 ) ) ;
#7221 = SURFACE_STYLE_USAGE ( .BOTH. , #1224 ) ;
#7222 = ORIENTED_EDGE ( 'NONE', *, *, #1468, .T. ) ;
#7223 = EDGE_CURVE ( 'NONE', #230, #1016, #2211, .T. ) ;
#7224 = CARTESIAN_POINT ( 'NONE',  ( -6.049999999999999822, 10.69999999999999929, -7.558318915758457379 ) ) ;
#7225 = SURFACE_SIDE_STYLE ('',( #5127 ) ) ;
#7226 = AXIS2_PLACEMENT_3D ( 'NONE', #7290, #4153, #7973 ) ;
#7227 = ORIENTED_EDGE ( 'NONE', *, *, #3878, .T. ) ;
#7228 = FACE_OUTER_BOUND ( 'NONE', #8826, .T. ) ;
#7229 = AXIS2_PLACEMENT_3D ( 'NONE', #8927, #9070, #5375 ) ;
#7230 = SURFACE_STYLE_FILL_AREA ( #4241 ) ;
#7231 = CIRCLE ( 'NONE', #19, 0.8399999999999996358 ) ;
#7232 = VERTEX_POINT ( 'NONE', #8376 ) ;
#7233 = DIRECTION ( 'NONE',  ( 0.000000000000000000, 0.000000000000000000, -1.000000000000000000 ) ) ;
#7234 = FILL_AREA_STYLE ('',( #7189 ) ) ;
#7235 = VERTEX_POINT ( 'NONE', #3112 ) ;
#7236 = EDGE_CURVE ( 'NONE', #5510, #634, #8279, .T. ) ;
#7237 = CARTESIAN_POINT ( 'NONE',  ( 0.3566829148483815493, 18.49999999999999645, -7.090851693577659098 ) ) ;
#7238 =( NAMED_UNIT ( * ) SI_UNIT ( $, .STERADIAN. ) SOLID_ANGLE_UNIT ( ) );
#7239 = AXIS2_PLACEMENT_3D ( 'NONE', #8784, #8045, #4325 ) ;
#7240 = VERTEX_POINT ( 'NONE', #5770 ) ;
#7241 = DIRECTION ( 'NONE',  ( 0.000000000000000000, 0.000000000000000000, 1.000000000000000000 ) ) ;
#7242 = SURFACE_STYLE_FILL_AREA ( #5623 ) ;
#7243 =( NAMED_UNIT ( * ) PLANE_ANGLE_UNIT ( ) SI_UNIT ( $, .RADIAN. ) );
#7244 = VECTOR ( 'NONE', #448, 1000.000000000000000 ) ;
#7245 = EDGE_LOOP ( 'NONE', ( #7006, #5310, #6254, #3314 ) ) ;
#7246 = EDGE_CURVE ( 'NONE', #1322, #5984, #8325, .T. ) ;
#7247 = CARTESIAN_POINT ( 'NONE',  ( -1.676376990078392470, 15.49999999999999467, -6.191099507897164678 ) ) ;
#7248 = FILL_AREA_STYLE ('',( #1447 ) ) ;
#7249 = CYLINDRICAL_SURFACE ( 'NONE', #5111, 0.5000000000000004441 ) ;
#7250 =( NAMED_UNIT ( * ) SI_UNIT ( $, .STERADIAN. ) SOLID_ANGLE_UNIT ( ) );
#7251 = CARTESIAN_POINT ( 'NONE',  ( -6.049999999999999822, 6.000000000000000000, 15.65000000000000036 ) ) ;
#7252 = ORIENTED_EDGE ( 'NONE', *, *, #3437, .T. ) ;
#7253 = FILL_AREA_STYLE_COLOUR ( '', #9363 ) ;
#7254 = CARTESIAN_POINT ( 'NONE',  ( 0.7658152457033085003, 15.49999999999999467, -6.832952170873665132 ) ) ;
#7255 = ADVANCED_FACE ( 'NONE', ( #3670 ), #2295, .T. ) ;
#7256 =( NAMED_UNIT ( * ) SI_UNIT ( $, .STERADIAN. ) SOLID_ANGLE_UNIT ( ) );
#7257 = PRESENTATION_LAYER_ASSIGNMENT (  '', '', ( #2696 ) ) ;
#7258 = ORIENTED_EDGE ( 'NONE', *, *, #7103, .F. ) ;
#7259 = ORIENTED_EDGE ( 'NONE', *, *, #2122, .T. ) ;
#7260 = EDGE_CURVE ( 'NONE', #78, #9529, #3770, .T. ) ;
#7261 = AXIS2_PLACEMENT_3D ( 'NONE', #5921, #8912, #5191 ) ;
#7262 = CARTESIAN_POINT ( 'NONE',  ( -1.475765132078699304, 16.99999999999999289, -3.385880595044447272 ) ) ;
#7263 = CARTESIAN_POINT ( 'NONE',  ( -6.150000000000000355, -5.749999999999999112, 7.999999999999998224 ) ) ;
#7264 = PRESENTATION_LAYER_ASSIGNMENT (  '', '', ( #7888 ) ) ;
#7265 = DIRECTION ( 'NONE',  ( 0.000000000000000000, 1.000000000000000000, 0.000000000000000000 ) ) ;
#7266 =( LENGTH_UNIT ( ) NAMED_UNIT ( * ) SI_UNIT ( .MILLI., .METRE. ) );
#7267 = AXIS2_PLACEMENT_3D ( 'NONE', #8385, #6937, #3020 ) ;
#7268 = CARTESIAN_POINT ( 'NONE',  ( -5.549999999999998934, -11.19999999999999929, -10.75000000000000000 ) ) ;
#7269 = ORIENTED_EDGE ( 'NONE', *, *, #450, .F. ) ;
#7270 = LINE ( 'NONE', #539, #5343 ) ;
#7271 = CARTESIAN_POINT ( 'NONE',  ( -0.1941166829576978781, 10.98190937574033477, -11.25000000000000355 ) ) ;
#7272 = CARTESIAN_POINT ( 'NONE',  ( -5.549999999999998934, 10.69999999999999751, -2.741681084241538002 ) ) ;
#7273 =( GEOMETRIC_REPRESENTATION_CONTEXT ( 3 ) GLOBAL_UNCERTAINTY_ASSIGNED_CONTEXT ( ( #9187 ) ) GLOBAL_UNIT_ASSIGNED_CONTEXT ( ( #4955, #7937, #2724 ) ) REPRESENTATION_CONTEXT ( 'NONE', 'WORKASPACE' ) );
#7274 = EDGE_LOOP ( 'NONE', ( #6513, #5026, #8211, #2358 ) ) ;
#7275 = DIRECTION ( 'NONE',  ( 0.000000000000000000, 0.000000000000000000, 1.000000000000000000 ) ) ;
#7276 = STYLED_ITEM ( 'NONE', ( #4874 ), #5214 ) ;
#7277 = MECHANICAL_DESIGN_GEOMETRIC_PRESENTATION_REPRESENTATION (  '', ( #4631 ), #2263 ) ;
#7278 = STYLED_ITEM ( 'NONE', ( #6720 ), #7372 ) ;
#7279 = FACE_OUTER_BOUND ( 'NONE', #7274, .T. ) ;
#7280 = FILL_AREA_STYLE_COLOUR ( '', #1107 ) ;
#7281 = DIRECTION ( 'NONE',  ( 0.000000000000000000, 1.000000000000000000, 0.000000000000000000 ) ) ;
#7282 = EDGE_LOOP ( 'NONE', ( #4461, #4537, #5202, #7895 ) ) ;
#7283 =( GEOMETRIC_REPRESENTATION_CONTEXT ( 3 ) GLOBAL_UNCERTAINTY_ASSIGNED_CONTEXT ( ( #4533 ) ) GLOBAL_UNIT_ASSIGNED_CONTEXT ( ( #7781, #7678, #7022 ) ) REPRESENTATION_CONTEXT ( 'NONE', 'WORKASPACE' ) );
#7284 = ORIENTED_EDGE ( 'NONE', *, *, #2649, .F. ) ;
#7285 = COLOUR_RGB ( '',0.7764705882352941346, 0.7568627450980391913, 0.7372549019607843590 ) ;
#7286 = EDGE_LOOP ( 'NONE', ( #612, #6093, #3999, #1802 ) ) ;
#7287 = FILL_AREA_STYLE_COLOUR ( '', #5651 ) ;
#7288 = MECHANICAL_DESIGN_GEOMETRIC_PRESENTATION_REPRESENTATION (  '', ( #5261 ), #852 ) ;
#7289 = FACE_OUTER_BOUND ( 'NONE', #1849, .T. ) ;
#7290 = CARTESIAN_POINT ( 'NONE',  ( -1.971559904812546504, 15.49999999999999467, -5.234140002041570483 ) ) ;
#7291 = EDGE_CURVE ( 'NONE', #735, #1134, #784, .T. ) ;
#7292 = DIRECTION ( 'NONE',  ( -0.000000000000000000, 1.000000000000000000, -0.000000000000000000 ) ) ;
#7293 = CARTESIAN_POINT ( 'NONE',  ( 5.549999999999998934, 8.325123824442263091E-16, 10.74999999999999645 ) ) ;
#7294 = COLOUR_RGB ( '',0.1058823529411764691, 0.6352941176470587870, 0.9411764705882352811 ) ;
#7295 = EDGE_LOOP ( 'NONE', ( #3123, #8163, #6091, #4928 ) ) ;
#7296 = LINE ( 'NONE', #2237, #3913 ) ;
#7297 =( NAMED_UNIT ( * ) PLANE_ANGLE_UNIT ( ) SI_UNIT ( $, .RADIAN. ) );
#7298 = VECTOR ( 'NONE', #2191, 1000.000000000000000 ) ;
#7299 = ORIENTED_EDGE ( 'NONE', *, *, #7223, .F. ) ;
#7300 = FACE_OUTER_BOUND ( 'NONE', #9341, .T. ) ;
#7301 = VECTOR ( 'NONE', #9015, 1000.000000000000000 ) ;
#7302 = ADVANCED_FACE ( 'NONE', ( #909 ), #3161, .T. ) ;
#7303 = CIRCLE ( 'NONE', #233, 2.299999999999998046 ) ;
#7304 = CARTESIAN_POINT ( 'NONE',  ( -1.581581488407362013, 15.49999999999999467, -3.969861027787334962 ) ) ;
#7305 =( GEOMETRIC_REPRESENTATION_CONTEXT ( 3 ) GLOBAL_UNCERTAINTY_ASSIGNED_CONTEXT ( ( #6897 ) ) GLOBAL_UNIT_ASSIGNED_CONTEXT ( ( #3281, #4919, #1861 ) ) REPRESENTATION_CONTEXT ( 'NONE', 'WORKASPACE' ) );
#7306 = EDGE_LOOP ( 'NONE', ( #7190, #3844, #1125, #379 ) ) ;
#7307 = CIRCLE ( 'NONE', #1818, 6.049999999999999822 ) ;
#7308 = PRESENTATION_STYLE_ASSIGNMENT (( #7165 ) ) ;
#7309 = UNCERTAINTY_MEASURE_WITH_UNIT (LENGTH_MEASURE( 1.000000000000000082E-05 ), #188, 'distance_accuracy_value', 'NONE');
#7310 = ORIENTED_EDGE ( 'NONE', *, *, #9268, .T. ) ;
#7311 = CARTESIAN_POINT ( 'NONE',  ( -0.6419679961125553946, 18.49999999999999645, -7.016013153805524816 ) ) ;
#7312 = DIRECTION ( 'NONE',  ( 0.000000000000000000, 0.000000000000000000, 1.000000000000000000 ) ) ;
#7313 = ADVANCED_FACE ( 'NONE', ( #162 ), #9096, .T. ) ;
#7314 = FILL_AREA_STYLE ('',( #2837 ) ) ;
#7315 = PRESENTATION_LAYER_ASSIGNMENT (  '', '', ( #1352 ) ) ;
#7316 = DIRECTION ( 'NONE',  ( 0.000000000000000000, 1.000000000000000000, 0.000000000000000000 ) ) ;
#7317 = VERTEX_POINT ( 'NONE', #4705 ) ;
#7318 = FACE_OUTER_BOUND ( 'NONE', #3975, .T. ) ;
#7319 = SURFACE_STYLE_FILL_AREA ( #632 ) ;
#7320 = ORIENTED_EDGE ( 'NONE', *, *, #358, .F. ) ;
#7321 = FACE_OUTER_BOUND ( 'NONE', #3275, .T. ) ;
#7322 = AXIS2_PLACEMENT_3D ( 'NONE', #5209, #9738, #2245 ) ;
#7323 =( LENGTH_UNIT ( ) NAMED_UNIT ( * ) SI_UNIT ( .MILLI., .METRE. ) );
#7324 = EDGE_LOOP ( 'NONE', ( #4408, #7865, #7222, #3669 ) ) ;
#7325 = DIRECTION ( 'NONE',  ( 0.000000000000000000, 0.000000000000000000, 1.000000000000000000 ) ) ;
#7326 = STYLED_ITEM ( 'NONE', ( #3183 ), #4672 ) ;
#7327 = VERTEX_POINT ( 'NONE', #6771 ) ;
#7328 = AXIS2_PLACEMENT_3D ( 'NONE', #6909, #143, #239 ) ;
#7329 = ORIENTED_EDGE ( 'NONE', *, *, #798, .F. ) ;
#7330 = EDGE_CURVE ( 'NONE', #3218, #5400, #5410, .T. ) ;
#7331 = VECTOR ( 'NONE', #1693, 1000.000000000000000 ) ;
#7332 = DIRECTION ( 'NONE',  ( 0.000000000000000000, 1.000000000000000000, 0.000000000000000000 ) ) ;
#7333 = PRESENTATION_LAYER_ASSIGNMENT (  '', '', ( #1218 ) ) ;
#7334 = SURFACE_SIDE_STYLE ('',( #8963 ) ) ;
#7335 =( LENGTH_UNIT ( ) NAMED_UNIT ( * ) SI_UNIT ( .MILLI., .METRE. ) );
#7336 = DIRECTION ( 'NONE',  ( 0.000000000000000000, 1.000000000000000000, 0.000000000000000000 ) ) ;
#7337 =( NAMED_UNIT ( * ) PLANE_ANGLE_UNIT ( ) SI_UNIT ( $, .RADIAN. ) );
#7338 = ORIENTED_EDGE ( 'NONE', *, *, #8746, .T. ) ;
#7339 = PRESENTATION_STYLE_ASSIGNMENT (( #9530 ) ) ;
#7340 =( NAMED_UNIT ( * ) SI_UNIT ( $, .STERADIAN. ) SOLID_ANGLE_UNIT ( ) );
#7341 = EDGE_CURVE ( 'NONE', #8515, #3059, #9143, .T. ) ;
#7342 = DIRECTION ( 'NONE',  ( 0.000000000000000000, 0.000000000000000000, 1.000000000000000000 ) ) ;
#7343 = EDGE_CURVE ( 'NONE', #5902, #8040, #1474, .T. ) ;
#7344 = VECTOR ( 'NONE', #2785, 1000.000000000000000 ) ;
#7345 = VERTEX_POINT ( 'NONE', #3047 ) ;
#7346 = PRESENTATION_LAYER_ASSIGNMENT (  '', '', ( #127 ) ) ;
#7347 = DIRECTION ( 'NONE',  ( 0.000000000000000000, 0.000000000000000000, -1.000000000000000000 ) ) ;
#7348 = FILL_AREA_STYLE ('',( #3777 ) ) ;
#7349 = PRESENTATION_LAYER_ASSIGNMENT (  '', '', ( #5443 ) ) ;
#7350 = MECHANICAL_DESIGN_GEOMETRIC_PRESENTATION_REPRESENTATION (  '', ( #1389 ), #4858 ) ;
#7351 = ORIENTED_EDGE ( 'NONE', *, *, #5574, .T. ) ;
#7352 = EDGE_CURVE ( 'NONE', #2585, #2065, #8956, .T. ) ;
#7353 = VERTEX_POINT ( 'NONE', #50 ) ;
#7354 = DIRECTION ( 'NONE',  ( 0.000000000000000000, 0.000000000000000000, -1.000000000000000000 ) ) ;
#7355 = FILL_AREA_STYLE ('',( #9596 ) ) ;
#7356 =( NAMED_UNIT ( * ) PLANE_ANGLE_UNIT ( ) SI_UNIT ( $, .RADIAN. ) );
#7357 = FACE_OUTER_BOUND ( 'NONE', #8907, .T. ) ;
#7358 = SURFACE_SIDE_STYLE ('',( #7906 ) ) ;
#7359 = ORIENTED_EDGE ( 'NONE', *, *, #1304, .F. ) ;
#7360 = EDGE_CURVE ( 'NONE', #9086, #5186, #9570, .T. ) ;
#7361 = PRESENTATION_STYLE_ASSIGNMENT (( #7588 ) ) ;
#7362 = PRESENTATION_LAYER_ASSIGNMENT (  '', '', ( #4397 ) ) ;
#7363 = CARTESIAN_POINT ( 'NONE',  ( -2.289650628371055596, 10.69999999999999929, -11.25000000000000178 ) ) ;
#7364 = ORIENTED_EDGE ( 'NONE', *, *, #6361, .T. ) ;
#7365 = SURFACE_STYLE_FILL_AREA ( #2115 ) ;
#7366 = CARTESIAN_POINT ( 'NONE',  ( 1.502485414192124891, 15.49999999999999467, -3.870677687856603377 ) ) ;
#7367 = ORIENTED_EDGE ( 'NONE', *, *, #4597, .T. ) ;
#7368 = CARTESIAN_POINT ( 'NONE',  ( 0.5207437878910807783, 18.49999999999999645, -7.053405869902910297 ) ) ;
#7369 = MECHANICAL_DESIGN_GEOMETRIC_PRESENTATION_REPRESENTATION (  '', ( #4880 ), #4102 ) ;
#7370 = VECTOR ( 'NONE', #7170, 1000.000000000000000 ) ;
#7371 = VERTEX_POINT ( 'NONE', #1533 ) ;
#7372 = ADVANCED_FACE ( 'NONE', ( #5228 ), #8514, .T. ) ;
#7373 = PRESENTATION_STYLE_ASSIGNMENT (( #4249 ) ) ;
#7374 = ORIENTED_EDGE ( 'NONE', *, *, #2890, .T. ) ;
#7375 = STYLED_ITEM ( 'NONE', ( #5936 ), #9583 ) ;
#7376 =( NAMED_UNIT ( * ) SI_UNIT ( $, .STERADIAN. ) SOLID_ANGLE_UNIT ( ) );
#7377 =( GEOMETRIC_REPRESENTATION_CONTEXT ( 3 ) GLOBAL_UNCERTAINTY_ASSIGNED_CONTEXT ( ( #1597 ) ) GLOBAL_UNIT_ASSIGNED_CONTEXT ( ( #7836, #4818, #277 ) ) REPRESENTATION_CONTEXT ( 'NONE', 'WORKASPACE' ) );
#7378 =( NAMED_UNIT ( * ) SI_UNIT ( $, .STERADIAN. ) SOLID_ANGLE_UNIT ( ) );
#7379 = SURFACE_SIDE_STYLE ('',( #8814 ) ) ;
#7380 = DIRECTION ( 'NONE',  ( -0.000000000000000000, -1.000000000000000000, 0.000000000000000000 ) ) ;
#7381 =( NAMED_UNIT ( * ) SI_UNIT ( $, .STERADIAN. ) SOLID_ANGLE_UNIT ( ) );
#7382 = EDGE_LOOP ( 'NONE', ( #1024, #1372, #8019, #3097 ) ) ;
#7383 = CARTESIAN_POINT ( 'NONE',  ( -6.150000000000000355, 3.500000000000000444, 9.999999999999998224 ) ) ;
#7384 = AXIS2_PLACEMENT_3D ( 'NONE', #8740, #1425, #2005 ) ;
#7385 = VECTOR ( 'NONE', #5794, 1000.000000000000000 ) ;
#7386 = CARTESIAN_POINT ( 'NONE',  ( -6.049999999999999822, 10.69999999999999929, -7.350919833219807131 ) ) ;
#7387 = VERTEX_POINT ( 'NONE', #2592 ) ;
#7388 = DIRECTION ( 'NONE',  ( 0.000000000000000000, 0.000000000000000000, 1.000000000000000000 ) ) ;
#7389 = ADVANCED_FACE ( 'NONE', ( #2638 ), #3190, .F. ) ;
#7390 = COLOUR_RGB ( '',0.1058823529411764691, 0.6352941176470587870, 0.9411764705882352811 ) ;
#7391 = DIRECTION ( 'NONE',  ( 0.000000000000000000, 1.000000000000000000, 0.000000000000000000 ) ) ;
#7392 = DIRECTION ( 'NONE',  ( 0.000000000000000000, 0.000000000000000000, 1.000000000000000000 ) ) ;
#7393 = CARTESIAN_POINT ( 'NONE',  ( -1.517631719845776050, 10.76323789328483649, -11.25000000000000178 ) ) ;
#7394 = CARTESIAN_POINT ( 'NONE',  ( 6.049999999999999822, 6.000000000000000000, -10.75000000000000000 ) ) ;
#7395 = ORIENTED_EDGE ( 'NONE', *, *, #6521, .F. ) ;
#7396 = CYLINDRICAL_SURFACE ( 'NONE', #4688, 1.848999999999999977 ) ;
#7397 = ORIENTED_EDGE ( 'NONE', *, *, #9001, .F. ) ;
#7398 = COLOUR_RGB ( '',0.7764705882352941346, 0.7568627450980391913, 0.7372549019607843590 ) ;
#7399 = DIRECTION ( 'NONE',  ( -0.000000000000000000, 1.000000000000000000, -0.000000000000000000 ) ) ;
#7400 =( NAMED_UNIT ( * ) SI_UNIT ( $, .STERADIAN. ) SOLID_ANGLE_UNIT ( ) );
#7401 = EDGE_CURVE ( 'NONE', #4758, #3049, #208, .T. ) ;
#7402 = CIRCLE ( 'NONE', #9469, 0.8400000000000000799 ) ;
#7403 = FILL_AREA_STYLE_COLOUR ( '', #5011 ) ;
#7404 = FACE_OUTER_BOUND ( 'NONE', #3517, .T. ) ;
#7405 = ORIENTED_EDGE ( 'NONE', *, *, #6724, .T. ) ;
#7406 = CARTESIAN_POINT ( 'NONE',  ( -6.049999999999999822, 1.500000000000000444, -8.000000000000001776 ) ) ;
#7407 = PRESENTATION_STYLE_ASSIGNMENT (( #8055 ) ) ;
#7408 = ORIENTED_EDGE ( 'NONE', *, *, #2105, .T. ) ;
#7409 = DIRECTION ( 'NONE',  ( 0.000000000000000000, 1.000000000000000000, 0.000000000000000000 ) ) ;
#7410 = CARTESIAN_POINT ( 'NONE',  ( -6.049999999999999822, 6.000000000000000000, -15.64999999999999325 ) ) ;
#7411 = VECTOR ( 'NONE', #6271, 1000.000000000000000 ) ;
#7412 = SURFACE_SIDE_STYLE ('',( #3649 ) ) ;
#7413 = EDGE_CURVE ( 'NONE', #9704, #6365, #4309, .T. ) ;
#7414 = COLOUR_RGB ( '',0.1058823529411764691, 0.6352941176470587870, 0.9411764705882352811 ) ;
#7415 = FILL_AREA_STYLE_COLOUR ( '', #1051 ) ;
#7416 =( GEOMETRIC_REPRESENTATION_CONTEXT ( 3 ) GLOBAL_UNCERTAINTY_ASSIGNED_CONTEXT ( ( #5450 ) ) GLOBAL_UNIT_ASSIGNED_CONTEXT ( ( #2120, #2757, #5758 ) ) REPRESENTATION_CONTEXT ( 'NONE', 'WORKASPACE' ) );
#7417 = CARTESIAN_POINT ( 'NONE',  ( 1.470347122539870544, 15.49999999999999467, -6.271106747477118049 ) ) ;
#7418 = ORIENTED_EDGE ( 'NONE', *, *, #684, .T. ) ;
#7419 = SURFACE_STYLE_FILL_AREA ( #4442 ) ;
#7420 = ORIENTED_EDGE ( 'NONE', *, *, #2495, .T. ) ;
#7421 = SURFACE_STYLE_USAGE ( .BOTH. , #4444 ) ;
#7422 =( GEOMETRIC_REPRESENTATION_CONTEXT ( 3 ) GLOBAL_UNCERTAINTY_ASSIGNED_CONTEXT ( ( #7603 ) ) GLOBAL_UNIT_ASSIGNED_CONTEXT ( ( #9551, #490, #7175 ) ) REPRESENTATION_CONTEXT ( 'NONE', 'WORKASPACE' ) );
#7423 =( LENGTH_UNIT ( ) NAMED_UNIT ( * ) SI_UNIT ( .MILLI., .METRE. ) );
#7424 = EDGE_CURVE ( 'NONE', #9685, #6892, #6298, .T. ) ;
#7425 = PLANE ( 'NONE',  #8429 ) ;
#7426 = VECTOR ( 'NONE', #7391, 1000.000000000000000 ) ;
#7427 = VECTOR ( 'NONE', #3370, 1000.000000000000000 ) ;
#7428 =( NAMED_UNIT ( * ) PLANE_ANGLE_UNIT ( ) SI_UNIT ( $, .RADIAN. ) );
#7429 = AXIS2_PLACEMENT_3D ( 'NONE', #7304, #574, #9585 ) ;
#7430 = ORIENTED_EDGE ( 'NONE', *, *, #1064, .T. ) ;
#7431 = DIRECTION ( 'NONE',  ( 0.000000000000000000, 0.000000000000000000, -1.000000000000000000 ) ) ;
#7432 = CYLINDRICAL_SURFACE ( 'NONE', #7813, 0.5000000000000004441 ) ;
#7433 = CARTESIAN_POINT ( 'NONE',  ( -6.049999999999999822, 6.000000000000000000, -10.75000000000000000 ) ) ;
#7434 = CARTESIAN_POINT ( 'NONE',  ( -6.049999999999999822, 8.325123824442263091E-16, 10.74999999999999645 ) ) ;
#7435 = COLOUR_RGB ( '',0.1058823529411764691, 0.6352941176470587870, 0.9411764705882352811 ) ;
#7436 = CARTESIAN_POINT ( 'NONE',  ( -1.391500612822436089, 18.49999999999999645, -6.981318116689392284 ) ) ;
#7437 =( LENGTH_UNIT ( ) NAMED_UNIT ( * ) SI_UNIT ( .MILLI., .METRE. ) );
#7438 = AXIS2_PLACEMENT_3D ( 'NONE', #9681, #2862, #3719 ) ;
#7439 = CARTESIAN_POINT ( 'NONE',  ( -7.296957046373735484E-16, 15.49999999999999467, -5.150000000000000355 ) ) ;
#7440 = DIRECTION ( 'NONE',  ( -0.000000000000000000, -1.000000000000000000, -0.000000000000000000 ) ) ;
#7441 = MECHANICAL_DESIGN_GEOMETRIC_PRESENTATION_REPRESENTATION (  '', ( #4642 ), #5571 ) ;
#7442 = DIRECTION ( 'NONE',  ( -0.000000000000000000, 1.000000000000000000, -0.000000000000000000 ) ) ;
#7443 = DIRECTION ( 'NONE',  ( -1.000000000000000000, 0.000000000000000000, 0.000000000000000000 ) ) ;
#7444 = COLOUR_RGB ( '',0.7764705882352941346, 0.7568627450980391913, 0.7372549019607843590 ) ;
#7445 = CARTESIAN_POINT ( 'NONE',  ( -0.9438945408262573444, 10.86432267120548545, -11.25000000000000178 ) ) ;
#7446 = CARTESIAN_POINT ( 'NONE',  ( -0.6874999999999985567, 8.000000000000000000, -14.70868722477977819 ) ) ;
#7447 = ORIENTED_EDGE ( 'NONE', *, *, #6344, .T. ) ;
#7448 = DIRECTION ( 'NONE',  ( 0.000000000000000000, 0.000000000000000000, 1.000000000000000000 ) ) ;
#7449 = VECTOR ( 'NONE', #423, 1000.000000000000000 ) ;
#7450 = VERTEX_POINT ( 'NONE', #4876 ) ;
#7451 = PRESENTATION_LAYER_ASSIGNMENT (  '', '', ( #6370 ) ) ;
#7452 = EDGE_CURVE ( 'NONE', #7708, #8548, #56, .T. ) ;
#7453 = SURFACE_STYLE_USAGE ( .BOTH. , #3737 ) ;
#7454 = SURFACE_STYLE_FILL_AREA ( #534 ) ;
#7455 = COLOUR_RGB ( '',0.1058823529411764691, 0.6352941176470587870, 0.9411764705882352811 ) ;
#7456 = CARTESIAN_POINT ( 'NONE',  ( 1.846399722430719592, 18.49999999999999645, -5.248025838470068649 ) ) ;
#7457 = AXIS2_PLACEMENT_3D ( 'NONE', #1200, #3413, #5726 ) ;
#7458 = VERTEX_POINT ( 'NONE', #4737 ) ;
#7459 = DIRECTION ( 'NONE',  ( 0.000000000000000000, 0.000000000000000000, 1.000000000000000000 ) ) ;
#7460 =( GEOMETRIC_REPRESENTATION_CONTEXT ( 3 ) GLOBAL_UNCERTAINTY_ASSIGNED_CONTEXT ( ( #5573 ) ) GLOBAL_UNIT_ASSIGNED_CONTEXT ( ( #2278, #3751, #1585 ) ) REPRESENTATION_CONTEXT ( 'NONE', 'WORKASPACE' ) );
#7461 = ORIENTED_EDGE ( 'NONE', *, *, #1293, .F. ) ;
#7462 = ADVANCED_FACE ( 'NONE', ( #3998 ), #6248, .F. ) ;
#7463 = COLOUR_RGB ( '',0.4941176470588235503, 0.3058823529411764941, 0.000000000000000000 ) ;
#7464 = DIRECTION ( 'NONE',  ( 1.000000000000000000, 0.000000000000000000, 0.000000000000000000 ) ) ;
#7465 = SURFACE_STYLE_USAGE ( .BOTH. , #1326 ) ;
#7466 = CARTESIAN_POINT ( 'NONE',  ( -6.049999999996252598, 11.14082833661947625, -4.737955026685292559 ) ) ;
#7467 = UNCERTAINTY_MEASURE_WITH_UNIT (LENGTH_MEASURE( 1.000000000000000082E-05 ), #3569, 'distance_accuracy_value', 'NONE');
#7468 = VERTEX_POINT ( 'NONE', #7268 ) ;
#7469 = VECTOR ( 'NONE', #6163, 1000.000000000000000 ) ;
#7470 = SURFACE_STYLE_USAGE ( .BOTH. , #3906 ) ;
#7471 = VERTEX_POINT ( 'NONE', #5799 ) ;
#7472 = DIRECTION ( 'NONE',  ( 0.000000000000000000, 1.000000000000000000, 0.000000000000000000 ) ) ;
#7473 = DIRECTION ( 'NONE',  ( -1.000000000000000000, 0.000000000000000000, 0.000000000000000000 ) ) ;
#7474 = AXIS2_PLACEMENT_3D ( 'NONE', #3457, #3410, #4155 ) ;
#7475 = ORIENTED_EDGE ( 'NONE', *, *, #8632, .T. ) ;
#7476 = UNCERTAINTY_MEASURE_WITH_UNIT (LENGTH_MEASURE( 1.000000000000000082E-05 ), #232, 'distance_accuracy_value', 'NONE');
#7477 = FILL_AREA_STYLE ('',( #1633 ) ) ;
#7478 = ADVANCED_FACE ( 'NONE', ( #586, #3433 ), #1223, .T. ) ;
#7479 = CARTESIAN_POINT ( 'NONE',  ( 0.5000000000000000000, -11.20000000000000107, 0.000000000000000000 ) ) ;
#7480 = SURFACE_STYLE_USAGE ( .BOTH. , #652 ) ;
#7481 = PRESENTATION_LAYER_ASSIGNMENT (  '', '', ( #8732 ) ) ;
#7482 = CYLINDRICAL_SURFACE ( 'NONE', #6508, 0.5000000000000004441 ) ;
#7483 = CARTESIAN_POINT ( 'NONE',  ( 5.549999999999998934, 10.69999999999999929, 0.000000000000000000 ) ) ;
#7484 = ORIENTED_EDGE ( 'NONE', *, *, #629, .F. ) ;
#7485 =( NAMED_UNIT ( * ) SI_UNIT ( $, .STERADIAN. ) SOLID_ANGLE_UNIT ( ) );
#7486 = CARTESIAN_POINT ( 'NONE',  ( 1.074571710479121256, 15.49999999999999467, -3.645308457178689565 ) ) ;
#7487 = DIRECTION ( 'NONE',  ( 0.000000000000000000, 1.000000000000000000, 0.000000000000000000 ) ) ;
#7488 = DIRECTION ( 'NONE',  ( -0.000000000000000000, 1.000000000000000000, -7.744301232039317914E-17 ) ) ;
#7489 = EDGE_CURVE ( 'NONE', #2012, #624, #8001, .T. ) ;
#7490 = UNCERTAINTY_MEASURE_WITH_UNIT (LENGTH_MEASURE( 1.000000000000000082E-05 ), #5835, 'distance_accuracy_value', 'NONE');
#7491 = AXIS2_PLACEMENT_3D ( 'NONE', #1865, #7851, #3382 ) ;
#7492 = CARTESIAN_POINT ( 'NONE',  ( 0.3566829148483540157, 18.49999999999999645, -3.209148306422335395 ) ) ;
#7493 = DIRECTION ( 'NONE',  ( -0.000000000000000000, 1.000000000000000000, 0.000000000000000000 ) ) ;
#7494 =( NAMED_UNIT ( * ) PLANE_ANGLE_UNIT ( ) SI_UNIT ( $, .RADIAN. ) );
#7495 = CARTESIAN_POINT ( 'NONE',  ( -1.706080484939278996, 15.49999999999999467, -4.437195413237710717 ) ) ;
#7496 =( NAMED_UNIT ( * ) PLANE_ANGLE_UNIT ( ) SI_UNIT ( $, .RADIAN. ) );
#7497 = SURFACE_SIDE_STYLE ('',( #7537 ) ) ;
#7498 = DIRECTION ( 'NONE',  ( 0.000000000000000000, 0.000000000000000000, 1.000000000000000000 ) ) ;
#7499 = CIRCLE ( 'NONE', #6570, 1.848999999999999755 ) ;
#7500 = DIRECTION ( 'NONE',  ( -0.000000000000000000, 1.000000000000000000, -0.000000000000000000 ) ) ;
#7501 = ORIENTED_EDGE ( 'NONE', *, *, #5987, .F. ) ;
#7502 = EDGE_CURVE ( 'NONE', #2012, #5890, #8834, .T. ) ;
#7503 = PRESENTATION_LAYER_ASSIGNMENT (  '', '', ( #1544 ) ) ;
#7504 = ORIENTED_EDGE ( 'NONE', *, *, #9534, .T. ) ;
#7505 = CARTESIAN_POINT ( 'NONE',  ( 1.058647331648731260, 18.49999999999999645, -3.484649038370281282 ) ) ;
#7506 = LINE ( 'NONE', #6805, #5045 ) ;
#7507 = CARTESIAN_POINT ( 'NONE',  ( 1.502485414192124891, 18.49999999999999645, -3.870677687856603377 ) ) ;
#7508 = ORIENTED_EDGE ( 'NONE', *, *, #1645, .T. ) ;
#7509 = CARTESIAN_POINT ( 'NONE',  ( -2.337849617520324941, 15.50000000000000355, 0.004416702125045537074 ) ) ;
#7510 = EDGE_LOOP ( 'NONE', ( #7728, #9080, #3930, #2986 ) ) ;
#7511 = CARTESIAN_POINT ( 'NONE',  ( -6.049999999999999822, 10.70000002574450804, -2.948437963046824706 ) ) ;
#7512 = EDGE_CURVE ( 'NONE', #4216, #8149, #3544, .T. ) ;
#7513 = AXIS2_PLACEMENT_3D ( 'NONE', #4236, #4381, #540 ) ;
#7514 = ORIENTED_EDGE ( 'NONE', *, *, #4931, .T. ) ;
#7515 = FILL_AREA_STYLE_COLOUR ( '', #5462 ) ;
#7516 = CARTESIAN_POINT ( 'NONE',  ( 6.049999999999999822, 10.71950899119402223, -7.147446085397694659 ) ) ;
#7517 = FILL_AREA_STYLE_COLOUR ( '', #1505 ) ;
#7518 = ORIENTED_EDGE ( 'NONE', *, *, #7502, .F. ) ;
#7519 = SURFACE_STYLE_FILL_AREA ( #4492 ) ;
#7520 = CARTESIAN_POINT ( 'NONE',  ( 0.5207437878910534668, 15.49999999999999467, -3.246594130097081976 ) ) ;
#7521 = ORIENTED_EDGE ( 'NONE', *, *, #4538, .T. ) ;
#7522 = AXIS2_PLACEMENT_3D ( 'NONE', #483, #430, #6439 ) ;
#7523 = COLOUR_RGB ( '',0.1058823529411764691, 0.6352941176470587870, 0.9411764705882352811 ) ;
#7524 = DIRECTION ( 'NONE',  ( 0.7818314824680312469, 0.000000000000000000, -0.6234898018587318180 ) ) ;
#7525 = COLOUR_RGB ( '',0.1058823529411764691, 0.6352941176470587870, 0.9411764705882352811 ) ;
#7526 = EDGE_CURVE ( 'NONE', #7589, #3340, #8052, .T. ) ;
#7527 = FACE_OUTER_BOUND ( 'NONE', #8096, .T. ) ;
#7528 = SURFACE_STYLE_USAGE ( .BOTH. , #4545 ) ;
#7529 = FILL_AREA_STYLE ('',( #61 ) ) ;
#7530 = ORIENTED_EDGE ( 'NONE', *, *, #3200, .T. ) ;
#7531 = CARTESIAN_POINT ( 'NONE',  ( 5.549999999999998934, -10.69999999999999929, -10.75000000000000000 ) ) ;
#7532 = CARTESIAN_POINT ( 'NONE',  ( -1.908769730993870928, 15.49999999999999467, -5.650725585774879711 ) ) ;
#7533 = COLOUR_RGB ( '',0.7764705882352941346, 0.7568627450980391913, 0.7372549019607843590 ) ;
#7534 = DIRECTION ( 'NONE',  ( 0.000000000000000000, 1.000000000000000000, 0.000000000000000000 ) ) ;
#7535 = CARTESIAN_POINT ( 'NONE',  ( 6.049999999999998046, 11.19999999999999929, -5.150000000000000355 ) ) ;
#7536 = ADVANCED_FACE ( 'NONE', ( #4329 ), #2689, .T. ) ;
#7537 = SURFACE_STYLE_FILL_AREA ( #6749 ) ;
#7538 = CIRCLE ( 'NONE', #5357, 0.5000000000000004441 ) ;
#7539 = CARTESIAN_POINT ( 'NONE',  ( -5.549999999999998934, 8.000000000000000000, 11.24999999999999645 ) ) ;
#7540 = CARTESIAN_POINT ( 'NONE',  ( 6.049999999999999822, 5.707106781186546129, -11.04289321881345209 ) ) ;
#7541 = VERTEX_POINT ( 'NONE', #2311 ) ;
#7542 = ORIENTED_EDGE ( 'NONE', *, *, #8174, .T. ) ;
#7543 = SURFACE_SIDE_STYLE ('',( #4570 ) ) ;
#7544 =( BOUNDED_CURVE ( )  B_SPLINE_CURVE ( 3, ( #8617, #1140, #9421, #9575 ),
 .UNSPECIFIED., .F., .T. ) 
 B_SPLINE_CURVE_WITH_KNOTS ( ( 4, 4 ),
 ( 0.000000000000000000, 1.570796326794896558 ),
 .UNSPECIFIED. ) 
 CURVE ( )  GEOMETRIC_REPRESENTATION_ITEM ( )  RATIONAL_B_SPLINE_CURVE ( ( 1.000000000000000000, 0.8047378541243649375, 0.8047378541243649375, 1.000000000000000000 ) ) 
 REPRESENTATION_ITEM ( '' )  );
#7545 = EDGE_CURVE ( 'NONE', #1066, #91, #7600, .T. ) ;
#7546 = CARTESIAN_POINT ( 'NONE',  ( 0.5000000000000001110, 8.000000000000000000, 15.94289321881345245 ) ) ;
#7547 = PRESENTATION_STYLE_ASSIGNMENT (( #134 ) ) ;
#7548 = EDGE_CURVE ( 'NONE', #5184, #7024, #7893, .T. ) ;
#7549 = ORIENTED_EDGE ( 'NONE', *, *, #5603, .F. ) ;
#7550 =( LENGTH_UNIT ( ) NAMED_UNIT ( * ) SI_UNIT ( .MILLI., .METRE. ) );
#7551 = ORIENTED_EDGE ( 'NONE', *, *, #6972, .F. ) ;
#7552 =( LENGTH_UNIT ( ) NAMED_UNIT ( * ) SI_UNIT ( .MILLI., .METRE. ) );
#7553 = VECTOR ( 'NONE', #7275, 1000.000000000000000 ) ;
#7554 = DIRECTION ( 'NONE',  ( -0.000000000000000000, 0.000000000000000000, 1.000000000000000000 ) ) ;
#7555 = FILL_AREA_STYLE ('',( #1579 ) ) ;
#7556 = UNCERTAINTY_MEASURE_WITH_UNIT (LENGTH_MEASURE( 1.000000000000000082E-05 ), #6029, 'distance_accuracy_value', 'NONE');
#7557 = DIRECTION ( 'NONE',  ( 0.000000000000000000, 1.000000000000000000, 0.000000000000000000 ) ) ;
#7558 = SURFACE_SIDE_STYLE ('',( #3703 ) ) ;
#7559 = VERTEX_POINT ( 'NONE', #9703 ) ;
#7560 = CARTESIAN_POINT ( 'NONE',  ( -0.6419679961125553946, 15.49999999999999467, -7.016013153805524816 ) ) ;
#7561 = CARTESIAN_POINT ( 'NONE',  ( 5.549999999999998934, 11.19999999999999929, 10.74999999999999645 ) ) ;
#7562 = VERTEX_POINT ( 'NONE', #4429 ) ;
#7563 = PRESENTATION_STYLE_ASSIGNMENT (( #6204 ) ) ;
#7564 = ADVANCED_FACE ( 'NONE', ( #7404 ), #2169, .T. ) ;
#7565 = AXIS2_PLACEMENT_3D ( 'NONE', #8558, #2461, #7806 ) ;
#7566 =( NAMED_UNIT ( * ) PLANE_ANGLE_UNIT ( ) SI_UNIT ( $, .RADIAN. ) );
#7567 = STYLED_ITEM ( 'NONE', ( #4072 ), #2046 ) ;
#7568 = SURFACE_STYLE_USAGE ( .BOTH. , #5370 ) ;
#7569 = VECTOR ( 'NONE', #8269, 1000.000000000000000 ) ;
#7570 = ORIENTED_EDGE ( 'NONE', *, *, #6766, .F. ) ;
#7571 = DIRECTION ( 'NONE',  ( 1.000000000000000000, 0.000000000000000000, -0.000000000000000000 ) ) ;
#7572 =( NAMED_UNIT ( * ) PLANE_ANGLE_UNIT ( ) SI_UNIT ( $, .RADIAN. ) );
#7573 = CARTESIAN_POINT ( 'NONE',  ( -7.296957046373735484E-16, 18.49999999999999645, -5.150000000000000355 ) ) ;
#7575 = CIRCLE ( 'NONE', #524, 0.5000000000000002220 ) ;
#7574 = UNCERTAINTY_MEASURE_WITH_UNIT (LENGTH_MEASURE( 1.000000000000000082E-05 ), #9458, 'distance_accuracy_value', 'NONE');
#7576 =( LENGTH_UNIT ( ) NAMED_UNIT ( * ) SI_UNIT ( .MILLI., .METRE. ) );
#7577 = EDGE_CURVE ( 'NONE', #9529, #918, #3741, .T. ) ;
#7578 =( NAMED_UNIT ( * ) PLANE_ANGLE_UNIT ( ) SI_UNIT ( $, .RADIAN. ) );
#7579 = VECTOR ( 'NONE', #8367, 1000.000000000000000 ) ;
#7580 = CARTESIAN_POINT ( 'NONE',  ( 1.962079626208466321, 15.49999999999999467, -4.939354471621991038 ) ) ;
#7581 = DIRECTION ( 'NONE',  ( 0.000000000000000000, 0.000000000000000000, 1.000000000000000000 ) ) ;
#7582 =( LENGTH_UNIT ( ) NAMED_UNIT ( * ) SI_UNIT ( .MILLI., .METRE. ) );
#7583 = CIRCLE ( 'NONE', #3839, 2.299999999999998490 ) ;
#7584 = AXIS2_PLACEMENT_3D ( 'NONE', #4957, #8035, #8087 ) ;
#7585 = DIRECTION ( 'NONE',  ( 0.000000000000000000, 0.000000000000000000, -1.000000000000000000 ) ) ;
#7586 = LINE ( 'NONE', #5481, #6905 ) ;
#7587 =( GEOMETRIC_REPRESENTATION_CONTEXT ( 3 ) GLOBAL_UNCERTAINTY_ASSIGNED_CONTEXT ( ( #7556 ) ) GLOBAL_UNIT_ASSIGNED_CONTEXT ( ( #6029, #4561, #3821 ) ) REPRESENTATION_CONTEXT ( 'NONE', 'WORKASPACE' ) );
#7588 = SURFACE_STYLE_USAGE ( .BOTH. , #4619 ) ;
#7589 = VERTEX_POINT ( 'NONE', #2265 ) ;
#7590 = ORIENTED_EDGE ( 'NONE', *, *, #457, .F. ) ;
#7591 = FILL_AREA_STYLE ('',( #4436 ) ) ;
#7592 = EDGE_CURVE ( 'NONE', #1666, #5018, #2879, .T. ) ;
#7593 = CARTESIAN_POINT ( 'NONE',  ( 6.049999999999999822, 11.04923262857828625, -3.703791830461768519 ) ) ;
#7594 = AXIS2_PLACEMENT_3D ( 'NONE', #5705, #4392, #2807 ) ;
#7595 = FILL_AREA_STYLE_COLOUR ( '', #8252 ) ;
#7596 = DIRECTION ( 'NONE',  ( 0.000000000000000000, 0.000000000000000000, 1.000000000000000000 ) ) ;
#7597 = CIRCLE ( 'NONE', #1020, 0.8399999999999998579 ) ;
#7598 = DIRECTION ( 'NONE',  ( -1.000000000000000000, 0.000000000000000000, 0.000000000000000000 ) ) ;
#7599 =( GEOMETRIC_REPRESENTATION_CONTEXT ( 3 ) GLOBAL_UNCERTAINTY_ASSIGNED_CONTEXT ( ( #6371 ) ) GLOBAL_UNIT_ASSIGNED_CONTEXT ( ( #6736, #8368, #2233 ) ) REPRESENTATION_CONTEXT ( 'NONE', 'WORKASPACE' ) );
#7600 = LINE ( 'NONE', #9750, #1146 ) ;
#7601 = VERTEX_POINT ( 'NONE', #7446 ) ;
#7602 = VERTEX_POINT ( 'NONE', #2926 ) ;
#7603 = UNCERTAINTY_MEASURE_WITH_UNIT (LENGTH_MEASURE( 1.000000000000000082E-05 ), #9551, 'distance_accuracy_value', 'NONE');
#7604 = SURFACE_STYLE_FILL_AREA ( #5358 ) ;
#7605 = ADVANCED_FACE ( 'NONE', ( #8138 ), #812, .T. ) ;
#7606 = PRESENTATION_LAYER_ASSIGNMENT (  '', '', ( #9684 ) ) ;
#7607 = SURFACE_SIDE_STYLE ('',( #6048 ) ) ;
#7608 = PRESENTATION_LAYER_ASSIGNMENT (  '', '', ( #2753 ) ) ;
#7609 = AXIS2_PLACEMENT_3D ( 'NONE', #3424, #6437, #8675 ) ;
#7610 = CARTESIAN_POINT ( 'NONE',  ( -6.049999999999999822, 10.69999999999999929, -2.741681084241540667 ) ) ;
#7611 = FILL_AREA_STYLE ('',( #7515 ) ) ;
#7612 = DIRECTION ( 'NONE',  ( 0.000000000000000000, 1.000000000000000000, 0.000000000000000000 ) ) ;
#7613 = FILL_AREA_STYLE ('',( #1628 ) ) ;
#7614 = ORIENTED_EDGE ( 'NONE', *, *, #2023, .T. ) ;
#7615 = CARTESIAN_POINT ( 'NONE',  ( 2.095041164010772672, 15.49999999999999467, -6.099106169561853363 ) ) ;
#7616 = DIRECTION ( 'NONE',  ( 0.000000000000000000, 0.000000000000000000, -1.000000000000000000 ) ) ;
#7617 = ORIENTED_EDGE ( 'NONE', *, *, #7720, .T. ) ;
#7618 = LINE ( 'NONE', #1680, #9725 ) ;
#7619 = CIRCLE ( 'NONE', #3714, 0.5000000000000004441 ) ;
#7620 = SURFACE_SIDE_STYLE ('',( #3912 ) ) ;
#7621 = CIRCLE ( 'NONE', #1195, 0.5000000000000004441 ) ;
#7622 = DIRECTION ( 'NONE',  ( 0.000000000000000000, 1.000000000000000000, 0.000000000000000000 ) ) ;
#7623 =( NAMED_UNIT ( * ) PLANE_ANGLE_UNIT ( ) SI_UNIT ( $, .RADIAN. ) );
#7624 = EDGE_CURVE ( 'NONE', #4199, #9715, #7583, .T. ) ;
#7625 = ORIENTED_EDGE ( 'NONE', *, *, #5198, .F. ) ;
#7626 = DIRECTION ( 'NONE',  ( 0.000000000000000000, 0.000000000000000000, 1.000000000000000000 ) ) ;
#7627 = PRESENTATION_STYLE_ASSIGNMENT (( #1692 ) ) ;
#7628 = FILL_AREA_STYLE_COLOUR ( '', #1682 ) ;
#7629 =( LENGTH_UNIT ( ) NAMED_UNIT ( * ) SI_UNIT ( .MILLI., .METRE. ) );
#7630 = AXIS2_PLACEMENT_3D ( 'NONE', #2041, #5063, #1306 ) ;
#7631 = FILL_AREA_STYLE_COLOUR ( '', #3792 ) ;
#7632 = CARTESIAN_POINT ( 'NONE',  ( 0.7071067811865476838, 7.792893218813452094, -16.14999999999999503 ) ) ;
#7633 = EDGE_CURVE ( 'NONE', #7450, #2445, #2975, .T. ) ;
#7634 = EDGE_CURVE ( 'NONE', #5584, #78, #779, .T. ) ;
#7635 = CARTESIAN_POINT ( 'NONE',  ( -6.049999999999999822, -7.749999999999999112, 8.000000000000000000 ) ) ;
#7636 = CARTESIAN_POINT ( 'NONE',  ( -1.581581488407344915, 18.49999999999999645, -6.330138972212687953 ) ) ;
#7637 = MECHANICAL_DESIGN_GEOMETRIC_PRESENTATION_REPRESENTATION (  '', ( #8267 ), #1838 ) ;
#7638 = ORIENTED_EDGE ( 'NONE', *, *, #2676, .T. ) ;
#7639 = ORIENTED_EDGE ( 'NONE', *, *, #8150, .T. ) ;
#7640 =( LENGTH_UNIT ( ) NAMED_UNIT ( * ) SI_UNIT ( .MILLI., .METRE. ) );
#7641 = MECHANICAL_DESIGN_GEOMETRIC_PRESENTATION_REPRESENTATION (  '', ( #5158 ), #1370 ) ;
#7642 = DIRECTION ( 'NONE',  ( 0.8660254037844362651, 0.000000000000000000, 0.5000000000000039968 ) ) ;
#7643 = STYLED_ITEM ( 'NONE', ( #2941 ), #4009 ) ;
#7644 = LINE ( 'NONE', #923, #788 ) ;
#7645 = UNCERTAINTY_MEASURE_WITH_UNIT (LENGTH_MEASURE( 1.000000000000000082E-05 ), #7629, 'distance_accuracy_value', 'NONE');
#7646 = MECHANICAL_DESIGN_GEOMETRIC_PRESENTATION_REPRESENTATION (  '', ( #9071 ), #8914 ) ;
#7647 = EDGE_CURVE ( 'NONE', #5400, #6849, #8383, .T. ) ;
#7648 = MECHANICAL_DESIGN_GEOMETRIC_PRESENTATION_REPRESENTATION (  '', ( #2331 ), #9561 ) ;
#7649 = ORIENTED_EDGE ( 'NONE', *, *, #9006, .T. ) ;
#7650 = ORIENTED_EDGE ( 'NONE', *, *, #9654, .F. ) ;
#7651 = PRESENTATION_STYLE_ASSIGNMENT (( #4582 ) ) ;
#7652 = CIRCLE ( 'NONE', #9382, 1.848999999999999977 ) ;
#7653 = STYLED_ITEM ( 'NONE', ( #7563 ), #1698 ) ;
#7654 = FILL_AREA_STYLE ('',( #1578 ) ) ;
#7655 = FILL_AREA_STYLE ('',( #2589 ) ) ;
#7656 = ADVANCED_FACE ( 'NONE', ( #3021 ), #2201, .T. ) ;
#7657 = CYLINDRICAL_SURFACE ( 'NONE', #2609, 0.8399999999999996358 ) ;
#7658 = CARTESIAN_POINT ( 'NONE',  ( 5.549999999999998934, 7.500000000000000000, 15.65000000000000036 ) ) ;
#7659 =( NAMED_UNIT ( * ) PLANE_ANGLE_UNIT ( ) SI_UNIT ( $, .RADIAN. ) );
#7660 = EDGE_LOOP ( 'NONE', ( #8563, #328, #5115, #7504 ) ) ;
#7661 = CARTESIAN_POINT ( 'NONE',  ( -0.5000000000000000000, 8.000000000000000000, 15.65000000000000036 ) ) ;
#7662 = MECHANICAL_DESIGN_GEOMETRIC_PRESENTATION_REPRESENTATION (  '', ( #5475 ), #5956 ) ;
#7663 = ORIENTED_EDGE ( 'NONE', *, *, #1762, .T. ) ;
#7664 =( NAMED_UNIT ( * ) PLANE_ANGLE_UNIT ( ) SI_UNIT ( $, .RADIAN. ) );
#7665 = EDGE_CURVE ( 'NONE', #1522, #4383, #8844, .T. ) ;
#7666 = FILL_AREA_STYLE ('',( #9108 ) ) ;
#7667 = DIRECTION ( 'NONE',  ( 0.000000000000000000, 0.000000000000000000, 1.000000000000000000 ) ) ;
#7668 = CYLINDRICAL_SURFACE ( 'NONE', #7767, 0.5000000000000004441 ) ;
#7669 = ORIENTED_EDGE ( 'NONE', *, *, #4746, .T. ) ;
#7670 = SURFACE_SIDE_STYLE ('',( #3964 ) ) ;
#7671 = LINE ( 'NONE', #205, #3922 ) ;
#7672 = FACE_OUTER_BOUND ( 'NONE', #1629, .T. ) ;
#7673 = UNCERTAINTY_MEASURE_WITH_UNIT (LENGTH_MEASURE( 1.000000000000000082E-05 ), #3581, 'distance_accuracy_value', 'NONE');
#7674 =( GEOMETRIC_REPRESENTATION_CONTEXT ( 3 ) GLOBAL_UNCERTAINTY_ASSIGNED_CONTEXT ( ( #3225 ) ) GLOBAL_UNIT_ASSIGNED_CONTEXT ( ( #366, #6579, #8032 ) ) REPRESENTATION_CONTEXT ( 'NONE', 'WORKASPACE' ) );
#7675 = PRESENTATION_STYLE_ASSIGNMENT (( #1694 ) ) ;
#7676 = DIRECTION ( 'NONE',  ( 0.000000000000000000, 1.000000000000000000, 0.000000000000000000 ) ) ;
#7677 = DIRECTION ( 'NONE',  ( 0.000000000000000000, 1.000000000000000000, 0.000000000000000000 ) ) ;
#7678 =( NAMED_UNIT ( * ) PLANE_ANGLE_UNIT ( ) SI_UNIT ( $, .RADIAN. ) );
#7679 = CIRCLE ( 'NONE', #8155, 2.299999999999998046 ) ;
#7680 =( GEOMETRIC_REPRESENTATION_CONTEXT ( 3 ) GLOBAL_UNCERTAINTY_ASSIGNED_CONTEXT ( ( #39 ) ) GLOBAL_UNIT_ASSIGNED_CONTEXT ( ( #1644, #4662, #1735 ) ) REPRESENTATION_CONTEXT ( 'NONE', 'WORKASPACE' ) );
#7681 = SURFACE_STYLE_USAGE ( .BOTH. , #8435 ) ;
#7682 = COLOUR_RGB ( '',0.1058823529411764691, 0.6352941176470587870, 0.9411764705882352811 ) ;
#7683 =( LENGTH_UNIT ( ) NAMED_UNIT ( * ) SI_UNIT ( .MILLI., .METRE. ) );
#7684 = COLOUR_RGB ( '',0.7764705882352941346, 0.7568627450980391913, 0.7372549019607843590 ) ;
#7685 = ORIENTED_EDGE ( 'NONE', *, *, #7942, .F. ) ;
#7686 = ORIENTED_EDGE ( 'NONE', *, *, #9089, .F. ) ;
#7687 = CARTESIAN_POINT ( 'NONE',  ( -6.049999999999999822, 7.500000000000000000, -15.64999999999999325 ) ) ;
#7688 = CIRCLE ( 'NONE', #157, 2.299999999999998490 ) ;
#7689 = DIRECTION ( 'NONE',  ( -0.000000000000000000, -0.000000000000000000, -1.000000000000000000 ) ) ;
#7690 = EDGE_CURVE ( 'NONE', #6590, #1066, #8436, .T. ) ;
#7691 = SURFACE_SIDE_STYLE ('',( #7791 ) ) ;
#7692 = SURFACE_SIDE_STYLE ('',( #5444 ) ) ;
#7693 = VERTEX_POINT ( 'NONE', #9322 ) ;
#7694 = CARTESIAN_POINT ( 'NONE',  ( -2.781992358620865247, 15.15315108094981866, 0.2015894474288647542 ) ) ;
#7695 = EDGE_LOOP ( 'NONE', ( #2002, #1588, #3563, #8935 ) ) ;
#7696 = UNCERTAINTY_MEASURE_WITH_UNIT (LENGTH_MEASURE( 1.000000000000000082E-05 ), #9174, 'distance_accuracy_value', 'NONE');
#7697 = COLOUR_RGB ( '',0.1058823529411764691, 0.6352941176470587870, 0.9411764705882352811 ) ;
#7698 = CARTESIAN_POINT ( 'NONE',  ( -5.549999999999998934, 6.000000000000000000, 16.15000000000000213 ) ) ;
#7699 = SURFACE_SIDE_STYLE ('',( #8348 ) ) ;
#7700 = SURFACE_STYLE_USAGE ( .BOTH. , #8314 ) ;
#7701 = ADVANCED_FACE ( 'NONE', ( #7063 ), #9271, .T. ) ;
#7702 = AXIS2_PLACEMENT_3D ( 'NONE', #9213, #2474, #8424 ) ;
#7703 = FILL_AREA_STYLE_COLOUR ( '', #263 ) ;
#7704 = CARTESIAN_POINT ( 'NONE',  ( 6.049999999999999822, 11.19999999999999929, -5.150000000000000355 ) ) ;
#7705 = EDGE_LOOP ( 'NONE', ( #9666, #5178, #5281 ) ) ;
#7706 = FACE_OUTER_BOUND ( 'NONE', #8583, .T. ) ;
#7707 = DIRECTION ( 'NONE',  ( 0.000000000000000000, 1.000000000000000000, 0.000000000000000000 ) ) ;
#7708 = VERTEX_POINT ( 'NONE', #3972 ) ;
#7709 = CARTESIAN_POINT ( 'NONE',  ( 1.846399722430719592, 15.49999999999999467, -5.248025838470068649 ) ) ;
#7710 = EDGE_CURVE ( 'NONE', #7988, #6083, #6127, .T. ) ;
#7711 = SURFACE_STYLE_USAGE ( .BOTH. , #1779 ) ;
#7712 = SURFACE_STYLE_USAGE ( .BOTH. , #4747 ) ;
#7713 = ORIENTED_EDGE ( 'NONE', *, *, #1791, .T. ) ;
#7714 = LINE ( 'NONE', #5660, #6759 ) ;
#7715 =( NAMED_UNIT ( * ) PLANE_ANGLE_UNIT ( ) SI_UNIT ( $, .RADIAN. ) );
#7716 = SURFACE_STYLE_USAGE ( .BOTH. , #6697 ) ;
#7717 = UNCERTAINTY_MEASURE_WITH_UNIT (LENGTH_MEASURE( 1.000000000000000082E-05 ), #6683, 'distance_accuracy_value', 'NONE');
#7718 = AXIS2_PLACEMENT_3D ( 'NONE', #9422, #7927, #1972 ) ;
#7719 =( NAMED_UNIT ( * ) PLANE_ANGLE_UNIT ( ) SI_UNIT ( $, .RADIAN. ) );
#7720 = EDGE_CURVE ( 'NONE', #7764, #4856, #4792, .T. ) ;
#7721 = FILL_AREA_STYLE_COLOUR ( '', #3392 ) ;
#7722 = DIRECTION ( 'NONE',  ( 0.1490422661761676704, 0.000000000000000000, 0.9888308262251295222 ) ) ;
#7723 = AXIS2_PLACEMENT_3D ( 'NONE', #4400, #3570, #5826 ) ;
#7724 = EDGE_CURVE ( 'NONE', #7180, #2419, #8547, .T. ) ;
#7725 = CIRCLE ( 'NONE', #8051, 2.299999999999998046 ) ;
#7726 = CARTESIAN_POINT ( 'NONE',  ( 0.5000000000000000000, 8.000000000000000000, 0.000000000000000000 ) ) ;
#7727 = COLOUR_RGB ( '',0.1058823529411764691, 0.6352941176470587870, 0.9411764705882352811 ) ;
#7728 = ORIENTED_EDGE ( 'NONE', *, *, #9654, .T. ) ;
#7729 = DIRECTION ( 'NONE',  ( 0.000000000000000000, 1.000000000000000000, 0.000000000000000000 ) ) ;
#7730 = DIRECTION ( 'NONE',  ( -0.000000000000000000, 1.000000000000000000, -0.000000000000000000 ) ) ;
#7731 = CARTESIAN_POINT ( 'NONE',  ( -0.8902177050524318069, 18.49999999999999645, -7.270733938430555376 ) ) ;
#7732 = ORIENTED_EDGE ( 'NONE', *, *, #4118, .T. ) ;
#7733 = ORIENTED_EDGE ( 'NONE', *, *, #2596, .T. ) ;
#7734 = COLOUR_RGB ( '',0.1058823529411764691, 0.6352941176470587870, 0.9411764705882352811 ) ;
#7735 = SURFACE_STYLE_USAGE ( .BOTH. , #7882 ) ;
#7736 = AXIS2_PLACEMENT_3D ( 'NONE', #5059, #2086, #5882 ) ;
#7737 = MECHANICAL_DESIGN_GEOMETRIC_PRESENTATION_REPRESENTATION (  '', ( #6338 ), #530 ) ;
#7738 = LINE ( 'NONE', #5392, #2302 ) ;
#7739 = CARTESIAN_POINT ( 'NONE',  ( -1.971559904812546504, 18.49999999999999645, -5.234140002041570483 ) ) ;
#7740 = PRESENTATION_STYLE_ASSIGNMENT (( #7069 ) ) ;
#7741 = UNCERTAINTY_MEASURE_WITH_UNIT (LENGTH_MEASURE( 1.000000000000000082E-05 ), #2310, 'distance_accuracy_value', 'NONE');
#7742 = UNCERTAINTY_MEASURE_WITH_UNIT (LENGTH_MEASURE( 1.000000000000000082E-05 ), #9466, 'distance_accuracy_value', 'NONE');
#7743 = VECTOR ( 'NONE', #6142, 1000.000000000000000 ) ;
#7744 = PRESENTATION_STYLE_ASSIGNMENT (( #7034 ) ) ;
#7745 = AXIS2_PLACEMENT_3D ( 'NONE', #4466, #9742, #6224 ) ;
#7746 = ORIENTED_EDGE ( 'NONE', *, *, #3215, .T. ) ;
#7747 = EDGE_CURVE ( 'NONE', #6761, #8401, #124, .T. ) ;
#7748 = AXIS2_PLACEMENT_3D ( 'NONE', #8761, #7336, #6629 ) ;
#7749 = VERTEX_POINT ( 'NONE', #1011 ) ;
#7750 = CARTESIAN_POINT ( 'NONE',  ( 5.549999999999998934, 11.19999999999999929, 11.24999999999999645 ) ) ;
#7751 = DIRECTION ( 'NONE',  ( 0.000000000000000000, 1.000000000000000000, 0.000000000000000000 ) ) ;
#7752 = MECHANICAL_DESIGN_GEOMETRIC_PRESENTATION_REPRESENTATION (  '', ( #3202 ), #2885 ) ;
#7753 = DIRECTION ( 'NONE',  ( 0.000000000000000000, 0.000000000000000000, 1.000000000000000000 ) ) ;
#7754 = DIRECTION ( 'NONE',  ( 0.000000000000000000, 0.000000000000000000, -1.000000000000000000 ) ) ;
#7755 = CIRCLE ( 'NONE', #7914, 0.8400000000000005240 ) ;
#7756 =( GEOMETRIC_REPRESENTATION_CONTEXT ( 3 ) GLOBAL_UNCERTAINTY_ASSIGNED_CONTEXT ( ( #1754 ) ) GLOBAL_UNIT_ASSIGNED_CONTEXT ( ( #8395, #2536, #8499 ) ) REPRESENTATION_CONTEXT ( 'NONE', 'WORKASPACE' ) );
#7757 =( NAMED_UNIT ( * ) PLANE_ANGLE_UNIT ( ) SI_UNIT ( $, .RADIAN. ) );
#7758 = FILL_AREA_STYLE_COLOUR ( '', #8043 ) ;
#7759 = EDGE_LOOP ( 'NONE', ( #8175, #5857, #531, #9729 ) ) ;
#7760 = EDGE_CURVE ( 'NONE', #7830, #3932, #1316, .T. ) ;
#7761 = CARTESIAN_POINT ( 'NONE',  ( 2.480768307613939072, 15.46483827613427309, 0.06608647914852276706 ) ) ;
#7762 = SURFACE_STYLE_FILL_AREA ( #6305 ) ;
#7763 = AXIS2_PLACEMENT_3D ( 'NONE', #9110, #4452, #702 ) ;
#7764 = VERTEX_POINT ( 'NONE', #3170 ) ;
#7765 = CARTESIAN_POINT ( 'NONE',  ( 1.648902502870886355, 16.99999999999999289, -6.753471401686390152 ) ) ;
#7766 = CARTESIAN_POINT ( 'NONE',  ( 5.549999999999998934, 6.000000000000000000, -16.14999999999999503 ) ) ;
#7767 = AXIS2_PLACEMENT_3D ( 'NONE', #6364, #2601, #948 ) ;
#7768 = UNCERTAINTY_MEASURE_WITH_UNIT (LENGTH_MEASURE( 1.000000000000000082E-05 ), #5985, 'distance_accuracy_value', 'NONE');
#7769 = DIRECTION ( 'NONE',  ( 0.000000000000000000, 1.000000000000000000, 0.000000000000000000 ) ) ;
#7770 =( NAMED_UNIT ( * ) SI_UNIT ( $, .STERADIAN. ) SOLID_ANGLE_UNIT ( ) );
#7771 = ORIENTED_EDGE ( 'NONE', *, *, #3050, .F. ) ;
#7772 = ADVANCED_FACE ( 'NONE', ( #1701 ), #7026, .T. ) ;
#7773 = FILL_AREA_STYLE ('',( #4010 ) ) ;
#7774 = CYLINDRICAL_SURFACE ( 'NONE', #2344, 1.848999999999999977 ) ;
#7775 =( LENGTH_UNIT ( ) NAMED_UNIT ( * ) SI_UNIT ( .MILLI., .METRE. ) );
#7776 = LINE ( 'NONE', #1048, #7167 ) ;
#7777 = FILL_AREA_STYLE_COLOUR ( '', #2707 ) ;
#7778 = CIRCLE ( 'NONE', #1512, 0.8400000000000000799 ) ;
#7779 = MECHANICAL_DESIGN_GEOMETRIC_PRESENTATION_REPRESENTATION (  '', ( #4027 ), #2762 ) ;
#7780 = SURFACE_STYLE_USAGE ( .BOTH. , #6472 ) ;
#7781 =( LENGTH_UNIT ( ) NAMED_UNIT ( * ) SI_UNIT ( .MILLI., .METRE. ) );
#7782 = CARTESIAN_POINT ( 'NONE',  ( 1.625000000000001332, -6.450000000000001066, -10.25000000000000178 ) ) ;
#7783 = EDGE_CURVE ( 'NONE', #7345, #1617, #5263, .T. ) ;
#7784 = VECTOR ( 'NONE', #7676, 1000.000000000000000 ) ;
#7785 = FACE_OUTER_BOUND ( 'NONE', #3289, .T. ) ;
#7786 = ORIENTED_EDGE ( 'NONE', *, *, #8783, .T. ) ;
#7787 = ORIENTED_EDGE ( 'NONE', *, *, #9091, .F. ) ;
#7788 = LINE ( 'NONE', #1850, #6145 ) ;
#7789 = CARTESIAN_POINT ( 'NONE',  ( 6.049999999999999822, 11.19999999999999929, -5.150000000000000355 ) ) ;
#7790 = B_SPLINE_CURVE_WITH_KNOTS ( 'NONE', 3,
 ( #7363, #9507, #2748, #2004, #5029, #8004, #7271, #3547, #682, #3694, #90, #5993, #6044, #6092 ),
 .UNSPECIFIED., .F., .F.,
 ( 4, 2, 2, 2, 2, 2, 4 ),
 ( 0.000000000000000000, 0.001153262340362210371, 0.001729893510543315449, 0.002306524680724420743, 0.002883155850905525820, 0.003459787021086630898, 0.004613049361448842353 ),
 .UNSPECIFIED. ) ;
#7791 = SURFACE_STYLE_FILL_AREA ( #4910 ) ;
#7792 = PRESENTATION_LAYER_ASSIGNMENT (  '', '', ( #9384 ) ) ;
#7793 =( NAMED_UNIT ( * ) PLANE_ANGLE_UNIT ( ) SI_UNIT ( $, .RADIAN. ) );
#7794 = ORIENTED_EDGE ( 'NONE', *, *, #4056, .F. ) ;
#7795 = SURFACE_STYLE_USAGE ( .BOTH. , #1023 ) ;
#7796 = AXIS2_PLACEMENT_3D ( 'NONE', #8636, #577, #1362 ) ;
#7797 = ORIENTED_EDGE ( 'NONE', *, *, #499, .F. ) ;
#7798 =( NAMED_UNIT ( * ) SI_UNIT ( $, .STERADIAN. ) SOLID_ANGLE_UNIT ( ) );
#7799 = COLOUR_RGB ( '',0.7764705882352941346, 0.7568627450980391913, 0.7372549019607843590 ) ;
#7800 = DIRECTION ( 'NONE',  ( 1.000000000000000000, 0.000000000000000000, 0.000000000000000000 ) ) ;
#7801 = PRESENTATION_LAYER_ASSIGNMENT (  '', '', ( #2174 ) ) ;
#7802 = DIRECTION ( 'NONE',  ( -0.000000000000000000, -1.000000000000000000, -0.000000000000000000 ) ) ;
#7803 = FACE_OUTER_BOUND ( 'NONE', #3957, .T. ) ;
#7804 = CARTESIAN_POINT ( 'NONE',  ( -5.549999999999998934, 11.19999999999999929, 10.74999999999999645 ) ) ;
#7805 =( BOUNDED_CURVE ( )  B_SPLINE_CURVE ( 3, ( #5094, #4998, #1338, #3507 ),
 .UNSPECIFIED., .F., .T. ) 
 B_SPLINE_CURVE_WITH_KNOTS ( ( 4, 4 ),
 ( 1.570796326794896558, 3.141592653589793116 ),
 .UNSPECIFIED. ) 
 CURVE ( )  GEOMETRIC_REPRESENTATION_ITEM ( )  RATIONAL_B_SPLINE_CURVE ( ( 1.000000000000000000, 0.8047378541243649375, 0.8047378541243649375, 1.000000000000000000 ) ) 
 REPRESENTATION_ITEM ( '' )  );
#7806 = DIRECTION ( 'NONE',  ( -1.000000000000000000, 0.000000000000000000, 0.000000000000000000 ) ) ;
#7807 = ORIENTED_EDGE ( 'NONE', *, *, #6687, .T. ) ;
#7808 =( GEOMETRIC_REPRESENTATION_CONTEXT ( 3 ) GLOBAL_UNCERTAINTY_ASSIGNED_CONTEXT ( ( #7990 ) ) GLOBAL_UNIT_ASSIGNED_CONTEXT ( ( #2614, #4313, #8921 ) ) REPRESENTATION_CONTEXT ( 'NONE', 'WORKASPACE' ) );
#7809 = ORIENTED_EDGE ( 'NONE', *, *, #5739, .T. ) ;
#7810 = FILL_AREA_STYLE ('',( #3394 ) ) ;
#7811 = FACE_OUTER_BOUND ( 'NONE', #8034, .T. ) ;
#7812 = ADVANCED_FACE ( 'NONE', ( #6383 ), #2775, .T. ) ;
#7813 = AXIS2_PLACEMENT_3D ( 'NONE', #6970, #1595, #8371 ) ;
#7814 = DIRECTION ( 'NONE',  ( 0.000000000000000000, 0.000000000000000000, 1.000000000000000000 ) ) ;
#7815 = VERTEX_POINT ( 'NONE', #2819 ) ;
#7816 = SURFACE_STYLE_USAGE ( .BOTH. , #7921 ) ;
#7817 = DIRECTION ( 'NONE',  ( 0.000000000000000000, -1.000000000000000000, 0.000000000000000000 ) ) ;
#7818 = CARTESIAN_POINT ( 'NONE',  ( 5.549999999999998934, 7.500000000000000000, -15.64999999999999325 ) ) ;
#7819 = UNCERTAINTY_MEASURE_WITH_UNIT (LENGTH_MEASURE( 1.000000000000000082E-05 ), #5086, 'distance_accuracy_value', 'NONE');
#7820 = CARTESIAN_POINT ( 'NONE',  ( -5.549999999999998934, 11.19999999999999929, -2.741681084241538002 ) ) ;
#7821 = CARTESIAN_POINT ( 'NONE',  ( -6.049999999999999822, 7.500000000000000000, 15.65000000000000036 ) ) ;
#7822 = ADVANCED_FACE ( 'NONE', ( #9476 ), #4904, .T. ) ;
#7823 =( NAMED_UNIT ( * ) SI_UNIT ( $, .STERADIAN. ) SOLID_ANGLE_UNIT ( ) );
#7824 =( NAMED_UNIT ( * ) PLANE_ANGLE_UNIT ( ) SI_UNIT ( $, .RADIAN. ) );
#7825 = DIRECTION ( 'NONE',  ( 0.000000000000000000, 1.000000000000000000, 0.000000000000000000 ) ) ;
#7826 = LINE ( 'NONE', #2570, #7883 ) ;
#7827 = DIRECTION ( 'NONE',  ( 0.000000000000000000, 1.000000000000000000, 0.000000000000000000 ) ) ;
#7828 = AXIS2_PLACEMENT_3D ( 'NONE', #9126, #6081, #5300 ) ;
#7829 = DIRECTION ( 'NONE',  ( 0.8660254037844361541, 0.000000000000000000, 0.5000000000000042188 ) ) ;
#7830 = VERTEX_POINT ( 'NONE', #6429 ) ;
#7831 = ORIENTED_EDGE ( 'NONE', *, *, #8498, .F. ) ;
#7832 = DIRECTION ( 'NONE',  ( 0.000000000000000000, 0.000000000000000000, 1.000000000000000000 ) ) ;
#7833 =( NAMED_UNIT ( * ) PLANE_ANGLE_UNIT ( ) SI_UNIT ( $, .RADIAN. ) );
#7834 = EDGE_CURVE ( 'NONE', #8934, #1572, #4476, .T. ) ;
#7835 = AXIS2_PLACEMENT_3D ( 'NONE', #5839, #1989, #528 ) ;
#7836 =( LENGTH_UNIT ( ) NAMED_UNIT ( * ) SI_UNIT ( .MILLI., .METRE. ) );
#7837 = COLOUR_RGB ( '',0.7764705882352941346, 0.7568627450980391913, 0.7372549019607843590 ) ;
#7838 = UNCERTAINTY_MEASURE_WITH_UNIT (LENGTH_MEASURE( 1.000000000000000082E-05 ), #295, 'distance_accuracy_value', 'NONE');
#7839 = AXIS2_PLACEMENT_3D ( 'NONE', #5224, #8153, #6716 ) ;
#7840 = CIRCLE ( 'NONE', #9107, 2.299999999999998490 ) ;
#7841 = FACE_OUTER_BOUND ( 'NONE', #4989, .T. ) ;
#7842 = ORIENTED_EDGE ( 'NONE', *, *, #8714, .F. ) ;
#7843 = LINE ( 'NONE', #1067, #4716 ) ;
#7844 = ORIENTED_EDGE ( 'NONE', *, *, #7161, .F. ) ;
#7845 = MECHANICAL_DESIGN_GEOMETRIC_PRESENTATION_REPRESENTATION (  '', ( #2825 ), #6624 ) ;
#7846 = AXIS2_PLACEMENT_3D ( 'NONE', #773, #874, #1518 ) ;
#7847 = CARTESIAN_POINT ( 'NONE',  ( 6.049999999999998934, 10.77979323619982743, -3.558985556104715009 ) ) ;
#7848 = DIRECTION ( 'NONE',  ( 0.000000000000000000, 1.000000000000000000, 0.000000000000000000 ) ) ;
#7849 = EDGE_CURVE ( 'NONE', #5925, #3049, #4954, .T. ) ;
#7850 = CARTESIAN_POINT ( 'NONE',  ( -5.549999999999998934, 6.000000000000000000, 16.15000000000000213 ) ) ;
#7851 = DIRECTION ( 'NONE',  ( 0.000000000000000000, 1.000000000000000000, 0.000000000000000000 ) ) ;
#7852 = EDGE_CURVE ( 'NONE', #5800, #3196, #4213, .T. ) ;
#7853 =( LENGTH_UNIT ( ) NAMED_UNIT ( * ) SI_UNIT ( .MILLI., .METRE. ) );
#7854 =( NAMED_UNIT ( * ) PLANE_ANGLE_UNIT ( ) SI_UNIT ( $, .RADIAN. ) );
#7855 = DIRECTION ( 'NONE',  ( 0.000000000000000000, 1.000000000000000000, 0.000000000000000000 ) ) ;
#7856 = CIRCLE ( 'NONE', #6141, 0.8399999999999999689 ) ;
#7857 = FILL_AREA_STYLE_COLOUR ( '', #7414 ) ;
#7858 = ORIENTED_EDGE ( 'NONE', *, *, #3469, .T. ) ;
#7859 =( GEOMETRIC_REPRESENTATION_CONTEXT ( 3 ) GLOBAL_UNCERTAINTY_ASSIGNED_CONTEXT ( ( #8402 ) ) GLOBAL_UNIT_ASSIGNED_CONTEXT ( ( #1803, #5486, #322 ) ) REPRESENTATION_CONTEXT ( 'NONE', 'WORKASPACE' ) );
#7860 = DIRECTION ( 'NONE',  ( 0.000000000000000000, 1.000000000000000000, 0.000000000000000000 ) ) ;
#7861 = EDGE_LOOP ( 'NONE', ( #5847, #3594, #5234, #368 ) ) ;
#7862 = DIRECTION ( 'NONE',  ( 0.000000000000000000, 0.000000000000000000, 1.000000000000000000 ) ) ;
#7863 =( NAMED_UNIT ( * ) SI_UNIT ( $, .STERADIAN. ) SOLID_ANGLE_UNIT ( ) );
#7864 = AXIS2_PLACEMENT_3D ( 'NONE', #7410, #4623, #3933 ) ;
#7865 = ORIENTED_EDGE ( 'NONE', *, *, #6544, .T. ) ;
#7866 = DIRECTION ( 'NONE',  ( 0.000000000000000000, 0.000000000000000000, 1.000000000000000000 ) ) ;
#7867 = EDGE_LOOP ( 'NONE', ( #6581, #137, #5970 ) ) ;
#7868 =( NAMED_UNIT ( * ) SI_UNIT ( $, .STERADIAN. ) SOLID_ANGLE_UNIT ( ) );
#7869 = AXIS2_PLACEMENT_3D ( 'NONE', #7804, #1118, #4130 ) ;
#7870 = SURFACE_STYLE_USAGE ( .BOTH. , #4799 ) ;
#7871 = EDGE_CURVE ( 'NONE', #7387, #9059, #18, .T. ) ;
#7872 = UNCERTAINTY_MEASURE_WITH_UNIT (LENGTH_MEASURE( 1.000000000000000082E-05 ), #6964, 'distance_accuracy_value', 'NONE');
#7873 = DIRECTION ( 'NONE',  ( -0.000000000000000000, -0.000000000000000000, -1.000000000000000000 ) ) ;
#7874 = SURFACE_SIDE_STYLE ('',( #5525 ) ) ;
#7875 = AXIS2_PLACEMENT_3D ( 'NONE', #7961, #9509, #5031 ) ;
#7876 = DIRECTION ( 'NONE',  ( -1.000000000000000000, 0.000000000000000000, 0.000000000000000000 ) ) ;
#7877 =( NAMED_UNIT ( * ) SI_UNIT ( $, .STERADIAN. ) SOLID_ANGLE_UNIT ( ) );
#7878 = SURFACE_SIDE_STYLE ('',( #4854 ) ) ;
#7879 = CARTESIAN_POINT ( 'NONE',  ( 5.549999999999998934, 6.000000000000000000, 15.65000000000000036 ) ) ;
#7880 = EDGE_CURVE ( 'NONE', #7208, #4063, #4360, .T. ) ;
#7881 = ORIENTED_EDGE ( 'NONE', *, *, #6646, .T. ) ;
#7882 = SURFACE_SIDE_STYLE ('',( #4860 ) ) ;
#7883 = VECTOR ( 'NONE', #4759, 1000.000000000000000 ) ;
#7884 =( NAMED_UNIT ( * ) SI_UNIT ( $, .STERADIAN. ) SOLID_ANGLE_UNIT ( ) );
#7885 = CIRCLE ( 'NONE', #1466, 0.8399999999999996358 ) ;
#7886 = CARTESIAN_POINT ( 'NONE',  ( -5.549999999999998934, -10.69999999999999929, 11.24999999999999822 ) ) ;
#7887 = DIRECTION ( 'NONE',  ( 0.000000000000000000, 1.000000000000000000, 0.000000000000000000 ) ) ;
#7888 = STYLED_ITEM ( 'NONE', ( #4853 ), #4988 ) ;
#7889 = VERTEX_POINT ( 'NONE', #5876 ) ;
#7890 = EDGE_CURVE ( 'NONE', #7956, #1609, #1639, .T. ) ;
#7891 = SURFACE_SIDE_STYLE ('',( #1945 ) ) ;
#7892 = AXIS2_PLACEMENT_3D ( 'NONE', #5466, #4542, #7524 ) ;
#7893 = CIRCLE ( 'NONE', #3676, 0.8400000000000001910 ) ;
#7894 = UNCERTAINTY_MEASURE_WITH_UNIT (LENGTH_MEASURE( 1.000000000000000082E-05 ), #5140, 'distance_accuracy_value', 'NONE');
#7895 = ORIENTED_EDGE ( 'NONE', *, *, #593, .F. ) ;
#7896 = FILL_AREA_STYLE_COLOUR ( '', #7101 ) ;
#7897 = CARTESIAN_POINT ( 'NONE',  ( -1.676376990078407569, 15.49999999999999467, -4.108900492102858237 ) ) ;
#7898 = PRESENTATION_STYLE_ASSIGNMENT (( #2630 ) ) ;
#7899 = DIRECTION ( 'NONE',  ( -0.000000000000000000, 1.000000000000000000, 0.000000000000000000 ) ) ;
#7900 = CARTESIAN_POINT ( 'NONE',  ( 2.803180875801798422, 15.00000000000000000, 0.2114062499999989075 ) ) ;
#7901 = MECHANICAL_DESIGN_GEOMETRIC_PRESENTATION_REPRESENTATION (  '', ( #6180 ), #996 ) ;
#7902 = FILL_AREA_STYLE_COLOUR ( '', #6239 ) ;
#7903 = VECTOR ( 'NONE', #2874, 1000.000000000000000 ) ;
#7904 = SURFACE_STYLE_USAGE ( .BOTH. , #3542 ) ;
#7905 =( NAMED_UNIT ( * ) SI_UNIT ( $, .STERADIAN. ) SOLID_ANGLE_UNIT ( ) );
#7906 = SURFACE_STYLE_FILL_AREA ( #4231 ) ;
#7907 = CARTESIAN_POINT ( 'NONE',  ( 0.8025602265235930455, 11.06599862400594958, -11.25000000000000178 ) ) ;
#7908 = EDGE_LOOP ( 'NONE', ( #7364 ) ) ;
#7909 = EDGE_CURVE ( 'NONE', #4322, #2114, #5103, .T. ) ;
#7910 = CARTESIAN_POINT ( 'NONE',  ( -6.050000000000165912, 11.12956694662106116, -7.396004905441669663 ) ) ;
#7911 = ORIENTED_EDGE ( 'NONE', *, *, #9268, .F. ) ;
#7912 = DIRECTION ( 'NONE',  ( 0.000000000000000000, 0.000000000000000000, 1.000000000000000000 ) ) ;
#7913 =( GEOMETRIC_REPRESENTATION_CONTEXT ( 3 ) GLOBAL_UNCERTAINTY_ASSIGNED_CONTEXT ( ( #7145 ) ) GLOBAL_UNIT_ASSIGNED_CONTEXT ( ( #2031, #467, #7250 ) ) REPRESENTATION_CONTEXT ( 'NONE', 'WORKASPACE' ) );
#7914 = AXIS2_PLACEMENT_3D ( 'NONE', #6311, #6258, #4888 ) ;
#7915 = FILL_AREA_STYLE ('',( #7280 ) ) ;
#7916 =( LENGTH_UNIT ( ) NAMED_UNIT ( * ) SI_UNIT ( .MILLI., .METRE. ) );
#7917 = ORIENTED_EDGE ( 'NONE', *, *, #4385, .F. ) ;
#7918 = CARTESIAN_POINT ( 'NONE',  ( 2.095041164010773116, 18.49999999999999645, -6.099106169561854252 ) ) ;
#7919 = FILL_AREA_STYLE ('',( #1236 ) ) ;
#7920 = ORIENTED_EDGE ( 'NONE', *, *, #9038, .F. ) ;
#7921 = SURFACE_SIDE_STYLE ('',( #4148 ) ) ;
#7922 =( NAMED_UNIT ( * ) SI_UNIT ( $, .STERADIAN. ) SOLID_ANGLE_UNIT ( ) );
#7923 = MECHANICAL_DESIGN_GEOMETRIC_PRESENTATION_REPRESENTATION (  '', ( #9678 ), #9025 ) ;
#7924 =( NAMED_UNIT ( * ) PLANE_ANGLE_UNIT ( ) SI_UNIT ( $, .RADIAN. ) );
#7925 =( LENGTH_UNIT ( ) NAMED_UNIT ( * ) SI_UNIT ( .MILLI., .METRE. ) );
#7926 = DIRECTION ( 'NONE',  ( 0.000000000000000000, 0.000000000000000000, 1.000000000000000000 ) ) ;
#7927 = DIRECTION ( 'NONE',  ( 0.000000000000000000, 1.000000000000000000, 0.000000000000000000 ) ) ;
#7928 = CARTESIAN_POINT ( 'NONE',  ( -7.296957046373735484E-16, 15.49999999999999467, -5.150000000000000355 ) ) ;
#7929 = AXIS2_PLACEMENT_3D ( 'NONE', #4251, #2019, #3506 ) ;
#7930 = AXIS2_PLACEMENT_3D ( 'NONE', #526, #9487, #427 ) ;
#7931 = FILL_AREA_STYLE ('',( #8760 ) ) ;
#7932 = SURFACE_SIDE_STYLE ('',( #3307 ) ) ;
#7933 = VERTEX_POINT ( 'NONE', #3768 ) ;
#7934 = LINE ( 'NONE', #7204, #2131 ) ;
#7935 = VECTOR ( 'NONE', #8210, 1000.000000000000000 ) ;
#7936 = CARTESIAN_POINT ( 'NONE',  ( 0.5641957166668640777, 16.99999999999999289, -7.379727156693113521 ) ) ;
#7937 =( NAMED_UNIT ( * ) PLANE_ANGLE_UNIT ( ) SI_UNIT ( $, .RADIAN. ) );
#7938 = ORIENTED_EDGE ( 'NONE', *, *, #3863, .T. ) ;
#7939 = DIRECTION ( 'NONE',  ( -0.2947551744108912186, 0.000000000000000000, -0.9555728057861447855 ) ) ;
#7940 = FILL_AREA_STYLE ('',( #3317 ) ) ;
#7941 = ADVANCED_FACE ( 'NONE', ( #8228 ), #8969, .F. ) ;
#7942 = EDGE_CURVE ( 'NONE', #2329, #1460, #9016, .T. ) ;
#7943 = AXIS2_PLACEMENT_3D ( 'NONE', #9119, #7493, #3921 ) ;
#7944 = MECHANICAL_DESIGN_GEOMETRIC_PRESENTATION_REPRESENTATION (  '', ( #1520 ), #4512 ) ;
#7945 = ORIENTED_EDGE ( 'NONE', *, *, #8746, .F. ) ;
#7946 = ORIENTED_EDGE ( 'NONE', *, *, #2727, .F. ) ;
#7947 = CARTESIAN_POINT ( 'NONE',  ( 2.048277883803077071, 16.99999999999999289, -4.103788878512957261 ) ) ;
#7948 = CARTESIAN_POINT ( 'NONE',  ( 6.049999999999999822, 10.96252930732782360, -4.360432058053155480 ) ) ;
#7949 = TOROIDAL_SURFACE ( 'NONE', #6888, 5.549999999999998934, 0.5000000000000000000 ) ;
#7950 = LINE ( 'NONE', #9244, #6282 ) ;
#7951 = STYLED_ITEM ( 'NONE', ( #2861 ), #711 ) ;
#7952 = EDGE_CURVE ( 'NONE', #4345, #7589, #3531, .T. ) ;
#7953 = VECTOR ( 'NONE', #6215, 1000.000000000000000 ) ;
#7954 = CARTESIAN_POINT ( 'NONE',  ( -1.625000000000000000, -6.450000000000000178, -11.25000000000000178 ) ) ;
#7955 = CARTESIAN_POINT ( 'NONE',  ( -2.289650628371055596, 10.69999999999999929, -11.25000000000000178 ) ) ;
#7956 = VERTEX_POINT ( 'NONE', #8129 ) ;
#7957 = CARTESIAN_POINT ( 'NONE',  ( -0.7986154343352918072, 15.49999999999999467, -3.345466435266591265 ) ) ;
#7958 =( NAMED_UNIT ( * ) SI_UNIT ( $, .STERADIAN. ) SOLID_ANGLE_UNIT ( ) );
#7959 = PRESENTATION_LAYER_ASSIGNMENT (  '', '', ( #7643 ) ) ;
#7960 = ORIENTED_EDGE ( 'NONE', *, *, #9309, .F. ) ;
#7961 = CARTESIAN_POINT ( 'NONE',  ( 0.000000000000000000, 15.00000000000000000, 0.8500000000000000888 ) ) ;
#7962 = CLOSED_SHELL ( 'NONE', ( #6709, #3227, #2306 ) ) ;
#7963 = ADVANCED_FACE ( 'NONE', ( #3062 ), #9730, .T. ) ;
#7964 = CARTESIAN_POINT ( 'NONE',  ( -1.295030796935219497, 18.49999999999999645, -3.661032830047169728 ) ) ;
#7965 =( GEOMETRIC_REPRESENTATION_CONTEXT ( 3 ) GLOBAL_UNCERTAINTY_ASSIGNED_CONTEXT ( ( #2 ) ) GLOBAL_UNIT_ASSIGNED_CONTEXT ( ( #2458, #1714, #6999 ) ) REPRESENTATION_CONTEXT ( 'NONE', 'WORKASPACE' ) );
#7966 = ORIENTED_EDGE ( 'NONE', *, *, #6243, .T. ) ;
#7967 = CARTESIAN_POINT ( 'NONE',  ( -1.475765132078674657, 16.99999999999999289, -6.914119404955574311 ) ) ;
#7968 = VERTEX_POINT ( 'NONE', #6741 ) ;
#7969 = DIRECTION ( 'NONE',  ( -8.673617379884027583E-16, 1.000000000000000000, -3.469446951953611033E-15 ) ) ;
#7970 = CARTESIAN_POINT ( 'NONE',  ( -7.296957046373735484E-16, 15.49999999999999467, -5.150000000000000355 ) ) ;
#7971 =( NAMED_UNIT ( * ) SI_UNIT ( $, .STERADIAN. ) SOLID_ANGLE_UNIT ( ) );
#7972 = MECHANICAL_DESIGN_GEOMETRIC_PRESENTATION_REPRESENTATION (  '', ( #9405 ), #7808 ) ;
#7973 = DIRECTION ( 'NONE',  ( 0.4338837391175525693, 0.000000000000000000, 0.9009688679024218105 ) ) ;
#7974 =( NAMED_UNIT ( * ) SI_UNIT ( $, .STERADIAN. ) SOLID_ANGLE_UNIT ( ) );
#7975 = COLOUR_RGB ( '',0.7764705882352941346, 0.7568627450980391913, 0.7372549019607843590 ) ;
#7976 =( LENGTH_UNIT ( ) NAMED_UNIT ( * ) SI_UNIT ( .MILLI., .METRE. ) );
#7977 = FILL_AREA_STYLE_COLOUR ( '', #991 ) ;
#7978 =( NAMED_UNIT ( * ) PLANE_ANGLE_UNIT ( ) SI_UNIT ( $, .RADIAN. ) );
#7979 = CYLINDRICAL_SURFACE ( 'NONE', #5271, 0.8399999999999996358 ) ;
#7980 = ORIENTED_EDGE ( 'NONE', *, *, #2391, .T. ) ;
#7981 = SURFACE_SIDE_STYLE ('',( #4259 ) ) ;
#7982 = PRESENTATION_STYLE_ASSIGNMENT (( #8767 ) ) ;
#7983 =( GEOMETRIC_REPRESENTATION_CONTEXT ( 3 ) GLOBAL_UNCERTAINTY_ASSIGNED_CONTEXT ( ( #3249 ) ) GLOBAL_UNIT_ASSIGNED_CONTEXT ( ( #3194, #9200, #5559 ) ) REPRESENTATION_CONTEXT ( 'NONE', 'WORKASPACE' ) );
#7984 = EDGE_LOOP ( 'NONE', ( #9407, #4282, #4739, #1679 ) ) ;
#7985 = DIRECTION ( 'NONE',  ( 1.000000000000000000, 0.000000000000000000, 0.000000000000000000 ) ) ;
#7986 = SPHERICAL_SURFACE ( 'NONE', #9269, 0.5000000000000000000 ) ;
#7987 =( GEOMETRIC_REPRESENTATION_CONTEXT ( 3 ) GLOBAL_UNCERTAINTY_ASSIGNED_CONTEXT ( ( #3152 ) ) GLOBAL_UNIT_ASSIGNED_CONTEXT ( ( #7550, #3789, #8199 ) ) REPRESENTATION_CONTEXT ( 'NONE', 'WORKASPACE' ) );
#7988 = VERTEX_POINT ( 'NONE', #656 ) ;
#7989 =( NAMED_UNIT ( * ) SI_UNIT ( $, .STERADIAN. ) SOLID_ANGLE_UNIT ( ) );
#7990 = UNCERTAINTY_MEASURE_WITH_UNIT (LENGTH_MEASURE( 1.000000000000000082E-05 ), #2614, 'distance_accuracy_value', 'NONE');
#7991 = ORIENTED_EDGE ( 'NONE', *, *, #4418, .T. ) ;
#7992 =( NAMED_UNIT ( * ) PLANE_ANGLE_UNIT ( ) SI_UNIT ( $, .RADIAN. ) );
#7993 = ADVANCED_FACE ( 'NONE', ( #9630 ), #2030, .T. ) ;
#7994 = MECHANICAL_DESIGN_GEOMETRIC_PRESENTATION_REPRESENTATION (  '', ( #5801 ), #4242 ) ;
#7995 = VECTOR ( 'NONE', #5437, 1000.000000000000000 ) ;
#7996 = DIRECTION ( 'NONE',  ( 0.000000000000000000, 1.000000000000000000, 0.000000000000000000 ) ) ;
#7997 = SURFACE_SIDE_STYLE ('',( #5744 ) ) ;
#7998 = STYLED_ITEM ( 'NONE', ( #9643 ), #8809 ) ;
#7999 = DIRECTION ( 'NONE',  ( 0.000000000000000000, 0.000000000000000000, -1.000000000000000000 ) ) ;
#8000 = SURFACE_SIDE_STYLE ('',( #3432 ) ) ;
#8001 = LINE ( 'NONE', #9649, #2089 ) ;
#8002 = ORIENTED_EDGE ( 'NONE', *, *, #1080, .F. ) ;
#8003 =( NAMED_UNIT ( * ) SI_UNIT ( $, .STERADIAN. ) SOLID_ANGLE_UNIT ( ) );
#8004 = CARTESIAN_POINT ( 'NONE',  ( -0.3847851487686934635, 10.95978468103118075, -11.25000000000000355 ) ) ;
#8005 = DIRECTION ( 'NONE',  ( 0.000000000000000000, 1.000000000000000000, 0.000000000000000000 ) ) ;
#8006 = EDGE_LOOP ( 'NONE', ( #1513, #654, #4519 ) ) ;
#8007 = CIRCLE ( 'NONE', #2826, 6.049999999999999822 ) ;
#8008 = LINE ( 'NONE', #4287, #7553 ) ;
#8009 = ADVANCED_FACE ( 'NONE', ( #6633 ), #7249, .T. ) ;
#8010 = FILL_AREA_STYLE_COLOUR ( '', #1622 ) ;
#8011 = SURFACE_STYLE_FILL_AREA ( #7915 ) ;
#8012 = DIRECTION ( 'NONE',  ( 0.9308737486442050235, 0.000000000000000000, -0.3653410243663926527 ) ) ;
#8013 = ORIENTED_EDGE ( 'NONE', *, *, #9415, .T. ) ;
#8014 = CARTESIAN_POINT ( 'NONE',  ( -6.150000000000000355, -5.749999999999999112, -10.00000000000000178 ) ) ;
#8015 = CARTESIAN_POINT ( 'NONE',  ( 1.625000000000000000, -7.700000000000000178, 16.15099999999999980 ) ) ;
#8016 = EDGE_LOOP ( 'NONE', ( #4220, #9129, #1079, #659 ) ) ;
#8017 = FILL_AREA_STYLE_COLOUR ( '', #7463 ) ;
#8018 = FACE_OUTER_BOUND ( 'NONE', #1450, .T. ) ;
#8019 = ORIENTED_EDGE ( 'NONE', *, *, #250, .F. ) ;
#8020 = EDGE_CURVE ( 'NONE', #6911, #9461, #225, .T. ) ;
#8021 = VECTOR ( 'NONE', #673, 1000.000000000000000 ) ;
#8022 = CARTESIAN_POINT ( 'NONE',  ( 5.549999999999998934, 5.500000000000000888, 11.24999999999999645 ) ) ;
#8023 = CARTESIAN_POINT ( 'NONE',  ( -0.5999999999999997558, -7.074999999999999289, -10.25000000000000178 ) ) ;
#8024 = DIRECTION ( 'NONE',  ( 0.000000000000000000, -0.000000000000000000, 1.000000000000000000 ) ) ;
#8025 = CARTESIAN_POINT ( 'NONE',  ( -7.296957046373735484E-16, 28.49999999999999645, -5.150000000000000355 ) ) ;
#8026 = CARTESIAN_POINT ( 'NONE',  ( -1.676376990078392470, 18.49999999999999645, -6.191099507897164678 ) ) ;
#8027 = COLOUR_RGB ( '',0.7764705882352941346, 0.7568627450980391913, 0.7372549019607843590 ) ;
#8028 = CARTESIAN_POINT ( 'NONE',  ( 0.9129125731638293439, 15.49999999999999467, -6.899490963671262911 ) ) ;
#8029 = ORIENTED_EDGE ( 'NONE', *, *, #2543, .T. ) ;
#8030 = CARTESIAN_POINT ( 'NONE',  ( 6.049999999999999822, 8.000000000000000000, -11.25000000000000178 ) ) ;
#8031 = SURFACE_STYLE_USAGE ( .BOTH. , #5875 ) ;
#8032 =( NAMED_UNIT ( * ) SI_UNIT ( $, .STERADIAN. ) SOLID_ANGLE_UNIT ( ) );
#8033 = EDGE_CURVE ( 'NONE', #9582, #7541, #4405, .T. ) ;
#8034 = EDGE_LOOP ( 'NONE', ( #3436, #5814, #4601, #9201 ) ) ;
#8035 = DIRECTION ( 'NONE',  ( 0.000000000000000000, 1.000000000000000000, 0.000000000000000000 ) ) ;
#8036 = CARTESIAN_POINT ( 'NONE',  ( 1.962079626208468985, 15.49999999999999467, -5.360645528377982139 ) ) ;
#8037 = LINE ( 'NONE', #4369, #2336 ) ;
#8038 = VERTEX_POINT ( 'NONE', #2193 ) ;
#8039 =( LENGTH_UNIT ( ) NAMED_UNIT ( * ) SI_UNIT ( .MILLI., .METRE. ) );
#8040 = VERTEX_POINT ( 'NONE', #7433 ) ;
#8041 =( LENGTH_UNIT ( ) NAMED_UNIT ( * ) SI_UNIT ( .MILLI., .METRE. ) );
#8042 = STYLED_ITEM ( 'NONE', ( #5665 ), #3565 ) ;
#8043 = COLOUR_RGB ( '',0.1058823529411764691, 0.6352941176470587870, 0.9411764705882352811 ) ;
#8044 =( LENGTH_UNIT ( ) NAMED_UNIT ( * ) SI_UNIT ( .MILLI., .METRE. ) );
#8045 = DIRECTION ( 'NONE',  ( 0.000000000000000000, 1.000000000000000000, 0.000000000000000000 ) ) ;
#8046 = MECHANICAL_DESIGN_GEOMETRIC_PRESENTATION_REPRESENTATION (  '', ( #4615 ), #6332 ) ;
#8047 = CARTESIAN_POINT ( 'NONE',  ( -6.050000000000001599, 10.96254110240174384, -4.360475832828163867 ) ) ;
#8048 = MECHANICAL_DESIGN_GEOMETRIC_PRESENTATION_REPRESENTATION (  '', ( #7888 ), #4622 ) ;
#8049 = EDGE_CURVE ( 'NONE', #5018, #7749, #8394, .T. ) ;
#8050 = CARTESIAN_POINT ( 'NONE',  ( -7.296957046373735484E-16, 18.49999999999999645, -5.150000000000000355 ) ) ;
#8051 = AXIS2_PLACEMENT_3D ( 'NONE', #8418, #3759, #3199 ) ;
#8052 = LINE ( 'NONE', #4379, #6990 ) ;
#8053 = VERTEX_POINT ( 'NONE', #8227 ) ;
#8054 = CYLINDRICAL_SURFACE ( 'NONE', #9754, 0.5000000000000004441 ) ;
#8055 = SURFACE_STYLE_USAGE ( .BOTH. , #633 ) ;
#8056 = CIRCLE ( 'NONE', #2257, 0.8399999999999999689 ) ;
#8057 = ORIENTED_EDGE ( 'NONE', *, *, #1147, .T. ) ;
#8058 = MECHANICAL_DESIGN_GEOMETRIC_PRESENTATION_REPRESENTATION (  '', ( #3681 ), #6839 ) ;
#8059 = AXIS2_PLACEMENT_3D ( 'NONE', #2673, #9330, #6327 ) ;
#8060 = STYLED_ITEM ( 'NONE', ( #5582 ), #7772 ) ;
#8061 = CIRCLE ( 'NONE', #8541, 0.8400000000000004130 ) ;
#8062 = DIRECTION ( 'NONE',  ( 0.000000000000000000, 0.000000000000000000, 1.000000000000000000 ) ) ;
#8063 = EDGE_CURVE ( 'NONE', #778, #735, #2238, .T. ) ;
#8064 = ORIENTED_EDGE ( 'NONE', *, *, #2618, .T. ) ;
#8065 = CARTESIAN_POINT ( 'NONE',  ( -6.049999999999999822, 7.500000000000000000, -10.75000000000000000 ) ) ;
#8066 =( LENGTH_UNIT ( ) NAMED_UNIT ( * ) SI_UNIT ( .MILLI., .METRE. ) );
#8067 = VERTEX_POINT ( 'NONE', #3767 ) ;
#8068 = CARTESIAN_POINT ( 'NONE',  ( -2.803180875801798866, 15.00000000000000000, 0.2114062499999997957 ) ) ;
#8069 = DIRECTION ( 'NONE',  ( 0.000000000000000000, 1.000000000000000000, 0.000000000000000000 ) ) ;
#8070 = VERTEX_POINT ( 'NONE', #6787 ) ;
#8071 = CARTESIAN_POINT ( 'NONE',  ( -7.296957046373735484E-16, 15.49999999999999467, -5.150000000000000355 ) ) ;
#8072 = CIRCLE ( 'NONE', #3198, 1.100000000000000311 ) ;
#8073 = CARTESIAN_POINT ( 'NONE',  ( -1.625000000000000000, -7.700000000000000178, -11.25000000000000178 ) ) ;
#8074 = CARTESIAN_POINT ( 'NONE',  ( 2.281718317874902091, 18.49999999999999645, -4.860584178258831933 ) ) ;
#8075 =( NAMED_UNIT ( * ) PLANE_ANGLE_UNIT ( ) SI_UNIT ( $, .RADIAN. ) );
#8076 = EDGE_CURVE ( 'NONE', #3109, #2797, #2963, .T. ) ;
#8077 = PRESENTATION_LAYER_ASSIGNMENT (  '', '', ( #2108 ) ) ;
#8078 = CARTESIAN_POINT ( 'NONE',  ( 2.281718317874902091, 15.49999999999999467, -5.439415821741168777 ) ) ;
#8079 = SURFACE_STYLE_USAGE ( .BOTH. , #8866 ) ;
#8080 = STYLED_ITEM ( 'NONE', ( #7744 ), #5464 ) ;
#8081 = VERTEX_POINT ( 'NONE', #7886 ) ;
#8082 = CARTESIAN_POINT ( 'NONE',  ( -5.549999999999998934, 8.000000000000000000, -11.25000000000000000 ) ) ;
#8083 = SURFACE_SIDE_STYLE ('',( #5928 ) ) ;
#8084 =( LENGTH_UNIT ( ) NAMED_UNIT ( * ) SI_UNIT ( .MILLI., .METRE. ) );
#8085 = FACE_OUTER_BOUND ( 'NONE', #1564, .T. ) ;
#8086 = ORIENTED_EDGE ( 'NONE', *, *, #9683, .F. ) ;
#8087 = DIRECTION ( 'NONE',  ( -0.9749279121818260618, 0.000000000000000000, 0.2225209339563038458 ) ) ;
#8088 = CARTESIAN_POINT ( 'NONE',  ( -6.049999999999999822, 7.500000000000000000, 10.74999999999999645 ) ) ;
#8089 = STYLED_ITEM ( 'NONE', ( #794 ), #2958 ) ;
#8090 = AXIS2_PLACEMENT_3D ( 'NONE', #8634, #7887, #1305 ) ;
#8091 =( NAMED_UNIT ( * ) PLANE_ANGLE_UNIT ( ) SI_UNIT ( $, .RADIAN. ) );
#8092 = ADVANCED_FACE ( 'NONE', ( #1939 ), #4034, .T. ) ;
#8093 = DIRECTION ( 'NONE',  ( 0.000000000000000000, 1.000000000000000000, 0.000000000000000000 ) ) ;
#8094 =( GEOMETRIC_REPRESENTATION_CONTEXT ( 3 ) GLOBAL_UNCERTAINTY_ASSIGNED_CONTEXT ( ( #3209 ) ) GLOBAL_UNIT_ASSIGNED_CONTEXT ( ( #3498, #2702, #4294 ) ) REPRESENTATION_CONTEXT ( 'NONE', 'WORKASPACE' ) );
#8095 = AXIS2_PLACEMENT_3D ( 'NONE', #6758, #2208, #32 ) ;
#8096 = EDGE_LOOP ( 'NONE', ( #1151, #2494, #4952, #5279 ) ) ;
#8097 = STYLED_ITEM ( 'NONE', ( #2340 ), #5763 ) ;
#8098 = ORIENTED_EDGE ( 'NONE', *, *, #4091, .F. ) ;
#8099 = CARTESIAN_POINT ( 'NONE',  ( -1.676376990078392470, 15.49999999999999467, -6.191099507897164678 ) ) ;
#8100 = CARTESIAN_POINT ( 'NONE',  ( 6.049999999999999822, 10.69999999999999929, -10.75000000000000178 ) ) ;
#8101 = ADVANCED_FACE ( 'NONE', ( #463 ), #7979, .T. ) ;
#8102 = DIRECTION ( 'NONE',  ( 0.9749279121818227312, 0.000000000000000000, 0.2225209339563181399 ) ) ;
#8103 = SURFACE_SIDE_STYLE ('',( #678 ) ) ;
#8104 = FILL_AREA_STYLE_COLOUR ( '', #8218 ) ;
#8105 = EDGE_LOOP ( 'NONE', ( #6516, #172, #6203, #5019 ) ) ;
#8106 = PRESENTATION_STYLE_ASSIGNMENT (( #5126 ) ) ;
#8107 = PRESENTATION_STYLE_ASSIGNMENT (( #1175 ) ) ;
#8108 = FILL_AREA_STYLE ('',( #6505 ) ) ;
#8109 = ORIENTED_EDGE ( 'NONE', *, *, #7352, .T. ) ;
#8110 = VECTOR ( 'NONE', #4755, 1000.000000000000000 ) ;
#8111 = CYLINDRICAL_SURFACE ( 'NONE', #977, 2.429999999999999716 ) ;
#8112 = CARTESIAN_POINT ( 'NONE',  ( -7.296957046373735484E-16, 28.49999999999999645, -5.150000000000000355 ) ) ;
#8113 = DIRECTION ( 'NONE',  ( -0.000000000000000000, 1.000000000000000000, -0.000000000000000000 ) ) ;
#8114 = VERTEX_POINT ( 'NONE', #4355 ) ;
#8115 =( NAMED_UNIT ( * ) PLANE_ANGLE_UNIT ( ) SI_UNIT ( $, .RADIAN. ) );
#8116 = ORIENTED_EDGE ( 'NONE', *, *, #6014, .T. ) ;
#8117 = FACE_OUTER_BOUND ( 'NONE', #9414, .T. ) ;
#8118 = ORIENTED_EDGE ( 'NONE', *, *, #7545, .T. ) ;
#8119 = PRESENTATION_STYLE_ASSIGNMENT (( #7421 ) ) ;
#8120 = AXIS2_PLACEMENT_3D ( 'NONE', #668, #5471, #8476 ) ;
#8121 = EDGE_CURVE ( 'NONE', #7134, #5105, #5148, .T. ) ;
#8122 = CARTESIAN_POINT ( 'NONE',  ( -0.5000000000000001110, 5.499999999999999112, -15.94289321881344534 ) ) ;
#8123 = CIRCLE ( 'NONE', #3095, 2.000000000000000000 ) ;
#8124 = VECTOR ( 'NONE', #690, 1000.000000000000000 ) ;
#8125 = FACE_OUTER_BOUND ( 'NONE', #1235, .T. ) ;
#8126 = FILL_AREA_STYLE ('',( #748 ) ) ;
#8127 = EDGE_LOOP ( 'NONE', ( #484, #63, #8201, #6539 ) ) ;
#8128 = FILL_AREA_STYLE ('',( #2860 ) ) ;
#8129 = CARTESIAN_POINT ( 'NONE',  ( -1.706080484939268782, 15.49999999999999467, -5.862804586762313086 ) ) ;
#8130 = DIRECTION ( 'NONE',  ( 0.000000000000000000, 0.000000000000000000, 1.000000000000000000 ) ) ;
#8131 = ORIENTED_EDGE ( 'NONE', *, *, #1832, .T. ) ;
#8132 = PRESENTATION_STYLE_ASSIGNMENT (( #9633 ) ) ;
#8133 = EDGE_CURVE ( 'NONE', #6362, #9014, #1198, .T. ) ;
#8134 = FILL_AREA_STYLE_COLOUR ( '', #5593 ) ;
#8135 = COLOUR_RGB ( '',1.000000000000000000, 1.000000000000000000, 1.000000000000000000 ) ;
#8136 = CARTESIAN_POINT ( 'NONE',  ( 6.049999999999999822, 11.19999999999999929, 11.24999999999999645 ) ) ;
#8137 = CARTESIAN_POINT ( 'NONE',  ( -1.374820225010106478, 11.04981299390225224, -11.24999999999982947 ) ) ;
#8138 = FACE_OUTER_BOUND ( 'NONE', #3242, .T. ) ;
#8139 = ORIENTED_EDGE ( 'NONE', *, *, #9114, .F. ) ;
#8140 = DIRECTION ( 'NONE',  ( -0.7818314824680222541, 0.000000000000000000, -0.6234898018587431423 ) ) ;
#8141 = ORIENTED_EDGE ( 'NONE', *, *, #9598, .F. ) ;
#8142 = EDGE_CURVE ( 'NONE', #4491, #4748, #7202, .T. ) ;
#8143 = FACE_OUTER_BOUND ( 'NONE', #1964, .T. ) ;
#8144 = FILL_AREA_STYLE_COLOUR ( '', #7435 ) ;
#8145 = ORIENTED_EDGE ( 'NONE', *, *, #4267, .F. ) ;
#8146 = MECHANICAL_DESIGN_GEOMETRIC_PRESENTATION_REPRESENTATION (  '', ( #2352 ), #3776 ) ;
#8147 = DIRECTION ( 'NONE',  ( 0.000000000000000000, 1.000000000000000000, 0.000000000000000000 ) ) ;
#8148 = STYLED_ITEM ( 'NONE', ( #3365 ), #6220 ) ;
#8149 = VERTEX_POINT ( 'NONE', #2142 ) ;
#8150 = EDGE_CURVE ( 'NONE', #5790, #6527, #7597, .T. ) ;
#8151 = FACE_OUTER_BOUND ( 'NONE', #5125, .T. ) ;
#8152 = ADVANCED_FACE ( 'NONE', ( #8713, #4256 ), #2772, .F. ) ;
#8153 = DIRECTION ( 'NONE',  ( 0.000000000000000000, 1.000000000000000000, 0.000000000000000000 ) ) ;
#8154 =( NAMED_UNIT ( * ) SI_UNIT ( $, .STERADIAN. ) SOLID_ANGLE_UNIT ( ) );
#8155 = AXIS2_PLACEMENT_3D ( 'NONE', #6057, #1723, #1587 ) ;
#8156 = ORIENTED_EDGE ( 'NONE', *, *, #672, .T. ) ;
#8157 = DIRECTION ( 'NONE',  ( 0.000000000000000000, 1.000000000000000000, 0.000000000000000000 ) ) ;
#8158 =( GEOMETRIC_REPRESENTATION_CONTEXT ( 3 ) GLOBAL_UNCERTAINTY_ASSIGNED_CONTEXT ( ( #115 ) ) GLOBAL_UNIT_ASSIGNED_CONTEXT ( ( #5078, #4437, #2993 ) ) REPRESENTATION_CONTEXT ( 'NONE', 'WORKASPACE' ) );
#8159 =( GEOMETRIC_REPRESENTATION_CONTEXT ( 3 ) GLOBAL_UNCERTAINTY_ASSIGNED_CONTEXT ( ( #4108 ) ) GLOBAL_UNIT_ASSIGNED_CONTEXT ( ( #1930, #3463, #440 ) ) REPRESENTATION_CONTEXT ( 'NONE', 'WORKASPACE' ) );
#8160 = CARTESIAN_POINT ( 'NONE',  ( -7.296957046373735484E-16, 15.49999999999999467, -5.150000000000000355 ) ) ;
#8161 = ORIENTED_EDGE ( 'NONE', *, *, #5898, .T. ) ;
#8162 = DIRECTION ( 'NONE',  ( 0.000000000000000000, 0.000000000000000000, -1.000000000000000000 ) ) ;
#8163 = ORIENTED_EDGE ( 'NONE', *, *, #8299, .T. ) ;
#8164 = UNCERTAINTY_MEASURE_WITH_UNIT (LENGTH_MEASURE( 1.000000000000000082E-05 ), #8041, 'distance_accuracy_value', 'NONE');
#8165 = DIRECTION ( 'NONE',  ( 0.000000000000000000, 0.000000000000000000, 1.000000000000000000 ) ) ;
#8166 =( GEOMETRIC_REPRESENTATION_CONTEXT ( 3 ) GLOBAL_UNCERTAINTY_ASSIGNED_CONTEXT ( ( #6140 ) ) GLOBAL_UNIT_ASSIGNED_CONTEXT ( ( #8876, #1205, #472 ) ) REPRESENTATION_CONTEXT ( 'NONE', 'WORKASPACE' ) );
#8167 = CARTESIAN_POINT ( 'NONE',  ( -5.549999999999998934, 5.500000000000000888, 11.24999999999999645 ) ) ;
#8168 = PRESENTATION_LAYER_ASSIGNMENT (  '', '', ( #7375 ) ) ;
#8169 =( NAMED_UNIT ( * ) PLANE_ANGLE_UNIT ( ) SI_UNIT ( $, .RADIAN. ) );
#8170 = STYLED_ITEM ( 'NONE', ( #3282 ), #9049 ) ;
#8171 = CYLINDRICAL_SURFACE ( 'NONE', #8587, 2.299999999999998046 ) ;
#8172 = CARTESIAN_POINT ( 'NONE',  ( -6.049999999999999822, 5.500000000000000888, -15.64999999999999325 ) ) ;
#8173 =( LENGTH_UNIT ( ) NAMED_UNIT ( * ) SI_UNIT ( .MILLI., .METRE. ) );
#8174 = EDGE_CURVE ( 'NONE', #5648, #3218, #2285, .T. ) ;
#8175 = ORIENTED_EDGE ( 'NONE', *, *, #6918, .F. ) ;
#8176 =( NAMED_UNIT ( * ) SI_UNIT ( $, .STERADIAN. ) SOLID_ANGLE_UNIT ( ) );
#8177 = DIRECTION ( 'NONE',  ( 0.000000000000000000, 1.000000000000000000, 0.000000000000000000 ) ) ;
#8178 = AXIS2_PLACEMENT_3D ( 'NONE', #4920, #1165, #4778 ) ;
#8179 = DIRECTION ( 'NONE',  ( -0.000000000000000000, 1.000000000000000000, -0.000000000000000000 ) ) ;
#8180 = EDGE_LOOP ( 'NONE', ( #7794, #6152, #1035, #9324 ) ) ;
#8181 = CARTESIAN_POINT ( 'NONE',  ( -2.213098219537712463, 18.49999999999999645, -4.523744244993306296 ) ) ;
#8182 = DIRECTION ( 'NONE',  ( -1.000000000000000000, 0.000000000000000000, 0.000000000000000000 ) ) ;
#8183 = SURFACE_STYLE_FILL_AREA ( #8974 ) ;
#8184 = DIRECTION ( 'NONE',  ( 0.000000000000000000, 1.000000000000000000, 0.000000000000000000 ) ) ;
#8185 = ADVANCED_FACE ( 'NONE', ( #4546 ), #3153, .T. ) ;
#8186 = CARTESIAN_POINT ( 'NONE',  ( 1.592904687690651855, 11.20000000045163269, -10.98955653259965359 ) ) ;
#8187 =( LENGTH_UNIT ( ) NAMED_UNIT ( * ) SI_UNIT ( .MILLI., .METRE. ) );
#8188 = ORIENTED_EDGE ( 'NONE', *, *, #6535, .F. ) ;
#8189 = FILL_AREA_STYLE ('',( #3157 ) ) ;
#8190 = EDGE_LOOP ( 'NONE', ( #3399, #4992, #9386 ) ) ;
#8191 = AXIS2_PLACEMENT_3D ( 'NONE', #5338, #161, #1176 ) ;
#8192 = CARTESIAN_POINT ( 'NONE',  ( 2.048277883803091282, 15.49999999999999467, -6.196211121487015028 ) ) ;
#8193 = CARTESIAN_POINT ( 'NONE',  ( 6.049999999999999822, 7.500000000000000000, -10.75000000000000000 ) ) ;
#8194 = CARTESIAN_POINT ( 'NONE',  ( -6.049999999999998934, 10.82079280706483182, -3.760097298517587117 ) ) ;
#8195 = PRESENTATION_LAYER_ASSIGNMENT (  '', '', ( #2851 ) ) ;
#8196 =( NAMED_UNIT ( * ) SI_UNIT ( $, .STERADIAN. ) SOLID_ANGLE_UNIT ( ) );
#8197 = EDGE_CURVE ( 'NONE', #7968, #7602, #6158, .T. ) ;
#8198 = ORIENTED_EDGE ( 'NONE', *, *, #1356, .F. ) ;
#8199 =( NAMED_UNIT ( * ) SI_UNIT ( $, .STERADIAN. ) SOLID_ANGLE_UNIT ( ) );
#8200 =( GEOMETRIC_REPRESENTATION_CONTEXT ( 3 ) GLOBAL_UNCERTAINTY_ASSIGNED_CONTEXT ( ( #8340 ) ) GLOBAL_UNIT_ASSIGNED_CONTEXT ( ( #9722, #8169, #6732 ) ) REPRESENTATION_CONTEXT ( 'NONE', 'WORKASPACE' ) );
#8201 = ORIENTED_EDGE ( 'NONE', *, *, #8596, .F. ) ;
#8202 = COLOUR_RGB ( '',0.1058823529411764691, 0.6352941176470587870, 0.9411764705882352811 ) ;
#8203 = AXIS2_PLACEMENT_3D ( 'NONE', #3661, #5192, #5968 ) ;
#8204 = CARTESIAN_POINT ( 'NONE',  ( -5.694942117872392018, 11.19999999949835967, -3.098143028123844456 ) ) ;
#8205 = AXIS2_PLACEMENT_3D ( 'NONE', #8597, #6198, #6249 ) ;
#8206 = EDGE_CURVE ( 'NONE', #3396, #8114, #6784, .T. ) ;
#8207 = ORIENTED_EDGE ( 'NONE', *, *, #6229, .T. ) ;
#8208 = CIRCLE ( 'NONE', #2558, 2.299999999999998046 ) ;
#8209 =( NAMED_UNIT ( * ) SI_UNIT ( $, .STERADIAN. ) SOLID_ANGLE_UNIT ( ) );
#8210 = DIRECTION ( 'NONE',  ( 0.000000000000000000, -1.000000000000000000, 0.000000000000000000 ) ) ;
#8211 = ORIENTED_EDGE ( 'NONE', *, *, #8821, .T. ) ;
#8212 = CARTESIAN_POINT ( 'NONE',  ( -1.475765132078699304, 15.49999999999999467, -3.385880595044447272 ) ) ;
#8213 = CYLINDRICAL_SURFACE ( 'NONE', #6594, 1.848999999999999977 ) ;
#8215 = EDGE_LOOP ( 'NONE', ( #1915, #5762, #8602 ) ) ;
#8214 = AXIS2_PLACEMENT_3D ( 'NONE', #5748, #7218, #9599 ) ;
#8216 = SURFACE_STYLE_USAGE ( .BOTH. , #8910 ) ;
#8217 = PRESENTATION_LAYER_ASSIGNMENT (  '', '', ( #2871 ) ) ;
#8218 = COLOUR_RGB ( '',0.7764705882352941346, 0.7568627450980391913, 0.7372549019607843590 ) ;
#8219 = AXIS2_PLACEMENT_3D ( 'NONE', #415, #5478, #3362 ) ;
#8220 = CARTESIAN_POINT ( 'NONE',  ( 5.549999999999998934, 5.500000000000000888, 16.15000000000000213 ) ) ;
#8221 =( LENGTH_UNIT ( ) NAMED_UNIT ( * ) SI_UNIT ( .MILLI., .METRE. ) );
#8222 = ADVANCED_FACE ( 'NONE', ( #3007 ), #6013, .T. ) ;
#8223 = CARTESIAN_POINT ( 'NONE',  ( 5.549999999999998934, 10.69999999999999929, 10.74999999999999645 ) ) ;
#8224 = CYLINDRICAL_SURFACE ( 'NONE', #2117, 2.299999999999998046 ) ;
#8225 = AXIS2_PLACEMENT_3D ( 'NONE', #2212, #3692, #5309 ) ;
#8226 = VERTEX_POINT ( 'NONE', #4701 ) ;
#8227 = CARTESIAN_POINT ( 'NONE',  ( 2.289650628371054708, 10.69999999999999929, -11.25000000000000178 ) ) ;
#8228 = FACE_OUTER_BOUND ( 'NONE', #1982, .T. ) ;
#8229 = CARTESIAN_POINT ( 'NONE',  ( 1.388025943102811466, 15.49999999999999467, -3.747319715871946233 ) ) ;
#8230 = CARTESIAN_POINT ( 'NONE',  ( 5.549999999999998934, -11.19999999999999929, -11.25000000000000178 ) ) ;
#8231 = CARTESIAN_POINT ( 'NONE',  ( 5.049999999999998934, 9.199999999999999289, -10.25000000000000178 ) ) ;
#8232 = VECTOR ( 'NONE', #2145, 1000.000000000000000 ) ;
#8233 = SURFACE_SIDE_STYLE ('',( #4411 ) ) ;
#8234 = SURFACE_STYLE_FILL_AREA ( #6166 ) ;
#8235 = VECTOR ( 'NONE', #2559, 1000.000000000000000 ) ;
#8236 = FILL_AREA_STYLE ('',( #1268 ) ) ;
#8237 = FACE_OUTER_BOUND ( 'NONE', #551, .T. ) ;
#8238 = CARTESIAN_POINT ( 'NONE',  ( -1.286832269749442537, 18.49999999999999645, -3.822271221396666530 ) ) ;
#8239 = CARTESIAN_POINT ( 'NONE',  ( -0.1786981099208594659, 10.98284700118682977, -11.25000000000000178 ) ) ;
#8240 = EDGE_LOOP ( 'NONE', ( #7966, #227, #2128, #7130 ) ) ;
#8241 = ORIENTED_EDGE ( 'NONE', *, *, #1281, .T. ) ;
#8242 = EDGE_CURVE ( 'NONE', #16, #824, #1814, .T. ) ;
#8243 = VECTOR ( 'NONE', #201, 1000.000000000000000 ) ;
#8244 = DIRECTION ( 'NONE',  ( 0.000000000000000000, 1.000000000000000000, 0.000000000000000000 ) ) ;
#8245 = MECHANICAL_DESIGN_GEOMETRIC_PRESENTATION_REPRESENTATION (  '', ( #8089 ), #7305 ) ;
#8246 = AXIS2_PLACEMENT_3D ( 'NONE', #5858, #7472, #6725 ) ;
#8247 = SURFACE_STYLE_USAGE ( .BOTH. , #5950 ) ;
#8248 = VERTEX_POINT ( 'NONE', #6312 ) ;
#8249 = CARTESIAN_POINT ( 'NONE',  ( 6.049999999999999822, 7.500000000000000000, -10.75000000000000000 ) ) ;
#8250 = ORIENTED_EDGE ( 'NONE', *, *, #307, .F. ) ;
#8251 = DIRECTION ( 'NONE',  ( 0.000000000000000000, 1.000000000000000000, 0.000000000000000000 ) ) ;
#8252 = COLOUR_RGB ( '',0.9607843137254902244, 0.03529411764705882304, 0.000000000000000000 ) ;
#8253 = MECHANICAL_DESIGN_GEOMETRIC_PRESENTATION_REPRESENTATION (  '', ( #9537 ), #4406 ) ;
#8254 = ADVANCED_FACE ( 'NONE', ( #1688 ), #7668, .T. ) ;
#8255 =( NAMED_UNIT ( * ) SI_UNIT ( $, .STERADIAN. ) SOLID_ANGLE_UNIT ( ) );
#8256 = UNCERTAINTY_MEASURE_WITH_UNIT (LENGTH_MEASURE( 1.000000000000000082E-05 ), #9498, 'distance_accuracy_value', 'NONE');
#8257 = ORIENTED_EDGE ( 'NONE', *, *, #2526, .F. ) ;
#8258 = CARTESIAN_POINT ( 'NONE',  ( 6.049999999999999822, 10.70000002574450804, -7.351562036953236401 ) ) ;
#8259 = PRESENTATION_LAYER_ASSIGNMENT (  '', '', ( #9053 ) ) ;
#8260 = ORIENTED_EDGE ( 'NONE', *, *, #7665, .T. ) ;
#8261 = PRESENTATION_LAYER_ASSIGNMENT (  '', '', ( #5145 ) ) ;
#8262 = VERTEX_POINT ( 'NONE', #7140 ) ;
#8263 = FACE_BOUND ( 'NONE', #4, .T. ) ;
#8264 = EDGE_CURVE ( 'NONE', #1609, #2774, #5613, .T. ) ;
#8265 = FILL_AREA_STYLE_COLOUR ( '', #4337 ) ;
#8266 = CARTESIAN_POINT ( 'NONE',  ( 1.739807116745609283, 15.49999999999999467, -4.218764694220984879 ) ) ;
#8267 = STYLED_ITEM ( 'NONE', ( #3945 ), #4707 ) ;
#8268 = AXIS2_PLACEMENT_3D ( 'NONE', #9141, #8556, #97 ) ;
#8269 = DIRECTION ( 'NONE',  ( 0.000000000000000000, -0.000000000000000000, -1.000000000000000000 ) ) ;
#8270 = FILL_AREA_STYLE ('',( #2288 ) ) ;
#8271 = SURFACE_SIDE_STYLE ('',( #9013 ) ) ;
#8272 = ORIENTED_EDGE ( 'NONE', *, *, #6646, .F. ) ;
#8273 = SURFACE_STYLE_FILL_AREA ( #8128 ) ;
#8274 = COLOUR_RGB ( '',0.7764705882352941346, 0.7568627450980391913, 0.7372549019607843590 ) ;
#8275 = FILL_AREA_STYLE ('',( #4457 ) ) ;
#8276 = CARTESIAN_POINT ( 'NONE',  ( -7.296957046373735484E-16, 28.49999999999999645, -5.150000000000000355 ) ) ;
#8277 = UNCERTAINTY_MEASURE_WITH_UNIT (LENGTH_MEASURE( 1.000000000000000082E-05 ), #4498, 'distance_accuracy_value', 'NONE');
#8278 = PRESENTATION_LAYER_ASSIGNMENT (  '', '', ( #5160 ) ) ;
#8279 = LINE ( 'NONE', #855, #3458 ) ;
#8280 = EDGE_CURVE ( 'NONE', #8728, #6994, #403, .T. ) ;
#8281 = CARTESIAN_POINT ( 'NONE',  ( -6.049999999999999822, -5.749999999999999112, -8.000000000000001776 ) ) ;
#8282 =( NAMED_UNIT ( * ) SI_UNIT ( $, .STERADIAN. ) SOLID_ANGLE_UNIT ( ) );
#8283 = CARTESIAN_POINT ( 'NONE',  ( -1.163464191873170739, 18.49999999999999645, -6.743888036355414783 ) ) ;
#8284 = SPHERICAL_SURFACE ( 'NONE', #7186, 0.5000000000000000000 ) ;
#8285 = EDGE_CURVE ( 'NONE', #5105, #4216, #6701, .T. ) ;
#8286 = DIRECTION ( 'NONE',  ( -0.000000000000000000, -0.000000000000000000, -1.000000000000000000 ) ) ;
#8287 = PRESENTATION_LAYER_ASSIGNMENT (  '', '', ( #271 ) ) ;
#8288 = CARTESIAN_POINT ( 'NONE',  ( -0.5064307167314421321, 18.49999999999999645, -6.928293825314275622 ) ) ;
#8289 = SURFACE_STYLE_FILL_AREA ( #9029 ) ;
#8290 = ORIENTED_EDGE ( 'NONE', *, *, #5978, .T. ) ;
#8291 = ORIENTED_EDGE ( 'NONE', *, *, #6208, .F. ) ;
#8292 = SURFACE_STYLE_USAGE ( .BOTH. , #9232 ) ;
#8293 = CYLINDRICAL_SURFACE ( 'NONE', #1825, 0.8399999999999996358 ) ;
#8294 =( LENGTH_UNIT ( ) NAMED_UNIT ( * ) SI_UNIT ( .MILLI., .METRE. ) );
#8295 = CIRCLE ( 'NONE', #1231, 0.5000000000000004441 ) ;
#8296 = FACE_OUTER_BOUND ( 'NONE', #7510, .T. ) ;
#8297 =( NAMED_UNIT ( * ) PLANE_ANGLE_UNIT ( ) SI_UNIT ( $, .RADIAN. ) );
#8298 = VERTEX_POINT ( 'NONE', #9209 ) ;
#8299 = EDGE_CURVE ( 'NONE', #918, #5902, #8422, .T. ) ;
#8300 = CARTESIAN_POINT ( 'NONE',  ( -1.000000000000000000, 8.000000000000000000, 16.15000000000000213 ) ) ;
#8301 = ORIENTED_EDGE ( 'NONE', *, *, #7834, .F. ) ;
#8302 = UNCERTAINTY_MEASURE_WITH_UNIT (LENGTH_MEASURE( 1.000000000000000082E-05 ), #7916, 'distance_accuracy_value', 'NONE');
#8303 = STYLED_ITEM ( 'NONE', ( #5325 ), #1040 ) ;
#8304 = DIRECTION ( 'NONE',  ( 0.000000000000000000, 0.000000000000000000, 1.000000000000000000 ) ) ;
#8305 = DIRECTION ( 'NONE',  ( 0.000000000000000000, 0.000000000000000000, 1.000000000000000000 ) ) ;
#8306 = CARTESIAN_POINT ( 'NONE',  ( -6.050000000000001599, 11.08156608489748329, -4.755413778866316221 ) ) ;
#8307 = MECHANICAL_DESIGN_GEOMETRIC_PRESENTATION_REPRESENTATION (  '', ( #7062 ), #465 ) ;
#8308 =( NAMED_UNIT ( * ) PLANE_ANGLE_UNIT ( ) SI_UNIT ( $, .RADIAN. ) );
#8309 = ORIENTED_EDGE ( 'NONE', *, *, #7209, .F. ) ;
#8310 = ADVANCED_FACE ( 'NONE', ( #5468 ), #6259, .F. ) ;
#8311 = CARTESIAN_POINT ( 'NONE',  ( -6.150000000000000355, -5.749999999999999112, 9.999999999999998224 ) ) ;
#8312 = ORIENTED_EDGE ( 'NONE', *, *, #8392, .F. ) ;
#8313 = SURFACE_STYLE_FILL_AREA ( #6916 ) ;
#8314 = SURFACE_SIDE_STYLE ('',( #4541 ) ) ;
#8315 = COLOUR_RGB ( '',1.000000000000000000, 1.000000000000000000, 1.000000000000000000 ) ;
#8316 = DIRECTION ( 'NONE',  ( -1.000000000000000000, -0.000000000000000000, -0.000000000000000000 ) ) ;
#8317 = MECHANICAL_DESIGN_GEOMETRIC_PRESENTATION_REPRESENTATION (  '', ( #2036 ), #9597 ) ;
#8318 = CARTESIAN_POINT ( 'NONE',  ( 5.549999999999998934, 5.500000000000000888, 11.24999999999999645 ) ) ;
#8319 = PRESENTATION_STYLE_ASSIGNMENT (( #2289 ) ) ;
#8320 = VERTEX_POINT ( 'NONE', #2125 ) ;
#8321 = EDGE_CURVE ( 'NONE', #2419, #8960, #4991, .T. ) ;
#8322 = DIRECTION ( 'NONE',  ( -0.000000000000000000, -0.000000000000000000, -1.000000000000000000 ) ) ;
#8323 = CIRCLE ( 'NONE', #4416, 0.8400000000000005240 ) ;
#8324 = MECHANICAL_DESIGN_GEOMETRIC_PRESENTATION_REPRESENTATION (  '', ( #3786 ), #3144 ) ;
#8325 = LINE ( 'NONE', #4462, #2983 ) ;
#8326 = FILL_AREA_STYLE_COLOUR ( '', #884 ) ;
#8327 = SURFACE_SIDE_STYLE ('',( #6931 ) ) ;
#8328 =( NAMED_UNIT ( * ) SI_UNIT ( $, .STERADIAN. ) SOLID_ANGLE_UNIT ( ) );
#8329 = FILL_AREA_STYLE_COLOUR ( '', #6727 ) ;
#8330 = AXIS2_PLACEMENT_3D ( 'NONE', #2113, #8005, #5904 ) ;
#8331 = VECTOR ( 'NONE', #6932, 1000.000000000000000 ) ;
#8332 = EDGE_CURVE ( 'NONE', #1279, #2640, #1186, .T. ) ;
#8333 = SPHERICAL_SURFACE ( 'NONE', #5081, 0.5000000000000000000 ) ;
#8334 = SURFACE_STYLE_USAGE ( .BOTH. , #8978 ) ;
#8335 = ORIENTED_EDGE ( 'NONE', *, *, #8242, .F. ) ;
#8336 = ORIENTED_EDGE ( 'NONE', *, *, #7057, .T. ) ;
#8337 = CARTESIAN_POINT ( 'NONE',  ( 6.050000000000093081, 11.08820394169406143, -3.100915446893883765 ) ) ;
#8338 = DIRECTION ( 'NONE',  ( 0.000000000000000000, 1.000000000000000000, 0.000000000000000000 ) ) ;
#8339 = FILL_AREA_STYLE_COLOUR ( '', #6616 ) ;
#8340 = UNCERTAINTY_MEASURE_WITH_UNIT (LENGTH_MEASURE( 1.000000000000000082E-05 ), #9722, 'distance_accuracy_value', 'NONE');
#8341 =( LENGTH_UNIT ( ) NAMED_UNIT ( * ) SI_UNIT ( .MILLI., .METRE. ) );
#8342 = CARTESIAN_POINT ( 'NONE',  ( -1.859168329040483902, 15.49999999999999467, -5.811529381434284325 ) ) ;
#8343 = STYLED_ITEM ( 'NONE', ( #7627 ), #6751 ) ;
#8344 = ORIENTED_EDGE ( 'NONE', *, *, #6051, .T. ) ;
#8345 = CARTESIAN_POINT ( 'NONE',  ( 1.100000000000000089, -7.074999999999999289, -10.25000000000000178 ) ) ;
#8346 = ORIENTED_EDGE ( 'NONE', *, *, #5023, .F. ) ;
#8347 =( NAMED_UNIT ( * ) SI_UNIT ( $, .STERADIAN. ) SOLID_ANGLE_UNIT ( ) );
#8348 = SURFACE_STYLE_FILL_AREA ( #5499 ) ;
#8349 = STYLED_ITEM ( 'NONE', ( #3087 ), #1924 ) ;
#8350 =( LENGTH_UNIT ( ) NAMED_UNIT ( * ) SI_UNIT ( .MILLI., .METRE. ) );
#8351 = CARTESIAN_POINT ( 'NONE',  ( -6.050000000000165912, 11.12956694660791968, -2.903995094587691561 ) ) ;
#8352 = UNCERTAINTY_MEASURE_WITH_UNIT (LENGTH_MEASURE( 1.000000000000000082E-05 ), #8594, 'distance_accuracy_value', 'NONE');
#8353 = FACE_OUTER_BOUND ( 'NONE', #2462, .T. ) ;
#8354 = LINE ( 'NONE', #5960, #6089 ) ;
#8355 = DIRECTION ( 'NONE',  ( -1.000000000000000000, -0.000000000000000000, -0.000000000000000000 ) ) ;
#8356 = ORIENTED_EDGE ( 'NONE', *, *, #6229, .F. ) ;
#8357 = SURFACE_STYLE_FILL_AREA ( #5363 ) ;
#8358 = FACE_OUTER_BOUND ( 'NONE', #3652, .T. ) ;
#8359 = ORIENTED_EDGE ( 'NONE', *, *, #2217, .F. ) ;
#8360 = DIRECTION ( 'NONE',  ( 0.000000000000000000, 0.000000000000000000, 1.000000000000000000 ) ) ;
#8361 = AXIS2_PLACEMENT_3D ( 'NONE', #9576, #3509, #7241 ) ;
#8362 = ADVANCED_FACE ( 'NONE', ( #9462 ), #4344, .T. ) ;
#8363 = DIRECTION ( 'NONE',  ( 0.000000000000000000, 1.000000000000000000, 0.000000000000000000 ) ) ;
#8364 = ADVANCED_FACE ( 'NONE', ( #6665 ), #6515, .T. ) ;
#8365 = CIRCLE ( 'NONE', #3987, 1.849000000000000199 ) ;
#8366 = AXIS2_PLACEMENT_3D ( 'NONE', #7366, #5135, #8012 ) ;
#8367 = DIRECTION ( 'NONE',  ( 1.000000000000000000, -0.000000000000000000, -0.000000000000000000 ) ) ;
#8368 =( NAMED_UNIT ( * ) PLANE_ANGLE_UNIT ( ) SI_UNIT ( $, .RADIAN. ) );
#8369 = CIRCLE ( 'NONE', #8203, 0.8400000000000000799 ) ;
#8370 = ORIENTED_EDGE ( 'NONE', *, *, #2991, .F. ) ;
#8371 = DIRECTION ( 'NONE',  ( 0.000000000000000000, 0.000000000000000000, 1.000000000000000000 ) ) ;
#8372 = AXIS2_PLACEMENT_3D ( 'NONE', #8266, #57, #746 ) ;
#8373 = DIRECTION ( 'NONE',  ( 0.000000000000000000, 1.000000000000000000, 0.000000000000000000 ) ) ;
#8374 = CARTESIAN_POINT ( 'NONE',  ( -6.049999999999999822, -5.749999999999999112, 7.999999999999998224 ) ) ;
#8375 = UNCERTAINTY_MEASURE_WITH_UNIT (LENGTH_MEASURE( 1.000000000000000082E-05 ), #4870, 'distance_accuracy_value', 'NONE');
#8376 = CARTESIAN_POINT ( 'NONE',  ( -1.869470635734500563, 18.49999999999999645, -6.489805785226514523 ) ) ;
#8377 = MECHANICAL_DESIGN_GEOMETRIC_PRESENTATION_REPRESENTATION (  '', ( #7276 ), #9489 ) ;
#8378 =( NAMED_UNIT ( * ) SI_UNIT ( $, .STERADIAN. ) SOLID_ANGLE_UNIT ( ) );
#8379 = EDGE_CURVE ( 'NONE', #6527, #4051, #4960, .T. ) ;
#8380 = CARTESIAN_POINT ( 'NONE',  ( -5.549999999999998934, 11.19999999999999929, -11.25000000000000178 ) ) ;
#8381 = FILL_AREA_STYLE ('',( #8329 ) ) ;
#8382 = COLOUR_RGB ( '',0.7764705882352941346, 0.7568627450980391913, 0.7372549019607843590 ) ;
#8383 = CIRCLE ( 'NONE', #844, 0.8399999999999996358 ) ;
#8384 = SURFACE_STYLE_FILL_AREA ( #8485 ) ;
#8385 = CARTESIAN_POINT ( 'NONE',  ( -7.296957046373735484E-16, 15.49999999999999467, -5.150000000000000355 ) ) ;
#8386 = LINE ( 'NONE', #318, #7995 ) ;
#8387 = EDGE_LOOP ( 'NONE', ( #2339, #538, #730, #8118 ) ) ;
#8388 = PRESENTATION_LAYER_ASSIGNMENT (  '', '', ( #3848 ) ) ;
#8389 = ORIENTED_EDGE ( 'NONE', *, *, #149, .T. ) ;
#8390 = SURFACE_STYLE_USAGE ( .BOTH. , #9082 ) ;
#8391 = CARTESIAN_POINT ( 'NONE',  ( -7.296957046373735484E-16, 18.49999999999999645, -5.150000000000000355 ) ) ;
#8392 = EDGE_CURVE ( 'NONE', #9755, #7327, #7303, .T. ) ;
#8393 = SURFACE_STYLE_FILL_AREA ( #723 ) ;
#8394 = CIRCLE ( 'NONE', #863, 2.299999999999998490 ) ;
#8395 =( LENGTH_UNIT ( ) NAMED_UNIT ( * ) SI_UNIT ( .MILLI., .METRE. ) );
#8396 = MECHANICAL_DESIGN_GEOMETRIC_PRESENTATION_REPRESENTATION (  '', ( #476 ), #9674 ) ;
#8397 = COLOUR_RGB ( '',0.7764705882352941346, 0.7568627450980391913, 0.7372549019607843590 ) ;
#8398 = EDGE_LOOP ( 'NONE', ( #9145, #3864, #4273, #6870 ) ) ;
#8399 = MECHANICAL_DESIGN_GEOMETRIC_PRESENTATION_REPRESENTATION (  '', ( #8080 ), #7756 ) ;
#8400 = FACE_OUTER_BOUND ( 'NONE', #148, .T. ) ;
#8401 = VERTEX_POINT ( 'NONE', #2997 ) ;
#8402 = UNCERTAINTY_MEASURE_WITH_UNIT (LENGTH_MEASURE( 1.000000000000000082E-05 ), #1803, 'distance_accuracy_value', 'NONE');
#8403 = CARTESIAN_POINT ( 'NONE',  ( -7.296957046373735484E-16, -31.50005079999999680, -5.150000000000000355 ) ) ;
#8404 =( GEOMETRIC_REPRESENTATION_CONTEXT ( 3 ) GLOBAL_UNCERTAINTY_ASSIGNED_CONTEXT ( ( #5472 ) ) GLOBAL_UNIT_ASSIGNED_CONTEXT ( ( #1042, #4062, #7770 ) ) REPRESENTATION_CONTEXT ( 'NONE', 'WORKASPACE' ) );
#8405 = ADVANCED_FACE ( 'NONE', ( #5229 ), #890, .T. ) ;
#8406 = SURFACE_SIDE_STYLE ('',( #4584 ) ) ;
#8407 = CIRCLE ( 'NONE', #1336, 1.849000000000000199 ) ;
#8408 = STYLED_ITEM ( 'NONE', ( #8966 ), #5684 ) ;
#8409 = DIRECTION ( 'NONE',  ( 0.000000000000000000, 0.000000000000000000, 1.000000000000000000 ) ) ;
#8410 =( LENGTH_UNIT ( ) NAMED_UNIT ( * ) SI_UNIT ( .MILLI., .METRE. ) );
#8411 = CARTESIAN_POINT ( 'NONE',  ( -6.049999999999999822, 6.000000000000000000, -10.75000000000000000 ) ) ;
#8412 = ORIENTED_EDGE ( 'NONE', *, *, #684, .F. ) ;
#8413 = CARTESIAN_POINT ( 'NONE',  ( 2.781992589414002737, 15.15315027321911678, 0.2015895546471422328 ) ) ;
#8414 = CARTESIAN_POINT ( 'NONE',  ( -1.869470635734519215, 18.49999999999999645, -3.810194214773511945 ) ) ;
#8415 = VERTEX_POINT ( 'NONE', #1534 ) ;
#8416 = AXIS2_PLACEMENT_3D ( 'NONE', #6803, #8936, #7312 ) ;
#8417 =( GEOMETRIC_REPRESENTATION_CONTEXT ( 3 ) GLOBAL_UNCERTAINTY_ASSIGNED_CONTEXT ( ( #278 ) ) GLOBAL_UNIT_ASSIGNED_CONTEXT ( ( #2653, #4200, #8 ) ) REPRESENTATION_CONTEXT ( 'NONE', 'WORKASPACE' ) );
#8418 = CARTESIAN_POINT ( 'NONE',  ( -7.296957046373735484E-16, 18.49999999999999645, -5.150000000000000355 ) ) ;
#8419 = CIRCLE ( 'NONE', #2148, 0.8400000000000000799 ) ;
#8420 = DIRECTION ( 'NONE',  ( 0.000000000000000000, 0.000000000000000000, -1.000000000000000000 ) ) ;
#8421 =( GEOMETRIC_REPRESENTATION_CONTEXT ( 3 ) GLOBAL_UNCERTAINTY_ASSIGNED_CONTEXT ( ( #783 ) ) GLOBAL_UNIT_ASSIGNED_CONTEXT ( ( #7582, #2388, #912 ) ) REPRESENTATION_CONTEXT ( 'NONE', 'WORKASPACE' ) );
#8422 = LINE ( 'NONE', #6968, #8243 ) ;
#8423 = ORIENTED_EDGE ( 'NONE', *, *, #1716, .T. ) ;
#8424 = DIRECTION ( 'NONE',  ( -1.000000000000000000, 0.000000000000000000, 0.000000000000000000 ) ) ;
#8425 = CARTESIAN_POINT ( 'NONE',  ( -6.049999999999999822, 6.000000000000000000, -16.14999999999999503 ) ) ;
#8426 = EDGE_CURVE ( 'NONE', #8776, #111, #5914, .T. ) ;
#8427 = FILL_AREA_STYLE ('',( #5427 ) ) ;
#8428 = DIRECTION ( 'NONE',  ( -0.000000000000000000, 1.000000000000000000, -0.000000000000000000 ) ) ;
#8429 = AXIS2_PLACEMENT_3D ( 'NONE', #302, #3296, #399 ) ;
#8430 = PRESENTATION_STYLE_ASSIGNMENT (( #3872 ) ) ;
#8431 = FILL_AREA_STYLE_COLOUR ( '', #7697 ) ;
#8432 = DIRECTION ( 'NONE',  ( 0.000000000000000000, -1.000000000000000000, 0.000000000000000000 ) ) ;
#8433 = AXIS2_PLACEMENT_3D ( 'NONE', #8656, #3402, #6263 ) ;
#8434 = CARTESIAN_POINT ( 'NONE',  ( 0.5833158862620372309, 15.49999999999999467, -3.395422108644266412 ) ) ;
#8435 = SURFACE_SIDE_STYLE ('',( #8384 ) ) ;
#8436 = LINE ( 'NONE', #864, #9329 ) ;
#8437 = CIRCLE ( 'NONE', #6087, 1.848999999999999977 ) ;
#8438 = CARTESIAN_POINT ( 'NONE',  ( -0.06343012666721820070, 15.49999999999999467, -3.177665186323835211 ) ) ;
#8439 = MANIFOLD_SOLID_BREP ( 'Label-1-solid1', #9385 ) ;
#8440 = VERTEX_POINT ( 'NONE', #7417 ) ;
#8441 = EDGE_CURVE ( 'NONE', #7889, #6708, #9714, .T. ) ;
#8442 = VERTEX_POINT ( 'NONE', #1484 ) ;
#8443 = CYLINDRICAL_SURFACE ( 'NONE', #5889, 0.8400000000000000799 ) ;
#8444 = FILL_AREA_STYLE ('',( #9233 ) ) ;
#8445 = CIRCLE ( 'NONE', #4214, 0.5000000000000004441 ) ;
#8446 = SURFACE_STYLE_USAGE ( .BOTH. , #4523 ) ;
#8447 = UNCERTAINTY_MEASURE_WITH_UNIT (LENGTH_MEASURE( 1.000000000000000082E-05 ), #3643, 'distance_accuracy_value', 'NONE');
#8448 = UNCERTAINTY_MEASURE_WITH_UNIT (LENGTH_MEASURE( 1.000000000000000082E-05 ), #1061, 'distance_accuracy_value', 'NONE');
#8449 = ORIENTED_EDGE ( 'NONE', *, *, #3434, .F. ) ;
#8450 = ADVANCED_FACE ( 'NONE', ( #738 ), #6818, .T. ) ;
#8451 = DIRECTION ( 'NONE',  ( -1.000000000000000000, 0.000000000000000000, 0.000000000000000000 ) ) ;
#8452 = ORIENTED_EDGE ( 'NONE', *, *, #5157, .T. ) ;
#8453 = SURFACE_STYLE_FILL_AREA ( #6289 ) ;
#8454 =( NAMED_UNIT ( * ) SI_UNIT ( $, .STERADIAN. ) SOLID_ANGLE_UNIT ( ) );
#8455 = CIRCLE ( 'NONE', #8901, 0.5000000000000004441 ) ;
#8456 = COLOUR_RGB ( '',0.7764705882352941346, 0.7568627450980391913, 0.7372549019607843590 ) ;
#8457 =( NAMED_UNIT ( * ) PLANE_ANGLE_UNIT ( ) SI_UNIT ( $, .RADIAN. ) );
#8458 = DIRECTION ( 'NONE',  ( 0.000000000000000000, -1.000000000000000000, 0.000000000000000000 ) ) ;
#8459 = DIRECTION ( 'NONE',  ( 0.000000000000000000, 1.000000000000000000, -0.000000000000000000 ) ) ;
#8460 = DIRECTION ( 'NONE',  ( 0.000000000000000000, 1.000000000000000000, 0.000000000000000000 ) ) ;
#8461 =( LENGTH_UNIT ( ) NAMED_UNIT ( * ) SI_UNIT ( .MILLI., .METRE. ) );
#8462 = VERTEX_POINT ( 'NONE', #4786 ) ;
#8463 = ADVANCED_FACE ( 'NONE', ( #6959 ), #6352, .T. ) ;
#8464 = CARTESIAN_POINT ( 'NONE',  ( 2.196564625987929453, 15.50000000000000000, -0.05317708333333471399 ) ) ;
#8465 = PRESENTATION_LAYER_ASSIGNMENT (  '', '', ( #9735 ) ) ;
#8466 = CARTESIAN_POINT ( 'NONE',  ( -6.049999999999999822, 3.500000000000000444, 9.999999999999998224 ) ) ;
#8467 = ORIENTED_EDGE ( 'NONE', *, *, #5591, .F. ) ;
#8468 =( NAMED_UNIT ( * ) PLANE_ANGLE_UNIT ( ) SI_UNIT ( $, .RADIAN. ) );
#8469 = ADVANCED_FACE ( 'NONE', ( #4878 ), #525, .T. ) ;
#8470 = FILL_AREA_STYLE ('',( #1874 ) ) ;
#8471 = VECTOR ( 'NONE', #5232, 1000.000000000000000 ) ;
#8472 = CARTESIAN_POINT ( 'NONE',  ( -7.296957046373735484E-16, 15.49999999999999467, -5.150000000000000355 ) ) ;
#8473 = ORIENTED_EDGE ( 'NONE', *, *, #1182, .T. ) ;
#8474 = CARTESIAN_POINT ( 'NONE',  ( 5.549999999999998934, 7.500000000000000000, 0.000000000000000000 ) ) ;
#8475 = DIRECTION ( 'NONE',  ( -0.4338837391175651148, 0.000000000000000000, 0.9009688679024158153 ) ) ;
#8476 = DIRECTION ( 'NONE',  ( 0.9308737486442052456, 0.000000000000000000, -0.3653410243663926527 ) ) ;
#8477 = AXIS2_PLACEMENT_3D ( 'NONE', #3842, #2360, #7459 ) ;
#8478 = PRESENTATION_STYLE_ASSIGNMENT (( #2606 ) ) ;
#8479 = DIRECTION ( 'NONE',  ( 0.000000000000000000, 1.000000000000000000, 0.000000000000000000 ) ) ;
#8480 = CARTESIAN_POINT ( 'NONE',  ( 0.5000000000000001110, 8.000000000000000000, -15.94289321881344534 ) ) ;
#8481 = ADVANCED_FACE ( 'NONE', ( #8691 ), #1954, .T. ) ;
#8482 = DIRECTION ( 'NONE',  ( 0.000000000000000000, -1.000000000000000000, 0.000000000000000000 ) ) ;
#8483 = SURFACE_STYLE_FILL_AREA ( #214 ) ;
#8484 = VERTEX_POINT ( 'NONE', #2392 ) ;
#8485 = FILL_AREA_STYLE ('',( #6886 ) ) ;
#8486 = AXIS2_PLACEMENT_3D ( 'NONE', #9523, #2021, #3406 ) ;
#8487 =( NAMED_UNIT ( * ) SI_UNIT ( $, .STERADIAN. ) SOLID_ANGLE_UNIT ( ) );
#8488 = CARTESIAN_POINT ( 'NONE',  ( -7.296957046373735484E-16, 15.49999999999999467, -5.150000000000000355 ) ) ;
#8489 =( GEOMETRIC_REPRESENTATION_CONTEXT ( 3 ) GLOBAL_UNCERTAINTY_ASSIGNED_CONTEXT ( ( #351 ) ) GLOBAL_UNIT_ASSIGNED_CONTEXT ( ( #6294, #6446, #4226 ) ) REPRESENTATION_CONTEXT ( 'NONE', 'WORKASPACE' ) );
#8490 = DIRECTION ( 'NONE',  ( 0.000000000000000000, -1.000000000000000000, 0.000000000000000000 ) ) ;
#8491 = ORIENTED_EDGE ( 'NONE', *, *, #499, .T. ) ;
#8492 = EDGE_LOOP ( 'NONE', ( #2147, #1858, #6809, #5414 ) ) ;
#8493 = MECHANICAL_DESIGN_GEOMETRIC_PRESENTATION_REPRESENTATION (  '', ( #1420 ), #8166 ) ;
#8494 = LINE ( 'NONE', #1704, #6698 ) ;
#8495 = PRESENTATION_STYLE_ASSIGNMENT (( #6852 ) ) ;
#8496 = DIRECTION ( 'NONE',  ( 0.000000000000000000, 0.000000000000000000, -1.000000000000000000 ) ) ;
#8497 = FILL_AREA_STYLE ('',( #1895 ) ) ;
#8498 = EDGE_CURVE ( 'NONE', #9240, #2549, #2407, .T. ) ;
#8499 =( NAMED_UNIT ( * ) SI_UNIT ( $, .STERADIAN. ) SOLID_ANGLE_UNIT ( ) );
#8500 = ORIENTED_EDGE ( 'NONE', *, *, #6303, .F. ) ;
#8501 = DIRECTION ( 'NONE',  ( 1.000000000000000000, 0.000000000000000000, 0.000000000000000000 ) ) ;
#8502 = EDGE_LOOP ( 'NONE', ( #5632, #4421, #4085, #4037 ) ) ;
#8503 =( GEOMETRIC_REPRESENTATION_CONTEXT ( 3 ) GLOBAL_UNCERTAINTY_ASSIGNED_CONTEXT ( ( #3160 ) ) GLOBAL_UNIT_ASSIGNED_CONTEXT ( ( #4514, #3115, #8328 ) ) REPRESENTATION_CONTEXT ( 'NONE', 'WORKASPACE' ) );
#8504 =( NAMED_UNIT ( * ) PLANE_ANGLE_UNIT ( ) SI_UNIT ( $, .RADIAN. ) );
#8505 = DIRECTION ( 'NONE',  ( -0.8660254037844433705, 0.000000000000000000, 0.4999999999999919509 ) ) ;
#8506 = CARTESIAN_POINT ( 'NONE',  ( -1.706080484939268782, 15.49999999999999467, -5.862804586762313086 ) ) ;
#8507 = CARTESIAN_POINT ( 'NONE',  ( -5.049999999999998934, 9.199999999999999289, -10.25000000000000178 ) ) ;
#8508 = CARTESIAN_POINT ( 'NONE',  ( 2.265654786039946522, 15.49999999999999467, -4.754009608078336946 ) ) ;
#8509 = ADVANCED_FACE ( 'NONE', ( #6983 ), #8333, .T. ) ;
#8510 = DIRECTION ( 'NONE',  ( 0.000000000000000000, 1.000000000000000000, 0.000000000000000000 ) ) ;
#8511 = LINE ( 'NONE', #7046, #901 ) ;
#8512 = FILL_AREA_STYLE ('',( #5506 ) ) ;
#8513 = DIRECTION ( 'NONE',  ( 0.000000000000000000, 1.000000000000000000, 0.000000000000000000 ) ) ;
#8514 =( BOUNDED_SURFACE ( )  B_SPLINE_SURFACE ( 3, 2, ( 
 ( #2949, #1584, #3750 ),
 ( #4590, #2277, #8258 ),
 ( #6101, #2325, #7516 ),
 ( #787, #99, #3096 ),
 ( #6958, #9351, #8645 ),
 ( #6351, #1903, #7128 ),
 ( #1075, #337, #2460 ),
 ( #4134, #7704, #4094 ) ),
 .UNSPECIFIED., .F., .F., .T. ) 
 B_SPLINE_SURFACE_WITH_KNOTS ( ( 4, 2, 2, 4 ),
 ( 3, 3 ),
 ( 0.001287284941849703782, 0.001913597923702517641, 0.002539910905555331500, 0.003792536869260958784 ),
 ( 0.000000000000000000, 1.000000000000000000 ),
 .UNSPECIFIED. ) 
 GEOMETRIC_REPRESENTATION_ITEM ( )  RATIONAL_B_SPLINE_SURFACE ( (
 ( 1.000000000000000000, 0.7071067811865482389, 1.000000000000000000),
 ( 1.000000000000000000, 0.7603735874583793519, 1.000000000000000000),
 ( 1.000000000000000000, 0.8039164976466448564, 1.000000000000000000),
 ( 1.000000000000000000, 0.8771181702937531632, 1.000000000000000000),
 ( 1.000000000000000000, 0.9067141109077401229, 1.000000000000000000),
 ( 1.000000000000000000, 0.9773009403180473731, 1.000000000000000000),
 ( 1.000000000000000000, 0.9999013165862025154, 1.000000000000000000),
 ( 1.000000000000000000, 1.000000000000000000, 1.000000000000000000) ) ) 
 REPRESENTATION_ITEM ( '' )  SURFACE ( )  );
#8515 = VERTEX_POINT ( 'NONE', #7635 ) ;
#8516 = LINE ( 'NONE', #2420, #8950 ) ;
#8517 = VERTEX_POINT ( 'NONE', #5297 ) ;
#8518 =( LENGTH_UNIT ( ) NAMED_UNIT ( * ) SI_UNIT ( .MILLI., .METRE. ) );
#8519 = DIRECTION ( 'NONE',  ( 1.000000000000000000, 0.000000000000000000, 0.000000000000000000 ) ) ;
#8520 = EDGE_CURVE ( 'NONE', #5186, #4964, #6328, .T. ) ;
#8521 = ORIENTED_EDGE ( 'NONE', *, *, #9345, .F. ) ;
#8522 = CARTESIAN_POINT ( 'NONE',  ( -6.049999999999999822, -7.749999999999999112, -10.00000000000000178 ) ) ;
#8523 = FACE_OUTER_BOUND ( 'NONE', #3417, .T. ) ;
#8524 = UNCERTAINTY_MEASURE_WITH_UNIT (LENGTH_MEASURE( 1.000000000000000082E-05 ), #9077, 'distance_accuracy_value', 'NONE');
#8525 = VECTOR ( 'NONE', #2073, 1000.000000000000000 ) ;
#8526 = CARTESIAN_POINT ( 'NONE',  ( -5.549999999999998934, 10.69999999999999929, 11.24999999999999645 ) ) ;
#8527 = SURFACE_STYLE_USAGE ( .BOTH. , #7874 ) ;
#8528 = EDGE_CURVE ( 'NONE', #5584, #6036, #2300, .T. ) ;
#8529 = PRESENTATION_LAYER_ASSIGNMENT (  '', '', ( #43 ) ) ;
#8530 = VECTOR ( 'NONE', #8316, 1000.000000000000000 ) ;
#8531 =( NAMED_UNIT ( * ) PLANE_ANGLE_UNIT ( ) SI_UNIT ( $, .RADIAN. ) );
#8532 = ORIENTED_EDGE ( 'NONE', *, *, #2456, .F. ) ;
#8533 = ORIENTED_EDGE ( 'NONE', *, *, #507, .T. ) ;
#8534 = ORIENTED_EDGE ( 'NONE', *, *, #7871, .T. ) ;
#8535 = AXIS2_PLACEMENT_3D ( 'NONE', #3481, #3431, #9549 ) ;
#8536 = CARTESIAN_POINT ( 'NONE',  ( -5.049999999999998934, 9.199999999999999289, 10.24999999999999822 ) ) ;
#8537 = PRESENTATION_LAYER_ASSIGNMENT (  '', '', ( #5710 ) ) ;
#8538 =( GEOMETRIC_REPRESENTATION_CONTEXT ( 3 ) GLOBAL_UNCERTAINTY_ASSIGNED_CONTEXT ( ( #6046 ) ) GLOBAL_UNIT_ASSIGNED_CONTEXT ( ( #1769, #9398, #935 ) ) REPRESENTATION_CONTEXT ( 'NONE', 'WORKASPACE' ) );
#8539 =( NAMED_UNIT ( * ) SI_UNIT ( $, .STERADIAN. ) SOLID_ANGLE_UNIT ( ) );
#8540 = CARTESIAN_POINT ( 'NONE',  ( 5.549999999999998934, -10.69999999999999929, -11.25000000000000178 ) ) ;
#8541 = AXIS2_PLACEMENT_3D ( 'NONE', #5057, #5833, #569 ) ;
#8542 =( GEOMETRIC_REPRESENTATION_CONTEXT ( 3 ) GLOBAL_UNCERTAINTY_ASSIGNED_CONTEXT ( ( #4893 ) ) GLOBAL_UNIT_ASSIGNED_CONTEXT ( ( #5580, #7824, #7023 ) ) REPRESENTATION_CONTEXT ( 'NONE', 'WORKASPACE' ) );
#8543 = DIRECTION ( 'NONE',  ( 0.000000000000000000, 0.000000000000000000, 1.000000000000000000 ) ) ;
#8544 = UNCERTAINTY_MEASURE_WITH_UNIT (LENGTH_MEASURE( 1.000000000000000082E-05 ), #9646, 'distance_accuracy_value', 'NONE');
#8545 = MECHANICAL_DESIGN_GEOMETRIC_PRESENTATION_REPRESENTATION (  '', ( #4945 ), #7587 ) ;
#8546 = FACE_OUTER_BOUND ( 'NONE', #6504, .T. ) ;
#8547 = CIRCLE ( 'NONE', #5561, 2.299999999999998046 ) ;
#8548 = VERTEX_POINT ( 'NONE', #8288 ) ;
#8549 = ORIENTED_EDGE ( 'NONE', *, *, #5252, .T. ) ;
#8550 = EDGE_CURVE ( 'NONE', #8401, #3300, #1211, .T. ) ;
#8551 = CARTESIAN_POINT ( 'NONE',  ( -6.049999999999999822, -10.69999999999999929, -10.75000000000000000 ) ) ;
#8552 = COLOUR_RGB ( '',1.000000000000000000, 0.8352941176470588536, 0.000000000000000000 ) ;
#8553 = PRESENTATION_STYLE_ASSIGNMENT (( #4042 ) ) ;
#8554 = MECHANICAL_DESIGN_GEOMETRIC_PRESENTATION_REPRESENTATION (  '', ( #2888 ), #1324 ) ;
#8555 = CARTESIAN_POINT ( 'NONE',  ( -0.6419679961125814849, 15.49999999999999467, -3.283986846194484777 ) ) ;
#8556 = DIRECTION ( 'NONE',  ( 0.000000000000000000, 1.000000000000000000, -0.000000000000000000 ) ) ;
#8557 = DIRECTION ( 'NONE',  ( 0.000000000000000000, 1.000000000000000000, 0.000000000000000000 ) ) ;
#8558 = CARTESIAN_POINT ( 'NONE',  ( 5.549999999999998934, 7.500000000000000000, -15.64999999999999325 ) ) ;
#8559 = EDGE_LOOP ( 'NONE', ( #5742, #481, #7359, #1702 ) ) ;
#8560 = FACE_OUTER_BOUND ( 'NONE', #7, .T. ) ;
#8561 = DIRECTION ( 'NONE',  ( 0.000000000000000000, 1.000000000000000000, 0.000000000000000000 ) ) ;
#8562 = STYLED_ITEM ( 'NONE', ( #3516 ), #8101 ) ;
#8563 = ORIENTED_EDGE ( 'NONE', *, *, #8607, .T. ) ;
#8564 = EDGE_CURVE ( 'NONE', #3733, #2123, #5852, .T. ) ;
#8565 = AXIS2_PLACEMENT_3D ( 'NONE', #5777, #5051, #7153 ) ;
#8566 = FACE_BOUND ( 'NONE', #3532, .T. ) ;
#8567 = MECHANICAL_DESIGN_GEOMETRIC_PRESENTATION_REPRESENTATION (  '', ( #9684 ), #3372 ) ;
#8568 =( BOUNDED_CURVE ( )  B_SPLINE_CURVE ( 3, ( #3566, #6567, #2710, #8022 ),
 .UNSPECIFIED., .F., .T. ) 
 B_SPLINE_CURVE_WITH_KNOTS ( ( 4, 4 ),
 ( 1.570796326794895670, 3.141592653589793116 ),
 .UNSPECIFIED. ) 
 CURVE ( )  GEOMETRIC_REPRESENTATION_ITEM ( )  RATIONAL_B_SPLINE_CURVE ( ( 1.000000000000000000, 0.8047378541243648264, 0.8047378541243648264, 1.000000000000000000 ) ) 
 REPRESENTATION_ITEM ( '' )  );
#8569 = SURFACE_SIDE_STYLE ('',( #9362 ) ) ;
#8570 = STYLED_ITEM ( 'NONE', ( #4942 ), #5827 ) ;
#8571 = ORIENTED_EDGE ( 'NONE', *, *, #5795, .F. ) ;
#8572 = CARTESIAN_POINT ( 'NONE',  ( -2.181329988624797434, 15.49999999999999467, -5.879245830105415571 ) ) ;
#8573 = EDGE_CURVE ( 'NONE', #6059, #5037, #76, .T. ) ;
#8574 = DIRECTION ( 'NONE',  ( 1.000000000000000000, 0.000000000000000000, -3.469446951953611033E-15 ) ) ;
#8575 = FILL_AREA_STYLE ('',( #409 ) ) ;
#8576 = AXIS2_PLACEMENT_3D ( 'NONE', #1464, #6038, #9035 ) ;
#8577 =( LENGTH_UNIT ( ) NAMED_UNIT ( * ) SI_UNIT ( .MILLI., .METRE. ) );
#8578 = SURFACE_SIDE_STYLE ('',( #5531 ) ) ;
#8579 =( GEOMETRIC_REPRESENTATION_CONTEXT ( 3 ) GLOBAL_UNCERTAINTY_ASSIGNED_CONTEXT ( ( #1755 ) ) GLOBAL_UNIT_ASSIGNED_CONTEXT ( ( #807, #7578, #3064 ) ) REPRESENTATION_CONTEXT ( 'NONE', 'WORKASPACE' ) );
#8580 = ORIENTED_EDGE ( 'NONE', *, *, #557, .F. ) ;
#8581 = ADVANCED_FACE ( 'NONE', ( #4710 ), #6480, .T. ) ;
#8582 = CIRCLE ( 'NONE', #9058, 0.8400000000000000799 ) ;
#8583 = EDGE_LOOP ( 'NONE', ( #2665, #190, #3008 ) ) ;
#8584 = DIRECTION ( 'NONE',  ( 1.000000000000000000, 0.000000000000000000, 0.000000000000000000 ) ) ;
#8585 = CARTESIAN_POINT ( 'NONE',  ( 6.049999999999999822, 11.08156608489012740, -4.755413778861449892 ) ) ;
#8586 = FACE_OUTER_BOUND ( 'NONE', #7660, .T. ) ;
#8587 = AXIS2_PLACEMENT_3D ( 'NONE', #8025, #7292, #560 ) ;
#8588 = ORIENTED_EDGE ( 'NONE', *, *, #215, .F. ) ;
#8589 = FILL_AREA_STYLE ('',( #6336 ) ) ;
#8590 = PRESENTATION_LAYER_ASSIGNMENT (  '', '', ( #5608 ) ) ;
#8591 = EDGE_LOOP ( 'NONE', ( #401, #5092, #5693, #8909 ) ) ;
#8592 = AXIS2_PLACEMENT_3D ( 'NONE', #7122, #4129, #2502 ) ;
#8593 = CARTESIAN_POINT ( 'NONE',  ( 1.739807116745609283, 18.49999999999999645, -4.218764694220984879 ) ) ;
#8594 =( LENGTH_UNIT ( ) NAMED_UNIT ( * ) SI_UNIT ( .MILLI., .METRE. ) );
#8595 = SURFACE_STYLE_FILL_AREA ( #6143 ) ;
#8596 = EDGE_CURVE ( 'NONE', #3907, #1322, #6661, .T. ) ;
#8597 = CARTESIAN_POINT ( 'NONE',  ( -1.163464191873170739, 15.49999999999999467, -6.743888036355414783 ) ) ;
#8598 = ORIENTED_EDGE ( 'NONE', *, *, #6051, .F. ) ;
#8599 = CARTESIAN_POINT ( 'NONE',  ( -6.050000000000001599, 11.08156608489472106, -5.544586221139796045 ) ) ;
#8600 = SURFACE_STYLE_USAGE ( .BOTH. , #4836 ) ;
#8601 = AXIS2_PLACEMENT_3D ( 'NONE', #6694, #7443, #7498 ) ;
#8602 = ORIENTED_EDGE ( 'NONE', *, *, #4721, .F. ) ;
#8603 = FILL_AREA_STYLE ('',( #4192 ) ) ;
#8604 =( GEOMETRIC_REPRESENTATION_CONTEXT ( 3 ) GLOBAL_UNCERTAINTY_ASSIGNED_CONTEXT ( ( #2654 ) ) GLOBAL_UNIT_ASSIGNED_CONTEXT ( ( #7135, #6410, #1178 ) ) REPRESENTATION_CONTEXT ( 'NONE', 'WORKASPACE' ) );
#8605 = PLANE ( 'NONE',  #3993 ) ;
#8606 = CARTESIAN_POINT ( 'NONE',  ( -7.296957046373735484E-16, 15.49999999999999467, -5.150000000000000355 ) ) ;
#8607 = EDGE_CURVE ( 'NONE', #7203, #7749, #5671, .T. ) ;
#8608 = MECHANICAL_DESIGN_GEOMETRIC_PRESENTATION_REPRESENTATION (  '', ( #6587 ), #9577 ) ;
#8609 = ORIENTED_EDGE ( 'NONE', *, *, #9522, .F. ) ;
#8610 = DIRECTION ( 'NONE',  ( 0.000000000000000000, 1.000000000000000000, 0.000000000000000000 ) ) ;
#8611 = VERTEX_POINT ( 'NONE', #4115 ) ;
#8612 = FACE_OUTER_BOUND ( 'NONE', #681, .T. ) ;
#8613 = CARTESIAN_POINT ( 'NONE',  ( 6.049999999999999822, 11.19999999999999929, 11.24999999999999645 ) ) ;
#8614 = UNCERTAINTY_MEASURE_WITH_UNIT (LENGTH_MEASURE( 1.000000000000000082E-05 ), #8922, 'distance_accuracy_value', 'NONE');
#8615 = FILL_AREA_STYLE ('',( #7721 ) ) ;
#8616 = STYLED_ITEM ( 'NONE', ( #1124 ), #1089 ) ;
#8617 = CARTESIAN_POINT ( 'NONE',  ( -0.5000000000000000000, 8.000000000000000000, 15.65000000000000036 ) ) ;
#8618 = PLANE ( 'NONE',  #9149 ) ;
#8619 = LINE ( 'NONE', #6524, #1975 ) ;
#8620 = EDGE_CURVE ( 'NONE', #5037, #4345, #9732, .T. ) ;
#8621 =( NAMED_UNIT ( * ) SI_UNIT ( $, .STERADIAN. ) SOLID_ANGLE_UNIT ( ) );
#8622 =( NAMED_UNIT ( * ) SI_UNIT ( $, .STERADIAN. ) SOLID_ANGLE_UNIT ( ) );
#8623 = VECTOR ( 'NONE', #8793, 1000.000000000000000 ) ;
#8624 = SURFACE_STYLE_USAGE ( .BOTH. , #5007 ) ;
#8625 = DIRECTION ( 'NONE',  ( 1.000000000000000000, 0.000000000000000000, 0.000000000000000000 ) ) ;
#8626 = ORIENTED_EDGE ( 'NONE', *, *, #2234, .F. ) ;
#8627 = FILL_AREA_STYLE_COLOUR ( '', #9124 ) ;
#8628 = DIRECTION ( 'NONE',  ( 0.000000000000000000, 0.000000000000000000, -1.000000000000000000 ) ) ;
#8629 = DIRECTION ( 'NONE',  ( 0.000000000000000000, 1.000000000000000000, 0.000000000000000000 ) ) ;
#8630 = VECTOR ( 'NONE', #9056, 1000.000000000000000 ) ;
#8631 = UNCERTAINTY_MEASURE_WITH_UNIT (LENGTH_MEASURE( 1.000000000000000082E-05 ), #9628, 'distance_accuracy_value', 'NONE');
#8632 = EDGE_CURVE ( 'NONE', #6260, #5240, #7826, .T. ) ;
#8633 = AXIS2_PLACEMENT_3D ( 'NONE', #5171, #1418, #2050 ) ;
#8634 = CARTESIAN_POINT ( 'NONE',  ( 1.058647331648731260, 15.49999999999999467, -3.484649038370281282 ) ) ;
#8635 = ORIENTED_EDGE ( 'NONE', *, *, #3334, .F. ) ;
#8636 = CARTESIAN_POINT ( 'NONE',  ( -5.549999999999998934, 11.19999999999999929, -10.75000000000000000 ) ) ;
#8637 = ORIENTED_EDGE ( 'NONE', *, *, #6781, .T. ) ;
#8638 = FACE_OUTER_BOUND ( 'NONE', #1896, .T. ) ;
#8639 = AXIS2_PLACEMENT_3D ( 'NONE', #2039, #5061, #7347 ) ;
#8640 = CYLINDRICAL_SURFACE ( 'NONE', #3383, 1.848999999999999977 ) ;
#8641 = CYLINDRICAL_SURFACE ( 'NONE', #2989, 0.8400000000000000799 ) ;
#8642 = CARTESIAN_POINT ( 'NONE',  ( -6.049999999999999822, -10.69999999999999929, 10.74999999999999822 ) ) ;
#8643 = CARTESIAN_POINT ( 'NONE',  ( -5.549999999999998934, 5.500000000000000888, -16.14999999999999503 ) ) ;
#8644 = DIRECTION ( 'NONE',  ( 0.000000000000000000, 1.000000000000000000, 0.000000000000000000 ) ) ;
#8645 = CARTESIAN_POINT ( 'NONE',  ( 6.049999999999999822, 10.82053046428238297, -6.541119445688963197 ) ) ;
#8646 = CIRCLE ( 'NONE', #8178, 2.299999999999998046 ) ;
#8647 = CARTESIAN_POINT ( 'NONE',  ( 1.578661432640976914, 11.05566658291758309, -11.25000000000000178 ) ) ;
#8648 = ORIENTED_EDGE ( 'NONE', *, *, #6448, .F. ) ;
#8649 = SURFACE_STYLE_USAGE ( .BOTH. , #5461 ) ;
#8650 = FACE_OUTER_BOUND ( 'NONE', #8180, .T. ) ;
#8651 = ORIENTED_EDGE ( 'NONE', *, *, #7526, .F. ) ;
#8652 = DIRECTION ( 'NONE',  ( 0.000000000000000000, 0.000000000000000000, 1.000000000000000000 ) ) ;
#8653 = EDGE_LOOP ( 'NONE', ( #6273, #3801, #1177, #722 ) ) ;
#8654 = CARTESIAN_POINT ( 'NONE',  ( -6.663561837205168577E-16, 11.19999999999999929, -5.150000000000000355 ) ) ;
#8655 = ORIENTED_EDGE ( 'NONE', *, *, #6120, .T. ) ;
#8656 = CARTESIAN_POINT ( 'NONE',  ( -7.296957046373735484E-16, 15.49999999999999467, -5.150000000000000355 ) ) ;
#8657 = EDGE_CURVE ( 'NONE', #6227, #3425, #9376, .T. ) ;
#8658 = DIRECTION ( 'NONE',  ( -0.000000000000000000, 0.000000000000000000, 1.000000000000000000 ) ) ;
#8659 = VERTEX_POINT ( 'NONE', #8023 ) ;
#8660 = DIRECTION ( 'NONE',  ( 0.000000000000000000, 1.000000000000000000, 0.000000000000000000 ) ) ;
#8661 = SURFACE_STYLE_FILL_AREA ( #1290 ) ;
#8662 = DIRECTION ( 'NONE',  ( -0.8660254037844433705, 0.000000000000000000, 0.4999999999999919509 ) ) ;
#8663 = ORIENTED_EDGE ( 'NONE', *, *, #5169, .F. ) ;
#8664 = SURFACE_STYLE_USAGE ( .BOTH. , #7878 ) ;
#8665 = DIRECTION ( 'NONE',  ( -0.000000000000000000, -0.000000000000000000, 1.000000000000000000 ) ) ;
#8666 = SURFACE_STYLE_FILL_AREA ( #2776 ) ;
#8667 = ORIENTED_EDGE ( 'NONE', *, *, #1986, .F. ) ;
#8668 = EDGE_CURVE ( 'NONE', #6385, #5105, #5691, .T. ) ;
#8669 = MECHANICAL_DESIGN_GEOMETRIC_PRESENTATION_REPRESENTATION (  '', ( #43 ), #2411 ) ;
#8670 = SURFACE_SIDE_STYLE ('',( #9277 ) ) ;
#8671 = AXIS2_PLACEMENT_3D ( 'NONE', #7821, #5577, #7100 ) ;
#8672 =( GEOMETRIC_REPRESENTATION_CONTEXT ( 3 ) GLOBAL_UNCERTAINTY_ASSIGNED_CONTEXT ( ( #7056 ) ) GLOBAL_UNIT_ASSIGNED_CONTEXT ( ( #767, #169, #6079 ) ) REPRESENTATION_CONTEXT ( 'NONE', 'WORKASPACE' ) );
#8673 = SURFACE_SIDE_STYLE ('',( #5677 ) ) ;
#8674 = STYLED_ITEM ( 'NONE', ( #5318 ), #6639 ) ;
#8675 = DIRECTION ( 'NONE',  ( 0.6801727377709155808, 0.000000000000000000, 0.7330518718298300040 ) ) ;
#8676 = SURFACE_STYLE_USAGE ( .BOTH. , #5409 ) ;
#8677 = CIRCLE ( 'NONE', #200, 0.5000000000000004441 ) ;
#8678 = ORIENTED_EDGE ( 'NONE', *, *, #1821, .F. ) ;
#8679 = SURFACE_STYLE_USAGE ( .BOTH. , #8727 ) ;
#8680 = CIRCLE ( 'NONE', #6989, 0.8400000000000000799 ) ;
#8681 = PRESENTATION_LAYER_ASSIGNMENT (  '', '', ( #9493 ) ) ;
#8682 = UNCERTAINTY_MEASURE_WITH_UNIT (LENGTH_MEASURE( 1.000000000000000082E-05 ), #2818, 'distance_accuracy_value', 'NONE');
#8683 = ORIENTED_EDGE ( 'NONE', *, *, #5910, .T. ) ;
#8684 = SURFACE_STYLE_USAGE ( .BOTH. , #3377 ) ;
#8685 = ADVANCED_FACE ( 'NONE', ( #4903 ), #4871, .T. ) ;
#8686 = FACE_OUTER_BOUND ( 'NONE', #838, .T. ) ;
#8687 = DIRECTION ( 'NONE',  ( 0.000000000000000000, -1.000000000000000000, 0.000000000000000000 ) ) ;
#8688 = SURFACE_SIDE_STYLE ('',( #3479 ) ) ;
#8689 = CIRCLE ( 'NONE', #1152, 2.299999999999998490 ) ;
#8690 = PRESENTATION_LAYER_ASSIGNMENT (  '', '', ( #9167 ) ) ;
#8691 = FACE_OUTER_BOUND ( 'NONE', #3550, .T. ) ;
#8692 = VERTEX_POINT ( 'NONE', #1117 ) ;
#8693 = FACE_OUTER_BOUND ( 'NONE', #8127, .T. ) ;
#8695 = ORIENTED_EDGE ( 'NONE', *, *, #5360, .F. ) ;
#8694 = COLOUR_RGB ( '',0.1058823529411764691, 0.6352941176470587870, 0.9411764705882352811 ) ;
#8696 = EDGE_CURVE ( 'NONE', #4096, #2012, #6783, .T. ) ;
#8697 = PRESENTATION_LAYER_ASSIGNMENT (  '', '', ( #2574 ) ) ;
#8698 = DIRECTION ( 'NONE',  ( 1.000000000000000000, 0.000000000000000000, 0.000000000000000000 ) ) ;
#8699 =( NAMED_UNIT ( * ) PLANE_ANGLE_UNIT ( ) SI_UNIT ( $, .RADIAN. ) );
#8700 = FILL_AREA_STYLE ('',( #7185 ) ) ;
#8701 = ORIENTED_EDGE ( 'NONE', *, *, #6687, .F. ) ;
#8702 =( NAMED_UNIT ( * ) SI_UNIT ( $, .STERADIAN. ) SOLID_ANGLE_UNIT ( ) );
#8703 =( GEOMETRIC_REPRESENTATION_CONTEXT ( 3 ) GLOBAL_UNCERTAINTY_ASSIGNED_CONTEXT ( ( #1137 ) ) GLOBAL_UNIT_ASSIGNED_CONTEXT ( ( #8173, #9065, #6874 ) ) REPRESENTATION_CONTEXT ( 'NONE', 'WORKASPACE' ) );
#8704 = DIRECTION ( 'NONE',  ( 0.000000000000000000, -0.000000000000000000, -1.000000000000000000 ) ) ;
#8705 = ORIENTED_EDGE ( 'NONE', *, *, #4035, .F. ) ;
#8706 = MECHANICAL_DESIGN_GEOMETRIC_PRESENTATION_REPRESENTATION (  '', ( #6370 ), #4166 ) ;
#8707 = CARTESIAN_POINT ( 'NONE',  ( -6.663561837205168577E-16, 15.50000000000000000, -2.719999999999999751 ) ) ;
#8708 = STYLED_ITEM ( 'NONE', ( #4247 ), #8364 ) ;
#8709 = CARTESIAN_POINT ( 'NONE',  ( -1.706080484939278996, 15.49999999999999467, -4.437195413237710717 ) ) ;
#8710 = CIRCLE ( 'NONE', #8090, 0.8400000000000000799 ) ;
#8711 = SURFACE_SIDE_STYLE ('',( #2024 ) ) ;
#8712 = SURFACE_STYLE_FILL_AREA ( #1442 ) ;
#8713 = FACE_BOUND ( 'NONE', #1473, .T. ) ;
#8714 = EDGE_CURVE ( 'NONE', #824, #2423, #4830, .T. ) ;
#8715 = ORIENTED_EDGE ( 'NONE', *, *, #8150, .F. ) ;
#8716 = SURFACE_STYLE_USAGE ( .BOTH. , #6530 ) ;
#8717 = CARTESIAN_POINT ( 'NONE',  ( 6.049999999999999822, 11.19999999999999929, -10.75000000000000178 ) ) ;
#8718 = ORIENTED_EDGE ( 'NONE', *, *, #30, .F. ) ;
#8719 =( GEOMETRIC_REPRESENTATION_CONTEXT ( 3 ) GLOBAL_UNCERTAINTY_ASSIGNED_CONTEXT ( ( #3319 ) ) GLOBAL_UNIT_ASSIGNED_CONTEXT ( ( #655, #3253, #905 ) ) REPRESENTATION_CONTEXT ( 'NONE', 'WORKASPACE' ) );
#8720 = DIRECTION ( 'NONE',  ( 0.000000000000000000, 0.000000000000000000, -1.000000000000000000 ) ) ;
#8721 = DIRECTION ( 'NONE',  ( 0.000000000000000000, 1.000000000000000000, -0.000000000000000000 ) ) ;
#8722 =( GEOMETRIC_REPRESENTATION_CONTEXT ( 3 ) GLOBAL_UNCERTAINTY_ASSIGNED_CONTEXT ( ( #177 ) ) GLOBAL_UNIT_ASSIGNED_CONTEXT ( ( #7925, #259, #3259 ) ) REPRESENTATION_CONTEXT ( 'NONE', 'WORKASPACE' ) );
#8723 = EDGE_CURVE ( 'NONE', #3744, #3447, #2501, .T. ) ;
#8724 = DIRECTION ( 'NONE',  ( 0.000000000000000000, 0.000000000000000000, -1.000000000000000000 ) ) ;
#8725 = CIRCLE ( 'NONE', #2771, 0.5000000000000004441 ) ;
#8726 = ORIENTED_EDGE ( 'NONE', *, *, #5110, .F. ) ;
#8727 = SURFACE_SIDE_STYLE ('',( #2732 ) ) ;
#8728 = VERTEX_POINT ( 'NONE', #8642 ) ;
#8729 = CARTESIAN_POINT ( 'NONE',  ( 1.625000000000000000, -6.450000000000000178, -11.25000000000000178 ) ) ;
#8730 = CARTESIAN_POINT ( 'NONE',  ( 1.936998793047777889, 18.49999999999999645, -4.772954016147290091 ) ) ;
#8731 = CARTESIAN_POINT ( 'NONE',  ( 0.000000000000000000, 15.50000000000000000, 0.8500000000000000888 ) ) ;
#8732 = STYLED_ITEM ( 'NONE', ( #3712 ), #4627 ) ;
#8733 = SURFACE_STYLE_USAGE ( .BOTH. , #7997 ) ;
#8734 = DIRECTION ( 'NONE',  ( -0.000000000000000000, -1.000000000000000000, -0.000000000000000000 ) ) ;
#8735 = EDGE_CURVE ( 'NONE', #7134, #8149, #7840, .T. ) ;
#8736 =( NAMED_UNIT ( * ) PLANE_ANGLE_UNIT ( ) SI_UNIT ( $, .RADIAN. ) );
#8737 = FILL_AREA_STYLE_COLOUR ( '', #9063 ) ;
#8738 = FILL_AREA_STYLE ('',( #8104 ) ) ;
#8739 = ORIENTED_EDGE ( 'NONE', *, *, #4306, .T. ) ;
#8740 = CARTESIAN_POINT ( 'NONE',  ( 1.502485414192124891, 15.49999999999999467, -3.870677687856603377 ) ) ;
#8741 =( GEOMETRIC_REPRESENTATION_CONTEXT ( 3 ) GLOBAL_UNCERTAINTY_ASSIGNED_CONTEXT ( ( #6814 ) ) GLOBAL_UNIT_ASSIGNED_CONTEXT ( ( #1, #6861, #1479 ) ) REPRESENTATION_CONTEXT ( 'NONE', 'WORKASPACE' ) );
#8742 = VERTEX_POINT ( 'NONE', #4092 ) ;
#8743 = PRESENTATION_LAYER_ASSIGNMENT (  '', '', ( #5933 ) ) ;
#8744 = CYLINDRICAL_SURFACE ( 'NONE', #9484, 0.8400000000000000799 ) ;
#8745 = DIRECTION ( 'NONE',  ( 0.000000000000000000, -1.000000000000000000, 0.000000000000000000 ) ) ;
#8746 = EDGE_CURVE ( 'NONE', #6849, #5648, #7121, .T. ) ;
#8747 = ORIENTED_EDGE ( 'NONE', *, *, #2587, .F. ) ;
#8748 = DIRECTION ( 'NONE',  ( 0.000000000000000000, -1.000000000000000000, 7.744301232039317914E-17 ) ) ;
#8749 =( NAMED_UNIT ( * ) SI_UNIT ( $, .STERADIAN. ) SOLID_ANGLE_UNIT ( ) );
#8750 = VERTEX_POINT ( 'NONE', #7900 ) ;
#8751 = DIRECTION ( 'NONE',  ( 0.000000000000000000, 0.000000000000000000, 1.000000000000000000 ) ) ;
#8752 = AXIS2_PLACEMENT_3D ( 'NONE', #6061, #745, #8360 ) ;
#8753 = DIRECTION ( 'NONE',  ( 0.000000000000000000, 0.000000000000000000, 1.000000000000000000 ) ) ;
#8754 = ORIENTED_EDGE ( 'NONE', *, *, #4182, .T. ) ;
#8755 = SURFACE_STYLE_FILL_AREA ( #9520 ) ;
#8756 = FILL_AREA_STYLE_COLOUR ( '', #7013 ) ;
#8757 = VERTEX_POINT ( 'NONE', #3567 ) ;
#8758 =( LENGTH_UNIT ( ) NAMED_UNIT ( * ) SI_UNIT ( .MILLI., .METRE. ) );
#8759 =( GEOMETRIC_REPRESENTATION_CONTEXT ( 3 ) GLOBAL_UNCERTAINTY_ASSIGNED_CONTEXT ( ( #5638 ) ) GLOBAL_UNIT_ASSIGNED_CONTEXT ( ( #5337, #4106, #7922 ) ) REPRESENTATION_CONTEXT ( 'NONE', 'WORKASPACE' ) );
#8760 = FILL_AREA_STYLE_COLOUR ( '', #5688 ) ;
#8761 = CARTESIAN_POINT ( 'NONE',  ( -1.163464191873192943, 18.49999999999999645, -3.556111963644601470 ) ) ;
#8762 = DIRECTION ( 'NONE',  ( 0.000000000000000000, 7.744301232039301890E-17, 1.000000000000000000 ) ) ;
#8763 = ORIENTED_EDGE ( 'NONE', *, *, #1127, .T. ) ;
#8764 = DIRECTION ( 'NONE',  ( 0.000000000000000000, -1.000000000000000000, 0.000000000000000000 ) ) ;
#8765 = CYLINDRICAL_SURFACE ( 'NONE', #9708, 0.5000000000000004441 ) ;
#8766 = DIRECTION ( 'NONE',  ( 0.000000000000000000, 0.000000000000000000, -1.000000000000000000 ) ) ;
#8767 = SURFACE_STYLE_USAGE ( .BOTH. , #9531 ) ;
#8768 = PRESENTATION_STYLE_ASSIGNMENT (( #5055 ) ) ;
#8769 = ORIENTED_EDGE ( 'NONE', *, *, #7401, .T. ) ;
#8770 = DIRECTION ( 'NONE',  ( 0.000000000000000000, 1.000000000000000000, 0.000000000000000000 ) ) ;
#8771 = FILL_AREA_STYLE_COLOUR ( '', #1359 ) ;
#8772 = ADVANCED_FACE ( 'NONE', ( #1167 ), #488, .T. ) ;
#8773 = FACE_OUTER_BOUND ( 'NONE', #9438, .T. ) ;
#8774 = CIRCLE ( 'NONE', #4867, 0.5000000000000002220 ) ;
#8775 = CARTESIAN_POINT ( 'NONE',  ( -0.4999999999999943934, 5.500000000000000888, 16.15000000000000213 ) ) ;
#8776 = VERTEX_POINT ( 'NONE', #7850 ) ;
#8777 = CARTESIAN_POINT ( 'NONE',  ( -5.549999999999998934, -10.69999999999999929, 10.74999999999999822 ) ) ;
#8778 = UNCERTAINTY_MEASURE_WITH_UNIT (LENGTH_MEASURE( 1.000000000000000082E-05 ), #1604, 'distance_accuracy_value', 'NONE');
#8779 = ORIENTED_EDGE ( 'NONE', *, *, #4974, .T. ) ;
#8780 = DIRECTION ( 'NONE',  ( -1.000000000000000000, 0.000000000000000000, 0.000000000000000000 ) ) ;
#8781 = MECHANICAL_DESIGN_GEOMETRIC_PRESENTATION_REPRESENTATION (  '', ( #5034 ), #6609 ) ;
#8782 = STYLED_ITEM ( 'NONE', ( #8768 ), #6285 ) ;
#8783 = EDGE_CURVE ( 'NONE', #1722, #3396, #5812, .T. ) ;
#8784 = CARTESIAN_POINT ( 'NONE',  ( -0.2312395857285372003, 15.49999999999999467, -7.109759233222311181 ) ) ;
#8785 = EDGE_CURVE ( 'NONE', #5790, #8548, #7950, .T. ) ;
#8786 = CARTESIAN_POINT ( 'NONE',  ( 6.049999999999999822, 7.792893218813452094, -11.04289321881345209 ) ) ;
#8787 =( GEOMETRIC_REPRESENTATION_CONTEXT ( 3 ) GLOBAL_UNCERTAINTY_ASSIGNED_CONTEXT ( ( #4661 ) ) GLOBAL_UNIT_ASSIGNED_CONTEXT ( ( #6278, #4909, #6230 ) ) REPRESENTATION_CONTEXT ( 'NONE', 'WORKASPACE' ) );
#8788 = DIRECTION ( 'NONE',  ( -0.000000000000000000, 1.000000000000000000, -0.000000000000000000 ) ) ;
#8789 = AXIS2_PLACEMENT_3D ( 'NONE', #4178, #2633, #6245 ) ;
#8790 = CARTESIAN_POINT ( 'NONE',  ( 5.549999999999998934, 7.500000000000000000, -16.14999999999999503 ) ) ;
#8791 = ORIENTED_EDGE ( 'NONE', *, *, #1843, .F. ) ;
#8792 = DIRECTION ( 'NONE',  ( 0.000000000000000000, 0.000000000000000000, 1.000000000000000000 ) ) ;
#8793 = DIRECTION ( 'NONE',  ( 1.000000000000000000, -0.000000000000000000, -0.000000000000000000 ) ) ;
#8794 = FACE_OUTER_BOUND ( 'NONE', #3884, .T. ) ;
#8795 = ORIENTED_EDGE ( 'NONE', *, *, #1480, .T. ) ;
#8796 = FILL_AREA_STYLE_COLOUR ( '', #1382 ) ;
#8797 = CYLINDRICAL_SURFACE ( 'NONE', #2659, 0.5000000000000004441 ) ;
#8798 = ADVANCED_FACE ( 'NONE', ( #8940 ), #583, .T. ) ;
#8799 = SURFACE_STYLE_USAGE ( .BOTH. , #2803 ) ;
#8800 =( GEOMETRIC_REPRESENTATION_CONTEXT ( 3 ) GLOBAL_UNCERTAINTY_ASSIGNED_CONTEXT ( ( #3063 ) ) GLOBAL_UNIT_ASSIGNED_CONTEXT ( ( #4090, #384, #7400 ) ) REPRESENTATION_CONTEXT ( 'NONE', 'WORKASPACE' ) );
#8801 = ORIENTED_EDGE ( 'NONE', *, *, #2890, .F. ) ;
#8802 = ORIENTED_EDGE ( 'NONE', *, *, #7760, .T. ) ;
#8803 = DIRECTION ( 'NONE',  ( 0.000000000000000000, 1.000000000000000000, 0.000000000000000000 ) ) ;
#8804 = CARTESIAN_POINT ( 'NONE',  ( -5.549999999999998934, 7.500000000000000000, -15.64999999999999325 ) ) ;
#8805 = VERTEX_POINT ( 'NONE', #6649 ) ;
#8806 = DIRECTION ( 'NONE',  ( 0.000000000000000000, 0.000000000000000000, 1.000000000000000000 ) ) ;
#8807 = SURFACE_STYLE_USAGE ( .BOTH. , #5714 ) ;
#8808 =( GEOMETRIC_REPRESENTATION_CONTEXT ( 3 ) GLOBAL_UNCERTAINTY_ASSIGNED_CONTEXT ( ( #6928 ) ) GLOBAL_UNIT_ASSIGNED_CONTEXT ( ( #733, #6608, #5133 ) ) REPRESENTATION_CONTEXT ( 'NONE', 'WORKASPACE' ) );
#8809 = ADVANCED_FACE ( 'NONE', ( #3540 ), #3590, .T. ) ;
#8810 = SURFACE_STYLE_USAGE ( .BOTH. , #9574 ) ;
#8811 = VERTEX_POINT ( 'NONE', #1920 ) ;
#8812 = STYLED_ITEM ( 'NONE', ( #3600 ), #7011 ) ;
#8813 = CYLINDRICAL_SURFACE ( 'NONE', #8361, 1.848999999999999977 ) ;
#8814 = SURFACE_STYLE_FILL_AREA ( #8126 ) ;
#8815 = ORIENTED_EDGE ( 'NONE', *, *, #9081, .F. ) ;
#8816 = FACE_OUTER_BOUND ( 'NONE', #1890, .T. ) ;
#8817 = DIRECTION ( 'NONE',  ( 0.000000000000000000, 1.000000000000000000, -0.000000000000000000 ) ) ;
#8818 = PLANE ( 'NONE',  #2712 ) ;
#8819 = ORIENTED_EDGE ( 'NONE', *, *, #9278, .F. ) ;
#8820 = DIRECTION ( 'NONE',  ( 0.000000000000000000, 1.000000000000000000, 0.000000000000000000 ) ) ;
#8821 = EDGE_CURVE ( 'NONE', #3425, #6441, #4426, .T. ) ;
#8822 = AXIS2_PLACEMENT_3D ( 'NONE', #8403, #3898, #92 ) ;
#8823 = DIRECTION ( 'NONE',  ( -0.000000000000000000, 1.000000000000000000, -0.000000000000000000 ) ) ;
#8824 = LINE ( 'NONE', #9584, #3104 ) ;
#8825 = ORIENTED_EDGE ( 'NONE', *, *, #5144, .T. ) ;
#8826 = EDGE_LOOP ( 'NONE', ( #7938 ) ) ;
#8827 = SURFACE_SIDE_STYLE ('',( #2831 ) ) ;
#8828 = CARTESIAN_POINT ( 'NONE',  ( -6.049999999999999822, 10.69999999999999929, 10.74999999999999645 ) ) ;
#8829 = LINE ( 'NONE', #7262, #5836 ) ;
#8830 = MECHANICAL_DESIGN_GEOMETRIC_PRESENTATION_REPRESENTATION (  '', ( #5384 ), #4616 ) ;
#8831 = CYLINDRICAL_SURFACE ( 'NONE', #2270, 0.5000000000000004441 ) ;
#8832 =( NAMED_UNIT ( * ) SI_UNIT ( $, .STERADIAN. ) SOLID_ANGLE_UNIT ( ) );
#8833 = MECHANICAL_DESIGN_GEOMETRIC_PRESENTATION_REPRESENTATION (  '', ( #831 ), #4933 ) ;
#8834 = CIRCLE ( 'NONE', #2719, 0.8399999999999999689 ) ;
#8835 = ORIENTED_EDGE ( 'NONE', *, *, #8657, .F. ) ;
#8836 = EDGE_CURVE ( 'NONE', #5959, #9158, #1254, .T. ) ;
#8837 = FILL_AREA_STYLE ('',( #813 ) ) ;
#8838 = FILL_AREA_STYLE_COLOUR ( '', #2504 ) ;
#8839 = MECHANICAL_DESIGN_GEOMETRIC_PRESENTATION_REPRESENTATION (  '', ( #834 ), #1006 ) ;
#8840 = COLOUR_RGB ( '',0.7764705882352941346, 0.7568627450980391913, 0.7372549019607843590 ) ;
#8841 = ORIENTED_EDGE ( 'NONE', *, *, #8280, .T. ) ;
#8842 = PRESENTATION_LAYER_ASSIGNMENT (  '', '', ( #6180 ) ) ;
#8843 =( GEOMETRIC_REPRESENTATION_CONTEXT ( 3 ) GLOBAL_UNCERTAINTY_ASSIGNED_CONTEXT ( ( #8448 ) ) GLOBAL_UNIT_ASSIGNED_CONTEXT ( ( #1061, #7833, #4079 ) ) REPRESENTATION_CONTEXT ( 'NONE', 'WORKASPACE' ) );
#8844 = CIRCLE ( 'NONE', #7745, 0.8399999999999999689 ) ;
#8845 = PRESENTATION_STYLE_ASSIGNMENT (( #2062 ) ) ;
#8846 =( GEOMETRIC_REPRESENTATION_CONTEXT ( 3 ) GLOBAL_UNCERTAINTY_ASSIGNED_CONTEXT ( ( #7696 ) ) GLOBAL_UNIT_ASSIGNED_CONTEXT ( ( #9174, #5732, #6534 ) ) REPRESENTATION_CONTEXT ( 'NONE', 'WORKASPACE' ) );
#8847 = CARTESIAN_POINT ( 'NONE',  ( 5.549999999999998934, 8.000000000000000000, -16.14999999999999503 ) ) ;
#8848 = EDGE_LOOP ( 'NONE', ( #7917, #739, #6454, #554 ) ) ;
#8849 = FILL_AREA_STYLE ('',( #2847 ) ) ;
#8850 = PRESENTATION_LAYER_ASSIGNMENT (  '', '', ( #1003 ) ) ;
#8851 = CARTESIAN_POINT ( 'NONE',  ( 6.049999999999999822, -11.19999999999999929, 10.74999999999999822 ) ) ;
#8852 = ORIENTED_EDGE ( 'NONE', *, *, #6448, .T. ) ;
#8853 = EDGE_CURVE ( 'NONE', #3466, #1617, #6192, .T. ) ;
#8854 = PRESENTATION_STYLE_ASSIGNMENT (( #3606 ) ) ;
#8855 = AXIS2_PLACEMENT_3D ( 'NONE', #2668, #8817, #365 ) ;
#8856 = ORIENTED_EDGE ( 'NONE', *, *, #6396, .F. ) ;
#8857 = CARTESIAN_POINT ( 'NONE',  ( -5.549999999999998934, 8.000000000000000000, -11.25000000000000178 ) ) ;
#8858 = CIRCLE ( 'NONE', #1946, 0.8400000000000005240 ) ;
#8859 = SURFACE_STYLE_FILL_AREA ( #2769 ) ;
#8860 = FILL_AREA_STYLE_COLOUR ( '', #4729 ) ;
#8861 = SURFACE_SIDE_STYLE ('',( #4446 ) ) ;
#8862 = CARTESIAN_POINT ( 'NONE',  ( 6.049999999999999822, 10.69999999999999929, -2.741681084241544220 ) ) ;
#8863 = VECTOR ( 'NONE', #1502, 1000.000000000000000 ) ;
#8864 = VECTOR ( 'NONE', #7612, 1000.000000000000000 ) ;
#8865 = CARTESIAN_POINT ( 'NONE',  ( 6.049999999999999822, 7.500000000000000000, 10.74999999999999645 ) ) ;
#8866 = SURFACE_SIDE_STYLE ('',( #6677 ) ) ;
#8867 = DIRECTION ( 'NONE',  ( -0.000000000000000000, -1.000000000000000000, -0.000000000000000000 ) ) ;
#8868 = VERTEX_POINT ( 'NONE', #7456 ) ;
#8869 = ADVANCED_FACE ( 'NONE', ( #6494 ), #4717, .T. ) ;
#8870 = SURFACE_STYLE_USAGE ( .BOTH. , #1549 ) ;
#8871 = DIRECTION ( 'NONE',  ( 1.000000000000000000, 0.000000000000000000, 0.000000000000000000 ) ) ;
#8872 = DIRECTION ( 'NONE',  ( 0.000000000000000000, -1.000000000000000000, 0.000000000000000000 ) ) ;
#8873 = CARTESIAN_POINT ( 'NONE',  ( -6.050000000000000711, 10.82078702000292303, -6.539930304894901347 ) ) ;
#8874 = COLOUR_RGB ( '',0.1058823529411764691, 0.6352941176470587870, 0.9411764705882352811 ) ;
#8875 = ORIENTED_EDGE ( 'NONE', *, *, #3936, .T. ) ;
#8876 =( LENGTH_UNIT ( ) NAMED_UNIT ( * ) SI_UNIT ( .MILLI., .METRE. ) );
#8877 = CARTESIAN_POINT ( 'NONE',  ( 1.846399722430719592, 18.49999999999999645, -5.051974161529932061 ) ) ;
#8878 =( NAMED_UNIT ( * ) PLANE_ANGLE_UNIT ( ) SI_UNIT ( $, .RADIAN. ) );
#8879 = CARTESIAN_POINT ( 'NONE',  ( 1.227851083701591905, 18.49999999999999645, -6.532455321611815080 ) ) ;
#8880 = SURFACE_STYLE_USAGE ( .BOTH. , #1560 ) ;
#8881 = PRESENTATION_LAYER_ASSIGNMENT (  '', '', ( #400 ) ) ;
#8882 =( BOUNDED_CURVE ( )  B_SPLINE_CURVE ( 3, ( #2132, #8122, #1387, #2908 ),
 .UNSPECIFIED., .F., .T. ) 
 B_SPLINE_CURVE_WITH_KNOTS ( ( 4, 4 ),
 ( 0.000000000000000000, 1.570796326794897890 ),
 .UNSPECIFIED. ) 
 CURVE ( )  GEOMETRIC_REPRESENTATION_ITEM ( )  RATIONAL_B_SPLINE_CURVE ( ( 1.000000000000000000, 0.8047378541243646044, 0.8047378541243646044, 1.000000000000000000 ) ) 
 REPRESENTATION_ITEM ( '' )  );
#8883 = ADVANCED_FACE ( 'NONE', ( #9178 ), #9084, .F. ) ;
#8884 = CARTESIAN_POINT ( 'NONE',  ( 1.336496384443091268, 10.79360736791743847, -11.25000000000000178 ) ) ;
#8885 = PRESENTATION_LAYER_ASSIGNMENT (  '', '', ( #4820 ) ) ;
#8886 = ORIENTED_EDGE ( 'NONE', *, *, #9114, .T. ) ;
#8887 = ORIENTED_EDGE ( 'NONE', *, *, #2382, .T. ) ;
#8888 = EDGE_CURVE ( 'NONE', #1134, #3932, #7506, .T. ) ;
#8889 =( NAMED_UNIT ( * ) SI_UNIT ( $, .STERADIAN. ) SOLID_ANGLE_UNIT ( ) );
#8890 = DIRECTION ( 'NONE',  ( -1.000000000000000000, 0.000000000000000000, 0.000000000000000000 ) ) ;
#8891 = STYLED_ITEM ( 'NONE', ( #8478 ), #2685 ) ;
#8892 = STYLED_ITEM ( 'NONE', ( #5667 ), #4475 ) ;
#8893 =( NAMED_UNIT ( * ) SI_UNIT ( $, .STERADIAN. ) SOLID_ANGLE_UNIT ( ) );
#8894 = SURFACE_STYLE_USAGE ( .BOTH. , #7358 ) ;
#8895 = ORIENTED_EDGE ( 'NONE', *, *, #8853, .F. ) ;
#8896 = CARTESIAN_POINT ( 'NONE',  ( 1.812821074135920085, 18.49999999999999645, -5.929620261009611148 ) ) ;
#8897 = ORIENTED_EDGE ( 'NONE', *, *, #557, .T. ) ;
#8898 = SURFACE_STYLE_FILL_AREA ( #496 ) ;
#8899 = DIRECTION ( 'NONE',  ( 1.000000000000000000, 0.000000000000000000, 0.000000000000000000 ) ) ;
#8900 =( GEOMETRIC_REPRESENTATION_CONTEXT ( 3 ) GLOBAL_UNCERTAINTY_ASSIGNED_CONTEXT ( ( #5999 ) ) GLOBAL_UNIT_ASSIGNED_CONTEXT ( ( #747, #9360, #4841 ) ) REPRESENTATION_CONTEXT ( 'NONE', 'WORKASPACE' ) );
#8901 = AXIS2_PLACEMENT_3D ( 'NONE', #1457, #3678, #4465 ) ;
#8902 = CYLINDRICAL_SURFACE ( 'NONE', #329, 0.8400000000000000799 ) ;
#8903 = EDGE_CURVE ( 'NONE', #1276, #6428, #7644, .T. ) ;
#8904 =( NAMED_UNIT ( * ) PLANE_ANGLE_UNIT ( ) SI_UNIT ( $, .RADIAN. ) );
#8905 = LINE ( 'NONE', #8014, #5720 ) ;
#8906 =( GEOMETRIC_REPRESENTATION_CONTEXT ( 3 ) GLOBAL_UNCERTAINTY_ASSIGNED_CONTEXT ( ( #3045 ) ) GLOBAL_UNIT_ASSIGNED_CONTEXT ( ( #8221, #8075, #7378 ) ) REPRESENTATION_CONTEXT ( 'NONE', 'WORKASPACE' ) );
#8907 = EDGE_LOOP ( 'NONE', ( #2290, #2866, #5992, #896 ) ) ;
#8908 = DIRECTION ( 'NONE',  ( -1.000000000000000000, 0.000000000000000000, 0.000000000000000000 ) ) ;
#8909 = ORIENTED_EDGE ( 'NONE', *, *, #5987, .T. ) ;
#8910 = SURFACE_SIDE_STYLE ('',( #8755 ) ) ;
#8911 = FILL_AREA_STYLE_COLOUR ( '', #6397 ) ;
#8912 = DIRECTION ( 'NONE',  ( 0.000000000000000000, 1.000000000000000000, 0.000000000000000000 ) ) ;
#8913 = EDGE_CURVE ( 'NONE', #2375, #4345, #8007, .T. ) ;
#8914 =( GEOMETRIC_REPRESENTATION_CONTEXT ( 3 ) GLOBAL_UNCERTAINTY_ASSIGNED_CONTEXT ( ( #5840 ) ) GLOBAL_UNIT_ASSIGNED_CONTEXT ( ( #7266, #9550, #7905 ) ) REPRESENTATION_CONTEXT ( 'NONE', 'WORKASPACE' ) );
#8915 = FILL_AREA_STYLE ('',( #2231 ) ) ;
#8916 = COLOUR_RGB ( '',0.7764705882352941346, 0.7568627450980391913, 0.7372549019607843590 ) ;
#8917 = CARTESIAN_POINT ( 'NONE',  ( 1.103014898469151017, 15.49999999999999467, -7.168256211127586042 ) ) ;
#8918 = DIRECTION ( 'NONE',  ( 0.000000000000000000, 1.000000000000000000, 0.000000000000000000 ) ) ;
#8919 = ORIENTED_EDGE ( 'NONE', *, *, #4996, .T. ) ;
#8920 = SURFACE_SIDE_STYLE ('',( #1346 ) ) ;
#8921 =( NAMED_UNIT ( * ) SI_UNIT ( $, .STERADIAN. ) SOLID_ANGLE_UNIT ( ) );
#8922 =( LENGTH_UNIT ( ) NAMED_UNIT ( * ) SI_UNIT ( .MILLI., .METRE. ) );
#8923 = DIRECTION ( 'NONE',  ( 0.000000000000000000, 1.000000000000000000, 0.000000000000000000 ) ) ;
#8924 = SURFACE_STYLE_USAGE ( .BOTH. , #5929 ) ;
#8925 = COLOUR_RGB ( '',0.1058823529411764691, 0.6352941176470587870, 0.9411764705882352811 ) ;
#8926 = ORIENTED_EDGE ( 'NONE', *, *, #8550, .T. ) ;
#8927 = CARTESIAN_POINT ( 'NONE',  ( 5.549999999999998934, 10.69999999999999929, 10.74999999999999645 ) ) ;
#8928 = CYLINDRICAL_SURFACE ( 'NONE', #1308, 0.8400000000000000799 ) ;
#8929 = EDGE_CURVE ( 'NONE', #4383, #5841, #4262, .T. ) ;
#8930 = B_SPLINE_CURVE_WITH_KNOTS ( 'NONE', 3,
 ( #438, #3477, #7948, #9444, #7847, #1116, #2790, #2681 ),
 .UNSPECIFIED., .F., .F.,
 ( 4, 2, 2, 4 ),
 ( -1.489966442684798010E-05, 0.001220592255836127184, 0.001838338215967614143, 0.002456084176099101318 ),
 .UNSPECIFIED. ) ;
#8931 = DIRECTION ( 'NONE',  ( 0.8660254037844362651, 0.000000000000000000, 0.5000000000000039968 ) ) ;
#8932 = CARTESIAN_POINT ( 'NONE',  ( -2.133434352969865611, 11.13612851619522282, -11.25000000000000000 ) ) ;
#8933 = SURFACE_SIDE_STYLE ('',( #5298 ) ) ;
#8934 = VERTEX_POINT ( 'NONE', #5393 ) ;
#8935 = ORIENTED_EDGE ( 'NONE', *, *, #7880, .F. ) ;
#8936 = DIRECTION ( 'NONE',  ( 0.000000000000000000, 1.000000000000000000, -0.000000000000000000 ) ) ;
#8937 = EDGE_CURVE ( 'NONE', #8987, #5184, #2353, .T. ) ;
#8938 =( GEOMETRIC_REPRESENTATION_CONTEXT ( 3 ) GLOBAL_UNCERTAINTY_ASSIGNED_CONTEXT ( ( #3471 ) ) GLOBAL_UNIT_ASSIGNED_CONTEXT ( ( #3148, #5963, #5413 ) ) REPRESENTATION_CONTEXT ( 'NONE', 'WORKASPACE' ) );
#8939 = CARTESIAN_POINT ( 'NONE',  ( 5.549999999999998934, 8.000000000000000000, -11.25000000000000178 ) ) ;
#8940 = FACE_OUTER_BOUND ( 'NONE', #2280, .T. ) ;
#8941 = FILL_AREA_STYLE ('',( #2934 ) ) ;
#8942 = ORIENTED_EDGE ( 'NONE', *, *, #973, .F. ) ;
#8943 = AXIS2_PLACEMENT_3D ( 'NONE', #3325, #8501, #6394 ) ;
#8944 = DIRECTION ( 'NONE',  ( 0.000000000000000000, 0.000000000000000000, 1.000000000000000000 ) ) ;
#8945 = ORIENTED_EDGE ( 'NONE', *, *, #9345, .T. ) ;
#8946 = SURFACE_STYLE_FILL_AREA ( #7591 ) ;
#8947 = ADVANCED_FACE ( 'NONE', ( #1661 ), #3938, .T. ) ;
#8948 = DIRECTION ( 'NONE',  ( -0.7818314824680222541, 0.000000000000000000, -0.6234898018587431423 ) ) ;
#8949 = FILL_AREA_STYLE_COLOUR ( '', #2053 ) ;
#8950 = VECTOR ( 'NONE', #986, 1000.000000000000000 ) ;
#8951 = UNCERTAINTY_MEASURE_WITH_UNIT (LENGTH_MEASURE( 1.000000000000000082E-05 ), #5624, 'distance_accuracy_value', 'NONE');
#8952 = COLOUR_RGB ( '',0.1058823529411764691, 0.6352941176470587870, 0.9411764705882352811 ) ;
#8953 = ORIENTED_EDGE ( 'NONE', *, *, #1592, .T. ) ;
#8954 = PRESENTATION_STYLE_ASSIGNMENT (( #1626 ) ) ;
#8955 =( GEOMETRIC_REPRESENTATION_CONTEXT ( 3 ) GLOBAL_UNCERTAINTY_ASSIGNED_CONTEXT ( ( #8277 ) ) GLOBAL_UNIT_ASSIGNED_CONTEXT ( ( #4498, #698, #9621 ) ) REPRESENTATION_CONTEXT ( 'NONE', 'WORKASPACE' ) );
#8956 = LINE ( 'NONE', #3702, #2398 ) ;
#8957 = VECTOR ( 'NONE', #7802, 1000.000000000000000 ) ;
#8958 = ORIENTED_EDGE ( 'NONE', *, *, #4427, .T. ) ;
#8959 = DIRECTION ( 'NONE',  ( -0.9972037971811793522, 0.000000000000000000, -0.07473009358643517563 ) ) ;
#8960 = VERTEX_POINT ( 'NONE', #5489 ) ;
#8961 = COLOUR_RGB ( '',0.7764705882352941346, 0.7568627450980391913, 0.7372549019607843590 ) ;
#8962 =( NAMED_UNIT ( * ) PLANE_ANGLE_UNIT ( ) SI_UNIT ( $, .RADIAN. ) );
#8963 = SURFACE_STYLE_FILL_AREA ( #1289 ) ;
#8964 = LINE ( 'NONE', #8172, #9315 ) ;
#8965 = ORIENTED_EDGE ( 'NONE', *, *, #8142, .T. ) ;
#8966 = PRESENTATION_STYLE_ASSIGNMENT (( #6680 ) ) ;
#8967 = FILL_AREA_STYLE ('',( #706 ) ) ;
#8968 = DIRECTION ( 'NONE',  ( -0.000000000000000000, 1.000000000000000000, -0.000000000000000000 ) ) ;
#8969 = PLANE ( 'NONE',  #9510 ) ;
#8970 = CIRCLE ( 'NONE', #1430, 1.100000000000000311 ) ;
#8971 = DIRECTION ( 'NONE',  ( 0.2947551744109049299, 0.000000000000000000, -0.9555728057861405667 ) ) ;
#8972 = ADVANCED_FACE ( 'NONE', ( #8586 ), #1106, .T. ) ;
#8973 = DIRECTION ( 'NONE',  ( 0.000000000000000000, -0.000000000000000000, 1.000000000000000000 ) ) ;
#8974 = FILL_AREA_STYLE ('',( #5206 ) ) ;
#8975 = DIRECTION ( 'NONE',  ( -0.000000000000000000, -1.000000000000000000, -0.000000000000000000 ) ) ;
#8976 = CARTESIAN_POINT ( 'NONE',  ( -7.296957046373735484E-16, 18.49999999999999645, -5.150000000000000355 ) ) ;
#8977 = CARTESIAN_POINT ( 'NONE',  ( -0.1930564701755674017, 11.20000000011572538, -11.20041443816075777 ) ) ;
#8978 = SURFACE_SIDE_STYLE ('',( #8289 ) ) ;
#8979 = ORIENTED_EDGE ( 'NONE', *, *, #4267, .T. ) ;
#8980 = ADVANCED_FACE ( 'NONE', ( #4121 ), #6329, .T. ) ;
#8981 = ORIENTED_EDGE ( 'NONE', *, *, #9638, .F. ) ;
#8982 = CARTESIAN_POINT ( 'NONE',  ( 0.7658152457032850746, 15.49999999999999467, -3.467047829126324920 ) ) ;
#8983 = AXIS2_PLACEMENT_3D ( 'NONE', #2316, #8251, #1619 ) ;
#8984 = CARTESIAN_POINT ( 'NONE',  ( 0.7071067811865476838, 7.792893218813452094, 16.15000000000000213 ) ) ;
#8985 = DIRECTION ( 'NONE',  ( 0.000000000000000000, 0.000000000000000000, 1.000000000000000000 ) ) ;
#8986 = DIRECTION ( 'NONE',  ( -1.000000000000000000, 0.000000000000000000, -0.000000000000000000 ) ) ;
#8987 = VERTEX_POINT ( 'NONE', #9538 ) ;
#8988 = EDGE_CURVE ( 'NONE', #2445, #2006, #7079, .T. ) ;
#8989 = ORIENTED_EDGE ( 'NONE', *, *, #5262, .T. ) ;
#8990 = LINE ( 'NONE', #6950, #4761 ) ;
#8991 = PRESENTATION_LAYER_ASSIGNMENT (  '', '', ( #8674 ) ) ;
#8992 = MECHANICAL_DESIGN_GEOMETRIC_PRESENTATION_REPRESENTATION (  '', ( #2553 ), #5860 ) ;
#8993 = CIRCLE ( 'NONE', #1302, 0.5000000000000004441 ) ;
#8994 = DIRECTION ( 'NONE',  ( 0.000000000000000000, 0.000000000000000000, 1.000000000000000000 ) ) ;
#8995 = PRESENTATION_LAYER_ASSIGNMENT (  '', '', ( #7111 ) ) ;
#8996 = ORIENTED_EDGE ( 'NONE', *, *, #9038, .T. ) ;
#8997 = MECHANICAL_DESIGN_GEOMETRIC_PRESENTATION_REPRESENTATION (  '', ( #6982 ), #3979 ) ;
#8998 = CYLINDRICAL_SURFACE ( 'NONE', #3890, 0.8400000000000000799 ) ;
#8999 =( NAMED_UNIT ( * ) SI_UNIT ( $, .STERADIAN. ) SOLID_ANGLE_UNIT ( ) );
#9000 = ORIENTED_EDGE ( 'NONE', *, *, #5032, .T. ) ;
#9001 = EDGE_CURVE ( 'NONE', #146, #1747, #9608, .T. ) ;
#9002 =( LENGTH_UNIT ( ) NAMED_UNIT ( * ) SI_UNIT ( .MILLI., .METRE. ) );
#9003 = DIRECTION ( 'NONE',  ( 0.000000000000000000, 1.000000000000000000, 0.000000000000000000 ) ) ;
#9004 = ORIENTED_EDGE ( 'NONE', *, *, #6274, .T. ) ;
#9005 = AXIS2_PLACEMENT_3D ( 'NONE', #2796, #7316, #9601 ) ;
#9006 = EDGE_CURVE ( 'NONE', #2423, #5510, #616, .T. ) ;
#9007 = CARTESIAN_POINT ( 'NONE',  ( 5.549999999999998934, -11.19999999999999929, 11.24999999999999822 ) ) ;
#9008 = CARTESIAN_POINT ( 'NONE',  ( -1.475765132078699304, 18.49999999999999645, -3.385880595044447272 ) ) ;
#9009 = MECHANICAL_DESIGN_GEOMETRIC_PRESENTATION_REPRESENTATION (  '', ( #3523 ), #7283 ) ;
#9010 = AXIS2_PLACEMENT_3D ( 'NONE', #2480, #3819, #6977 ) ;
#9011 = CYLINDRICAL_SURFACE ( 'NONE', #9347, 0.5000000000000004441 ) ;
#9012 = COLOUR_RGB ( '',0.7764705882352941346, 0.7568627450980391913, 0.7372549019607843590 ) ;
#9013 = SURFACE_STYLE_FILL_AREA ( #7529 ) ;
#9014 = VERTEX_POINT ( 'NONE', #8879 ) ;
#9015 = DIRECTION ( 'NONE',  ( 0.000000000000000000, -0.000000000000000000, 1.000000000000000000 ) ) ;
#9016 = LINE ( 'NONE', #1448, #8232 ) ;
#9017 = CARTESIAN_POINT ( 'NONE',  ( 1.227851083701591905, 15.49999999999999467, -6.532455321611815080 ) ) ;
#9018 = CARTESIAN_POINT ( 'NONE',  ( -0.6419679961125814849, 18.49999999999999645, -3.283986846194484777 ) ) ;
#9019 = SURFACE_SIDE_STYLE ('',( #2386 ) ) ;
#9020 = AXIS2_PLACEMENT_3D ( 'NONE', #5289, #66, #6833 ) ;
#9021 =( NAMED_UNIT ( * ) PLANE_ANGLE_UNIT ( ) SI_UNIT ( $, .RADIAN. ) );
#9022 = DIRECTION ( 'NONE',  ( 0.000000000000000000, 1.000000000000000000, 0.000000000000000000 ) ) ;
#9023 = MECHANICAL_DESIGN_GEOMETRIC_PRESENTATION_REPRESENTATION (  '', ( #2108 ), #1161 ) ;
#9024 = PRESENTATION_STYLE_ASSIGNMENT (( #5980 ) ) ;
#9025 =( GEOMETRIC_REPRESENTATION_CONTEXT ( 3 ) GLOBAL_UNCERTAINTY_ASSIGNED_CONTEXT ( ( #6391 ) ) GLOBAL_UNIT_ASSIGNED_CONTEXT ( ( #4822, #7793, #3274 ) ) REPRESENTATION_CONTEXT ( 'NONE', 'WORKASPACE' ) );
#9026 = EDGE_CURVE ( 'NONE', #7889, #5288, #1264, .T. ) ;
#9027 = AXIS2_PLACEMENT_3D ( 'NONE', #7293, #5049, #8762 ) ;
#9028 = DIRECTION ( 'NONE',  ( 0.000000000000000000, 1.000000000000000000, 0.000000000000000000 ) ) ;
#9029 = FILL_AREA_STYLE ('',( #6032 ) ) ;
#9030 = SURFACE_STYLE_USAGE ( .BOTH. , #2798 ) ;
#9031 = ORIENTED_EDGE ( 'NONE', *, *, #7871, .F. ) ;
#9032 = ORIENTED_EDGE ( 'NONE', *, *, #6906, .F. ) ;
#9033 = VECTOR ( 'NONE', #6830, 1000.000000000000000 ) ;
#9034 = CARTESIAN_POINT ( 'NONE',  ( 6.049999999999914557, 11.05015568775049140, -3.497634369283794342 ) ) ;
#9035 = DIRECTION ( 'NONE',  ( 0.000000000000000000, 0.000000000000000000, 1.000000000000000000 ) ) ;
#9036 = COLOUR_RGB ( '',0.7764705882352941346, 0.7568627450980391913, 0.7372549019607843590 ) ;
#9037 = SURFACE_STYLE_FILL_AREA ( #6039 ) ;
#9038 = EDGE_CURVE ( 'NONE', #7601, #8742, #4417, .T. ) ;
#9039 =( GEOMETRIC_REPRESENTATION_CONTEXT ( 3 ) GLOBAL_UNCERTAINTY_ASSIGNED_CONTEXT ( ( #3128 ) ) GLOBAL_UNIT_ASSIGNED_CONTEXT ( ( #7423, #3657, #7971 ) ) REPRESENTATION_CONTEXT ( 'NONE', 'WORKASPACE' ) );
#9040 = PRESENTATION_LAYER_ASSIGNMENT (  '', '', ( #1966 ) ) ;
#9041 = CARTESIAN_POINT ( 'NONE',  ( 5.549999999999998934, 6.000000000000000000, 0.000000000000000000 ) ) ;
#9042 = ORIENTED_EDGE ( 'NONE', *, *, #7103, .T. ) ;
#9043 = FILL_AREA_STYLE ('',( #6808 ) ) ;
#9044 = ORIENTED_EDGE ( 'NONE', *, *, #7035, .F. ) ;
#9045 = PRESENTATION_STYLE_ASSIGNMENT (( #3039 ) ) ;
#9046 = VECTOR ( 'NONE', #5442, 1000.000000000000000 ) ;
#9047 = COLOUR_RGB ( '',0.7764705882352941346, 0.7568627450980391913, 0.7372549019607843590 ) ;
#9048 = FACE_OUTER_BOUND ( 'NONE', #8502, .T. ) ;
#9049 = ADVANCED_FACE ( 'NONE', ( #6998 ), #8641, .T. ) ;
#9050 = SURFACE_SIDE_STYLE ('',( #832 ) ) ;
#9051 = UNCERTAINTY_MEASURE_WITH_UNIT (LENGTH_MEASURE( 1.000000000000000082E-05 ), #4113, 'distance_accuracy_value', 'NONE');
#9052 = SURFACE_STYLE_FILL_AREA ( #4691 ) ;
#9053 = STYLED_ITEM ( 'NONE', ( #3724 ), #2510 ) ;
#9054 = DIRECTION ( 'NONE',  ( 0.000000000000000000, 0.000000000000000000, 1.000000000000000000 ) ) ;
#9055 = EDGE_LOOP ( 'NONE', ( #6669, #7105, #3023, #6679 ) ) ;
#9056 = DIRECTION ( 'NONE',  ( 1.000000000000000000, 0.000000000000000000, 0.000000000000000000 ) ) ;
#9057 = SURFACE_STYLE_FILL_AREA ( #840 ) ;
#9058 = AXIS2_PLACEMENT_3D ( 'NONE', #5251, #8184, #2971 ) ;
#9059 = VERTEX_POINT ( 'NONE', #5641 ) ;
#9060 = SURFACE_STYLE_FILL_AREA ( #7477 ) ;
#9061 = CARTESIAN_POINT ( 'NONE',  ( 0.9129125731638052521, 15.49999999999999467, -3.400509036328724921 ) ) ;
#9062 = EDGE_CURVE ( 'NONE', #3349, #3642, #7231, .T. ) ;
#9063 = COLOUR_RGB ( '',0.1058823529411764691, 0.6352941176470587870, 0.9411764705882352811 ) ;
#9064 = SURFACE_STYLE_FILL_AREA ( #7666 ) ;
#9065 =( NAMED_UNIT ( * ) PLANE_ANGLE_UNIT ( ) SI_UNIT ( $, .RADIAN. ) );
#9066 = VERTEX_POINT ( 'NONE', #976 ) ;
#9067 = FACE_OUTER_BOUND ( 'NONE', #5498, .T. ) ;
#9068 = AXIS2_PLACEMENT_3D ( 'NONE', #6369, #7098, #3257 ) ;
#9069 = DIRECTION ( 'NONE',  ( 1.000000000000000000, 0.000000000000000000, -0.000000000000000000 ) ) ;
#9070 = DIRECTION ( 'NONE',  ( -1.000000000000000000, -0.000000000000000000, -0.000000000000000000 ) ) ;
#9071 = STYLED_ITEM ( 'NONE', ( #4924 ), #203 ) ;
#9072 =( NAMED_UNIT ( * ) PLANE_ANGLE_UNIT ( ) SI_UNIT ( $, .RADIAN. ) );
#9073 = DIRECTION ( 'NONE',  ( 0.000000000000000000, 0.000000000000000000, 1.000000000000000000 ) ) ;
#9074 = FACE_OUTER_BOUND ( 'NONE', #5087, .T. ) ;
#9075 = SURFACE_STYLE_USAGE ( .BOTH. , #3638 ) ;
#9076 = AXIS2_PLACEMENT_3D ( 'NONE', #7658, #934, #8724 ) ;
#9077 =( LENGTH_UNIT ( ) NAMED_UNIT ( * ) SI_UNIT ( .MILLI., .METRE. ) );
#9078 = ORIENTED_EDGE ( 'NONE', *, *, #4280, .T. ) ;
#9079 = COLOUR_RGB ( '',0.1058823529411764691, 0.6352941176470587870, 0.9411764705882352811 ) ;
#9080 = ORIENTED_EDGE ( 'NONE', *, *, #3967, .F. ) ;
#9081 = EDGE_CURVE ( 'NONE', #5984, #4594, #7081, .T. ) ;
#9082 = SURFACE_SIDE_STYLE ('',( #6132 ) ) ;
#9083 =( NAMED_UNIT ( * ) SI_UNIT ( $, .STERADIAN. ) SOLID_ANGLE_UNIT ( ) );
#9084 = CYLINDRICAL_SURFACE ( 'NONE', #7846, 1.100000000000000311 ) ;
#9085 =( NAMED_UNIT ( * ) PLANE_ANGLE_UNIT ( ) SI_UNIT ( $, .RADIAN. ) );
#9086 = VERTEX_POINT ( 'NONE', #332 ) ;
#9087 = DIRECTION ( 'NONE',  ( 0.000000000000000000, 1.000000000000000000, 0.000000000000000000 ) ) ;
#9088 = ORIENTED_EDGE ( 'NONE', *, *, #2868, .F. ) ;
#9089 = EDGE_CURVE ( 'NONE', #2027, #2763, #8970, .T. ) ;
#9090 = UNCERTAINTY_MEASURE_WITH_UNIT (LENGTH_MEASURE( 1.000000000000000082E-05 ), #4490, 'distance_accuracy_value', 'NONE');
#9091 = EDGE_CURVE ( 'NONE', #7956, #2006, #2500, .T. ) ;
#9092 = CARTESIAN_POINT ( 'NONE',  ( 5.549999999999998934, -10.69999999999999929, -10.75000000000000000 ) ) ;
#9093 = CYLINDRICAL_SURFACE ( 'NONE', #4684, 2.299999999999998046 ) ;
#9094 = COLOUR_RGB ( '',0.7764705882352941346, 0.7568627450980391913, 0.7372549019607843590 ) ;
#9095 = CARTESIAN_POINT ( 'NONE',  ( 1.502485414192142432, 15.49999999999999467, -6.429322312143376017 ) ) ;
#9096 = SPHERICAL_SURFACE ( 'NONE', #6368, 0.5000000000000000000 ) ;
#9097 = MECHANICAL_DESIGN_GEOMETRIC_PRESENTATION_REPRESENTATION (  '', ( #2820 ), #777 ) ;
#9098 = SURFACE_STYLE_USAGE ( .BOTH. , #7558 ) ;
#9099 = EDGE_LOOP ( 'NONE', ( #9411, #9000, #5533, #9111, #950, #2519, #4725, #510, #4592, #2204, #9424, #9366, #6757, #3391, #8491 ) ) ;
#9100 = CARTESIAN_POINT ( 'NONE',  ( 6.049999999999999822, 10.69999999999999929, -10.75000000000000000 ) ) ;
#9101 = DIRECTION ( 'NONE',  ( 0.000000000000000000, 1.000000000000000000, 0.000000000000000000 ) ) ;
#9102 = VERTEX_POINT ( 'NONE', #4828 ) ;
#9103 = EDGE_CURVE ( 'NONE', #7602, #8070, #8646, .T. ) ;
#9104 = PRESENTATION_LAYER_ASSIGNMENT (  '', '', ( #3620 ) ) ;
#9105 = LINE ( 'NONE', #2377, #6670 ) ;
#9106 = COLOUR_RGB ( '',0.1058823529411764691, 0.6352941176470587870, 0.9411764705882352811 ) ;
#9107 = AXIS2_PLACEMENT_3D ( 'NONE', #1029, #1072, #7753 ) ;
#9108 = FILL_AREA_STYLE_COLOUR ( '', #9326 ) ;
#9109 = SURFACE_STYLE_USAGE ( .BOTH. , #1498 ) ;
#9110 = CARTESIAN_POINT ( 'NONE',  ( 1.058647331648755019, 15.49999999999999467, -6.815350961629703441 ) ) ;
#9111 = ORIENTED_EDGE ( 'NONE', *, *, #1014, .T. ) ;
#9112 = CARTESIAN_POINT ( 'NONE',  ( -1.000000000000000000, 7.500000000000000000, 16.15000000000000213 ) ) ;
#9113 = DIRECTION ( 'NONE',  ( 0.000000000000000000, 1.000000000000000000, -0.000000000000000000 ) ) ;
#9114 = EDGE_CURVE ( 'NONE', #1967, #1253, #2047, .T. ) ;
#9115 = VECTOR ( 'NONE', #5621, 1000.000000000000000 ) ;
#9116 = STYLED_ITEM ( 'NONE', ( #7740 ), #8972 ) ;
#9117 =( NAMED_UNIT ( * ) SI_UNIT ( $, .STERADIAN. ) SOLID_ANGLE_UNIT ( ) );
#9118 = MECHANICAL_DESIGN_GEOMETRIC_PRESENTATION_REPRESENTATION (  '', ( #3159 ), #7859 ) ;
#9119 = CARTESIAN_POINT ( 'NONE',  ( 5.549999999999998934, -10.69999999999999929, -10.75000000000000000 ) ) ;
#9120 = CARTESIAN_POINT ( 'NONE',  ( 0.5000000000000027756, 5.500000000000001776, 14.82979589711326440 ) ) ;
#9121 = DIRECTION ( 'NONE',  ( 0.000000000000000000, 0.000000000000000000, -1.000000000000000000 ) ) ;
#9122 = SURFACE_STYLE_USAGE ( .BOTH. , #5382 ) ;
#9123 = AXIS2_PLACEMENT_3D ( 'NONE', #714, #7534, #9073 ) ;
#9124 = COLOUR_RGB ( '',0.7764705882352941346, 0.7568627450980391913, 0.7372549019607843590 ) ;
#9125 = FILL_AREA_STYLE_COLOUR ( '', #9012 ) ;
#9126 = CARTESIAN_POINT ( 'NONE',  ( -6.150000000000000355, -2.124999999999999112, -1.734723475976807094E-15 ) ) ;
#9127 = ORIENTED_EDGE ( 'NONE', *, *, #6672, .T. ) ;
#9128 = ADVANCED_FACE ( 'NONE', ( #4041 ), #7041, .T. ) ;
#9129 = ORIENTED_EDGE ( 'NONE', *, *, #5843, .F. ) ;
#9130 = AXIS2_PLACEMENT_3D ( 'NONE', #1751, #8496, #3318 ) ;
#9131 = MECHANICAL_DESIGN_GEOMETRIC_PRESENTATION_REPRESENTATION (  '', ( #9622 ), #1115 ) ;
#9132 = UNCERTAINTY_MEASURE_WITH_UNIT (LENGTH_MEASURE( 1.000000000000000082E-05 ), #6730, 'distance_accuracy_value', 'NONE');
#9133 = ORIENTED_EDGE ( 'NONE', *, *, #7548, .F. ) ;
#9134 = ORIENTED_EDGE ( 'NONE', *, *, #8937, .T. ) ;
#9135 = CARTESIAN_POINT ( 'NONE',  ( 0.5000000000000004441, 5.500000000000000888, -15.64999999999999325 ) ) ;
#9136 = VECTOR ( 'NONE', #5314, 1000.000000000000000 ) ;
#9137 = PLANE ( 'NONE',  #1532 ) ;
#9138 = CARTESIAN_POINT ( 'NONE',  ( -7.296957046373735484E-16, 18.49999999999999645, -5.150000000000000355 ) ) ;
#9139 = UNCERTAINTY_MEASURE_WITH_UNIT (LENGTH_MEASURE( 1.000000000000000082E-05 ), #3925, 'distance_accuracy_value', 'NONE');
#9140 = EDGE_CURVE ( 'NONE', #3744, #2573, #5117, .T. ) ;
#9141 = CARTESIAN_POINT ( 'NONE',  ( 0.000000000000000000, 11.19999999999999929, 0.8500000000000000888 ) ) ;
#9142 = FILL_AREA_STYLE ('',( #3530 ) ) ;
#9143 = LINE ( 'NONE', #6867, #5415 ) ;
#9144 = SURFACE_SIDE_STYLE ('',( #3145 ) ) ;
#9145 = ORIENTED_EDGE ( 'NONE', *, *, #9331, .T. ) ;
#9146 = DIRECTION ( 'NONE',  ( -1.000000000000000000, -0.000000000000000000, -0.000000000000000000 ) ) ;
#9147 = ORIENTED_EDGE ( 'NONE', *, *, #8836, .T. ) ;
#9148 = SURFACE_STYLE_USAGE ( .BOTH. , #9203 ) ;
#9149 = AXIS2_PLACEMENT_3D ( 'NONE', #4154, #6269, #7019 ) ;
#9150 = PRESENTATION_LAYER_ASSIGNMENT (  '', '', ( #6171 ) ) ;
#9151 = DIRECTION ( 'NONE',  ( 1.000000000000000000, 0.000000000000000000, 0.000000000000000000 ) ) ;
#9152 =( GEOMETRIC_REPRESENTATION_CONTEXT ( 3 ) GLOBAL_UNCERTAINTY_ASSIGNED_CONTEXT ( ( #6859 ) ) GLOBAL_UNIT_ASSIGNED_CONTEXT ( ( #2944, #8904, #8154 ) ) REPRESENTATION_CONTEXT ( 'NONE', 'WORKASPACE' ) );
#9153 = EDGE_CURVE ( 'NONE', #634, #8040, #2835, .T. ) ;
#9154 = CYLINDRICAL_SURFACE ( 'NONE', #8535, 0.5000000000000004441 ) ;
#9155 = PRESENTATION_STYLE_ASSIGNMENT (( #9109 ) ) ;
#9156 = VECTOR ( 'NONE', #1244, 1000.000000000000000 ) ;
#9157 = DIRECTION ( 'NONE',  ( 0.000000000000000000, 1.000000000000000000, 0.000000000000000000 ) ) ;
#9158 = VERTEX_POINT ( 'NONE', #3688 ) ;
#9159 = LINE ( 'NONE', #6876, #9365 ) ;
#9160 = CARTESIAN_POINT ( 'NONE',  ( 0.4591195798372788572, 18.49999999999999645, -7.403710099238593578 ) ) ;
#9161 = AXIS2_PLACEMENT_3D ( 'NONE', #1121, #7855, #2507 ) ;
#9162 = UNCERTAINTY_MEASURE_WITH_UNIT (LENGTH_MEASURE( 1.000000000000000082E-05 ), #3835, 'distance_accuracy_value', 'NONE');
#9163 = DIRECTION ( 'NONE',  ( 1.000000000000000000, 0.000000000000000000, 0.000000000000000000 ) ) ;
#9164 = LINE ( 'NONE', #1599, #4039 ) ;
#9165 = DIRECTION ( 'NONE',  ( 0.000000000000000000, 1.000000000000000000, 0.000000000000000000 ) ) ;
#9166 = EDGE_CURVE ( 'NONE', #1722, #4594, #4969, .T. ) ;
#9167 = STYLED_ITEM ( 'NONE', ( #9155 ), #2152 ) ;
#9168 = DIRECTION ( 'NONE',  ( 0.5633200580636229526, 0.000000000000000000, -0.8262387743159942399 ) ) ;
#9169 = COLOUR_RGB ( '',0.7764705882352941346, 0.7568627450980391913, 0.7372549019607843590 ) ;
#9170 = DIRECTION ( 'NONE',  ( 0.000000000000000000, 0.000000000000000000, -1.000000000000000000 ) ) ;
#9171 = ORIENTED_EDGE ( 'NONE', *, *, #7360, .F. ) ;
#9172 = AXIS2_PLACEMENT_3D ( 'NONE', #1980, #7827, #9581 ) ;
#9173 = ORIENTED_EDGE ( 'NONE', *, *, #1399, .T. ) ;
#9174 =( LENGTH_UNIT ( ) NAMED_UNIT ( * ) SI_UNIT ( .MILLI., .METRE. ) );
#9175 = CARTESIAN_POINT ( 'NONE',  ( 6.049999999999999822, 10.69999999999999929, -2.741681084241545996 ) ) ;
#9176 = AXIS2_PLACEMENT_3D ( 'NONE', #8654, #1914, #7667 ) ;
#9177 = DIRECTION ( 'NONE',  ( 1.000000000000000000, 0.000000000000000000, -0.000000000000000000 ) ) ;
#9178 = FACE_OUTER_BOUND ( 'NONE', #2594, .T. ) ;
#9179 = EDGE_CURVE ( 'NONE', #7051, #5925, #2833, .T. ) ;
#9180 =( GEOMETRIC_REPRESENTATION_CONTEXT ( 3 ) GLOBAL_UNCERTAINTY_ASSIGNED_CONTEXT ( ( #6265 ) ) GLOBAL_UNIT_ASSIGNED_CONTEXT ( ( #1640, #7623, #2429 ) ) REPRESENTATION_CONTEXT ( 'NONE', 'WORKASPACE' ) );
#9181 = FILL_AREA_STYLE_COLOUR ( '', #7294 ) ;
#9182 = CIRCLE ( 'NONE', #1952, 0.5000000000000004441 ) ;
#9183 = ORIENTED_EDGE ( 'NONE', *, *, #9103, .T. ) ;
#9184 = COLOUR_RGB ( '',0.7764705882352941346, 0.7568627450980391913, 0.7372549019607843590 ) ;
#9185 = CARTESIAN_POINT ( 'NONE',  ( -2.708787466966126711, 15.28349514346574267, 0.1681123405571809670 ) ) ;
#9186 = ORIENTED_EDGE ( 'NONE', *, *, #629, .T. ) ;
#9187 = UNCERTAINTY_MEASURE_WITH_UNIT (LENGTH_MEASURE( 1.000000000000000082E-05 ), #4955, 'distance_accuracy_value', 'NONE');
#9188 = PLANE ( 'NONE',  #3088 ) ;
#9189 = AXIS2_PLACEMENT_3D ( 'NONE', #2326, #4591, #4647 ) ;
#9190 = MECHANICAL_DESIGN_GEOMETRIC_PRESENTATION_REPRESENTATION (  '', ( #6704 ), #712 ) ;
#9191 = COLOUR_RGB ( '',0.1058823529411764691, 0.6352941176470587870, 0.9411764705882352811 ) ;
#9192 = PRESENTATION_STYLE_ASSIGNMENT (( #9348 ) ) ;
#9193 = CARTESIAN_POINT ( 'NONE',  ( -7.296957046373735484E-16, 18.49999999999999645, -5.150000000000000355 ) ) ;
#9194 = PRESENTATION_STYLE_ASSIGNMENT (( #4270 ) ) ;
#9195 = COLOUR_RGB ( '',0.7764705882352941346, 0.7568627450980391913, 0.7372549019607843590 ) ;
#9196 = CARTESIAN_POINT ( 'NONE',  ( -1.286832269749423885, 15.49999999999999467, -6.477728778603351500 ) ) ;
#9197 =( NAMED_UNIT ( * ) SI_UNIT ( $, .STERADIAN. ) SOLID_ANGLE_UNIT ( ) );
#9198 = ORIENTED_EDGE ( 'NONE', *, *, #149, .F. ) ;
#9199 = CARTESIAN_POINT ( 'NONE',  ( 2.708788424715588672, 15.28349383494521163, 0.1681127768677375678 ) ) ;
#9200 =( NAMED_UNIT ( * ) PLANE_ANGLE_UNIT ( ) SI_UNIT ( $, .RADIAN. ) );
#9201 = ORIENTED_EDGE ( 'NONE', *, *, #8564, .F. ) ;
#9202 = MECHANICAL_DESIGN_GEOMETRIC_PRESENTATION_REPRESENTATION (  '', ( #5132 ), #8843 ) ;
#9203 = SURFACE_SIDE_STYLE ('',( #9060 ) ) ;
#9204 = COLOUR_RGB ( '',0.1058823529411764691, 0.6352941176470587870, 0.9411764705882352811 ) ;
#9205 = EDGE_CURVE ( 'NONE', #8320, #8114, #3067, .T. ) ;
#9206 = FACE_OUTER_BOUND ( 'NONE', #6901, .T. ) ;
#9207 = AXIS2_PLACEMENT_3D ( 'NONE', #4365, #3671, #8182 ) ;
#9208 = CARTESIAN_POINT ( 'NONE',  ( -1.100000000000000089, -7.074999999999999289, -11.75000000000000178 ) ) ;
#9209 = CARTESIAN_POINT ( 'NONE',  ( -0.4999999999999995559, 5.500000000000000888, -15.64999999999999325 ) ) ;
#9210 = ORIENTED_EDGE ( 'NONE', *, *, #6243, .F. ) ;
#9211 = CARTESIAN_POINT ( 'NONE',  ( -5.549999999999998934, -10.69999999999999929, 10.74999999999999822 ) ) ;
#9212 = PLANE ( 'NONE',  #9410 ) ;
#9213 = CARTESIAN_POINT ( 'NONE',  ( -5.549999999999998934, 10.69999999999999751, -7.558318915758460044 ) ) ;
#9214 = CARTESIAN_POINT ( 'NONE',  ( 0.4591195798372465497, 18.49999999999999645, -2.896289900761399583 ) ) ;
#9215 = UNCERTAINTY_MEASURE_WITH_UNIT (LENGTH_MEASURE( 1.000000000000000082E-05 ), #4047, 'distance_accuracy_value', 'NONE');
#9216 =( LENGTH_UNIT ( ) NAMED_UNIT ( * ) SI_UNIT ( .MILLI., .METRE. ) );
#9217 = EDGE_CURVE ( 'NONE', #5347, #1572, #7538, .T. ) ;
#9218 = CARTESIAN_POINT ( 'NONE',  ( -33.59650613054222390, -9.199999999999999289, 10.24999999999999822 ) ) ;
#9219 = STYLED_ITEM ( 'NONE', ( #6782 ), #4562 ) ;
#9220 =( LENGTH_UNIT ( ) NAMED_UNIT ( * ) SI_UNIT ( .MILLI., .METRE. ) );
#9221 = PRESENTATION_STYLE_ASSIGNMENT (( #6841 ) ) ;
#9222 = PRESENTATION_LAYER_ASSIGNMENT (  '', '', ( #5158 ) ) ;
#9223 = CARTESIAN_POINT ( 'NONE',  ( 1.962079626208466321, 15.49999999999999467, -4.939354471621991038 ) ) ;
#9224 = FILL_AREA_STYLE_COLOUR ( '', #1463 ) ;
#9225 = CARTESIAN_POINT ( 'NONE',  ( -7.296957046373735484E-16, 18.49999999999999645, -5.150000000000000355 ) ) ;
#9226 = CARTESIAN_POINT ( 'NONE',  ( 5.549999999999998934, -10.69999999999999929, 11.24999999999999822 ) ) ;
#9227 = ORIENTED_EDGE ( 'NONE', *, *, #4250, .F. ) ;
#9228 = CLOSED_SHELL ( 'NONE', ( #1707, #8685, #2980, #2046, #4896, #1810, #9368, #4069, #4861, #7255, #6883, #7772, #4484, #2709, #4585, #6331, #2152, #8481, #9613, #3970, #5923, #4449, #5601, #2343, #2426, #6596, #4672, #3380, #3012, #2752, #7605, #854, #4125, #96, #6220, #8101, #6473, #6137, #9402, #3172, #1040, #7812, #867, #6751, #7077, #5416, #2139, #2059, #8450, #7701, #4475, #2164, #1539, #3124, #1727, #1602, #5428, #2071, #3575, #945, #2958, #8222, #3450, #9425, #8405, #8364, #9231, #1657, #3245, #8972, #8772, #6639, #375, #7536, #1697, #4988, #1857, #3393, #2916, #7091, #6898, #3958, #1232, #9049, #6096, #1581, #1893 ) ) ;
#9229 = ORIENTED_EDGE ( 'NONE', *, *, #1147, .F. ) ;
#9230 = LINE ( 'NONE', #8536, #1899 ) ;
#9231 = ADVANCED_FACE ( 'NONE', ( #1601 ), #5979, .T. ) ;
#9232 = SURFACE_SIDE_STYLE ('',( #1658 ) ) ;
#9233 = FILL_AREA_STYLE_COLOUR ( '', #6548 ) ;
#9234 = UNCERTAINTY_MEASURE_WITH_UNIT (LENGTH_MEASURE( 1.000000000000000082E-05 ), #6597, 'distance_accuracy_value', 'NONE');
#9235 = UNCERTAINTY_MEASURE_WITH_UNIT (LENGTH_MEASURE( 1.000000000000000082E-05 ), #7197, 'distance_accuracy_value', 'NONE');
#9236 = AXIS2_PLACEMENT_3D ( 'NONE', #11, #4595, #5327 ) ;
#9237 = PLANE ( 'NONE',  #4800 ) ;
#9238 = ORIENTED_EDGE ( 'NONE', *, *, #7489, .F. ) ;
#9239 = CARTESIAN_POINT ( 'NONE',  ( -2.803180875801798422, 15.07759800325786159, 0.2114062499999997957 ) ) ;
#9240 = VERTEX_POINT ( 'NONE', #7495 ) ;
#9241 = EDGE_CURVE ( 'NONE', #6227, #8114, #1150, .T. ) ;
#9242 = DIRECTION ( 'NONE',  ( 0.000000000000000000, 1.000000000000000000, 0.000000000000000000 ) ) ;
#9243 = CARTESIAN_POINT ( 'NONE',  ( 3.469446951953614189E-15, 5.500000000000001776, -13.84999999999999964 ) ) ;
#9244 = CARTESIAN_POINT ( 'NONE',  ( -0.5064307167314421321, 15.49999999999999467, -6.928293825314275622 ) ) ;
#9245 = DIRECTION ( 'NONE',  ( 0.000000000000000000, 0.000000000000000000, 1.000000000000000000 ) ) ;
#9246 = CARTESIAN_POINT ( 'NONE',  ( -7.296957046373735484E-16, 15.49999999999999467, -5.150000000000000355 ) ) ;
#9247 = FILL_AREA_STYLE_COLOUR ( '', #5554 ) ;
#9248 = SURFACE_STYLE_FILL_AREA ( #6148 ) ;
#9249 = ORIENTED_EDGE ( 'NONE', *, *, #7113, .T. ) ;
#9250 = LINE ( 'NONE', #1630, #2207 ) ;
#9251 =( GEOMETRIC_REPRESENTATION_CONTEXT ( 3 ) GLOBAL_UNCERTAINTY_ASSIGNED_CONTEXT ( ( #432 ) ) GLOBAL_UNIT_ASSIGNED_CONTEXT ( ( #553, #5816, #5859 ) ) REPRESENTATION_CONTEXT ( 'NONE', 'WORKASPACE' ) );
#9252 = ORIENTED_EDGE ( 'NONE', *, *, #3279, .T. ) ;
#9253 = FILL_AREA_STYLE ('',( #2552 ) ) ;
#9254 = EDGE_CURVE ( 'NONE', #7327, #5303, #3923, .T. ) ;
#9255 = DIRECTION ( 'NONE',  ( 0.000000000000000000, -1.000000000000000000, 0.000000000000000000 ) ) ;
#9256 = AXIS2_PLACEMENT_3D ( 'NONE', #494, #2112, #4332 ) ;
#9257 = UNCERTAINTY_MEASURE_WITH_UNIT (LENGTH_MEASURE( 1.000000000000000082E-05 ), #4864, 'distance_accuracy_value', 'NONE');
#9258 =( NAMED_UNIT ( * ) SI_UNIT ( $, .STERADIAN. ) SOLID_ANGLE_UNIT ( ) );
#9259 = ORIENTED_EDGE ( 'NONE', *, *, #7236, .T. ) ;
#9260 = CARTESIAN_POINT ( 'NONE',  ( -6.049999999999999822, 10.69999999999999929, -10.75000000000000000 ) ) ;
#9261 = DIRECTION ( 'NONE',  ( 0.000000000000000000, -0.000000000000000000, -1.000000000000000000 ) ) ;
#9262 = COLOUR_RGB ( '',0.1058823529411764691, 0.6352941176470587870, 0.9411764705882352811 ) ;
#9263 = CARTESIAN_POINT ( 'NONE',  ( -6.150000000000000355, 3.500000000000000444, -10.00000000000000178 ) ) ;
#9264 = DIRECTION ( 'NONE',  ( 0.000000000000000000, 0.000000000000000000, 1.000000000000000000 ) ) ;
#9265 = DIRECTION ( 'NONE',  ( 0.000000000000000000, 1.000000000000000000, 0.000000000000000000 ) ) ;
#9266 = CARTESIAN_POINT ( 'NONE',  ( -0.4999999999999998890, 5.500000000000001776, -15.09899959967967575 ) ) ;
#9267 = STYLED_ITEM ( 'NONE', ( #2435 ), #7302 ) ;
#9268 = EDGE_CURVE ( 'NONE', #4981, #4890, #4424, .T. ) ;
#9269 = AXIS2_PLACEMENT_3D ( 'NONE', #4218, #4319, #475 ) ;
#9270 = CARTESIAN_POINT ( 'NONE',  ( -2.181329988624807648, 16.99999999999999289, -4.420754169894614449 ) ) ;
#9271 = CYLINDRICAL_SURFACE ( 'NONE', #60, 1.848999999999999977 ) ;
#9272 = AXIS2_PLACEMENT_3D ( 'NONE', #2674, #426, #8543 ) ;
#9273 = LINE ( 'NONE', #217, #5640 ) ;
#9274 = ORIENTED_EDGE ( 'NONE', *, *, #9026, .T. ) ;
#9275 = ORIENTED_EDGE ( 'NONE', *, *, #9166, .F. ) ;
#9276 = CARTESIAN_POINT ( 'NONE',  ( 5.549999999999998934, -10.69999999999999929, 10.74999999999999645 ) ) ;
#9277 = SURFACE_STYLE_FILL_AREA ( #2578 ) ;
#9278 = EDGE_CURVE ( 'NONE', #8440, #1860, #6794, .T. ) ;
#9279 = CARTESIAN_POINT ( 'NONE',  ( -6.049999999999999822, 0.000000000000000000, 0.000000000000000000 ) ) ;
#9280 = ORIENTED_EDGE ( 'NONE', *, *, #4597, .F. ) ;
#9281 = ORIENTED_EDGE ( 'NONE', *, *, #4608, .T. ) ;
#9282 = PRESENTATION_LAYER_ASSIGNMENT (  '', '', ( #3796 ) ) ;
#9283 = PLANE ( 'NONE',  #6164 ) ;
#9284 = SURFACE_STYLE_FILL_AREA ( #3328 ) ;
#9285 = CARTESIAN_POINT ( 'NONE',  ( 5.549999999999998934, 10.69999999999999929, -10.75000000000000000 ) ) ;
#9286 = SURFACE_STYLE_FILL_AREA ( #6293 ) ;
#9287 = CARTESIAN_POINT ( 'NONE',  ( -7.296957046373735484E-16, 28.49999999999999645, -5.150000000000000355 ) ) ;
#9288 = SURFACE_STYLE_FILL_AREA ( #7655 ) ;
#9289 = STYLED_ITEM ( 'NONE', ( #7407 ), #6898 ) ;
#9290 = EDGE_CURVE ( 'NONE', #2445, #6191, #9616, .T. ) ;
#9291 = DIRECTION ( 'NONE',  ( -0.000000000000000000, 1.000000000000000000, -0.000000000000000000 ) ) ;
#9292 = DIRECTION ( 'NONE',  ( 1.000000000000000000, 0.000000000000000000, 0.000000000000000000 ) ) ;
#9293 = SURFACE_STYLE_USAGE ( .BOTH. , #4833 ) ;
#9294 = ORIENTED_EDGE ( 'NONE', *, *, #6965, .T. ) ;
#9295 = CARTESIAN_POINT ( 'NONE',  ( -5.694942117854646213, 11.19999999949837921, -7.201856971925068684 ) ) ;
#9296 = LINE ( 'NONE', #6252, #4543 ) ;
#9297 = EDGE_LOOP ( 'NONE', ( #7187, #2876, #5945, #8241 ) ) ;
#9298 = DIRECTION ( 'NONE',  ( 0.000000000000000000, 1.000000000000000000, 0.000000000000000000 ) ) ;
#9299 = STYLED_ITEM ( 'NONE', ( #9045 ), #1857 ) ;
#9300 =( LENGTH_UNIT ( ) NAMED_UNIT ( * ) SI_UNIT ( .MILLI., .METRE. ) );
#9301 = EDGE_CURVE ( 'NONE', #3642, #9338, #6748, .T. ) ;
#9302 = COLOUR_RGB ( '',0.1058823529411764691, 0.6352941176470587870, 0.9411764705882352811 ) ;
#9303 = CARTESIAN_POINT ( 'NONE',  ( -7.296957046373735484E-16, 18.49999999999999645, -5.150000000000000355 ) ) ;
#9304 = PRESENTATION_STYLE_ASSIGNMENT (( #1133 ) ) ;
#9305 = ORIENTED_EDGE ( 'NONE', *, *, #3135, .F. ) ;
#9306 = DIRECTION ( 'NONE',  ( 1.000000000000000000, 0.000000000000000000, 0.000000000000000000 ) ) ;
#9307 =( NAMED_UNIT ( * ) PLANE_ANGLE_UNIT ( ) SI_UNIT ( $, .RADIAN. ) );
#9308 = SURFACE_STYLE_FILL_AREA ( #1240 ) ;
#9309 = EDGE_CURVE ( 'NONE', #3781, #3472, #9737, .T. ) ;
#9310 = UNCERTAINTY_MEASURE_WITH_UNIT (LENGTH_MEASURE( 1.000000000000000082E-05 ), #8084, 'distance_accuracy_value', 'NONE');
#9311 = PRESENTATION_LAYER_ASSIGNMENT (  '', '', ( #2546 ) ) ;
#9312 = MECHANICAL_DESIGN_GEOMETRIC_PRESENTATION_REPRESENTATION (  '', ( #6171 ), #3338 ) ;
#9313 = AXIS2_PLACEMENT_3D ( 'NONE', #6543, #7216, #8780 ) ;
#9314 = AXIS2_PLACEMENT_3D ( 'NONE', #3651, #4389, #8652 ) ;
#9315 = VECTOR ( 'NONE', #1344, 1000.000000000000000 ) ;
#9316 = VECTOR ( 'NONE', #2425, 1000.000000000000000 ) ;
#9317 = DIRECTION ( 'NONE',  ( -0.8660254037844432595, 0.000000000000000000, 0.4999999999999921174 ) ) ;
#9318 = SURFACE_STYLE_USAGE ( .BOTH. , #7932 ) ;
#9319 = MECHANICAL_DESIGN_GEOMETRIC_PRESENTATION_REPRESENTATION (  '', ( #4783 ), #7422 ) ;
#9320 = AXIS2_PLACEMENT_3D ( 'NONE', #7532, #708, #4509 ) ;
#9321 = CARTESIAN_POINT ( 'NONE',  ( -6.049999999999999822, 6.000000000000000000, 16.15000000000000213 ) ) ;
#9322 = CARTESIAN_POINT ( 'NONE',  ( -2.299368599416795167, 18.49999999999999645, -5.203889182736837427 ) ) ;
#9323 = SURFACE_SIDE_STYLE ('',( #2572 ) ) ;
#9324 = ORIENTED_EDGE ( 'NONE', *, *, #5074, .T. ) ;
#9325 = ORIENTED_EDGE ( 'NONE', *, *, #5015, .F. ) ;
#9326 = COLOUR_RGB ( '',0.1058823529411764691, 0.6352941176470587870, 0.9411764705882352811 ) ;
#9327 =( LENGTH_UNIT ( ) NAMED_UNIT ( * ) SI_UNIT ( .MILLI., .METRE. ) );
#9328 = MECHANICAL_DESIGN_GEOMETRIC_PRESENTATION_REPRESENTATION (  '', ( #2562 ), #843 ) ;
#9329 = VECTOR ( 'NONE', #6322, 1000.000000000000000 ) ;
#9330 = DIRECTION ( 'NONE',  ( -0.000000000000000000, 1.000000000000000000, -0.000000000000000000 ) ) ;
#9331 = EDGE_CURVE ( 'NONE', #1709, #5510, #4897, .T. ) ;
#9332 = PRESENTATION_LAYER_ASSIGNMENT (  '', '', ( #1743 ) ) ;
#9333 =( LENGTH_UNIT ( ) NAMED_UNIT ( * ) SI_UNIT ( .MILLI., .METRE. ) );
#9334 = UNCERTAINTY_MEASURE_WITH_UNIT (LENGTH_MEASURE( 1.000000000000000082E-05 ), #850, 'distance_accuracy_value', 'NONE');
#9335 = PRESENTATION_LAYER_ASSIGNMENT (  '', '', ( #376 ) ) ;
#9336 = PLANE ( 'NONE',  #7930 ) ;
#9337 = AXIS2_PLACEMENT_3D ( 'NONE', #3520, #5728, #2078 ) ;
#9338 = VERTEX_POINT ( 'NONE', #5378 ) ;
#9339 =( LENGTH_UNIT ( ) NAMED_UNIT ( * ) SI_UNIT ( .MILLI., .METRE. ) );
#9340 = COLOUR_RGB ( '',0.7764705882352941346, 0.7568627450980391913, 0.7372549019607843590 ) ;
#9341 = EDGE_LOOP ( 'NONE', ( #8926, #6940, #9545, #1437 ) ) ;
#9342 =( NAMED_UNIT ( * ) PLANE_ANGLE_UNIT ( ) SI_UNIT ( $, .RADIAN. ) );
#9343 = FILL_AREA_STYLE_COLOUR ( '', #2297 ) ;
#9344 = CARTESIAN_POINT ( 'NONE',  ( -7.296957046373735484E-16, 18.49999999999999645, -5.150000000000000355 ) ) ;
#9345 = EDGE_CURVE ( 'NONE', #4051, #6656, #7856, .T. ) ;
#9346 = DIRECTION ( 'NONE',  ( -0.000000000000000000, 1.000000000000000000, -0.000000000000000000 ) ) ;
#9347 = AXIS2_PLACEMENT_3D ( 'NONE', #6209, #7138, #7814 ) ;
#9348 = SURFACE_STYLE_USAGE ( .BOTH. , #186 ) ;
#9349 = SURFACE_SIDE_STYLE ('',( #3335 ) ) ;
#9350 = SURFACE_STYLE_USAGE ( .BOTH. , #8000 ) ;
#9351 = CARTESIAN_POINT ( 'NONE',  ( 6.049999999999907452, 11.04923262858017985, -6.596208169493011475 ) ) ;
#9352 = EDGE_LOOP ( 'NONE', ( #9127 ) ) ;
#9353 =( NAMED_UNIT ( * ) SI_UNIT ( $, .STERADIAN. ) SOLID_ANGLE_UNIT ( ) );
#9354 = FILL_AREA_STYLE ('',( #2642 ) ) ;
#9355 = VECTOR ( 'NONE', #6682, 1000.000000000000000 ) ;
#9356 = VERTEX_POINT ( 'NONE', #2298 ) ;
#9357 = DIRECTION ( 'NONE',  ( -0.4338837391175651703, 0.000000000000000000, 0.9009688679024158153 ) ) ;
#9358 = VECTOR ( 'NONE', #5236, 1000.000000000000000 ) ;
#9359 = EDGE_CURVE ( 'NONE', #6419, #16, #1558, .T. ) ;
#9360 =( NAMED_UNIT ( * ) PLANE_ANGLE_UNIT ( ) SI_UNIT ( $, .RADIAN. ) );
#9361 = VERTEX_POINT ( 'NONE', #3444 ) ;
#9362 = SURFACE_STYLE_FILL_AREA ( #346 ) ;
#9363 = COLOUR_RGB ( '',0.7764705882352941346, 0.7568627450980391913, 0.7372549019607843590 ) ;
#9364 = FILL_AREA_STYLE ('',( #2470 ) ) ;
#9365 = VECTOR ( 'NONE', #4602, 1000.000000000000000 ) ;
#9366 = ORIENTED_EDGE ( 'NONE', *, *, #8573, .T. ) ;
#9367 = DIRECTION ( 'NONE',  ( 0.000000000000000000, 1.000000000000000000, 0.000000000000000000 ) ) ;
#9368 = ADVANCED_FACE ( 'NONE', ( #7811 ), #1180, .T. ) ;
#9369 = CARTESIAN_POINT ( 'NONE',  ( 5.549999999999998934, -10.69999999999999929, 10.74999999999999822 ) ) ;
#9370 = LINE ( 'NONE', #2607, #9115 ) ;
#9371 = CIRCLE ( 'NONE', #724, 2.299999999999998046 ) ;
#9372 = SURFACE_SIDE_STYLE ('',( #7242 ) ) ;
#9373 =( NAMED_UNIT ( * ) PLANE_ANGLE_UNIT ( ) SI_UNIT ( $, .RADIAN. ) );
#9374 = SURFACE_STYLE_FILL_AREA ( #3412 ) ;
#9375 = FILL_AREA_STYLE_COLOUR ( '', #9191 ) ;
#9376 = LINE ( 'NONE', #9321, #5545 ) ;
#9377 =( GEOMETRIC_REPRESENTATION_CONTEXT ( 3 ) GLOBAL_UNCERTAINTY_ASSIGNED_CONTEXT ( ( #3940 ) ) GLOBAL_UNIT_ASSIGNED_CONTEXT ( ( #7437, #5205, #5058 ) ) REPRESENTATION_CONTEXT ( 'NONE', 'WORKASPACE' ) );
#9378 = ORIENTED_EDGE ( 'NONE', *, *, #7952, .T. ) ;
#9379 = CIRCLE ( 'NONE', #575, 1.849000000000000421 ) ;
#9380 = ORIENTED_EDGE ( 'NONE', *, *, #1312, .T. ) ;
#9381 = FILL_AREA_STYLE_COLOUR ( '', #7390 ) ;
#9382 = AXIS2_PLACEMENT_3D ( 'NONE', #9246, #4736, #480 ) ;
#9383 =( LENGTH_UNIT ( ) NAMED_UNIT ( * ) SI_UNIT ( .MILLI., .METRE. ) );
#9384 = STYLED_ITEM ( 'NONE', ( #2136 ), #4585 ) ;
#9385 = CLOSED_SHELL ( 'NONE', ( #5041, #163, #470, #7462, #6123, #1113, #7656, #1796, #8798, #1328 ) ) ;
#9386 = ORIENTED_EDGE ( 'NONE', *, *, #2902, .F. ) ;
#9387 = EDGE_CURVE ( 'NONE', #4815, #634, #959, .T. ) ;
#9388 = DIRECTION ( 'NONE',  ( 0.000000000000000000, 0.000000000000000000, -1.000000000000000000 ) ) ;
#9389 = CIRCLE ( 'NONE', #6085, 0.5000000000000004441 ) ;
#9390 = VERTEX_POINT ( 'NONE', #6558 ) ;
#9391 = CARTESIAN_POINT ( 'NONE',  ( 5.549999999999998934, 0.000000000000000000, -15.64999999999999325 ) ) ;
#9392 = COLOUR_RGB ( '',0.7764705882352941346, 0.7568627450980391913, 0.7372549019607843590 ) ;
#9393 = FILL_AREA_STYLE ('',( #9343 ) ) ;
#9394 = SURFACE_STYLE_FILL_AREA ( #6445 ) ;
#9395 = AXIS2_PLACEMENT_3D ( 'NONE', #168, #1317, #836 ) ;
#9396 =( LENGTH_UNIT ( ) NAMED_UNIT ( * ) SI_UNIT ( .MILLI., .METRE. ) );
#9397 = DIRECTION ( 'NONE',  ( 0.000000000000000000, 1.000000000000000000, 0.000000000000000000 ) ) ;
#9398 =( NAMED_UNIT ( * ) PLANE_ANGLE_UNIT ( ) SI_UNIT ( $, .RADIAN. ) );
#9399 = ADVANCED_FACE ( 'NONE', ( #3491 ), #4936, .T. ) ;
#9400 = CARTESIAN_POINT ( 'NONE',  ( -1.395985246620732978, 11.19999999948825753, -11.04007846289007233 ) ) ;
#9401 = ORIENTED_EDGE ( 'NONE', *, *, #5591, .T. ) ;
#9402 = ADVANCED_FACE ( 'NONE', ( #1961 ), #1911, .T. ) ;
#9403 =( NAMED_UNIT ( * ) SI_UNIT ( $, .STERADIAN. ) SOLID_ANGLE_UNIT ( ) );
#9404 =( LENGTH_UNIT ( ) NAMED_UNIT ( * ) SI_UNIT ( .MILLI., .METRE. ) );
#9405 = STYLED_ITEM ( 'NONE', ( #960 ), #674 ) ;
#9406 = SURFACE_STYLE_FILL_AREA ( #6971 ) ;
#9407 = ORIENTED_EDGE ( 'NONE', *, *, #8723, .F. ) ;
#9408 = AXIS2_PLACEMENT_3D ( 'NONE', #1775, #4052, #1826 ) ;
#9409 = SURFACE_STYLE_FILL_AREA ( #8470 ) ;
#9410 = AXIS2_PLACEMENT_3D ( 'NONE', #1189, #7817, #2473 ) ;
#9411 = ORIENTED_EDGE ( 'NONE', *, *, #4035, .T. ) ;
#9412 = DIRECTION ( 'NONE',  ( -0.9972037971811793522, 0.000000000000000000, -0.07473009358643513400 ) ) ;
#9413 = DIRECTION ( 'NONE',  ( -0.000000000000000000, 1.000000000000000000, -0.000000000000000000 ) ) ;
#9414 = EDGE_LOOP ( 'NONE', ( #5230, #5322, #7945, #9227 ) ) ;
#9415 = EDGE_CURVE ( 'NONE', #3752, #5841, #946, .T. ) ;
#9416 = SURFACE_STYLE_USAGE ( .BOTH. , #306 ) ;
#9417 = UNCERTAINTY_MEASURE_WITH_UNIT (LENGTH_MEASURE( 1.000000000000000082E-05 ), #2612, 'distance_accuracy_value', 'NONE');
#9418 = FILL_AREA_STYLE ('',( #7287 ) ) ;
#9419 = DIRECTION ( 'NONE',  ( -0.000000000000000000, 1.000000000000000000, -0.000000000000000000 ) ) ;
#9420 =( GEOMETRIC_REPRESENTATION_CONTEXT ( 3 ) GLOBAL_UNCERTAINTY_ASSIGNED_CONTEXT ( ( #5741 ) ) GLOBAL_UNIT_ASSIGNED_CONTEXT ( ( #6914, #1536, #53 ) ) REPRESENTATION_CONTEXT ( 'NONE', 'WORKASPACE' ) );
#9421 = CARTESIAN_POINT ( 'NONE',  ( -0.7071067811865476838, 7.792893218813452094, 16.15000000000000213 ) ) ;
#9422 = CARTESIAN_POINT ( 'NONE',  ( -7.296957046373735484E-16, 15.49999999999999467, -5.150000000000000355 ) ) ;
#9423 = FACE_OUTER_BOUND ( 'NONE', #298, .T. ) ;
#9424 = ORIENTED_EDGE ( 'NONE', *, *, #9598, .T. ) ;
#9425 = ADVANCED_FACE ( 'NONE', ( #5807 ), #8902, .T. ) ;
#9426 = AXIS2_PLACEMENT_3D ( 'NONE', #8345, #2987, #9705 ) ;
#9427 = DIRECTION ( 'NONE',  ( 1.000000000000000000, 0.000000000000000000, 0.000000000000000000 ) ) ;
#9428 = PRESENTATION_LAYER_ASSIGNMENT (  '', '', ( #8148 ) ) ;
#9429 = DIRECTION ( 'NONE',  ( 0.000000000000000000, -0.000000000000000000, -1.000000000000000000 ) ) ;
#9430 = ORIENTED_EDGE ( 'NONE', *, *, #7724, .T. ) ;
#9431 = CARTESIAN_POINT ( 'NONE',  ( -1.859168329040493228, 15.49999999999999467, -4.488470618565742143 ) ) ;
#9432 = CYLINDRICAL_SURFACE ( 'NONE', #8059, 1.100000000000000311 ) ;
#9433 = CARTESIAN_POINT ( 'NONE',  ( -6.663561837205168577E-16, 11.19999999999999929, -5.150000000000000355 ) ) ;
#9434 = CIRCLE ( 'NONE', #5197, 0.8399999999999999689 ) ;
#9435 = COLOUR_RGB ( '',1.000000000000000000, 1.000000000000000000, 1.000000000000000000 ) ;
#9436 = EDGE_CURVE ( 'NONE', #4859, #180, #4278, .T. ) ;
#9437 = CARTESIAN_POINT ( 'NONE',  ( -7.296957046373735484E-16, 18.49999999999999645, -5.150000000000000355 ) ) ;
#9438 = EDGE_LOOP ( 'NONE', ( #5149, #1831, #4692, #8156, #5560, #5218 ) ) ;
#9439 = AXIS2_PLACEMENT_3D ( 'NONE', #1598, #8973, #5932 ) ;
#9440 = VERTEX_POINT ( 'NONE', #1994 ) ;
#9441 =( NAMED_UNIT ( * ) SI_UNIT ( $, .STERADIAN. ) SOLID_ANGLE_UNIT ( ) );
#9442 = VECTOR ( 'NONE', #1193, 1000.000000000000000 ) ;
#9443 = MECHANICAL_DESIGN_GEOMETRIC_PRESENTATION_REPRESENTATION (  '', ( #8170 ), #5981 ) ;
#9444 = CARTESIAN_POINT ( 'NONE',  ( 6.049999999999999822, 10.82078702000292125, -3.760069695105098475 ) ) ;
#9445 = DIRECTION ( 'NONE',  ( 0.000000000000000000, -1.000000000000000000, 0.000000000000000000 ) ) ;
#9446 = CARTESIAN_POINT ( 'NONE',  ( 3.469446951953614189E-15, 5.500000000000001776, 13.84999999999999964 ) ) ;
#9447 = CARTESIAN_POINT ( 'NONE',  ( 5.549999999999998934, 10.69999999999999929, 10.74999999999999645 ) ) ;
#9448 = PRESENTATION_STYLE_ASSIGNMENT (( #7174 ) ) ;
#9449 = PRESENTATION_LAYER_ASSIGNMENT (  '', '', ( #2378 ) ) ;
#9450 = CARTESIAN_POINT ( 'NONE',  ( -1.948698628720852755, 11.19999999951823000, -10.88072548816105467 ) ) ;
#9451 = ORIENTED_EDGE ( 'NONE', *, *, #3492, .T. ) ;
#9452 = CARTESIAN_POINT ( 'NONE',  ( -6.049999999999999822, 11.19999999999999751, -7.558318915758457379 ) ) ;
#9453 = PRESENTATION_STYLE_ASSIGNMENT (( #6452 ) ) ;
#9454 = DIRECTION ( 'NONE',  ( 0.000000000000000000, 0.000000000000000000, 1.000000000000000000 ) ) ;
#9455 = EDGE_LOOP ( 'NONE', ( #576, #449, #6600, #7797 ) ) ;
#9456 = DIRECTION ( 'NONE',  ( -0.000000000000000000, -1.000000000000000000, -0.000000000000000000 ) ) ;
#9457 = CARTESIAN_POINT ( 'NONE',  ( -6.663561837205168577E-16, 15.50000000000000000, -5.150000000000000355 ) ) ;
#9458 =( LENGTH_UNIT ( ) NAMED_UNIT ( * ) SI_UNIT ( .MILLI., .METRE. ) );
#9459 = EDGE_CURVE ( 'NONE', #1204, #4673, #3476, .T. ) ;
#9460 = LINE ( 'NONE', #639, #7112 ) ;
#9461 = VERTEX_POINT ( 'NONE', #6546 ) ;
#9462 = FACE_OUTER_BOUND ( 'NONE', #6696, .T. ) ;
#9463 = ORIENTED_EDGE ( 'NONE', *, *, #1064, .F. ) ;
#9464 = FILL_AREA_STYLE ('',( #6517 ) ) ;
#9465 = MECHANICAL_DESIGN_GEOMETRIC_PRESENTATION_REPRESENTATION (  '', ( #8343 ), #497 ) ;
#9466 =( LENGTH_UNIT ( ) NAMED_UNIT ( * ) SI_UNIT ( .MILLI., .METRE. ) );
#9467 = VERTEX_POINT ( 'NONE', #5716 ) ;
#9468 = EDGE_CURVE ( 'NONE', #5890, #3733, #8829, .T. ) ;
#9469 = AXIS2_PLACEMENT_3D ( 'NONE', #1427, #7409, #6657 ) ;
#9470 = FACE_OUTER_BOUND ( 'NONE', #9297, .T. ) ;
#9471 = CARTESIAN_POINT ( 'NONE',  ( -0.8902177050524614499, 15.49999999999999467, -3.029266061569456880 ) ) ;
#9472 =( NAMED_UNIT ( * ) SI_UNIT ( $, .STERADIAN. ) SOLID_ANGLE_UNIT ( ) );
#9473 = ORIENTED_EDGE ( 'NONE', *, *, #6030, .T. ) ;
#9474 = AXIS2_PLACEMENT_3D ( 'NONE', #2812, #651, #1288 ) ;
#9475 = SURFACE_STYLE_FILL_AREA ( #5628 ) ;
#9476 = FACE_OUTER_BOUND ( 'NONE', #5445, .T. ) ;
#9477 = VECTOR ( 'NONE', #1181, 1000.000000000000000 ) ;
#9478 = ORIENTED_EDGE ( 'NONE', *, *, #1611, .T. ) ;
#9479 = CYLINDRICAL_SURFACE ( 'NONE', #2100, 1.848999999999999977 ) ;
#9480 = AXIS2_PLACEMENT_3D ( 'NONE', #4612, #213, #7585 ) ;
#9481 = PLANE ( 'NONE',  #5867 ) ;
#9482 = ADVANCED_FACE ( 'NONE', ( #2102 ), #5118, .T. ) ;
#9483 = CARTESIAN_POINT ( 'NONE',  ( -0.7898896539612366707, 18.49999999999999645, -7.310109796877231503 ) ) ;
#9484 = AXIS2_PLACEMENT_3D ( 'NONE', #2118, #2009, #9511 ) ;
#9485 = MECHANICAL_DESIGN_GEOMETRIC_PRESENTATION_REPRESENTATION (  '', ( #7567 ), #8542 ) ;
#9486 = AXIS2_PLACEMENT_3D ( 'NONE', #3576, #5831, #7342 ) ;
#9487 = DIRECTION ( 'NONE',  ( 1.000000000000000000, 0.000000000000000000, 1.642476599057391178E-16 ) ) ;
#9488 =( NAMED_UNIT ( * ) PLANE_ANGLE_UNIT ( ) SI_UNIT ( $, .RADIAN. ) );
#9489 =( GEOMETRIC_REPRESENTATION_CONTEXT ( 3 ) GLOBAL_UNCERTAINTY_ASSIGNED_CONTEXT ( ( #2533 ) ) GLOBAL_UNIT_ASSIGNED_CONTEXT ( ( #7853, #3811, #2337 ) ) REPRESENTATION_CONTEXT ( 'NONE', 'WORKASPACE' ) );
#9490 = ORIENTED_EDGE ( 'NONE', *, *, #2727, .T. ) ;
#9491 =( NAMED_UNIT ( * ) PLANE_ANGLE_UNIT ( ) SI_UNIT ( $, .RADIAN. ) );
#9492 = CIRCLE ( 'NONE', #685, 0.5000000000000004441 ) ;
#9493 = STYLED_ITEM ( 'NONE', ( #3386 ), #7389 ) ;
#9494 = ORIENTED_EDGE ( 'NONE', *, *, #7633, .T. ) ;
#9495 = SURFACE_STYLE_FILL_AREA ( #6545 ) ;
#9496 = ADVANCED_FACE ( 'NONE', ( #8143 ), #1465, .T. ) ;
#9497 = CARTESIAN_POINT ( 'NONE',  ( -6.050000000000002487, 11.08214193188073438, -4.757332327992114251 ) ) ;
#9498 =( LENGTH_UNIT ( ) NAMED_UNIT ( * ) SI_UNIT ( .MILLI., .METRE. ) );
#9499 = DIRECTION ( 'NONE',  ( 0.000000000000000000, 0.000000000000000000, 1.000000000000000000 ) ) ;
#9500 = MECHANICAL_DESIGN_GEOMETRIC_PRESENTATION_REPRESENTATION (  '', ( #680 ), #3526 ) ;
#9501 = EDGE_CURVE ( 'NONE', #9602, #7051, #3291, .T. ) ;
#9502 = DIRECTION ( 'NONE',  ( -1.000000000000000000, -0.000000000000000000, -0.000000000000000000 ) ) ;
#9503 = SURFACE_STYLE_FILL_AREA ( #3950 ) ;
#9504 = CARTESIAN_POINT ( 'NONE',  ( 2.124650514848697824, 11.19999999999999929, -10.81746296950695019 ) ) ;
#9505 = ORIENTED_EDGE ( 'NONE', *, *, #2234, .T. ) ;
#9506 = CARTESIAN_POINT ( 'NONE',  ( -6.050000000000002487, 11.19999999999928519, -5.580386853309739159 ) ) ;
#9507 = CARTESIAN_POINT ( 'NONE',  ( -1.903762712399979407, 10.69999999999999929, -11.25000000000000178 ) ) ;
#9508 = ORIENTED_EDGE ( 'NONE', *, *, #9062, .T. ) ;
#9509 = DIRECTION ( 'NONE',  ( -0.000000000000000000, -1.000000000000000000, 0.000000000000000000 ) ) ;
#9510 = AXIS2_PLACEMENT_3D ( 'NONE', #6018, #2239, #9069 ) ;
#9511 = DIRECTION ( 'NONE',  ( 0.000000000000000000, 0.000000000000000000, 1.000000000000000000 ) ) ;
#9512 = CARTESIAN_POINT ( 'NONE',  ( -5.549999999999998934, 6.000000000000000000, -15.64999999999999325 ) ) ;
#9513 = PRESENTATION_LAYER_ASSIGNMENT (  '', '', ( #8080 ) ) ;
#9514 = DIRECTION ( 'NONE',  ( -0.000000000000000000, -1.000000000000000000, -0.000000000000000000 ) ) ;
#9515 = ORIENTED_EDGE ( 'NONE', *, *, #7035, .T. ) ;
#9516 = FILL_AREA_STYLE_COLOUR ( '', #4949 ) ;
#9517 = PRESENTATION_LAYER_ASSIGNMENT (  '', '', ( #9673 ) ) ;
#9518 = ORIENTED_EDGE ( 'NONE', *, *, #1526, .T. ) ;
#9519 = DIRECTION ( 'NONE',  ( 0.000000000000000000, 0.000000000000000000, 1.000000000000000000 ) ) ;
#9520 = FILL_AREA_STYLE ('',( #3564 ) ) ;
#9521 = AXIS2_PLACEMENT_3D ( 'NONE', #5926, #4357, #1501 ) ;
#9522 = EDGE_CURVE ( 'NONE', #7240, #7240, #5344, .T. ) ;
#9523 = CARTESIAN_POINT ( 'NONE',  ( -7.296957046373735484E-16, 15.49999999999999467, -5.150000000000000355 ) ) ;
#9524 = MECHANICAL_DESIGN_GEOMETRIC_PRESENTATION_REPRESENTATION (  '', ( #8708 ), #5278 ) ;
#9525 = SURFACE_SIDE_STYLE ('',( #5002 ) ) ;
#9526 = AXIS2_PLACEMENT_3D ( 'NONE', #5743, #7120, #6398 ) ;
#9527 = PRESENTATION_LAYER_ASSIGNMENT (  '', '', ( #4027 ) ) ;
#9528 = CARTESIAN_POINT ( 'NONE',  ( 1.739807116745609283, 18.49999999999999645, -6.081235305779014944 ) ) ;
#9529 = VERTEX_POINT ( 'NONE', #8540 ) ;
#9530 = SURFACE_STYLE_USAGE ( .BOTH. , #8083 ) ;
#9531 = SURFACE_SIDE_STYLE ('',( #514 ) ) ;
#9532 =( BOUNDED_SURFACE ( )  B_SPLINE_SURFACE ( 3, 2, ( 
 ( #9175, #222, #6228 ),
 ( #2492, #6801, #5487 ),
 ( #31, #8337, #3026 ),
 ( #6037, #9034, #1567 ),
 ( #4624, #7593, #871 ),
 ( #3886, #6894, #2622 ),
 ( #8585, #1983, #6276 ),
 ( #7789, #4217, #7107 ) ),
 .UNSPECIFIED., .F., .F., .F. ) 
 B_SPLINE_SURFACE_WITH_KNOTS ( ( 4, 2, 2, 4 ),
 ( 3, 3 ),
 ( 0.001287284942305477655, 0.001913597924141072432, 0.002539910905976667209, 0.003792536869647857196 ),
 ( 0.000000000000000000, 1.000000000000000000 ),
 .UNSPECIFIED. ) 
 GEOMETRIC_REPRESENTATION_ITEM ( )  RATIONAL_B_SPLINE_SURFACE ( (
 ( 1.000000000000000000, 0.7071067811865487940, 1.000000000000000000),
 ( 1.000000000000000000, 0.7603735874484524038, 1.000000000000000000),
 ( 1.000000000000000000, 0.8039164976355387404, 1.000000000000000000),
 ( 1.000000000000000000, 0.8771181702849663031, 1.000000000000000000),
 ( 1.000000000000000000, 0.9067141109021920053, 1.000000000000000000),
 ( 1.000000000000000000, 0.9773009403210771717, 1.000000000000000000),
 ( 1.000000000000000000, 0.9999013165847615570, 1.000000000000000000),
 ( 1.000000000000000000, 1.000000000000000000, 1.000000000000000000) ) ) 
 REPRESENTATION_ITEM ( '' )  SURFACE ( )  );
#9533 = DIRECTION ( 'NONE',  ( 0.000000000000000000, 1.000000000000000000, 0.000000000000000000 ) ) ;
#9534 = EDGE_CURVE ( 'NONE', #1967, #7203, #1091, .T. ) ;
#9535 = ORIENTED_EDGE ( 'NONE', *, *, #5440, .F. ) ;
#9536 = FILL_AREA_STYLE ('',( #2779 ) ) ;
#9537 = STYLED_ITEM ( 'NONE', ( #9569 ), #5923 ) ;
#9538 = CARTESIAN_POINT ( 'NONE',  ( -2.299368599416795167, 18.49999999999999645, -5.096110817263195258 ) ) ;
#9539 = AXIS2_PLACEMENT_3D ( 'NONE', #6838, #1695, #1507 ) ;
#9540 = DIRECTION ( 'NONE',  ( 1.000000000000000000, 0.000000000000000000, -0.000000000000000000 ) ) ;
#9541 = CIRCLE ( 'NONE', #2150, 1.848999999999999977 ) ;
#9542 = ORIENTED_EDGE ( 'NONE', *, *, #8379, .F. ) ;
#9543 = ADVANCED_FACE ( 'NONE', ( #6434 ), #7986, .T. ) ;
#9544 = CYLINDRICAL_SURFACE ( 'NONE', #7796, 0.5000000000000004441 ) ;
#9545 = ORIENTED_EDGE ( 'NONE', *, *, #3878, .F. ) ;
#9546 = PRESENTATION_STYLE_ASSIGNMENT (( #2049 ) ) ;
#9547 = AXIS2_PLACEMENT_3D ( 'NONE', #8606, #6310, #1875 ) ;
#9548 = AXIS2_PLACEMENT_3D ( 'NONE', #6247, #2459, #6955 ) ;
#9549 = DIRECTION ( 'NONE',  ( 0.000000000000000000, 0.000000000000000000, 1.000000000000000000 ) ) ;
#9550 =( NAMED_UNIT ( * ) PLANE_ANGLE_UNIT ( ) SI_UNIT ( $, .RADIAN. ) );
#9551 =( LENGTH_UNIT ( ) NAMED_UNIT ( * ) SI_UNIT ( .MILLI., .METRE. ) );
#9552 = EDGE_LOOP ( 'NONE', ( #6056, #8533, #3755, #8718 ) ) ;
#9553 = EDGE_CURVE ( 'NONE', #8757, #8757, #6461, .T. ) ;
#9554 = FACE_OUTER_BOUND ( 'NONE', #3154, .T. ) ;
#9555 =( NAMED_UNIT ( * ) PLANE_ANGLE_UNIT ( ) SI_UNIT ( $, .RADIAN. ) );
#9556 = CARTESIAN_POINT ( 'NONE',  ( -0.4999999999999973910, 8.000000000000000000, -8.212382995286913982E-17 ) ) ;
#9557 = STYLED_ITEM ( 'NONE', ( #3849 ), #4069 ) ;
#9558 = ORIENTED_EDGE ( 'NONE', *, *, #1998, .F. ) ;
#9559 = FILL_AREA_STYLE_COLOUR ( '', #3489 ) ;
#9560 = CIRCLE ( 'NONE', #5308, 2.000000000000000000 ) ;
#9561 =( GEOMETRIC_REPRESENTATION_CONTEXT ( 3 ) GLOBAL_UNCERTAINTY_ASSIGNED_CONTEXT ( ( #5619 ) ) GLOBAL_UNIT_ASSIGNED_CONTEXT ( ( #6621, #2853, #647 ) ) REPRESENTATION_CONTEXT ( 'NONE', 'WORKASPACE' ) );
#9562 =( LENGTH_UNIT ( ) NAMED_UNIT ( * ) SI_UNIT ( .MILLI., .METRE. ) );
#9563 = DIRECTION ( 'NONE',  ( 0.000000000000000000, -1.000000000000000000, 0.000000000000000000 ) ) ;
#9564 = AXIS2_PLACEMENT_3D ( 'NONE', #1260, #1941, #9292 ) ;
#9565 = ORIENTED_EDGE ( 'NONE', *, *, #4091, .T. ) ;
#9566 = CARTESIAN_POINT ( 'NONE',  ( 6.049999999999999822, 10.69999999999999929, -10.75000000000000178 ) ) ;
#9567 = VERTEX_POINT ( 'NONE', #2823 ) ;
#9568 = EDGE_CURVE ( 'NONE', #3076, #1076, #8323, .T. ) ;
#9569 = PRESENTATION_STYLE_ASSIGNMENT (( #4441 ) ) ;
#9570 = CIRCLE ( 'NONE', #362, 2.299999999999998490 ) ;
#9571 = CARTESIAN_POINT ( 'NONE',  ( -2.289650628371055596, 10.69999999999999929, -10.75000000000000000 ) ) ;
#9572 = ORIENTED_EDGE ( 'NONE', *, *, #5252, .F. ) ;
#9573 = FACE_OUTER_BOUND ( 'NONE', #3085, .T. ) ;
#9574 = SURFACE_SIDE_STYLE ('',( #6673 ) ) ;
#9575 = CARTESIAN_POINT ( 'NONE',  ( -1.000000000000000000, 7.500000000000000000, 16.15000000000000213 ) ) ;
#9576 = CARTESIAN_POINT ( 'NONE',  ( -7.296957046373735484E-16, 15.49999999999999467, -5.150000000000000355 ) ) ;
#9577 =( GEOMETRIC_REPRESENTATION_CONTEXT ( 3 ) GLOBAL_UNCERTAINTY_ASSIGNED_CONTEXT ( ( #4272 ) ) GLOBAL_UNIT_ASSIGNED_CONTEXT ( ( #3302, #9307, #7238 ) ) REPRESENTATION_CONTEXT ( 'NONE', 'WORKASPACE' ) );
#9578 = PRESENTATION_STYLE_ASSIGNMENT (( #3762 ) ) ;
#9579 = ORIENTED_EDGE ( 'NONE', *, *, #7413, .T. ) ;
#9580 = DIRECTION ( 'NONE',  ( 0.000000000000000000, 0.000000000000000000, 1.000000000000000000 ) ) ;
#9581 = DIRECTION ( 'NONE',  ( 0.000000000000000000, 0.000000000000000000, 1.000000000000000000 ) ) ;
#9582 = VERTEX_POINT ( 'NONE', #615 ) ;
#9583 = ADVANCED_FACE ( 'NONE', ( #8773 ), #1209, .F. ) ;
#9584 = CARTESIAN_POINT ( 'NONE',  ( -1.625000000000000000, -7.700000000000000178, 16.15099999999999980 ) ) ;
#9585 = DIRECTION ( 'NONE',  ( 0.1490422661761676149, 0.000000000000000000, 0.9888308262251295222 ) ) ;
#9586 = ORIENTED_EDGE ( 'NONE', *, *, #6848, .T. ) ;
#9587 = FILL_AREA_STYLE ('',( #6589 ) ) ;
#9588 = UNCERTAINTY_MEASURE_WITH_UNIT (LENGTH_MEASURE( 1.000000000000000082E-05 ), #5052, 'distance_accuracy_value', 'NONE');
#9589 = VERTEX_POINT ( 'NONE', #9483 ) ;
#9590 = DIRECTION ( 'NONE',  ( -1.000000000000000000, 0.000000000000000000, 0.000000000000000000 ) ) ;
#9591 = AXIS2_PLACEMENT_3D ( 'NONE', #5446, #9388, #8451 ) ;
#9592 = PRESENTATION_LAYER_ASSIGNMENT (  '', '', ( #619 ) ) ;
#9593 = DIRECTION ( 'NONE',  ( 1.000000000000000000, -0.000000000000000000, -0.000000000000000000 ) ) ;
#9594 = DIRECTION ( 'NONE',  ( 0.000000000000000000, 1.000000000000000000, 0.000000000000000000 ) ) ;
#9595 = PRESENTATION_LAYER_ASSIGNMENT (  '', '', ( #3468 ) ) ;
#9596 = FILL_AREA_STYLE_COLOUR ( '', #9435 ) ;
#9597 =( GEOMETRIC_REPRESENTATION_CONTEXT ( 3 ) GLOBAL_UNCERTAINTY_ASSIGNED_CONTEXT ( ( #6373 ) ) GLOBAL_UNIT_ASSIGNED_CONTEXT ( ( #1996, #4279, #1267 ) ) REPRESENTATION_CONTEXT ( 'NONE', 'WORKASPACE' ) );
#9598 = EDGE_CURVE ( 'NONE', #1204, #6059, #1405, .T. ) ;
#9599 = DIRECTION ( 'NONE',  ( 0.000000000000000000, 0.000000000000000000, -1.000000000000000000 ) ) ;
#9600 = FILL_AREA_STYLE_COLOUR ( '', #439 ) ;
#9601 = DIRECTION ( 'NONE',  ( -1.000000000000000000, 0.000000000000000000, 0.000000000000000000 ) ) ;
#9602 = VERTEX_POINT ( 'NONE', #7254 ) ;
#9603 =( LENGTH_UNIT ( ) NAMED_UNIT ( * ) SI_UNIT ( .MILLI., .METRE. ) );
#9604 =( NAMED_UNIT ( * ) SI_UNIT ( $, .STERADIAN. ) SOLID_ANGLE_UNIT ( ) );
#9605 = DIRECTION ( 'NONE',  ( 0.000000000000000000, 0.000000000000000000, -1.000000000000000000 ) ) ;
#9606 =( GEOMETRIC_REPRESENTATION_CONTEXT ( 3 ) GLOBAL_UNCERTAINTY_ASSIGNED_CONTEXT ( ( #7490 ) ) GLOBAL_UNIT_ASSIGNED_CONTEXT ( ( #5835, #8878, #6486 ) ) REPRESENTATION_CONTEXT ( 'NONE', 'WORKASPACE' ) );
#9607 = ORIENTED_EDGE ( 'NONE', *, *, #2784, .T. ) ;
#9608 = CIRCLE ( 'NONE', #8639, 1.848999999999999977 ) ;
#9609 = CARTESIAN_POINT ( 'NONE',  ( -6.663561837205168577E-16, 15.50000000000000000, -5.150000000000000355 ) ) ;
#9610 =( NAMED_UNIT ( * ) SI_UNIT ( $, .STERADIAN. ) SOLID_ANGLE_UNIT ( ) );
#9611 = FILL_AREA_STYLE_COLOUR ( '', #2171 ) ;
#9612 = SURFACE_STYLE_FILL_AREA ( #638 ) ;
#9613 = ADVANCED_FACE ( 'NONE', ( #521 ), #1879, .T. ) ;
#9614 = CARTESIAN_POINT ( 'NONE',  ( -7.296957046373735484E-16, 18.49999999999999645, -5.150000000000000355 ) ) ;
#9615 = AXIS2_PLACEMENT_3D ( 'NONE', #1275, #8147, #4285 ) ;
#9616 = CIRCLE ( 'NONE', #4581, 0.8400000000000005240 ) ;
#9617 = CARTESIAN_POINT ( 'NONE',  ( -1.475765132078674657, 18.49999999999999645, -6.914119404955574311 ) ) ;
#9618 = ORIENTED_EDGE ( 'NONE', *, *, #9387, .F. ) ;
#9619 = EDGE_LOOP ( 'NONE', ( #2063, #2644, #8981, #7980 ) ) ;
#9620 = CARTESIAN_POINT ( 'NONE',  ( -1.811166969963621920, 15.49999999999999467, -4.777877430256110003 ) ) ;
#9621 =( NAMED_UNIT ( * ) SI_UNIT ( $, .STERADIAN. ) SOLID_ANGLE_UNIT ( ) );
#9622 = STYLED_ITEM ( 'NONE', ( #3503 ), #6985 ) ;
#9623 = FILL_AREA_STYLE_COLOUR ( '', #2406 ) ;
#9624 = EDGE_CURVE ( 'NONE', #3132, #4748, #7805, .T. ) ;
#9625 = CARTESIAN_POINT ( 'NONE',  ( -0.5000000000000001110, 5.500000000000000888, 15.94289321881345245 ) ) ;
#9626 = CARTESIAN_POINT ( 'NONE',  ( 5.842893218813452805, 8.000000000000000000, 11.25000000000000000 ) ) ;
#9627 = ORIENTED_EDGE ( 'NONE', *, *, #8785, .T. ) ;
#9628 =( LENGTH_UNIT ( ) NAMED_UNIT ( * ) SI_UNIT ( .MILLI., .METRE. ) );
#9629 = DIRECTION ( 'NONE',  ( 0.000000000000000000, -1.000000000000000000, 0.000000000000000000 ) ) ;
#9630 = FACE_OUTER_BOUND ( 'NONE', #7705, .T. ) ;
#9631 = CARTESIAN_POINT ( 'NONE',  ( 0.5833158862620372309, 18.49999999999999645, -3.395422108644266412 ) ) ;
#9632 = ORIENTED_EDGE ( 'NONE', *, *, #3577, .F. ) ;
#9633 = SURFACE_STYLE_USAGE ( .BOTH. , #3624 ) ;
#9634 =( LENGTH_UNIT ( ) NAMED_UNIT ( * ) SI_UNIT ( .MILLI., .METRE. ) );
#9635 = EDGE_LOOP ( 'NONE', ( #4863, #7258, #3944, #7639 ) ) ;
#9636 = FILL_AREA_STYLE ('',( #7628 ) ) ;
#9637 = VERTEX_POINT ( 'NONE', #6471 ) ;
#9638 = EDGE_CURVE ( 'NONE', #3853, #7180, #6424, .T. ) ;
#9639 =( GEOMETRIC_REPRESENTATION_CONTEXT ( 3 ) GLOBAL_UNCERTAINTY_ASSIGNED_CONTEXT ( ( #6088 ) ) GLOBAL_UNIT_ASSIGNED_CONTEXT ( ( #1050, #4804, #4068 ) ) REPRESENTATION_CONTEXT ( 'NONE', 'WORKASPACE' ) );
#9640 = VECTOR ( 'NONE', #4617, 1000.000000000000000 ) ;
#9641 = DIRECTION ( 'NONE',  ( 0.000000000000000000, 1.000000000000000000, 0.000000000000000000 ) ) ;
#9642 = CARTESIAN_POINT ( 'NONE',  ( -33.59650613054222390, 9.199999999999999289, -10.25000000000000178 ) ) ;
#9643 = PRESENTATION_STYLE_ASSIGNMENT (( #3478 ) ) ;
#9644 = FACE_OUTER_BOUND ( 'NONE', #6159, .T. ) ;
#9645 = MECHANICAL_DESIGN_GEOMETRIC_PRESENTATION_REPRESENTATION (  '', ( #4141 ), #6334 ) ;
#9646 =( LENGTH_UNIT ( ) NAMED_UNIT ( * ) SI_UNIT ( .MILLI., .METRE. ) );
#9647 = CARTESIAN_POINT ( 'NONE',  ( -7.296957046373735484E-16, 18.49999999999999645, -5.150000000000000355 ) ) ;
#9648 = CIRCLE ( 'NONE', #3675, 2.430000000000000160 ) ;
#9649 = CARTESIAN_POINT ( 'NONE',  ( -1.286832269749442537, 15.49999999999999467, -3.822271221396666530 ) ) ;
#9650 = ORIENTED_EDGE ( 'NONE', *, *, #5368, .T. ) ;
#9651 =( NAMED_UNIT ( * ) SI_UNIT ( $, .STERADIAN. ) SOLID_ANGLE_UNIT ( ) );
#9652 = CARTESIAN_POINT ( 'NONE',  ( 2.265654786039951851, 15.49999999999999467, -5.545990391921630902 ) ) ;
#9653 = ORIENTED_EDGE ( 'NONE', *, *, #6557, .F. ) ;
#9654 = EDGE_CURVE ( 'NONE', #7137, #7232, #9370, .T. ) ;
#9655 = FILL_AREA_STYLE ('',( #6658 ) ) ;
#9656 = AXIS2_PLACEMENT_3D ( 'NONE', #109, #9397, #3106 ) ;
#9657 = MECHANICAL_DESIGN_GEOMETRIC_PRESENTATION_REPRESENTATION (  '', ( #537 ), #2272 ) ;
#9658 =( NAMED_UNIT ( * ) PLANE_ANGLE_UNIT ( ) SI_UNIT ( $, .RADIAN. ) );
#9659 = PRESENTATION_LAYER_ASSIGNMENT (  '', '', ( #6190 ) ) ;
#9660 = CARTESIAN_POINT ( 'NONE',  ( -1.859168329040493228, 18.49999999999999645, -4.488470618565742143 ) ) ;
#9661 = FACE_OUTER_BOUND ( 'NONE', #8653, .T. ) ;
#9662 =( GEOMETRIC_REPRESENTATION_CONTEXT ( 3 ) GLOBAL_UNCERTAINTY_ASSIGNED_CONTEXT ( ( #887 ) ) GLOBAL_UNIT_ASSIGNED_CONTEXT ( ( #6703, #4525, #8196 ) ) REPRESENTATION_CONTEXT ( 'NONE', 'WORKASPACE' ) );
#9663 =( NAMED_UNIT ( * ) SI_UNIT ( $, .STERADIAN. ) SOLID_ANGLE_UNIT ( ) );
#9664 = ORIENTED_EDGE ( 'NONE', *, *, #2943, .T. ) ;
#9665 = CARTESIAN_POINT ( 'NONE',  ( 6.049999999999999822, -11.19999999999999929, -10.75000000000000000 ) ) ;
#9666 = ORIENTED_EDGE ( 'NONE', *, *, #4194, .T. ) ;
#9667 = CARTESIAN_POINT ( 'NONE',  ( -5.842893218813452805, 8.000000000000000000, -11.25000000000000178 ) ) ;
#9668 = EDGE_CURVE ( 'NONE', #5984, #5817, #7544, .T. ) ;
#9669 = MECHANICAL_DESIGN_GEOMETRIC_PRESENTATION_REPRESENTATION (  '', ( #7000 ), #7599 ) ;
#9670 = SURFACE_STYLE_USAGE ( .BOTH. , #5769 ) ;
#9671 = CARTESIAN_POINT ( 'NONE',  ( 2.095041164010759793, 16.99999999999999289, -4.200893830438116261 ) ) ;
#9672 = CARTESIAN_POINT ( 'NONE',  ( -1.908769730993877811, 18.49999999999999645, -4.649274414225147645 ) ) ;
#9673 = STYLED_ITEM ( 'NONE', ( #5371 ), #8152 ) ;
#9674 =( GEOMETRIC_REPRESENTATION_CONTEXT ( 3 ) GLOBAL_UNCERTAINTY_ASSIGNED_CONTEXT ( ( #2409 ) ) GLOBAL_UNIT_ASSIGNED_CONTEXT ( ( #9216, #7719, #8209 ) ) REPRESENTATION_CONTEXT ( 'NONE', 'WORKASPACE' ) );
#9675 = MECHANICAL_DESIGN_GEOMETRIC_PRESENTATION_REPRESENTATION (  '', ( #1649 ), #3699 ) ;
#9676 = CARTESIAN_POINT ( 'NONE',  ( -2.299368599416795167, 15.49999999999999467, -5.096110817263195258 ) ) ;
#9677 = DIRECTION ( 'NONE',  ( 0.000000000000000000, 0.000000000000000000, -1.000000000000000000 ) ) ;
#9678 = STYLED_ITEM ( 'NONE', ( #178 ), #5451 ) ;
#9679 = ORIENTED_EDGE ( 'NONE', *, *, #7182, .F. ) ;
#9680 = DIRECTION ( 'NONE',  ( -0.000000000000000000, -1.000000000000000000, -0.000000000000000000 ) ) ;
#9681 = CARTESIAN_POINT ( 'NONE',  ( 6.049999999999999822, 0.000000000000000000, 0.000000000000000000 ) ) ;
#9682 = DIRECTION ( 'NONE',  ( 1.000000000000000000, 0.000000000000000000, 0.000000000000000000 ) ) ;
#9683 = EDGE_CURVE ( 'NONE', #4171, #8053, #6290, .T. ) ;
#9684 = STYLED_ITEM ( 'NONE', ( #4940 ), #8362 ) ;
#9685 = VERTEX_POINT ( 'NONE', #4302 ) ;
#9686 = DIRECTION ( 'NONE',  ( 0.000000000000000000, 0.000000000000000000, -1.000000000000000000 ) ) ;
#9687 =( NAMED_UNIT ( * ) PLANE_ANGLE_UNIT ( ) SI_UNIT ( $, .RADIAN. ) );
#9688 =( GEOMETRIC_REPRESENTATION_CONTEXT ( 3 ) GLOBAL_UNCERTAINTY_ASSIGNED_CONTEXT ( ( #9132 ) ) GLOBAL_UNIT_ASSIGNED_CONTEXT ( ( #6730, #8962, #3758 ) ) REPRESENTATION_CONTEXT ( 'NONE', 'WORKASPACE' ) );
#9689 = STYLED_ITEM ( 'NONE', ( #2144 ), #5713 ) ;
#9690 = CARTESIAN_POINT ( 'NONE',  ( -0.1180935329719633026, 18.49999999999999645, -2.853033757873183252 ) ) ;
#9691 = DIRECTION ( 'NONE',  ( 0.000000000000000000, -0.000000000000000000, 1.000000000000000000 ) ) ;
#9692 = PRESENTATION_LAYER_ASSIGNMENT (  '', '', ( #7154 ) ) ;
#9693 = CARTESIAN_POINT ( 'NONE',  ( 1.625000000000000000, -7.700000000000000178, 16.15099999999999980 ) ) ;
#9694 = FILL_AREA_STYLE ('',( #4976 ) ) ;
#9695 =( GEOMETRIC_REPRESENTATION_CONTEXT ( 3 ) GLOBAL_UNCERTAINTY_ASSIGNED_CONTEXT ( ( #875 ) ) GLOBAL_UNIT_ASSIGNED_CONTEXT ( ( #625, #5306, #2979 ) ) REPRESENTATION_CONTEXT ( 'NONE', 'WORKASPACE' ) );
#9696 = ORIENTED_EDGE ( 'NONE', *, *, #9140, .T. ) ;
#9697 = FACE_OUTER_BOUND ( 'NONE', #8006, .T. ) ;
#9698 = ORIENTED_EDGE ( 'NONE', *, *, #6377, .F. ) ;
#9699 = CARTESIAN_POINT ( 'NONE',  ( -7.296957046373735484E-16, 15.49999999999999467, -5.150000000000000355 ) ) ;
#9700 =( LENGTH_UNIT ( ) NAMED_UNIT ( * ) SI_UNIT ( .MILLI., .METRE. ) );
#9701 = VECTOR ( 'NONE', #955, 1000.000000000000000 ) ;
#9702 = FILL_AREA_STYLE ('',( #775 ) ) ;
#9703 = CARTESIAN_POINT ( 'NONE',  ( 0.5000000000000000000, 8.000000000000000000, 15.65000000000000036 ) ) ;
#9704 = VERTEX_POINT ( 'NONE', #2811 ) ;
#9705 = DIRECTION ( 'NONE',  ( -1.000000000000000000, 0.000000000000000000, 0.000000000000000000 ) ) ;
#9706 = ORIENTED_EDGE ( 'NONE', *, *, #9301, .T. ) ;
#9707 = CARTESIAN_POINT ( 'NONE',  ( -6.049999999999999822, 6.000000000000000000, 10.74999999999999645 ) ) ;
#9708 = AXIS2_PLACEMENT_3D ( 'NONE', #6740, #8871, #5972 ) ;
#9709 = CARTESIAN_POINT ( 'NONE',  ( -1.676376990078407569, 15.49999999999999467, -4.108900492102858237 ) ) ;
#9710 = CARTESIAN_POINT ( 'NONE',  ( -6.050000000000001599, 11.19999999999999929, -5.149999999999999467 ) ) ;
#9711 = EDGE_CURVE ( 'NONE', #7749, #9240, #3297, .T. ) ;
#9712 = ORIENTED_EDGE ( 'NONE', *, *, #2332, .F. ) ;
#9713 = SURFACE_STYLE_USAGE ( .BOTH. , #2276 ) ;
#9714 = LINE ( 'NONE', #2222, #7935 ) ;
#9715 = VERTEX_POINT ( 'NONE', #1243 ) ;
#9716 = FILL_AREA_STYLE_COLOUR ( '', #2754 ) ;
#9717 = DIRECTION ( 'NONE',  ( 0.000000000000000000, 1.000000000000000000, 0.000000000000000000 ) ) ;
#9718 = ORIENTED_EDGE ( 'NONE', *, *, #5795, .T. ) ;
#9719 = FILL_AREA_STYLE_COLOUR ( '', #6747 ) ;
#9720 = FACE_OUTER_BOUND ( 'NONE', #3442, .T. ) ;
#9721 = CIRCLE ( 'NONE', #5456, 0.5000000000000004441 ) ;
#9722 =( LENGTH_UNIT ( ) NAMED_UNIT ( * ) SI_UNIT ( .MILLI., .METRE. ) );
#9723 = CARTESIAN_POINT ( 'NONE',  ( -0.4999999999999994449, 5.500000000000000888, 15.65000000000000036 ) ) ;
#9724 = EDGE_CURVE ( 'NONE', #9567, #2994, #7147, .T. ) ;
#9725 = VECTOR ( 'NONE', #2330, 1000.000000000000000 ) ;
#9726 =( NAMED_UNIT ( * ) PLANE_ANGLE_UNIT ( ) SI_UNIT ( $, .RADIAN. ) );
#9727 = CARTESIAN_POINT ( 'NONE',  ( -7.296957046373735484E-16, 15.49999999999999467, -5.150000000000000355 ) ) ;
#9728 = FILL_AREA_STYLE ('',( #3717 ) ) ;
#9729 = ORIENTED_EDGE ( 'NONE', *, *, #7942, .T. ) ;
#9730 = PLANE ( 'NONE',  #7438 ) ;
#9731 = DIRECTION ( 'NONE',  ( 0.000000000000000000, 0.000000000000000000, 1.000000000000000000 ) ) ;
#9732 = B_SPLINE_CURVE_WITH_KNOTS ( 'NONE', 3,
 ( #4810, #466, #4073, #5581, #3266, #316, #266, #364 ),
 .UNSPECIFIED., .F., .F.,
 ( 4, 2, 2, 4 ),
 ( 0.000000000000000000, 0.0006149605320156875882, 0.001229921064031375176, 0.002459842128062752521 ),
 .UNSPECIFIED. ) ;
#9733 = DIRECTION ( 'NONE',  ( 0.6801727377709154698, 0.000000000000000000, 0.7330518718298300040 ) ) ;
#9734 = SURFACE_SIDE_STYLE ('',( #2149 ) ) ;
#9735 = STYLED_ITEM ( 'NONE', ( #3766 ), #740 ) ;
#9736 = PLANE ( 'NONE',  #6345 ) ;
#9737 = LINE ( 'NONE', #2970, #3960 ) ;
#9738 = DIRECTION ( 'NONE',  ( -0.000000000000000000, 0.000000000000000000, 1.000000000000000000 ) ) ;
#9739 = EDGE_CURVE ( 'NONE', #194, #5130, #3629, .T. ) ;
#9740 = CARTESIAN_POINT ( 'NONE',  ( -6.049999999999999822, 6.000000000000000000, -15.64999999999999325 ) ) ;
#9741 = CARTESIAN_POINT ( 'NONE',  ( 0.4101811722698294749, 11.08676922303568091, -11.25000000000000178 ) ) ;
#9742 = DIRECTION ( 'NONE',  ( 0.000000000000000000, 1.000000000000000000, 0.000000000000000000 ) ) ;
#9743 = ORIENTED_EDGE ( 'NONE', *, *, #5878, .F. ) ;
#9744 = DIRECTION ( 'NONE',  ( 1.000000000000000000, -0.000000000000000000, -0.000000000000000000 ) ) ;
#9745 = ORIENTED_EDGE ( 'NONE', *, *, #3698, .T. ) ;
#9746 = LINE ( 'NONE', #2305, #4180 ) ;
#9747 =( GEOMETRIC_REPRESENTATION_CONTEXT ( 3 ) GLOBAL_UNCERTAINTY_ASSIGNED_CONTEXT ( ( #7012 ) ) GLOBAL_UNIT_ASSIGNED_CONTEXT ( ( #9404, #394, #2512 ) ) REPRESENTATION_CONTEXT ( 'NONE', 'WORKASPACE' ) );
#9748 = FILL_AREA_STYLE ('',( #8144 ) ) ;
#9749 = DIRECTION ( 'NONE',  ( 0.000000000000000000, 1.000000000000000000, 0.000000000000000000 ) ) ;
#9750 = CARTESIAN_POINT ( 'NONE',  ( -1.000000000000000000, 5.500000000000001776, -16.14999999999999503 ) ) ;
#9751 = ORIENTED_EDGE ( 'NONE', *, *, #7058, .T. ) ;
#9752 = VECTOR ( 'NONE', #5220, 1000.000000000000000 ) ;
#9753 = CYLINDRICAL_SURFACE ( 'NONE', #5488, 1.848999999999999977 ) ;
#9754 = AXIS2_PLACEMENT_3D ( 'NONE', #6177, #8490, #962 ) ;
#9755 = VERTEX_POINT ( 'NONE', #6568 ) ;
#9756 =( NAMED_UNIT ( * ) PLANE_ANGLE_UNIT ( ) SI_UNIT ( $, .RADIAN. ) );
ENDSEC;
END-ISO-10303-21;
